,full_text,text_length,at_num,user_id_str,screen_name,id_str,created_at,publish_time,favorite_count,retweet_count,reply_count,tweet_url,total_heat,tt
15099,#ChatGPT is coming soon -  as part of the @Azure OpenAI Service (#AOAI). #AzureAI #Microsoft #Azure #OpenAI,107,1,16053116.0,bahree,1.62e+18,Tue Jan 17 01:49:52 +0000 2023,2023/1/17 1:49,1,0,0,https://twitter.com/bahree/status/1615164470967566336,1,15100
15111,Microsoft Azure OpenAI Service is now generally available with ChatGPT on the way! Read all about it and the standards for responsible and ethical AI principles here: https://t.co/YG75uh35JQ #Microsoft #Azure #OpenAI #AI #ChatGPT #ResponsibleAI,244,0,1.61e+18,AiNewsAustralia,1.62e+18,Tue Jan 17 01:56:06 +0000 2023,2023/1/17 1:56,0,0,0,https://twitter.com/AiNewsAustralia/status/1615166036952621057,0,15112
15206,"Microsoft???Azure OpenAI Service??????  ???????????  ???  ? - ChatGPT???DALL-E 2???  ?a?  ????????????1??  ?????  ??    ????? | TEXAL
#ChatGPT #DALLE2 #OpenAI #AI #Microsoft #Azure #AzureOpenAIService
 https://t.co/eeymysq5ly",227,0,1.49e+18,infoTEXAL,1.62e+18,Tue Jan 17 03:10:11 +0000 2023,2023/1/17 3:10,5,0,0,https://twitter.com/infoTEXAL/status/1615184680567070721,5,15207
15227,"Super cool. Go @Microsoft Go! 

#Azure #OpenAI #ChatGPT #Dalle #Valle #Microsoft #Technology #Innovation #TheFuture #Windows11",128,1,14779559.0,Hoorge,1.62e+18,Tue Jan 17 03:25:31 +0000 2023,2023/1/17 3:25,5,4,0,https://twitter.com/Hoorge/status/1615188540366925826,9,15228
15246,"Microsoft Azure OpenAI   |a  | 悒?  |      ?  |?  |?   |?  |?  |     |?  |?  | 歙?  | 悒 戗-  |?  |?    ?   |?  |a  |2  |?    ?  |  ,   |a  |      ? ChatGPT   |?  |1-Microsoft Azure OpenAI   |a  | 悒?  |      ?  |?  |?   |?  |?  |     |?  |?  | 歙?  | 悒 戗-  |?  |?    ?   |?  |a  |2  |????-#Azure #chatgpt #Microsoft #OpenAI https://t.co/P1na2f81FZ",350,0,1.38e+18,bangla_potrika,1.62e+18,Tue Jan 17 03:37:49 +0000 2023,2023/1/17 3:37,0,0,0,https://twitter.com/bangla_potrika/status/1615191637067722752,0,15247
15250,"Microsoft users stand to gain big with the new AI features. #OpenAI #ChatGPT #Azure #Microsoft
https://t.co/BNSygLtj7O",119,0,161318053.0,business_today,1.62e+18,Tue Jan 17 03:40:18 +0000 2023,2023/1/17 3:40,0,0,0,https://twitter.com/business_today/status/1615192261859631104,0,15251
15366,"General availability of #Azure #OpenAI Service expands access to large, advanced #AI models with added enterprise benefits #chatGPT #Microsoft #Azure | https://t.co/VtGlM8H3gY",175,0,399985113.0,dlambrecht77,1.62e+18,Tue Jan 17 04:57:37 +0000 2023,2023/1/17 4:57,0,0,0,https://twitter.com/dlambrecht77/status/1615211719034298368,0,15367
15505,"#Azure #OpenAI Service is now generally available, with #chatGPT being included soon directly into the service. https://t.co/Y4MZ0SSBiy",135,0,2345829709.0,lecampusazure,1.62e+18,Tue Jan 17 06:20:41 +0000 2023,2023/1/17 6:20,0,0,0,https://twitter.com/lecampusazure/status/1615232623755812865,0,15506
15528,"Disponibilitat general d'#Azure #OpenAI Service - #ChatGPT pr?2ximament 

https://t.co/cnErfZq5VQ

#microsoft #openai #ai #ia https://t.co/MCVHH4psGt",153,0,76576646.0,bgtanet,1.62e+18,Tue Jan 17 06:33:22 +0000 2023,2023/1/17 6:33,0,0,0,https://twitter.com/bgtanet/status/1615235813859631105,0,15529
15579,"'General availability of #Azure #OpenAI Service expands access to large, advanced #AI models with added enterprise benefits'
V/@satyanadella
#ChatGPT
#chatgpt3 #chatgpt4",172,1,93253675.0,MaiaGabunia,1.62e+18,Tue Jan 17 06:52:52 +0000 2023,2023/1/17 6:52,0,0,0,https://twitter.com/MaiaGabunia/status/1615240721514086401,0,15580
15735,"#AzureOpenAIService is now generally available, enabling access to large &amp; advanced AI models w/ enterprise benefits! #AI #Azure #Microsoft #CloudComputing #ChatGPT 
https://t.co/NRlefOVBwo https://t.co/XP4Tevlwl4",218,0,2600749155.0,drjbajwa,1.62e+18,Tue Jan 17 07:49:22 +0000 2023,2023/1/17 7:49,21,4,1,https://twitter.com/drjbajwa/status/1615254940707856390,26,15736
15927,"#Microsoft #Azure #OpenAI service now generally available, with #ChatGPT on the way

#azuredevops #powerbi #github #cloud #datacenter https://t.co/bGk50kk5IR",159,0,50307682.0,BadrUAE,1.62e+18,Tue Jan 17 09:06:27 +0000 2023,2023/1/17 9:06,0,0,0,https://twitter.com/BadrUAE/status/1615274337581338626,0,15928
15967,"#breakingnews 
Microsoft annuncia che #ChatGPT sar?? incluso nel servizio #Azure #OpenAI seguendo la tempistica qui nell'immagine.
Questa ?   una cosa su cui gli addetti ai lavori gi?? avevano scommesso ma che sta avvenendo molto, molto rapidamente.
L'integraa?|https://t.co/AjE9E48oyO",288,0,28538496.0,silviotorre,1.62e+18,Tue Jan 17 09:21:19 +0000 2023,2023/1/17 9:21,0,0,0,https://twitter.com/silviotorre/status/1615278078850174978,0,15968
16003,Microsoft announces general availability of Azure OpenAI Service and promises ChatGPT soon https://t.co/7h76es22DA #Microsoft #Azure #OpenAI #ChatGPT #AI,153,0,2542751.0,Sofia_W_W,1.62e+18,Tue Jan 17 09:37:30 +0000 2023,2023/1/17 9:37,0,0,0,https://twitter.com/Sofia_W_W/status/1615282152152748033,0,16004
16417,"Microsoft will add ChatGPT to its cloud-based Azure OpenAI service 'soon'    
[ URL: https://t.co/eLlwDhP3Ib ]  #AI #APIs #Azure #ChatGPT #Microssoft #OpenAI https://t.co/lDknoxFXp2",182,0,34251248.0,iweinstein,1.62e+18,Tue Jan 17 12:28:06 +0000 2023,2023/1/17 12:28,0,0,0,https://twitter.com/iweinstein/status/1615325084750647299,0,16418
16467,"#ChatGPT: #Microsoft will den #Chatbot ??ber seine #Cloud-Dienste verf??gbar machen.

https://t.co/PibV5txU8X

#KI #Software #OpenAI #Azure #Office 

(Bild: Pixabay)",171,0,57761040.0,egovernmentde,1.62e+18,Tue Jan 17 12:49:38 +0000 2023,2023/1/17 12:49,0,0,0,https://twitter.com/egovernmentde/status/1615330505867644930,0,16468
16550,"HTNovo: #Azure #OpenAI, nuovo servizio #Microsoft basato su #AI con #ChatGPT sullo sfondo https://t.co/LcW9W63Gdz",113,0,2324211697.0,HTNOVO,1.62e+18,Tue Jan 17 13:22:45 +0000 2023,2023/1/17 13:22,1,0,0,https://twitter.com/HTNOVO/status/1615338838804635652,1,16551
16579,"Amazing news, ChatGPT in Azure!!
#AzureOpenAI #Azure #OpenAI #ChatGPT",70,0,1328703296.0,sumanth_27_1997,1.62e+18,Tue Jan 17 13:34:15 +0000 2023,2023/1/17 13:34,1,0,0,https://twitter.com/sumanth_27_1997/status/1615341731624660992,1,16580
16593,Thata??s a cool news e??? #Azure #ChatGPT #AI https://t.co/ekNqBrwG6x,69,0,7.33e+17,HeniKaraa,1.62e+18,Tue Jan 17 13:41:11 +0000 2023,2023/1/17 13:41,1,0,0,https://twitter.com/HeniKaraa/status/1615343479835566082,1,16594
16699,"#Microsoft #Azure #OpenAI service now generally available, with #ChatGPT on the way https://t.co/BDGQFQzsgL",107,0,1561372350.0,RMCholewa,1.62e+18,Tue Jan 17 14:22:00 +0000 2023,2023/1/17 14:22,0,0,0,https://twitter.com/RMCholewa/status/1615353749471481856,0,16700
16760,"#Microsoft to Add #ChatGPT to Its Cloud-Based Azure #OpenAI Service

https://t.co/HFNhqF751v

#Azure #ArtificialIntelligence #AI #CloudComputing @grjenkin @schmarzo @YvesMulkers @IntelligntWorld @seefinish @UniFormaTech @rasangarocks @digitalcrm1 @HaroldSinnott @BojanaVukov",278,10,243568454.0,stratorob,1.62e+18,Tue Jan 17 14:40:06 +0000 2023,2023/1/17 14:40,2,1,0,https://twitter.com/stratorob/status/1615358306452733952,3,16761
16855,"Microsoft continua su camino hacia la democratizaci?3n de la IA incorporando ChatGPT al servicio Azure OpenAI que ahora tambi??n estar?? disponible en GA para todos los consumidores. 

#Microsoft #OpenAI #ChatGPT #Azure #AI #MachineLearning",242,0,276499690.0,alejandrolmeida,1.62e+18,Tue Jan 17 15:11:22 +0000 2023,2023/1/17 15:11,6,2,0,https://twitter.com/alejandrolmeida/status/1615366173989765121,8,16856
17507,Microsoft is taking Azure to the next level with new AI enhancements: openAI and chatGPT! #Azure #AI #Microsoft #openAI #chatGPT https://t.co/gdXVelfM2N,152,0,15083850.0,allerhed,1.62e+18,Tue Jan 17 19:40:56 +0000 2023,2023/1/17 19:40,0,0,0,https://twitter.com/allerhed/status/1615434011995930624,0,17508
17697,"So ita??s official!
#Microsoft + #ChatGPT = #Azure #OpenAI Services
a?|
https://t.co/IJ6E5mDuxv",98,0,17594863.0,tAALz,1.62e+18,Tue Jan 17 21:20:37 +0000 2023,2023/1/17 21:20,0,0,0,https://twitter.com/tAALz/status/1615459096437587968,0,17698
18393,"Azure OpenAI is now generally available - Microsoft Community Hub 
#MSFTAdvocate #Azure #OpenAI #ChatGPT
https://t.co/RyLuH5LrXk",130,0,160948343.0,BrainBruno,1.62e+18,Thu Jan 19 12:49:53 +0000 2023,2023/1/19 12:49,0,0,0,https://twitter.com/BrainBruno/status/1616055343993217024,0,18394
19452,"#Microsoft annonce la disponibilit?? g??n??rale de son service #Azure #OpenAI, avec l'int??gration prochaine du #chatbot #ChatGPT https://t.co/f4OcGqPHIV https://t.co/cllpaFXXk7",177,0,593055814.0,k_sarrazin,1.62e+18,Thu Jan 19 20:00:01 +0000 2023,2023/1/19 20:00,0,0,0,https://twitter.com/k_sarrazin/status/1616163590020501505,0,19453
19890,"La mejor versi?3n de la #InteligenciaArtificial de #ChatGPT ser?? de #Microsoft. Microsoft ha anunciado el lanzamiento general de su servicio #Azure #OpenAI, que ser?? compatible con ChatGPT para Usuarios y Desarrolladores. https://t.co/VjBJDGgWSx",247,0,2550141751.0,Publi_AR,1.62e+18,Sat Jan 21 12:00:00 +0000 2023,2023/1/21 12:00,0,0,0,https://twitter.com/Publi_AR/status/1616767565782466560,0,19891
20027,"Od czego?? trzeba kiedy?? zacz????, czyli m?3j pierwszy artykul o tym jak Chat GPT usprawni?? moj?? codzienn?? prac?? https://t.co/lmL2j7D2Qe 
#ChatGPT #Azure #programming",172,0,3438560416.0,mateusz_konicki,1.62e+18,Sat Jan 21 13:10:49 +0000 2023,2023/1/21 13:10,1,0,0,https://twitter.com/mateusz_konicki/status/1616785389502570498,1,20028
21719,Another mind-blowing application of #OpenAI to make Kubernetes troubleshooting much easier - A #ChatGPT bot for Kubernetes issues. Ask ChatGPT how to solve your AKS problems https://t.co/o78mpdDBad #Azure #AzureTipOfTheDay https://t.co/5jf0Q8pdiJ,246,0,52497553.0,LeandroEduardo,1.62e+18,Mon Jan 23 21:12:40 +0000 2023,2023/1/23 21:12,2,0,0,https://twitter.com/LeandroEduardo/status/1617631426396000256,2,21720
24240,#Microsoft acc??l?  re son offensive #ChatGPT avec #Azure #OpenAI Service #SEO @Abondance https://t.co/8Ybd1z2i5Q https://t.co/IdOM4O4q6t,137,1,9094052.0,sergeesteves,1.62e+18,Wed Jan 25 17:09:01 +0000 2023,2023/1/25 17:09,0,1,0,https://twitter.com/sergeesteves/status/1618294885982867474,1,24241
24362,#Microsoft acc??l?  re son offensive #ChatGPT avec #Azure #OpenAI Service #SEO @Abondance https://t.co/i36ejQnMnk https://t.co/0ZOOEo2fDc,137,1,398719305.0,creapulse,1.62e+18,Wed Jan 25 17:48:10 +0000 2023,2023/1/25 17:48,0,0,0,https://twitter.com/creapulse/status/1618304737090101254,0,24363
26837,"The @SixFivePodcast  team, @danielnewmanUV &amp; @PatrickMoorhead, discusses ChatGPT Coming to @Azure, and what it means for the company to be the first cloud provider to unleash the power of #ChatGPT. https://t.co/mctABusQdk 

#AI #Azure #Microsoft @FuturumResearch @TheFuturumGroup https://t.co/QxFWxRVTcq",309,6,1.02e+18,FuturumWebcast,1.62e+18,Fri Jan 27 13:29:01 +0000 2023,2023/1/27 13:29,2,0,0,https://twitter.com/FuturumWebcast/status/1618964295366197248,2,26838
26882,"If you know Kristopher Turner, then you knew it was only a matter of time before this happened. #Azure #chatgpt #fearthebeard https://t.co/WaEY7OsN5w",149,0,2613935358.0,Chris_ITIL,1.62e+18,Fri Jan 27 13:44:08 +0000 2023,2023/1/27 13:44,0,0,0,https://twitter.com/Chris_ITIL/status/1618968099667206144,0,26883
32335,"How would you teach #OpenAI #ChatGPT #Azure #Bicep ?  
Will This be an Epic Fail or the next step in AI Evolution?  
Let's find Out! 

https://t.co/aguPuiig0e

#TheAzureAcademy #AI #ArtificialIntelligence #Microsoft https://t.co/y3CdPVfPFV",245,0,63201618.0,MSAzureAcademy,1.62e+18,Tue Jan 31 14:04:30 +0000 2023,2023/1/31 14:04,6,1,0,https://twitter.com/MSAzureAcademy/status/1620422775285452802,7,32336
35348,"Is #AI the real Web 3.0? | Azure This Week https://t.co/JiS3YQaBTj via @YouTube 

#Azure #CloudComputing #ChatGPT",115,1,52927116.0,Mknudtsen,1.62e+18,Wed Feb 01 06:54:51 +0000 2023,2023/2/1 6:54,1,0,0,https://twitter.com/Mknudtsen/status/1620677039266336768,1,35349
37735,"#ChatGPT has a #DarkSide &amp; You NEEDS to Master #IT Before the #AI Controls YOU!
If you don't watch #TheAzureAcademy latest video...Don't say I didn't warn you!

https://t.co/aguPuiig0e

#Azure #AzureBicep #ArtificialIntelligence #Cloud #Microsoft https://t.co/jhdK7izBnx",279,0,63201618.0,MSAzureAcademy,1.62e+18,Wed Feb 01 14:32:30 +0000 2023,2023/2/1 14:32,7,1,0,https://twitter.com/MSAzureAcademy/status/1620792209695035392,8,37736
40106,"Nuevo video del canal:
Reconocimiento de imagenes con .NET MAUI
https://t.co/xfR0EUOX0i
#AI #ChatGPT #maui #dotnetmaui #DotNet #csharp #Azure #customvision #CognitiveServices #opencv",185,0,1.12e+18,RicardoJosue04,1.62e+18,Wed Feb 01 20:41:36 +0000 2023,2023/2/1 20:41,2,1,0,https://twitter.com/RicardoJosue04/status/1620885098450288640,3,40107
46310,Will Bleu provide such a service on top of infrastructure capabilities ? @amthiollet @AlietteML #Azure #ChatGPT,111,2,2148488095.0,LegendumEst,1.62e+18,Fri Feb 03 17:39:16 +0000 2023,2023/2/3 17:39,1,0,0,https://twitter.com/LegendumEst/status/1621563987644088320,1,46311
54678,"A big THANK YOU to @rorypreddy from @Microsoft for a fascinating talk this morning on ""Harnessing OpenAI to help millions."" e???e?  ?
Keep an eye e??? out for the Webinar recording on our social media channels this week.
#OpenAI #chatGPT #Azure #Microsoft https://t.co/hdYAKC3WLg",281,2,297399130.0,DVTSoftware,1.62e+18,Tue Feb 07 13:02:45 +0000 2023,2023/2/7 13:02,3,1,0,https://twitter.com/DVTSoftware/status/1622943952843247620,4,54679
55578,"e???Search query in 2013: ""What are the guitar string notes?""

e???Search query in 2023: ""How can I teach the guitar string notes to my 5-year-old in 5 minutes? (the lesson MUST be sung to the tune of Sweet Caroline.""

e??? 

#Azure #ChatGPT #AI #BARD",257,0,26211001.0,cogworks,1.62e+18,Tue Feb 07 14:29:31 +0000 2023,2023/2/7 14:29,0,1,0,https://twitter.com/cogworks/status/1622965786196205569,1,55579
63747,"Yup, I'm super lazy developer. e???e?  3 #Azure #Terraform #ChatGPT https://t.co/9im7T5RoYc",91,0,32706065.0,rizamarhaban,1.62e+18,Sat Feb 11 07:41:06 +0000 2023,2023/2/11 7:41,2,1,2,https://twitter.com/rizamarhaban/status/1624312557027856384,5,63748
68139,"Getting started with #Azure #OpenAI and #PowerShell - https://t.co/dvwffw1kyK
- by @AlexHolmeset 
#ChatGPT #AI https://t.co/N4gSlVBk2O",136,1,14779559.0,Hoorge,1.62e+18,Sat Feb 11 23:01:02 +0000 2023,2023/2/11 23:01,4,0,0,https://twitter.com/Hoorge/status/1624544065772572672,4,68140
69187,"#ChatGPT took the spotlight for AI-generated content &amp; Google answered with #BardAIe???

#chatgpt3 #GoogleAI #Bard #openai #MachineLearning #AI #ArtificialIntelligence #hacking #bugbounty #100DaysOfCode #Azure #Eagles #SuperBowl #Mondayvibes #Infographic #javascript @OpenAI @Google https://t.co/3dFHPwVBdk",312,2,129841232.0,AFourTech,1.63e+18,Mon Feb 13 05:02:37 +0000 2023,2023/2/13 5:02,6,0,0,https://twitter.com/AFourTech/status/1624997448694333441,6,69188
77798,"New AI Powered Bing a?? A paradigm shift in Web Search https://t.co/JFL0IvmWgi via @murukeshj 

#Bing #BingAI #websearch #Google #search #ChatGPT #Azure #ArtificialIntelligence #LLM",183,1,132814386.0,murukeshj,1.63e+18,Wed Feb 15 11:22:41 +0000 2023,2023/2/15 11:22,0,0,0,https://twitter.com/murukeshj/status/1625817872101691392,0,77799
90010,"This week I had some fun with #PowerShell and #ChatGPT. Bonus: I automate my #scripts using @AzureFunctions and #GitHubActions. Check out how ChatGPT helped me automate my tasks:

https://t.co/5KtZ5eG21K

@PowerShell_Team #Azure #AI",236,2,1202365879.0,TheAprilEdwards,1.63e+18,Thu Feb 23 19:20:24 +0000 2023,2023/2/23 19:20,84,27,4,https://twitter.com/TheAprilEdwards/status/1628837194885435397,115,90011
90129,"A nice piece of artificial wisdom about #Azure #Devops process models

@Bing #ChatGpt https://t.co/7qKAt9hqhJ",111,1,12688342.0,WarNov,1.63e+18,Thu Feb 23 19:50:24 +0000 2023,2023/2/23 19:50,3,2,0,https://twitter.com/WarNov/status/1628844746746609667,5,90130
90481,#vacature #Azure #devops #ai #chatgpt #engineer #systeembeheerder,65,0,1.53e+18,alta_ict,1.63e+18,Thu Feb 23 21:17:39 +0000 2023,2023/2/23 21:17,1,1,0,https://twitter.com/alta_ict/status/1628866702845804547,2,90482
90944,"How to use the new e??  https://t.co/NQqLXeXx0I e??  search engine 

#search #searchengine #research #researchtools #researchpaper #researchers #Genealogy #chatGPT #AI #ArtificialIntelligence #google #bing #ddg #duckduckgo #startpage #Azure #IBM #Watson https://t.co/I0AudqEEif",279,0,1.61e+18,togoda_com,1.63e+18,Thu Feb 23 23:16:59 +0000 2023,2023/2/23 23:16,1,1,0,https://twitter.com/togoda_com/status/1628896734695903232,2,90945
