,full_text,text_length,at_num,user_id_str,screen_name,id_str,created_at,publish_time,favorite_count,retweet_count,reply_count,tweet_url,total_heat,tt
39874,"$RNDR is ranked as Top 90 now :-)

Still, we are so early.

#100xGems #ChatGPT https://t.co/Yt09VQhBjL",106,0,76549438.0,_0xKenny,1.62e+18,Wed Feb 01 20:08:23 +0000 2023,2023/2/1 20:08,57,12,3,https://twitter.com/_0xKenny/status/1620876739437264897,72,39875
50597,"I still hold $CQT $PHA $LAT $DATA

#AI narrative  with more upside potential  e??  e???e???e???

#crypto #100xGems #100x #1000xgems #btc   #ETH #BNB   #DeFi #BSC #GEM #farm #dex #earn #kucoin #mexc #Arbitrum #yield #altcoins #btc  #bnb #AI #ChatGPT #bybit",259,0,1.61e+18,eMoneyTrades,1.62e+18,Tue Feb 07 05:55:47 +0000 2023,2023/2/7 5:55,0,0,0,https://twitter.com/eMoneyTrades/status/1622836500265148416,0,50598
51024,"Something big is cominge?  ? 
@akashnetAI 

#crypto #100xGems #100x #1000xgems #btc   #ETH #BNB   #DeFi #BSC #GEM #farm #dex #earn #kucoin #mexc #Arbitrum #yield #altcoins #bnb #AI #ChatGPT #bybit https://t.co/6KHXCoUAk3",223,1,1.61e+18,eMoneyTrades,1.62e+18,Tue Feb 07 06:44:17 +0000 2023,2023/2/7 6:44,0,0,0,https://twitter.com/eMoneyTrades/status/1622848706620887040,0,51025
58414,"Next leg up for $YGPT is imminent imo e???
#100xGems #1000xgem #ChatGPT #yield 
@YieldGPT https://t.co/KLV8XfdZPv",115,1,1.56e+18,ZeroFou06014354,1.62e+18,Tue Feb 07 19:16:48 +0000 2023,2023/2/7 19:16,3,0,0,https://twitter.com/ZeroFou06014354/status/1623038082281775104,3,58415
59335,"Let the fireworks begin $TRIAS e???e??  e???e???

#crypto #100xGems #100x #1000xgems #btc??   #ETH #BNB??   #DeFi #BSC #GEM #farm #dex #earn #kucoin #mexc #Arbitrum #yield #altcoins #bnb?? #AI #ChatGPT #bybit #kucoin https://t.co/mXLFyi3DKN",242,0,1.61e+18,eMoneyTrades,1.62e+18,Tue Feb 07 21:00:17 +0000 2023,2023/2/7 21:00,2,1,3,https://twitter.com/eMoneyTrades/status/1623064125902319616,6,59336
65163,"@JJMcD93 $PIXIA is the most undervalued AI coins under $50M.  100X potential in the next bull run

#ChatGPT #AI $IMGNAI $CAI $AI $CATAI $BOTTO #100xGems #100x #Crypto $BTC $ETH",178,1,1.36e+18,GemHunterV,1.62e+18,Sat Feb 11 12:51:55 +0000 2023,2023/2/11 12:51,4,0,0,https://twitter.com/GemHunterV/status/1624390776993218561,4,65164
66142,"@PixiaAi @Chookyinu Another partnership?! Good job $PIXIA !

#ChatGPT #AI #100xGems #100x #Crypto #NFT $IMGNAI $CAI $AI $CATAI $BOTTO $FET $AGIX $ALI $GRT $LPT $DOGE $SHIB",173,2,1.36e+18,GemHunterV,1.62e+18,Sat Feb 11 15:30:42 +0000 2023,2023/2/11 15:30,6,0,2,https://twitter.com/GemHunterV/status/1624430734009307136,8,66143
66162,"@Cryptogains9 @PixiaAi @SingularityNET @KambriaNetwork @Fetch_ai @AIPADTECH Great introduction on $PIXIA ! It is definitely the most undervalued AI coins under $50M

#ChatGPT #AI #100xGems #100x #Crypto #NFT $IMGNAI $CAI $AI $CATAI $BOTTO $FET $AGIX $ALI $GRT $LPT $DOGE $SHIB",278,6,1.36e+18,GemHunterV,1.62e+18,Sat Feb 11 15:35:00 +0000 2023,2023/2/11 15:35,3,0,1,https://twitter.com/GemHunterV/status/1624431816982798338,4,66163
68084,"Over 300 new $PIXIA holders in the last 24 hours. Probably nothing.

https://t.co/cDLYRQWdH5

https://t.co/IRBeLhadkr

#PIXIAAI #ChatGPT #AI #100xGems #100x #Crypto #NFT $IMGNAI $CAI $AI $CATAI $BOTTO $FET $AGIX $ALI $GRT $LPT $DOGE $SHIB $ETH $BTC https://t.co/NDW5wHTLTx",278,0,1.36e+18,GemHunterV,1.62e+18,Sat Feb 11 22:44:20 +0000 2023,2023/2/11 22:44,7,2,2,https://twitter.com/GemHunterV/status/1624539864766226432,11,68085
