,full_text,text_length,at_num,user_id_str,screen_name,id_str,created_at,publish_time,favorite_count,retweet_count,reply_count,tweet_url,total_heat,tt
71923,"#ChatGPT vs #BardAI 

#ArtificialIntelligence #AI #ML #DataScience #DataScientists #CodeNewbies #Tech #deeplearning #CyberSecurity #Python #Coding  #javascript #rstats #100DaysOfCode #programming #Linux #IoT #IIoT #BigData https://t.co/TACZ6SCTMK",248,0,1729180992.0,BDAnalyticsnews,1.63e+18,Mon Feb 13 13:22:14 +0000 2023,2023/2/13 13:22,68,22,2,https://twitter.com/BDAnalyticsnews/status/1625123182230507521,92,71924
71959,"Top #chatgpt keywords

#ArtificialIntelligence #AI #ML #DataScience #DataScientists #CodeNewbies #Tech #deeplearning #CyberSecurity #Python #Coding  #javascript #rstats #100DaysOfCode #programming #Linux #IoT #IIoT #BigData https://t.co/EPAP3bMKGP",249,0,1729180992.0,BDAnalyticsnews,1.63e+18,Mon Feb 13 13:26:14 +0000 2023,2023/2/13 13:26,56,20,1,https://twitter.com/BDAnalyticsnews/status/1625124189203009537,77,71960
72025,"#ChatGPT  vs #BARD

#ArtificialIntelligence #AI #ML #DataScience #DataScientists #CodeNewbies #Tech #deeplearning #CyberSecurity #Python #Coding  #javascript #rstats #100DaysOfCode #programming #Linux #IoT #IIoT #BigData https://t.co/pax47Ydsbc",246,0,1729180992.0,BDAnalyticsnews,1.63e+18,Mon Feb 13 13:34:31 +0000 2023,2023/2/13 13:34,14,3,0,https://twitter.com/BDAnalyticsnews/status/1625126274959114244,17,72026
74703,"#ChatGPT vs #BardAI 
#ArtificialIntelligence #AI #ML #DataScience #DataScientists #CodeNewbies #Tech #deeplearning #CyberSecurity #Python #Coding  #javascript #rstats #100DaysOfCode #programming #Linux #IoT #IIoT #BigData https://t.co/CeBuQGqGZk",246,0,369635506.0,aicanedo,1.63e+18,Mon Feb 13 21:01:15 +0000 2023,2023/2/13 21:01,6,2,0,https://twitter.com/aicanedo/status/1625238696948555782,8,74704
95552,Best Free Resources To Learn #ChatGPT https://t.co/fISyVbQFdK #ArtificialIntelligence #AI #ML #DataScience #DataScientists #CodeNewbies #Tech #deeplearning #CyberSecurity #Python #Coding  #javascript #rstats #100DaysOfCode #programming #Linux #IoT #IIoT #BigData,262,0,1729180992.0,BDAnalyticsnews,1.63e+18,Mon Feb 27 16:20:27 +0000 2023,2023/2/27 16:20,3,1,0,https://twitter.com/BDAnalyticsnews/status/1630241459948474369,4,95553
95566,The #ChatGPT cheat sheet https://t.co/HDl2v7VqkP  #ArtificialIntelligence #AI #ML #DataScience #DataScientists #CodeNewbies #Tech #deeplearning #CyberSecurity #Python #Coding  #javascript #rstats #100DaysOfCode #programming #Linux #IoT #IIoT #BigData,250,0,1729180992.0,BDAnalyticsnews,1.63e+18,Mon Feb 27 16:21:47 +0000 2023,2023/2/27 16:21,7,3,0,https://twitter.com/BDAnalyticsnews/status/1630241798877577218,10,95567
96252,"Use of #ChatGPT

#ArtificialIntelligence #AI #ML #DataScience #DataScientists #CodeNewbies #Tech #deeplearning #CyberSecurity #Python #Coding  #javascript #rstats #100DaysOfCode #programming #Linux #IoT #IIoT #BigData https://t.co/aCqESRPb9b",243,0,1729180992.0,BDAnalyticsnews,1.63e+18,Mon Feb 27 18:07:15 +0000 2023,2023/2/27 18:07,16,6,0,https://twitter.com/BDAnalyticsnews/status/1630268338462138368,22,96253
