,full_text,text_length,at_num,user_id_str,screen_name,id_str,created_at,publish_time,favorite_count,retweet_count,reply_count,tweet_url,total_heat,tt
10584,"Did 400% gain within a day since my tweet and currently at 2x.
Sold some at $0.006 to take the initial investment, now riding the moon bag. Cheers.

Follow for more Gems.
#BTC #ETH #ChatGPT #AI #XRP #MATIC #BSCGems #ElonMusk https://t.co/rC6nzF5CEj",252,0,1.4e+18,Cryptowithdoc,1.61e+18,Wed Jan 11 23:05:36 +0000 2023,2023/1/11 23:05,2,0,0,https://twitter.com/Cryptowithdoc/status/1613311192101163008,2,10585
45980,"@Fetch_ai $FET next resistance $0.50. $1 is a magnet. $5 is the target.
#ArtificialIntelligence #blockchain #ChatGPT #OpenAIChatGPT #cryptocurrencies #Bitcoin #Ethereum #Solana #MATIC #VOLT https://t.co/iBGsAaEaIk",214,1,38253942.0,Foing_BbB,1.62e+18,Fri Feb 03 16:42:52 +0000 2023,2023/2/3 16:42,2,0,0,https://twitter.com/Foing_BbB/status/1621549795696320513,2,45981
46142,"@cryptogems555 Done! Next @Fetch_ai $FET resistance is $0.50. 
#ArtificialIntelligence #blockchain #ChatGPT #OpenAIChatGPT #cryptocurrencies #Bitcoin #Ethereum #Solana #MATIC #VOLT https://t.co/tXczBlluv4",205,2,38253942.0,Foing_BbB,1.62e+18,Fri Feb 03 17:12:18 +0000 2023,2023/2/3 17:12,1,0,0,https://twitter.com/Foing_BbB/status/1621557201448976386,1,46143
50899,"I try talk with my character ai specialist doctor, I ask how to increase size pen1s. Dr. Gail D'amour said he's not interest with this topic. 
So interesting. 
@real_alethea https://t.co/kOF5nTTxo3 #CharacterGPT #Web3 #Polygon #MATIC #ChatGPT https://t.co/76VHWui8f9",268,1,1.38e+18,UltramanCrypto,1.62e+18,Tue Feb 07 06:30:52 +0000 2023,2023/2/7 6:30,0,0,2,https://twitter.com/UltramanCrypto/status/1622845328667062272,2,50900
51752,"Bad day will come 
#tradecoin #TradecoinD2 #BTC #EHT #BNB #XRP #ADA #doge #MATIC #Binance #SEC #Coinbase #NFT #news  #Altcoin #Cryptocurrency #Cryptocurrencynews #ChatGPT",171,0,1.47e+18,VidaMit92564914,1.62e+18,Tue Feb 07 08:03:12 +0000 2023,2023/2/7 8:03,2,0,0,https://twitter.com/VidaMit92564914/status/1622868569100021760,2,51753
51816,"Th  ?? tr? 悒??ng h?  m qua xanh xao qu?? :))) 
#TradecoinD2 #BTC #EHT #BNB #XRP #ADA #doge #MATIC #Binance #SEC #Coinbase #NFT #news  #Altcoin #Cryptocurrency #Cryptocurrencynews #ChatGPT",188,0,1.47e+18,LarkinChadrick,1.62e+18,Tue Feb 07 08:09:48 +0000 2023,2023/2/7 8:09,0,0,0,https://twitter.com/LarkinChadrick/status/1622870226915434497,0,51817
63103,"#Throwback to the OG collection!!

https://t.co/1DfTV0i8sP

Do you have a LaMaska??show it in the commentsa?????only 6 listed for sale, come take a look.

#NFTs #Polygon #MATIC #chatGPT #Skurpy",199,0,1.5e+18,LaMask_mx,1.62e+18,Sat Feb 11 05:08:08 +0000 2023,2023/2/11 5:08,2,0,0,https://twitter.com/LaMask_mx/status/1624274063005736967,2,63104
73093,"This week for sure!
Are you ready? 
#HPN #Hyperonchain #LATOKEN #BTC #BNB #listing #blockchains #AI #FTM #ADA #trading #CEX #SOL #MATIC #ETH #ChatGPT #DataScience #EverRise #BRISE #USDT #CORE #XRP #DOGE #ShibaDoge #ValentinesDay #LRC #staking",244,0,472506584.0,BitcoinBusinez,1.63e+18,Mon Feb 13 16:10:30 +0000 2023,2023/2/13 16:10,2,1,0,https://twitter.com/BitcoinBusinez/status/1625165528523317249,3,73094
79060,$FET has recovered pretty nicely. The journey to $1 is well on track. $5 is the ultimate destination. #ArtificialIntelligence #FetchAI #blockchain #cryptocurrencies #AI #Microsoft #ChatGPT #Baidu #Google #BardAI #Bitcoin #MATIC #Ethereum https://t.co/R8GKtLvNNW,261,0,38253942.0,Foing_BbB,1.63e+18,Wed Feb 15 14:30:58 +0000 2023,2023/2/15 14:30,4,1,0,https://twitter.com/Foing_BbB/status/1625865255673888771,5,79061
96015,What is Polygon? https://t.co/U2uSUAN4g9 via @YouTube #MATIC #Crypto #Cryptocurency #cryptoinvesting #AI #Chatgpt,113,1,1.63e+18,ChasingGwei,1.63e+18,Mon Feb 27 17:31:49 +0000 2023,2023/2/27 17:31,1,0,0,https://twitter.com/ChasingGwei/status/1630259421325533188,1,96016
