,full_text,text_length,at_num,user_id_str,screen_name,id_str,created_at,publish_time,favorite_count,retweet_count,reply_count,tweet_url,total_heat,tt
18322,"#AI #chatbots like #ChatGPT will improve everyonea??s #thinking and #performance at #school, #college, #university and #work. This #LinkedIn how-to article will get you starteda?| #newtoolsnewrules #GCSE #ALevel https://t.co/t9LqP48hEF https://t.co/dmdyIHaPYF",259,0,1924636171.0,glencrust,1.62e+18,Thu Jan 19 12:08:48 +0000 2023,2023/1/19 12:08,1,0,0,https://twitter.com/glencrust/status/1616045005625237504,1,18323
33013,"These #jobs are most likely to be replaced by #chatbots like #ChatGPT 

https://t.co/SidUBiSpSx

v/ @SpirosMargaris
#FutureOfWork #AI 
@jblefevre60 @BetaMoroney @FrRonconi @Xbond49 @CurieuxExplorer @efipm @LaurentAlaus @jeancayeux  #ArtificialIntelligence
https://t.co/bfPo8wwbWB",286,9,16476911.0,Shi4Tech,1.62e+18,Tue Jan 31 17:41:24 +0000 2023,2023/1/31 17:41,9,6,0,https://twitter.com/Shi4Tech/status/1620477362935840769,15,33014
35406,"These #jobs are most likely to be replaced by #chatbots like #ChatGPT

#AI #tech #disruption @CBSNews

https://t.co/MeOzyiGahF https://t.co/Q3Gz26mrJ4",154,1,123287597.0,pierrecappelli,1.62e+18,Wed Feb 01 07:06:24 +0000 2023,2023/2/1 7:06,11,10,2,https://twitter.com/pierrecappelli/status/1620679943935102977,23,35407
35441,"[#Disruption] These #jobs are most likely to be replaced by #chatbots like #ChatGPT

via @pierrecappelli

#AI #tech",119,1,38403228.0,smugnier,1.62e+18,Wed Feb 01 07:18:00 +0000 2023,2023/2/1 7:18,2,1,1,https://twitter.com/smugnier/status/1620682865649541120,4,35442
37922,"You can use #chatbots like #ChatGPT or @YouSearchEngine YouChat to create a prompt for an AI image generator.

Images from https://t.co/FMuvFpDpx9

@openaicommunity #ChatGPT #AIart #AIArtistCommunity https://t.co/hbNQ7Osm1S",227,2,1.14e+18,JKattnis,1.62e+18,Wed Feb 01 14:59:20 +0000 2023,2023/2/1 14:59,4,5,1,https://twitter.com/JKattnis/status/1620798962382032897,10,37923
43430,"With #AI #chatbots like #OpenAIChatGPT, search engines like #Google may soon experience a ""total disruption"" in 2 years, said the creator of #Gmail and #AdSense.

Google will see a downfall from the depletion of its search-based revenue. #OpenAI #ChatGPT 

https://t.co/zAQp1oLrCA https://t.co/RyFxF7dfTv",308,0,1.16e+18,eyeryscompany,1.62e+18,Fri Feb 03 10:40:03 +0000 2023,2023/2/3 10:40,0,0,0,https://twitter.com/eyeryscompany/status/1621458488823250946,0,43431
54709,"e??  #NYT: #Meta, Long an A.I. #Leader, Tries Not to Be Left Out of the Boom
a??It has long had #technology to rival #chatbots like #ChatGPT, but cana??t afford to back artificial intelligence that can spread misinformation and toxic content.
https://t.co/Edu87gL1pL",268,0,8.15e+17,gfernandoamb,1.62e+18,Tue Feb 07 13:05:50 +0000 2023,2023/2/7 13:05,0,0,1,https://twitter.com/gfernandoamb/status/1622944729242501126,1,54710
55587,"These #jobs are most likely to be #replacedby #chatbots like #ChatGPT

https://t.co/qqOw38YcZV

#futureofwork #AI #ArtificialIntelligence #MachineLearning #DeepLearning https://t.co/DMNF7fYbTr",196,0,82070318.0,aneesmerchant,1.62e+18,Tue Feb 07 14:30:05 +0000 2023,2023/2/7 14:30,0,0,0,https://twitter.com/aneesmerchant/status/1622965930534834179,0,55588
73079,Can artificial intelligence #chatbots like #ChatGPt threaten people's jobs in the future?,89,0,1.42e+18,ThatBenzeneRing,1.63e+18,Mon Feb 13 16:08:39 +0000 2023,2023/2/13 16:08,5,1,0,https://twitter.com/ThatBenzeneRing/status/1625165062859272192,6,73080
84918,"The history and research of #intelligenttutors show that using the right design to harness the power of #chatbots like #ChatGPT can make deeper, individualized #learning available to almost anyone.  | @trumbore @ConversationEDU @FortuneMagazine https://t.co/qCDiW9H7kN #edtech",276,3,1.54e+18,ed2infinitum,1.63e+18,Thu Feb 23 04:01:58 +0000 2023,2023/2/23 4:01,1,0,0,https://twitter.com/ed2infinitum/status/1628606062801874951,1,84919
87627,"My recent article on @hackernoon discusses how human bias in #chatbots like #ChatGPT and others can lead to social disruption. 
 
#ArtificialIntelligence #Ai #techtwitter
#technology https://t.co/sE8nSCEAZa",209,1,1.29e+18,Samuel_Akorede_,1.63e+18,Thu Feb 23 12:59:21 +0000 2023,2023/2/23 12:59,4,0,1,https://twitter.com/Samuel_Akorede_/status/1628741300987084800,5,87628
89268,"Should AI #chatbots like #ChatGPT be subject to regulation under the UK's Online Safety Bill?e?  ?

Uncover more: https://t.co/gmweJ9AFc9",139,0,3405424143.0,Business_AI,1.63e+18,Thu Feb 23 17:08:29 +0000 2023,2023/2/23 17:08,0,0,0,https://twitter.com/Business_AI/status/1628803995933212674,0,89269
