,full_text,text_length,at_num,user_id_str,screen_name,id_str,created_at,publish_time,favorite_count,retweet_count,reply_count,tweet_url,total_heat,tt
26261,"#27Jan23 9 49 AM

#Israeli raid on #Jenin killed more #Palestinians in the #WestBank in over a year

#AI-powered #chatbot #ChatGPT passed law and business exams at 2 Universities, Minnesota and Pennsylvania.

#US extended a safe haven program for #HongKong residents. https://t.co/xxDJvSpysD",297,0,32340961.0,thedaytotwit,1.62e+18,Fri Jan 27 09:57:07 +0000 2023,2023/1/27 9:57,0,0,0,https://twitter.com/thedaytotwit/status/1618910967483756546,0,26262
35261,"#Suggest | #ChatGPT ignites the rise of #AI-powered #conversation #technology: ??Chinese enterprises increased patent filings for artificial intelligence products rapidly ...??
#ArtificialIntelligence #Competition #geopolitical  
@StatistaCharts 
https://t.co/6ID6J0tU3b",273,1,633654474.0,MaurizioFappani,1.62e+18,Wed Feb 01 06:30:30 +0000 2023,2023/2/1 6:30,2,1,0,https://twitter.com/MaurizioFappani/status/1620670910695985152,3,35262
46930,"Newly published research from #BlackBerry suggests that the #AI-powered #ChatGPT bot could pose a #cybersecurity threat. 

https://t.co/MklsKFptQo  

via @happygeek of @Forbes",179,2,14580438.0,BlackBerry,1.62e+18,Fri Feb 03 19:22:01 +0000 2023,2023/2/3 19:22,23,14,0,https://twitter.com/BlackBerry/status/1621589843913445377,37,46931
47965,"Newly published research from #BlackBerry suggests that the #AI-powered #ChatGPT bot could pose a #cybersecurity threat. 

https://t.co/r4t963v2PC  

via @happygeek of @Forbes",179,2,607192781.0,BlackBerrySpark,1.62e+18,Fri Feb 03 23:00:08 +0000 2023,2023/2/3 23:00,5,0,0,https://twitter.com/BlackBerrySpark/status/1621644736082710530,5,47966
58373,"Reinventing search with a new #AI-powered #Microsoft #Bing and #Edge, your #copilot for the web https://t.co/B9j5TL4s1I via @microsoft #OpenAI #ChatGPT https://t.co/ZNxEF5eVVx",175,1,19365210.0,CraigMilroy,1.62e+18,Tue Feb 07 19:12:20 +0000 2023,2023/2/7 19:12,1,0,0,https://twitter.com/CraigMilroy/status/1623036958199975959,1,58374
58654,"Newly published research from #BlackBerry suggests that the #AI-powered #ChatGPT bot could pose a #cybersecurity threat. 
via @happygeek of @Forbes https://t.co/21BOrUPTzP",172,2,2672694535.0,BilekSimon,1.62e+18,Tue Feb 07 19:43:38 +0000 2023,2023/2/7 19:43,1,0,0,https://twitter.com/BilekSimon/status/1623044837745258497,1,58655
70596,"Newly published research from #BlackBerry suggests that the #AI-powered #ChatGPT bot could pose a #cybersecurity threat.

via @happygeek of @Forbes https://t.co/vL7pOgToLL",173,2,2672694535.0,BilekSimon,1.63e+18,Mon Feb 13 10:00:01 +0000 2023,2023/2/13 10:00,1,0,0,https://twitter.com/BilekSimon/status/1625072290500161537,1,70597
74015,"Fascinated to see the positive impact of #AI-powered #ChatGPT on customer success, helping businesses do more with less. From daily operations to customer enablement, AI can help in many ways. #CX #CustomerSuccess",213,0,1.39e+18,SebastianBugal,1.63e+18,Mon Feb 13 18:47:42 +0000 2023,2023/2/13 18:47,0,0,0,https://twitter.com/SebastianBugal/status/1625205086128377873,0,74016
76288,"#ChatGPT, #MidJourney, and #DallE are the kind of tools that in the wrong hands can cause havoc, and in a very convincing way. 

#AI-powered #deepfake audios and videos are on the rise and society is not really ready to tackle the wave of misinformation coming our way.",271,0,58748236.0,bigfundu,1.63e+18,Wed Feb 15 06:13:52 +0000 2023,2023/2/15 6:13,2,0,0,https://twitter.com/bigfundu/status/1625740155318603777,2,76289
78380,"Newly published research from #BlackBerry suggests that the #AI-powered #ChatGPT bot could pose a #cybersecurity threat.

via @happygeek of @Forbes https://t.co/49S6J8HoU8",173,2,2672694535.0,BilekSimon,1.63e+18,Wed Feb 15 13:00:03 +0000 2023,2023/2/15 13:00,2,0,0,https://twitter.com/BilekSimon/status/1625842373954510851,2,78381
