,full_text,text_length,at_num,user_id_str,screen_name,id_str,created_at,publish_time,favorite_count,retweet_count,reply_count,tweet_url,total_heat,tt
12746,"How #ChatGPT is changing the way we think about #healthcare

https://t.co/aEF0A08vCW

#Innovation #Strategy #EntArch #EntepriseArchitecture #Technology #TOGAF #HealthTech #MedTech #ArtificialIntelligence #MachineLearning

- https://t.co/uZWcumTLSG",253,0,1.55e+18,EntArchRadio,1.61e+18,Fri Jan 13 19:30:44 +0000 2023,2023/1/13 19:30,0,0,0,https://twitter.com/EntArchRadio/status/1613981894013591552,0,12747
13279,"#OpenAI, Creator Of #ChatGPT, Casts Spell On #Microsoft

https://t.co/SfWlST5lI9

#Innovation #BusinessTransformation #ITStrategy #EntArch #EntepriseArchitecture #DigitalTransformation #Digital #Technology #TOGAF #ArtificialIntelligence #MachineLearning

- https://t.co/uZWcumTLSG",286,0,1.55e+18,EntArchRadio,1.61e+18,Sun Jan 15 01:30:31 +0000 2023,2023/1/15 1:30,0,0,0,https://twitter.com/EntArchRadio/status/1614434825296814081,0,13280
22224,"How #ChatGPT Could Drive A Dramatic #AI #Crypto Token Narrative

https://t.co/NH62Z35FUJ

#Innovation #ITStrategy #EntArch #EntepriseArchitecture #DigitalTransformation #Technology #TOGAF #ArtificialIntelligence #MachineLearning #BlockChain

- https://t.co/uZWcumTLSG",273,0,1.55e+18,EntArchRadio,1.62e+18,Wed Jan 25 02:30:23 +0000 2023,2023/1/25 2:30,1,1,0,https://twitter.com/EntArchRadio/status/1618073769725009921,2,22225
30706,"#ChatGPT rivals Anthropic #AI and Character AI reportedly chasing megabuck funding rounds

https://t.co/puADHzdCCk

#Innovation #Strategy #Leadership #EntArch #EntepriseArchitecture #Technology #TOGAF #ArtificialIntelligence #MachineLearning

- https://t.co/uZWcumTLSG",274,0,1.55e+18,EntArchRadio,1.62e+18,Tue Jan 31 01:30:39 +0000 2023,2023/1/31 1:30,0,0,0,https://twitter.com/EntArchRadio/status/1620233065367830529,0,30707
33830,"#ChatGPT: Massive Disruption

https://t.co/01gBbso5Nr

#Innovation #BusinessTransformation #ITStrategy #Strategy #Leadership #EntArch #EntepriseArchitecture #DigitalTransformation #Digital #Technology #TOGAF #ArtificialIntelligence #MachineLearning

- https://t.co/uZWcumTLSG",281,0,1.55e+18,EntArchRadio,1.62e+18,Tue Jan 31 23:30:27 +0000 2023,2023/1/31 23:30,2,4,0,https://twitter.com/EntArchRadio/status/1620565204227465216,6,33831
39675,"Google's testing potential #ChatGPT rivals including a homegrown #AI chatbot called 'Apprentice Bard'

https://t.co/khKK9uEobI

#Innovation #ITStrategy #EntArch #EntepriseArchitecture #Technology #TOGAF #ArtificialIntelligence #MachineLearning

- https://t.co/uZWcumTLSG",276,0,1.55e+18,EntArchRadio,1.62e+18,Wed Feb 01 19:30:43 +0000 2023,2023/2/1 19:30,0,0,0,https://twitter.com/EntArchRadio/status/1620867260767158272,0,39676
40777,"Beware #ChatGPT Trying to Teach Your Kids Math a?| or Anything

https://t.co/sq5dooE4JB

#Innovation #BusinessTransformation #EntArch #EntepriseArchitecture #DigitalTransformation #Technology #TOGAF #ArtificialIntelligence #MachineLearning

- https://t.co/uZWcumTLSG",272,0,1.55e+18,EntArchRadio,1.62e+18,Wed Feb 01 22:30:34 +0000 2023,2023/2/1 22:30,0,0,0,https://twitter.com/EntArchRadio/status/1620912518267912198,0,40778
43752,"#ChatGPT-like #AI creates new bacteria-killing proteins

https://t.co/ZjxLzfWr1T

#Innovation #BusinessTransformation #EntArch #EntepriseArchitecture #DigitalTransformation #Technology #TOGAF #HealthTech #biotech #ArtificialIntelligence #MachineLearning

- https://t.co/uZWcumTLSG",286,0,1.55e+18,EntArchRadio,1.62e+18,Fri Feb 03 11:30:22 +0000 2023,2023/2/3 11:30,0,0,0,https://twitter.com/EntArchRadio/status/1621471149761728512,0,43753
46254,"#Google Testing Its Own #AI Chatbot Answer to #ChatGPT 

https://t.co/aO8Pp4KHpl

#Innovation #BusinessTransformation #ITStrategy #EntArch #EntepriseArchitecture #DigitalTransformation #Technology #TOGAF #ArtificialIntelligence #MachineLearning

- https://t.co/uZWcumTLSG",277,0,1.55e+18,EntArchRadio,1.62e+18,Fri Feb 03 17:30:20 +0000 2023,2023/2/3 17:30,1,1,0,https://twitter.com/EntArchRadio/status/1621561739580948493,2,46255
47830,"#ChatGPT could be the fastest-growing app in history and more than half of traders say it could disrupt #investing the most

https://t.co/NhZrwYqC0A

#Innovation #EntArch #Technology #Fintech #ArtificialIntelligence #MachineLearning #AI

- https://t.co/uZWcumTLSG",269,0,1.55e+18,EntArchRadio,1.62e+18,Fri Feb 03 22:30:21 +0000 2023,2023/2/3 22:30,0,0,0,https://twitter.com/EntArchRadio/status/1621637242304270336,0,47831
