,full_text,text_length,at_num,user_id_str,screen_name,id_str,created_at,publish_time,favorite_count,retweet_count,reply_count,tweet_url,total_heat,tt
29735,IS A POPULAR AI CHATBOT ACTUALLY A MODERN MK ULTRA MIND CONTROL EXPERIME... https://t.co/nt4tGrPsXj via @YouTube #ChatGPT #ArtificialIntelligence #YouTuber #viral,162,1,1.59e+18,Dhruvyadav0212,1.62e+18,Sun Jan 29 16:02:39 +0000 2023,2023/1/29 16:02,0,1,0,https://twitter.com/Dhruvyadav0212/status/1619727734875521025,1,29736
32802,"How To Use ChatGPT In Python via Session Token
https://t.co/UMIvngBo4w

#100DaysOfCode #womenwhocode #YouTuber #womenintech #programming #CodeNewbies #WomenTech #Video @codecorneroff #python #OpenAI #DataScience #ArtificialIntelligence #artificalintelligence #ChatGPT #chatgpt3",280,1,467586615.0,qutyquteshweta,1.62e+18,Tue Jan 31 16:36:59 +0000 2023,2023/1/31 16:36,3,1,0,https://twitter.com/qutyquteshweta/status/1620461147978870785,4,32803
38661,"ChatGPT and Youtube Video Creator for $4.99 HILARIOUS combination?e?   e?   e?   
https://t.co/Wjs3wRSsa4
#ChatGPT #YouTuber #YouTube",135,0,9.61e+17,ZoranBogdanov12,1.62e+18,Wed Feb 01 16:48:51 +0000 2023,2023/2/1 16:48,0,0,0,https://twitter.com/ZoranBogdanov12/status/1620826523040378880,0,38662
38713,"Create your chatbot using ChatGPT using Python
https://t.co/DRsWimBESH

#100DaysOfCode #womenwhocode #YouTuber #womenintech #programming #CodeNewbies #chatbot  #Video @codecorneroff #python #OpenAI #DataScience #ArtificialIntelligence #artificalintelligence #ChatGPT #chatgpt3",279,1,467586615.0,qutyquteshweta,1.62e+18,Wed Feb 01 16:55:52 +0000 2023,2023/2/1 16:55,2,1,0,https://twitter.com/qutyquteshweta/status/1620828288389378049,3,38714
46339,"3 Ways To Authenticate ChatGPT In Python
https://t.co/4Jxq7EUjQj

#100DaysOfCode #womenwhocode #YouTuber #womenintech #programming #CodeNewbies #WomenTech #Video @codecorneroff #ChatGPT
 #python #OpenAI #DataScience #chatgpt3 #ArtificialIntelligence #artificalintelligence",276,1,467586615.0,qutyquteshweta,1.62e+18,Fri Feb 03 17:43:33 +0000 2023,2023/2/3 17:43,1,0,0,https://twitter.com/qutyquteshweta/status/1621565064032686082,1,46340
65419,"AI??????????????|????????????w
#YouTube #YouTuber #ChatGPT
https://t.co/ppXHszSfhI https://t.co/kV7GxtTNZs",108,0,1.34e+18,PON_GAME1225,1.62e+18,Sat Feb 11 13:39:07 +0000 2023,2023/2/11 13:39,0,0,0,https://twitter.com/PON_GAME1225/status/1624402656411389953,0,65420
71411,"https://t.co/fqvbKFfqZM

#ChatGPT #ChatGPTPlus #Chatgpt3 #YouTube #YouTuber #youtubeshorts https://t.co/xpxFbO2ba6",116,0,1.45e+18,Usman4995,1.63e+18,Mon Feb 13 12:07:31 +0000 2023,2023/2/13 12:07,3,1,0,https://twitter.com/Usman4995/status/1625104379060666377,4,71412
85256,"How 4 AI Tools Helped Us Create a Professional Video https://t.co/3Hx6Fvjeyp via @YouTube 

#AI #AIArtwork #AIArtCommuity #aigirls #ArtificialIntelligence #ChatGPT #midjourney #midjourneyAi #midjourneyV4 #Video #YouTube #YouTuber #USA #Brazil #Mexico #India #Indonesia #Japan",277,1,1.48e+18,baliarena,1.63e+18,Thu Feb 23 05:40:28 +0000 2023,2023/2/23 5:40,6,2,1,https://twitter.com/baliarena/status/1628630852325486592,9,85257
86154,"?  ZLEMEN?  Z?   TAVS?  YE EDER?  M  GERCEKTEN. RAHATLATICI BIR VIDEO...
https://t.co/JZeIyGPNch
Abone olursan?  z beni ?  ok mutlu edersiniz 
#YouTube #YouTuber #a
#ChatGPT #Channel #alkilicim",197,0,1.38e+18,Bu1zafer,1.63e+18,Thu Feb 23 08:51:35 +0000 2023,2023/2/23 8:51,0,0,0,https://twitter.com/Bu1zafer/status/1628678949751357440,0,86155
