,full_text,text_length,at_num,user_id_str,screen_name,id_str,created_at,publish_time,favorite_count,retweet_count,reply_count,tweet_url,total_heat,tt
15015,"AI like #Midjourney and #ChatGPT giving the creative soul visual adventures, new ways to deliver quality upon quality. 

- taking care of our dreams, https://t.co/cRZitagpHU",175,0,7.01e+17,dustinfocus,1.62e+18,Tue Jan 17 00:42:51 +0000 2023,2023/1/17 0:42,0,0,0,https://twitter.com/dustinfocus/status/1615147603825512448,0,15016
18302,Experiments with #Midjourney and #ChatGPT: Does AI enhance or replace creativity? Find out in the Self-Publishing News #Podcast with @agnieszkasshoes and @howard_lovy tomorrow at 1pm (UK). Subscribe here: https://t.co/Bos0VGdbcn #indieauthors #selfpublishing https://t.co/tdhAHh6Lnj,282,2,360684153.0,IndieAuthorALLI,1.62e+18,Thu Jan 19 12:00:46 +0000 2023,2023/1/19 12:00,3,2,0,https://twitter.com/IndieAuthorALLI/status/1616042985346502656,5,18303
32597,Experiments with #Midjourney and #ChatGPT: Does AI enhance or replace creativity? Self-Publishing News #Podcast with @agnieszkasshoes and @howard_lovy https://t.co/XvaDrkX7yV via @indieauthoralli,195,3,2906393793.0,CelebratingGran,1.62e+18,Tue Jan 31 15:27:08 +0000 2023,2023/1/31 15:27,5,1,0,https://twitter.com/CelebratingGran/status/1620443569818603525,6,32598
34526,"Part 1 of 7. #Midjourney and #stablediffusion imagery plus 8 other #ai tools. Of course #ChatGPT for the script. 
Check my profile for the whole video and description e??? https://t.co/qZZYvXTmqB",196,0,14474274.0,edmondyang,1.62e+18,Wed Feb 01 03:20:44 +0000 2023,2023/2/1 3:20,4,1,0,https://twitter.com/edmondyang/status/1620623154325630976,5,34527
43283,"RT @gaffen@kolektiva.social
I have completed my article on #MLaaS platforms like #Midjourney and #ChatGPT and their relation to #Creativity, #Art and #Copyright 

It's titled ""AI, IP Theft, and the Death of Creativity"". I do a deep dive on how we can define creativity and (1/4)",281,2,241484645.0,HearsePileup,1.62e+18,Fri Feb 03 10:12:41 +0000 2023,2023/2/3 10:12,0,0,1,https://twitter.com/HearsePileup/status/1621451602790858753,1,43284
43328,"I have completed my article on #MLaaS platforms like #Midjourney and #ChatGPT and their relation to #Creativity, #Art and #Copyright 

It's titled ""AI, IP Theft, and the Death of Creativity"". I do a deep dive on how we can define creativity and whether I personally think (1/4)",279,0,202116639.0,MattsDeadCat,1.62e+18,Fri Feb 03 10:19:59 +0000 2023,2023/2/3 10:19,1,0,1,https://twitter.com/MattsDeadCat/status/1621453437257793539,2,43329
45411,"My daughter is 6 y.o., and Ia??m already racking my brain as to what interesting new bedtime story to tell her today.??What if we used the power of AI to create engaging stories? Are #Midjourney and #ChatGPT suitable for creating stories for kids? https://t.co/CDnSxw1FkY https://t.co/oSRJSUCH9f",295,0,130555942.0,VasiliyKuchma,1.62e+18,Fri Feb 03 15:26:23 +0000 2023,2023/2/3 15:26,6,1,0,https://twitter.com/VasiliyKuchma/status/1621530548110778368,7,45412
