,full_text,text_length,at_num,user_id_str,screen_name,id_str,created_at,publish_time,favorite_count,retweet_count,reply_count,tweet_url,total_heat,tt
27918,"Bueno Aca Vamos de Nuevo con el #ChatGPT con #MerlinChatGPT
Le he preguntado esto:
Puedes ayudarme a hacer un horario de 14 horas donde pueda incluir integralmente todo lo necesario para llevar una vida equilibrada, sana, emocional y espiritualmente hablando?... https://t.co/8auXffe0O7",288,0,128809408.0,megabedoya,1.62e+18,Fri Jan 27 19:54:10 +0000 2023,2023/1/27 19:54,0,0,1,https://twitter.com/megabedoya/status/1619061221231312896,1,27919
51462,"????Esto es Brutal!! e??2e??2e??2

Si en lo que m??s TIEMPO PIERDES al d?-a es RESPONDIENDO emails, esto te interesa mucho e???

Ahorra miles de horas al a?  o conectando #ChatGPT con #Gmail y respondiendo con #InteligenciaArtificial 

e??   https://t.co/TMvb1pQlmT",271,0,77186962.0,gonzalocampa,1.62e+18,Tue Feb 07 07:32:48 +0000 2023,2023/2/7 7:32,1,1,1,https://twitter.com/gonzalocampa/status/1622860917019926534,3,51463
51534,"#Google no quiere quedarse atr??s en cuanto a inteligencia artificial y ya tiene preparada su respuesta a #ChatGPT con #Bard. 
https://t.co/T9G0dXpEUx",151,0,104300358.0,tuexperto,1.62e+18,Tue Feb 07 07:40:15 +0000 2023,2023/2/7 7:40,0,0,0,https://twitter.com/tuexperto/status/1622862790544195585,0,51535
52925,"#Google risponde a #ChatGPT con #Bard
#IntelligenzaArtificiale
https://t.co/cdJcp0P9JO",88,0,208481822.0,FinanciaLounge,1.62e+18,Tue Feb 07 10:05:17 +0000 2023,2023/2/7 10:05,0,0,0,https://twitter.com/FinanciaLounge/status/1622899290942185472,0,52926
52996,"a??La carrera por el primer puesto en las nuevas aplicaciones de la #IA est?? servida: ??Qui??n ganar??? Google se acerca a #ChatGPT con #BARD, y con la promesa de estar conectado a internet.??

https://t.co/0ZMEob3SPK https://t.co/WWYnYoaful",244,0,1039510704.0,LaLuna,1.62e+18,Tue Feb 07 10:13:14 +0000 2023,2023/2/7 10:13,2,0,0,https://twitter.com/LaLuna/status/1622901291805560833,2,52997
53165,"Genial!! Ya tengo #ChatGPT con #siri , funciona!! Gracias @ifrnb @david_br8",75,2,183393984.0,jperezja,1.62e+18,Tue Feb 07 10:30:54 +0000 2023,2023/2/7 10:30,2,0,0,https://twitter.com/jperezja/status/1622905736215818241,2,53166
68178,"Escrito por #ChatGPT con #GoogleTranslatesMTG 

Consultores de admisiones universitarias de #EEUU que ayudan a #estudiantesextranjeros

S?-, hay muchos consultores de admisiones en los Estados Unidos que se especializan en ayudar a los estudiantes extranjeros con el proceso dea?|",284,0,1.48e+18,immigrateusa_,1.62e+18,Sat Feb 11 23:11:31 +0000 2023,2023/2/11 23:11,2,0,0,https://twitter.com/immigrateusa_/status/1624546705017303040,2,68179
86479,#ChatGPT con #Python y Flask https://t.co/eBzLNofZ72 a trav??s de @YouTube,74,1,1.28e+18,SomosCodenautas,1.63e+18,Thu Feb 23 09:49:08 +0000 2023,2023/2/23 9:49,1,0,0,https://twitter.com/SomosCodenautas/status/1628693430036463616,1,86480
