,full_text,text_length,at_num,user_id_str,screen_name,id_str,created_at,publish_time,favorite_count,retweet_count,reply_count,tweet_url,total_heat,tt
76403,"VX???ukessay567a?????a?????a?????
??  ??? ?? 戗??  #  ??????? 戗?? #????|??????? #  ??????????? #  ?o?????  ???  #????????  ??? #essay??  ??? #??  ???assignmen #ChatGPT https://t.co/ZDzkuQzRVg",191,0,1.57e+18,wFWdijqXoL0uVfS,1.63e+18,Wed Feb 15 06:43:15 +0000 2023,2023/2/15 6:43,7,0,1,https://twitter.com/wFWdijqXoL0uVfS/status/1625747549192871936,8,76404
76780,"Accounting and Finance BA ???
Accounting and Business Management BA???
24??  ?????????:ukwriter100???
???Economics #  ??????????? #essay??  ??? #GRE #?? 戗??
#TOEFL  #????|??????? #gre?????? #gmat?????? #????|????  ?? #  ?  ?????  ??? #  ??????? 戗?? #??3?  2?? 戗?? #essay??  ??? #ChatGPT https://t.co/xi5LJifEdg",314,0,1.59e+18,HF7PYTW2VWRfqTe,1.63e+18,Wed Feb 15 08:03:06 +0000 2023,2023/2/15 8:03,13,1,0,https://twitter.com/HF7PYTW2VWRfqTe/status/1625767643839094784,14,76781
77367,"VX:ukessay567
#  ??????? 戗?? #????|??????? #  ?o?????  ???  #????????  ??? #??  ???essay??  ??? #??  ???assignmen #ChatGPT https://t.co/XEvvUSJYE1",147,0,1.57e+18,VvnS0BXwRGqyQNd,1.63e+18,Wed Feb 15 10:04:48 +0000 2023,2023/2/15 10:04,4,0,1,https://twitter.com/VvnS0BXwRGqyQNd/status/1625798271976488960,5,77368
77473,"Accounting and Finance BA ???
Accounting and Business Management BA???
24??  ?????????:ukwriter100???
???Economics #  ??????????? #essay??  ??? #GRE #?? 戗??
#TOEFL  #????|??????? #gre?????? #gmat?????? #????|????  ?? #  ?  ?????  ??? #  ??????? 戗?? #??  ??? #essay??  ??? #ChatGPT https://t.co/fj1vSWkGsM",308,0,1.59e+18,wOB3nfr1tYNHZLx,1.63e+18,Wed Feb 15 10:19:54 +0000 2023,2023/2/15 10:19,6,1,0,https://twitter.com/wOB3nfr1tYNHZLx/status/1625802070430474242,7,77474
77513,"VX:ukwriter100
#  ??????? 戗?? #????|??????? #  ?o?????  ???  #????????  ??? #??  ???essay??  ??? #??  ???assignmen #ChatGPT https://t.co/WWxQi6rbUT",148,0,1.59e+18,5w9zjh2zsniZMwt,1.63e+18,Wed Feb 15 10:26:19 +0000 2023,2023/2/15 10:26,6,1,0,https://twitter.com/5w9zjh2zsniZMwt/status/1625803688081231872,7,77514
77514,"VX:ukwriter100
#  ??????? 戗?? #????|??????? #  ?o?????  ???  #????????  ??? #??  ???essay??  ??? #??  ???assignmen #ChatGPT https://t.co/4e4XzAtZ4h",148,0,1.59e+18,pbzRAcH7Q5gfbxS,1.63e+18,Wed Feb 15 10:27:02 +0000 2023,2023/2/15 10:27,6,1,0,https://twitter.com/pbzRAcH7Q5gfbxS/status/1625803868784189441,7,77515
