,full_text,text_length,at_num,user_id_str,screen_name,id_str,created_at,publish_time,favorite_count,retweet_count,reply_count,tweet_url,total_heat,tt
8888,"#Microsoft is reportedly closing in on a $10 Billion investment into #ChatGPT creator #OpenAI, a large language model chatbot that has gained buzz on the internet recently.

#OpenAIChatGPT #StockMarket #stocks #StoxBoxIndia",225,0,1.21e+18,StoxboxIndia,1.61e+18,Wed Jan 11 11:35:24 +0000 2023,2023/1/11 11:35,0,1,0,https://twitter.com/StoxboxIndia/status/1613137497730744320,1,8889
10542,"Is ChatGPT going to take our jobs?

#ChatGPT #StockMarket #StockTrading #AI #MachineLearning #Stocks #jobmarket 

https://t.co/AdLj1G53jo",141,0,2902513544.0,StocksiftApp,1.61e+18,Wed Jan 11 22:41:22 +0000 2023,2023/1/11 22:41,6,4,0,https://twitter.com/StocksiftApp/status/1613305094531055616,10,10543
11637,At least I tried e??? #ChatGPT #StockMarket #borsa https://t.co/YJziDXo9JW,74,0,217870493.0,CaganT,1.61e+18,Fri Jan 13 11:26:11 +0000 2023,2023/1/13 11:26,5,0,2,https://twitter.com/CaganT/status/1613859953562816515,7,11638
15537,"Looking for outdoor light? Deltalite 50W LED Flood Light is bright and energy saving with IP 65 waterproof rating
a??Bright Light
a??Save 80% Energy
a??Eyes Friendly
a??1 Year Warranty
a??Smart Design
a??IP65 Waterproof
Contact: 0305-4444555

#Deltalite #ChatGPT #StockMarket #fiverr https://t.co/f9yqPXVLpV",316,0,1.13e+18,Deltalitepk,1.62e+18,Tue Jan 17 06:38:02 +0000 2023,2023/1/17 6:38,0,0,0,https://twitter.com/Deltalitepk/status/1615236990957678594,0,15538
21380,"INVESTORS PAY ATTENTION: A NARROW PATH OPENS FOR IMMACULATE LANDING - Read more.

https://t.co/KIIBq01wiv

#Investing #Invest #Investment #Investments #Investors #Markets #Stocks #StocksToWatch #StockMarket #Semiconductors #ChatGPT #OpenAI #Microsoft $CRM $SHOP $NVDA $PLUG $W",280,0,20327105.0,TheAroraReport,1.62e+18,Mon Jan 23 18:58:00 +0000 2023,2023/1/23 18:58,1,0,0,https://twitter.com/TheAroraReport/status/1617597534343397390,1,21381
22669,"#MarketsWithMC  - ChatGPT     ?    ?     |    ?          ?    ?    ?     ?    ?    ?     ?   琛?   ?    ?    ?     a    ?    悒? ?    ?    ?    ?    2    ?   琛?   ?,     ?    ?   琛?   ?    ?     ?    ?    ?     ?    悒? ?    悒? ?     ?    ?    a    ?    ? 

@BSEIndia @NSEIndia 

#chatGPT #StockMarket #stocks #stockstowatch #investment #portfolio #market #moneycontrol
https://t.co/XagnNAjUSG",395,2,1.16e+18,MoneycontrolH,1.62e+18,Wed Jan 25 07:06:38 +0000 2023,2023/1/25 7:06,0,0,0,https://twitter.com/MoneycontrolH/status/1618143288984502274,0,22670
22704,"#MarketsWithMC - AI     ?      ChatGPT     ?    ?     ?    ?   琛?    2    ?    ?    瑷? ?          ?    悒? ?    ?    ?     ?    ?    ?     ?   琛?   ?     1    ?    ?     1    ?           ?    ?    ?    ?     ?    1    ?   琛?   ?   琛?   ?    ?-    ?    台   ?    瑷? ?    ?    ?     2    ?    ?    台   ?    ?     ?    ?     悒? 1    ?     1    ?    ?,     瑷? ?    ?    台   ?    悒? ?    ?     ?   琛?   台   ?    ?     ?    ?     悒? 1    ?     1    ?    ?       

    a    ?    悒? ?     ?    ?    ?          a    楱? ?   琛?   ?     ?    ?     2    ?    ?    琛?   ?    ?    ?     ?    ?    2    ?    ?     ?    悒? ?    ? e???
https://t.co/XagnNAjUSG 
@BSEIndia @NSEIndia 
.
.
.
#chatGPT #StockMarket #stocks #stockstowatch https://t.co/QAHGqUVpYq",744,2,1.16e+18,MoneycontrolH,1.62e+18,Wed Jan 25 07:26:13 +0000 2023,2023/1/25 7:26,4,0,0,https://twitter.com/MoneycontrolH/status/1618148217673351169,4,22705
24525,"BlogPost : 

ChatGPT and Blockchain: The Perfect Pair for Disrupting the Financial Industry

https://t.co/gGMqv9pRfu a?|

#dao #bitcoina?  a?  a?   #ETH #Ethereum #blockchain #Metaverse #DeFi #Binancea?  a?  a?   #Crypto #CryptocurrencyMarket #cryptomarket #stocks #StockMarket #dex #ChatGPT",297,0,2286339128.0,ReiniLuup,1.62e+18,Wed Jan 25 18:48:30 +0000 2023,2023/1/25 18:48,0,0,1,https://twitter.com/ReiniLuup/status/1618319918549827584,1,24526
31933,"Have you used #ChatGPT to get trading ideas? How do you think #AI will shape the future of trading?

#StockMarket #cryptotrading",130,0,1.28e+18,mark_et_cap,1.62e+18,Tue Jan 31 11:48:18 +0000 2023,2023/1/31 11:48,0,0,0,https://twitter.com/mark_et_cap/status/1620388501731819520,0,31934
38516,"Big news from @datametrex ! Their subsidiary Nexalogy has developed an API engine similar to ChatGPT. Exciting times ahead for advanced AI tools!

#AI #ChatGPT $DTMXF #BBTitans #StockMarket #SamsungUnpacked https://t.co/uS8vTvGFFx",232,1,1.29e+18,GezanTrading,1.62e+18,Wed Feb 01 16:23:35 +0000 2023,2023/2/1 16:23,3,1,0,https://twitter.com/GezanTrading/status/1620820165528272896,4,38517
39455,"RAISING NVDA BUY ZONE ON EXCITEMENT ABOUT ARTIFICIAL INTELLIGENCE BOT CHATGPT - Read more.

https://t.co/OkZbpL4ajO

#Investing #Invest #Investment #Investments #Investors #Markets #Stocks #StocksToWatch #StockMarket #ChatGPT #NVDA #ArtificialIntelligence $MSFT $NVDA",271,0,20327105.0,TheAroraReport,1.62e+18,Wed Feb 01 18:52:00 +0000 2023,2023/2/1 18:52,3,0,0,https://twitter.com/TheAroraReport/status/1620857515062722587,3,39456
39602,Summary for the federal reserve press using #ChatGPT #cryptocurrencies #StockMarket #FOMC https://t.co/KnLpUcri3d,113,0,8.97e+17,Aghainvst,1.62e+18,Wed Feb 01 19:17:48 +0000 2023,2023/2/1 19:17,10,1,3,https://twitter.com/Aghainvst/status/1620864007690412033,14,39603
39676,Summary for the FOMC federal reserve press using #ChatGPT #FOMC #Powell #StockMarket #cryptocurrencies #Bitcoin #inflation https://t.co/4JbOu2YrKf,146,0,8.97e+17,Aghainvst,1.62e+18,Wed Feb 01 19:30:46 +0000 2023,2023/2/1 19:30,0,0,1,https://twitter.com/Aghainvst/status/1620867271924252672,1,39677
41336,"The following is a thread of my reactions from Alphabet's, $GOOG $GOOGL, most recent earnings report. Just a few thoughts. 

#Earnings #Google #ChatGPT #Stocks #Investing #Invest #StockMarket #FinTwit",202,0,1.53e+18,MGStockTalk,1.62e+18,Fri Feb 03 03:09:40 +0000 2023,2023/2/3 3:09,5,0,1,https://twitter.com/MGStockTalk/status/1621345147186253824,6,41337
41832,"Open AI has launched its paid version of chatGPT e?  ? meanwhile #Microsoft  announced its #investment  in #OpenAI 

#chatgpt #ChatGPTPlus #ArtificialIntelligence #StocksToBuy #stocks #StockMarket #krishaIncap #krishafinance #freedemataccount #Trending #tech #Bot #AI https://t.co/pRx9al6I0Q",293,0,1.57e+18,wekrishafinance,1.62e+18,Fri Feb 03 05:26:37 +0000 2023,2023/2/3 5:26,1,0,0,https://twitter.com/wekrishafinance/status/1621379609894989824,1,41833
46436,Looks like wea??re getting a run to .40 next week e??? $GFAI #StockMarket #ChatGPT #AI https://t.co/y2fRnj3UXP,110,0,1.45e+18,100xPlays4All,1.62e+18,Fri Feb 03 17:59:37 +0000 2023,2023/2/3 17:59,1,1,1,https://twitter.com/100xPlays4All/status/1621569107031199746,3,46437
46768,"A NEW IDEA ON ARTIFICIAL INTELLIGENCE STOCK C3. AI (AI) a?? AI TO USE CHATGPT  - Read more.

https://t.co/IaczPptag5

#Investing #Invest #Investment #Investments #Investors #Markets #Stocks #StocksToWatch #StockMarket #ChatGPT #ArtificialIntelligence #c3ai $AI $AAPL $BILL $F $KAL",284,0,20327105.0,TheAroraReport,1.62e+18,Fri Feb 03 18:55:00 +0000 2023,2023/2/3 18:55,3,0,0,https://twitter.com/TheAroraReport/status/1621583047169548288,3,46769
54139,"As AI technology continues to advance, the potential uses for ChatGPT in the stock market will only grow. Get ready to take your investment strategy to the next level with the help of this powerful AI tool! 5/

#ChatGPT #OpenAI #AI #StockMarket #Investment #FinancialAnalysis",277,0,404159668.0,conciseguy,1.62e+18,Tue Feb 07 12:04:49 +0000 2023,2023/2/7 12:04,0,0,0,https://twitter.com/conciseguy/status/1622929372553555968,0,54140
54191,"2020 : YouTube vs Tik Tok
2022 : YouTube Becomes Tik Tok 
2023 : Google laid off 10000 Employees while Tik Tok is still at highest traffic. 
@nitishrajpute #ChatGPT #stockmarketcrash #StockMarket #AdaniFiles #TikTok",218,1,1.47e+18,spyder_verse,1.62e+18,Tue Feb 07 12:10:50 +0000 2023,2023/2/7 12:10,0,1,0,https://twitter.com/spyder_verse/status/1622930887083175936,1,54192
54265,"Hey @elonmusk ,@OpenAI ! Be Updated !
@Ashneer_Grover You stil CEO for AI and for us also. @bharatpeindia have a look ! He is ruling heart of Youngstars . #StockMarket #AdaniFiles #ChatGPT #ashneergrover #SharkTank https://t.co/mJee2MKaBG",239,4,1.47e+18,spyder_verse,1.62e+18,Tue Feb 07 12:21:22 +0000 2023,2023/2/7 12:21,2,0,0,https://twitter.com/spyder_verse/status/1622933535328976898,2,54266
54470,"#BREAKING @datametrex is scheduled to launch its version of #ChatGPT Analyticsgpt. This company is working hard, one of the #Pennystocks to watch out for.

$DTMXF $AMC #Reliance #StockMarket #StocksToBuy  
https://t.co/aOL7pfQjWI",232,1,1.26e+18,Logan1Snow,1.62e+18,Tue Feb 07 12:45:00 +0000 2023,2023/2/7 12:45,2,2,0,https://twitter.com/Logan1Snow/status/1622939483313254401,4,54471
55121,CAPM (Cost of Equity Calculation) #finnifty #AGIX #AdaniBackOnTrack #StockMarket #BTC #Binance #Crypto #ChatGPT #StocksToBuy,124,0,1.56e+18,AssetSutra,1.62e+18,Tue Feb 07 13:45:16 +0000 2023,2023/2/7 13:45,0,0,2,https://twitter.com/AssetSutra/status/1622954652219351040,2,55122
55326,"We at Streetwhacks are utilising complex algos to enable efficient trading picks. #ChatGPT 

#Nifty #StockMarkets #nifty50 #stocks #NiftyBank #StocksToBuy #StockMarket #StockMarketindia #Streetwhacks https://t.co/H5p5hNc7be",225,0,1.49e+18,streetwhacks,1.62e+18,Tue Feb 07 14:05:12 +0000 2023,2023/2/7 14:05,2,1,0,https://twitter.com/streetwhacks/status/1622959666627231744,3,55327
55450,#optionbuying #Reliance #Google #algotrading #GoogleAI #StocksToBuy #Stocks #StockMarket #ChatGPT #StockMarketindia #Hedgefund #BTC #Binance $SNFTS $AAPL $META $APT $AMZN,170,0,1.61e+18,jagritiar69,1.62e+18,Tue Feb 07 14:16:57 +0000 2023,2023/2/7 14:16,0,0,2,https://twitter.com/jagritiar69/status/1622962625943588865,2,55451
56659,"Secoo Group: Transforming Luxury Goods Operation Models with #AIGC &amp; #ChatGPT Technologies? https://t.co/j7ZiD6A2KO 

#autobots #AI #tech #Swingtrading #stocks $AI $MSFT $TSLA #tuesdaymotivations #StockMarket #trading #investing #LetsGo #rollout #Rollbit 

$BRQS +3.50% 

 $INVO https://t.co/aT7CxCVFQh",312,0,402353316.0,VistaPResearch,1.62e+18,Tue Feb 07 16:15:14 +0000 2023,2023/2/7 16:15,5,4,0,https://twitter.com/VistaPResearch/status/1622992393321734144,9,56660
60974,#StockMarket #ChatGPT,21,0,181496962.0,MehdiApril,1.62e+18,Thu Feb 09 20:20:40 +0000 2023,2023/2/9 20:20,0,0,0,https://twitter.com/MehdiApril/status/1623778930871222273,0,60975
63377,"The Human Side of Artificial Intelligence: Understanding the Psychological Impact on the Workforce
Read full article:  https://t.co/KbjuSvMff4 

#ChatGPT #ArtificialIntelligence #Industry40 #business #Finance #StockMarket #economy #workforce https://t.co/cI8M0nX23V",268,0,390641757.0,Tarunkashni,1.62e+18,Sat Feb 11 06:19:26 +0000 2023,2023/2/11 6:19,1,0,0,https://twitter.com/Tarunkashni/status/1624292005764558848,1,63378
63432,"The spy likes to do tha Cha-cha , me likey the CHA-CHA !!!!!

#StockMarket #StockMarketindia #stockmarketcrash #ChatGPT #justkidding  #RubbishNames #RipLegend #OptionsTrading https://t.co/h1JhmGmc8C",200,0,1.39e+18,YikesShow,1.62e+18,Sat Feb 11 06:30:53 +0000 2023,2023/2/11 6:30,0,0,0,https://twitter.com/YikesShow/status/1624294887947399169,0,63433
65758,"The #technology world is developing very faster, and since the benefits Vs cost analysis is in favor of technology, companies will adopt computing and #analytics. 

#AI #DataScience #Jobs #ChatGPT #China #earthquakeinturkey #INDvAUS #supplychain #StockMarket #startup #business https://t.co/KtogcqSsfy",303,0,1.17e+18,SCManlytiks,1.62e+18,Sat Feb 11 14:23:47 +0000 2023,2023/2/11 14:23,4,2,0,https://twitter.com/SCManlytiks/status/1624413897276162048,6,65759
68395,"According to AI #ChatGPT we are only days away from a stock market crash and global recession...
Let's see how well this tweet ages e???
#GlobalRecession #stockmarketcrash #StockMarket #stockmarketcrash2023 https://t.co/7kwyxqHklW",232,0,1.2e+18,DANGERMOUSE_313,1.62e+18,Mon Feb 13 00:54:43 +0000 2023,2023/2/13 0:54,35,8,5,https://twitter.com/DANGERMOUSE_313/status/1624935064365842432,48,68396
68799,"Si no lo pudiste escuchar en vivo aqu?- esta el podcast del Resumen de las noticias econ?3micas 

Spotify https://t.co/QYWYmjQ6WI

ApplePodcast https://t.co/cgf0Fkvhbp

Fountain https://t.co/Nnl902UN4U

#Colombia #inflacion #Economia #StockMarket #BTC #Dolar #China #UFO #ChatGPT",287,0,25557799.0,jhontxu,1.62e+18,Mon Feb 13 02:59:54 +0000 2023,2023/2/13 2:59,0,2,0,https://twitter.com/jhontxu/status/1624966567694852098,2,68800
71895,#ChatGPT #trade #TradingView #stock #StockMarket #TradingSignals #Tradingtips https://t.co/doz2USiPyr,101,0,1.55e+18,latinatradervip,1.63e+18,Mon Feb 13 13:17:25 +0000 2023,2023/2/13 13:17,0,0,0,https://twitter.com/latinatradervip/status/1625121970223304704,0,71896
71912,"#MintPrimer | #ChatGPT clones are preparing to take over China

The conversational artificial intelligence tool seems to be taking over the worlda??and that now includes the Chinese stock market.

#Baidu #Alibaba #StockMarket #China https://t.co/bM9G7lsQsQ",260,0,17673635.0,livemint,1.63e+18,Mon Feb 13 13:20:20 +0000 2023,2023/2/13 13:20,3,0,0,https://twitter.com/livemint/status/1625122705430437889,3,71913
78840,"#Microsoft $MSFT #Google $GOOGL #Alibaba $BABA #Datametrex $DTMXF are all venturing into the #ChatGPT industry. 
These are #stockstowatch.

#StockMarket #NASDAQ #sharemarket #AI #Bitcoin #NFT",194,0,1.52e+18,ScootyFrank,1.63e+18,Wed Feb 15 14:01:02 +0000 2023,2023/2/15 14:01,7,5,0,https://twitter.com/ScootyFrank/status/1625857722334990339,12,78841
78961,"At what point do you start loading the truck on $GOOGL

#Stock #Google #StockMarket #ai #ChatGPT https://t.co/v19B1B7SA3",122,0,1.61e+18,DividendTalks,1.63e+18,Wed Feb 15 14:14:43 +0000 2023,2023/2/15 14:14,4,0,3,https://twitter.com/DividendTalks/status/1625861164507750401,7,78962
79801,"Billionaire Mark Cuban Points Out Possible Big Problem With ChatGPT And Other AI Companies

https://t.co/sKl083Rbox #stocks #StockMarket #stock #invest #investing #investors #ai #artificialintelligence #ChatGPT #tech #technology #business #money",247,0,170896450.0,historianandrew,1.63e+18,Wed Feb 15 16:16:45 +0000 2023,2023/2/15 16:16,1,0,0,https://twitter.com/historianandrew/status/1625891876980273152,1,79802
80234,"$AI contracts pouring in. Dona??t miss the future of how business is done. 
Next leg up coming.. e???

#StockMarket #ChatGPT #AI",131,0,2417130146.0,BarkingSpidey,1.63e+18,Wed Feb 15 17:30:58 +0000 2023,2023/2/15 17:30,2,1,0,https://twitter.com/BarkingSpidey/status/1625910554459258882,3,80235
85853,"#Asia: Mid-Market Update
#China

a?|Govt instructed #Tencent &amp; #AntGroup not to provide the public with access to #ChatGPT services on their platforms, either directly or through third parties

#StockMarket #SSEC #HSI",226,0,1.4e+18,ZSMarkets,1.63e+18,Thu Feb 23 07:53:24 +0000 2023,2023/2/23 7:53,0,0,1,https://twitter.com/ZSMarkets/status/1628664305637003264,1,85854
92253,Say what you wanna say Ia??ll buy the dip in google shares and hold them hoping they get it all figured out before year end #Optimism $googl #ChatGPT #StocksoftheDay #StockMarket #buyer #BullishAF @jimcramer @MelissaLeeCNBC @HalftimeReport @CNBCFastMoney @elonmusk #rockmusic e???,280,5,1.58e+18,bulltraderverse,1.63e+18,Mon Feb 27 04:39:05 +0000 2023,2023/2/27 4:39,0,0,0,https://twitter.com/bulltraderverse/status/1630064957734658048,0,92254
92867,"#Asia: Mid-Market Update
#China

a?|#Tencent (tech) announced to set up a special team for the #HunyuanAide project, which aims to develop a conversational AI product similar to #ChatGPT

#StockMarket #SSEC #HSI",216,0,1.4e+18,ZSMarkets,1.63e+18,Mon Feb 27 07:58:07 +0000 2023,2023/2/27 7:58,0,0,1,https://twitter.com/ZSMarkets/status/1630115044250845187,1,92868
94352,"Nvidia will be dominant in AI and the cloud for the next decade, says portfolio manager; a??How can you not own this?a?? https://t.co/HLOi2P5Rfh

#Nvidia #ArtificialIntelligence #CloudComputing #ChatGPT #OpenAI #TechBreakthrough #Innovation #Investing #StockMarket #TechGiant",277,0,1.62e+18,BPTopDailyTech,1.63e+18,Mon Feb 27 13:20:11 +0000 2023,2023/2/27 13:20,0,0,0,https://twitter.com/BPTopDailyTech/status/1630196094704529417,0,94353
94752,"Snapchat is releasing its own AI chatbot powered by ChatGPT - The Verge

Wow this is news 

#ChatGPT #Snap #StockMarket #OpenAI  https://t.co/JljxQGqnxC",156,0,1601548908.0,mrRichOne89,1.63e+18,Mon Feb 27 14:31:34 +0000 2023,2023/2/27 14:31,0,0,0,https://twitter.com/mrRichOne89/status/1630214059713875968,0,94753
