,full_text,text_length,at_num,user_id_str,screen_name,id_str,created_at,publish_time,favorite_count,retweet_count,reply_count,tweet_url,total_heat,tt
97470,#?????-?????3???  ?????#ChatGPT https://t.co/YRkaQPMCSz,55,0,3103153508.0,good_sperior,1.63e+18,Mon Feb 27 23:27:34 +0000 2023,2023/2/27 23:27,0,0,1,https://twitter.com/good_sperior/status/1630348948690067456,1,97471
97473,#?????-?????3???  ?????#ChatGPT https://t.co/opngrqNaZg,55,0,3103153508.0,good_sperior,1.63e+18,Mon Feb 27 23:28:12 +0000 2023,2023/2/27 23:28,0,0,1,https://twitter.com/good_sperior/status/1630349109713571840,1,97474
97485,#?????-?????3???  ?????#ChatGPT  #Google https://t.co/6AHdDSx95Z,64,0,3103153508.0,good_sperior,1.63e+18,Mon Feb 27 23:30:36 +0000 2023,2023/2/27 23:30,0,0,2,https://twitter.com/good_sperior/status/1630349712716103680,2,97486
97511,#?????-?????3???  ?????#ChatGPT  #Microsoft https://t.co/vsWW0PloaC,67,0,3103153508.0,good_sperior,1.63e+18,Mon Feb 27 23:38:13 +0000 2023,2023/2/27 23:38,0,0,0,https://twitter.com/good_sperior/status/1630351630909706240,0,97512
97553,#?????-?????3???  ?????#ChatGPT https://t.co/Ucmx2GeUPG,55,0,3103153508.0,good_sperior,1.63e+18,Mon Feb 27 23:50:42 +0000 2023,2023/2/27 23:50,0,0,1,https://twitter.com/good_sperior/status/1630354770086223873,1,97554
