,full_text,text_length,at_num,user_id_str,screen_name,id_str,created_at,publish_time,favorite_count,retweet_count,reply_count,tweet_url,total_heat,tt
32998,Market Mondays catch up #automation #ChatGPt #EmergingMarkets https://t.co/3YGhjwLpn0,85,0,2760620320.0,ellekhemist,1.62e+18,Tue Jan 31 17:36:27 +0000 2023,2023/1/31 17:36,0,0,0,https://twitter.com/ellekhemist/status/1620476114820042753,0,32999
52273,#ChatGPt #google #OpenAI #coding https://t.co/pKIMlMxdzR,56,0,1.58e+18,Umarmughal34,1.62e+18,Tue Feb 07 09:00:49 +0000 2023,2023/2/7 9:00,0,0,0,https://twitter.com/Umarmughal34/status/1622883066438905856,0,52274
57313,$VXV to the Moon. Only $1 I see it going to $200. NOT FINANCIAL ADVICE!! #NFA #AIcoin #ChatGPt #NLP #NLU #Crypto #BTC https://t.co/vMbcMoMdww,141,0,1.61e+18,CryptoConBro,1.62e+18,Tue Feb 07 17:26:14 +0000 2023,2023/2/7 17:26,0,0,1,https://twitter.com/CryptoConBro/status/1623010259475345418,1,57314
79583,"Here's why we struggle to trust robots after a few mistakes 

https://t.co/vblrq6AQ2s @wef via @enruicomolinari #ChatGPt #AI #marketing #finserv #fintech 

@terence_mills @albertogaruccio @JimMarous @rshevlin @Clagett @TylerCohenWood @cgledhill @JBarbosaPR @LaurentAlaus",274,11,75673231.0,enricomolinari,1.63e+18,Wed Feb 15 15:43:00 +0000 2023,2023/2/15 15:43,4,4,0,https://twitter.com/enricomolinari/status/1625883381853483008,8,79584
81301,"Why we struggle to trust robots after a few mistakes 

https://t.co/vblrq6AQ2s @wef via @enruicomolinari #ChatGPt #AI #marketing #finserv #fintech 

@XavierAncelin @JimFellinger @LanceUlanoff @Melinda_DS @paolopescatore @BrianRoemmele @Guglielminetti @michaeljosh @mikeflache https://t.co/35WqxvRc1K",303,11,75673231.0,enricomolinari,1.63e+18,Wed Feb 15 21:07:00 +0000 2023,2023/2/15 21:07,7,6,0,https://twitter.com/enricomolinari/status/1625964918716375041,13,81302
81429,"RT @enricomolinari https://t.co/MjqltRtbUP Why we struggle to trust robots after a few mistakes 
@wef via @enruicomolinari #ChatGPt #AI #marketing #finserv #fintech 

@XavierAncelin @JimFellinger @LanceUlanoff @Melinda_DS @paolopescatore @BrianRoemmele @Guglie...",266,10,3358500851.0,ParisFinForum,1.63e+18,Wed Feb 15 21:35:10 +0000 2023,2023/2/15 21:35,0,1,0,https://twitter.com/ParisFinForum/status/1625972007597735942,1,81430
81503,"ChatGPt Ignites The Artificial Intelligence War Between Tech Giants

The a??ChatGPTa?? application, launched by the American company a??OpenAIa??, last November, sparked a war between giant technology companies.
#ChatGPt #Artificial_Intelligence #GoogleAI #google

https://t.co/sNYNigYwMJ",293,0,1.6e+18,QaaQa30,1.63e+18,Wed Feb 15 21:50:13 +0000 2023,2023/2/15 21:50,0,0,0,https://twitter.com/QaaQa30/status/1625975793728847882,0,81504
