,full_text,text_length,at_num,user_id_str,screen_name,id_str,created_at,publish_time,favorite_count,retweet_count,reply_count,tweet_url,total_heat,tt
6687,"What is your GPT domains?

Mine: ImagineGPT,com

#domains #domain #domainname #domainnames #ChatGPT",103,0,1.35e+18,ileyNames,1.61e+18,Mon Jan 09 14:25:07 +0000 2023,2023/1/9 14:25,16,2,16,https://twitter.com/ileyNames/status/1612455431363772416,34,6688
9999,"Domain name https://t.co/AXAgvoUwKQ is for sale..

#domain #domainforsale #DomainNameForSale #domainname #domainnames #ArtificialIntelligence #AI #startupnews #startups #ChatGPT #MachineLearning #robo #Robotics #Metaverse #META https://t.co/4QWDY4K2d4",253,0,8.82e+17,dnjokerdotcom,1.61e+18,Wed Jan 11 18:22:00 +0000 2023,2023/1/11 18:22,10,10,2,https://twitter.com/dnjokerdotcom/status/1613239819412570119,22,10000
15285,"#Domains  #OpenAI on salee???

https://t.co/wfCZEUHVuM and
https://t.co/U3GHKDSku3 available!!
Taken in 20 other extensions!!

#DomainNameForSale
#domainnames #Domains #NFTs #Metaverse #Web3 #GPT3 #GPT #gpt4 #ChatGPT #OpenAI",231,0,1.52e+18,grvdomains,1.62e+18,Tue Jan 17 04:03:16 +0000 2023,2023/1/17 4:03,2,2,0,https://twitter.com/grvdomains/status/1615198039744053248,4,15286
25236,"Get your hands on the perfect domain name for your AI venture!  

DOMAIN FOR SALE:  https://t.co/TlOT8GB71y

Don't miss out!

@OpenAI @elonmusk #ChatGPT #Ai #AiDomains #Domains @mwd #domainnames #domainforsale #artificialintelligence #future #openai #domainsales #domainname https://t.co/jkMF4CR7SO",304,3,8.68e+17,The_Zed_Edge,1.62e+18,Fri Jan 27 00:46:30 +0000 2023,2023/1/27 0:46,1,3,0,https://twitter.com/The_Zed_Edge/status/1618772402577580034,4,25237
31355,"https://t.co/tuiqRHn4Cy is on sale

#domains #domainnames #startup #startups #venturecapital #defi #technology #cryptocurrency #DAO #blockchain #crypto #bitcoin
#ethereum #btc
#cryptotrading #bigdata #ai #tech #business #nft #NFTs #DAOMaker #DAOs #VCS #AI #Web3 #ChatGPT #gpt4",280,0,1.29e+18,Domainsalesspe1,1.62e+18,Tue Jan 31 07:51:40 +0000 2023,2023/1/31 7:51,5,3,1,https://twitter.com/Domainsalesspe1/status/1620328950827454466,9,31356
31361,"https://t.co/Sm3CXC132v is on sale

#domains #domainnames #startup #startups #venturecapital #defi #technology #cryptocurrency #DAO #blockchain #crypto #bitcoin
#ethereum #btc
#cryptotrading #bigdata #ai #tech #business #nft #NFTs #DAOMaker #DAOs #VCS #AI #Web3 #ChatGPT #gpt4",280,0,1.29e+18,Domainsalesspe1,1.62e+18,Tue Jan 31 07:54:16 +0000 2023,2023/1/31 7:54,6,4,4,https://twitter.com/Domainsalesspe1/status/1620329604643971076,14,31362
33492,"Still e?    from this episode AND the #Sherpas give amazing insight into the use of #ArtificialIntelligence.

Click the e???below &amp; head over to @YouTube  to jump down the e???e??3??? with us!

#domains #domainnames #digitalassets #downtherabbithole #AI #ChatGPT

e???
https://t.co/Y7u2CqK4TO https://t.co/BWs47u9yoZ",327,1,213863247.0,DomainSherpa,1.62e+18,Tue Jan 31 20:43:42 +0000 2023,2023/1/31 20:43,4,3,2,https://twitter.com/DomainSherpa/status/1620523239356203008,9,33493
38575,"#domainname 

https://t.co/sW3xQ4c0b5 is for sale..

#Domains #domain #domainnames #domainsforsale #domainsales #domainforsale #DomainNameForSale #ai #ChatGPT #aieconomics #DigitalAssets #blockchain #NFTs #Metaverse #META #iot #economics #startups https://t.co/J1pKRAXB7D",275,0,8.82e+17,dnjokerdotcom,1.62e+18,Wed Feb 01 16:33:05 +0000 2023,2023/2/1 16:33,9,6,1,https://twitter.com/dnjokerdotcom/status/1620822555237167104,16,38576
41556,"#ChatGPT Domains for sale, Have received a few offers, Listed Price is negotiable..
#domainnames #domainsforsale #DomainNameForSale #GPT #GPT3 #GPTdomains #AI #ChatGPTdomains #OpenAIChatGPT #Domainauction https://t.co/yGJNe8EDEW",229,0,1.55e+18,Ivanbleminsi,1.62e+18,Fri Feb 03 04:17:27 +0000 2023,2023/2/3 4:17,3,0,2,https://twitter.com/Ivanbleminsi/status/1621362204627943425,5,41557
43419,"https://t.co/indFMxBOfK is forsale

#domainsforsale #domainnames #startup #startups  #defi #technology #cryptocurrency #DAO #blockchain #crypto #bitcoin #Web3
#ethereum  #btc #nostr #ChatGPT 
#cryptotrading #bigdata #ai #tech #business #nft #nfts #DAOs #sales #Metaverse https://t.co/5TlomoQMCO",298,0,1.47e+18,namecex,1.62e+18,Fri Feb 03 10:38:45 +0000 2023,2023/2/3 10:38,4,1,2,https://twitter.com/namecex/status/1621458159612350465,7,43420
44263,"Listed at @Undeveloped, @afternic, @Sedo, @Daazcom

#domains #domainnames #domainsforsale #domainforsale #DomainNameForSale #dApps #Bitcoin #Ethereum #Blockchain #gaming #NFT #NFTs #NFTCommunity #ai #ChatGPT #ChatGPTPlus #Finance #insurance  #business #Web3 #startup #startups",278,4,1.56e+18,GalaxyCavalier,1.62e+18,Fri Feb 03 12:51:23 +0000 2023,2023/2/3 12:51,3,1,0,https://twitter.com/GalaxyCavalier/status/1621491539733012480,4,44264
49447,"Chinchilla AI is another powerful AI language model created by Googlea??s AI firm, DeepMind. Dubbed as the a??GPT killera??. Read More-

https://t.co/dd3TbksKA6

#ChatGPT #domainnames #ArtificialIntelligence #automation #GPT3 #seo #BardAI #nft",247,0,14374677.0,pratt69,1.62e+18,Tue Feb 07 02:46:20 +0000 2023,2023/2/7 2:46,4,0,3,https://twitter.com/pratt69/status/1622788824186380288,7,49448
52902,"Domain name https://t.co/jfl9i8KsED is for sale.. 

#Domains #domain #domainnames #DomainNameForSale #domainsforsale #domainname #domainforsale #AI #iot #ChatGPT #NFTs #Metaverse #meta #blockchain #Crypto #DigitalAssets #startups #ChatbotGPT #Sales #companies #compainy https://t.co/xRjo1hTsCO",295,0,8.82e+17,dnjokerdotcom,1.62e+18,Tue Feb 07 10:02:24 +0000 2023,2023/2/7 10:02,6,3,0,https://twitter.com/dnjokerdotcom/status/1622898564341825537,9,52903
52954,"Domain name https://t.co/aF5r8BjNKL is for sale..

#Domains #domain #domainnames #DomainNameForSale #domainsforsale #domainname #domainforsale #AI #iot #ChatGPT #NFTs #Metaverse #meta #blockchain #Crypto #DigitalAssets #startups #ChatbotGPT #Sales #AiSection #AIart #aiart https://t.co/QM7fUXi503",298,0,8.82e+17,dnjokerdotcom,1.62e+18,Tue Feb 07 10:09:01 +0000 2023,2023/2/7 10:09,6,4,1,https://twitter.com/dnjokerdotcom/status/1622900228364947458,11,52955
53057,"Domain name https://t.co/CbDbH8ZypD is for sale..

#Domains #domain #domainnames #DomainNameForSale #domainsforsale #domainname #domainforsale #AI #iot #ChatGPT #NFTs #Metaverse #meta #blockchain #Crypto #DigitalAssets #startups #ChatbotGPT #Sales #AiOwners #AIart #aiart https://t.co/CWkvLrpCQg",297,0,8.82e+17,dnjokerdotcom,1.62e+18,Tue Feb 07 10:18:53 +0000 2023,2023/2/7 10:18,7,6,0,https://twitter.com/dnjokerdotcom/status/1622902714416996353,13,53058
53112,"Domain name https://t.co/yOlB7Pr079 is for sale..

#Domains #domain #domainnames #DomainNameForSale #domainsforsale #domainname #domainforsale #AI #iot #ChatGPT #NFTs #Metaverse #meta #blockchain #Crypto #DigitalAssets #startups #ChatbotGPT #Sales #AIart #aiart #aiinfrastructure https://t.co/1gdiDOYb72",305,0,8.82e+17,dnjokerdotcom,1.62e+18,Tue Feb 07 10:24:11 +0000 2023,2023/2/7 10:24,2,6,2,https://twitter.com/dnjokerdotcom/status/1622904044938207232,10,53113
54509,"@TheDomainPrince Nice e???

I got https://t.co/ByjuH465ny (accounting, audit) and a few others e???

#Domain  #Domains #domainname #domainnames #ChatGPT #Bard",162,1,1.56e+18,GalaxyCavalier,1.62e+18,Tue Feb 07 12:48:35 +0000 2023,2023/2/7 12:48,4,0,2,https://twitter.com/GalaxyCavalier/status/1622940385084338177,6,54510
55249,https://t.co/2WiYQDuQ4Q https://t.co/auTP6CCvUb #ChatGPT #domains #domainnames #startup #startups #venturecapital #technology #DAO #blockchain #bigdata #ai #tech #business #nft #NFTs #DAOMaker #DAOs #VCS #AI #Web3 #gpt4,219,0,7.9e+17,Domainnames90,1.62e+18,Tue Feb 07 13:58:21 +0000 2023,2023/2/7 13:58,5,1,0,https://twitter.com/Domainnames90/status/1622957942390591488,6,55250
55438,"https://t.co/5pDvt16SVd for sale e??  

#Domains #domain #ChatGPT #domainnames #DomainNameForSale",99,0,7.64e+17,Darrraqh,1.62e+18,Tue Feb 07 14:15:53 +0000 2023,2023/2/7 14:15,0,1,0,https://twitter.com/Darrraqh/status/1622962353946984448,1,55439
56543,"Another day, another #AI #Naming War: #ChatGPT-powered https://t.co/X52e0B8sSg vs. Looka - who comes out on top? https://t.co/TExQ8i5nub 

#branding #domains #domainnames #openAI #artificialintelligence https://t.co/sJB6OYF5nV",228,0,24870394.0,tanj_nyc,1.62e+18,Tue Feb 07 16:01:35 +0000 2023,2023/2/7 16:01,1,1,0,https://twitter.com/tanj_nyc/status/1622988956139679746,2,56544
63382,"#Domains  #OpenAI on salee???

https://t.co/wfCZEUHVuM and
https://t.co/U3GHKDSku3 available!!
Taken in 20 other extensions!!

#DomainNameForSale
#domainnames #Domains #NFTs #Metaverse #Web3 #GPT3 #GPT #gpt4 #ChatGPT #OpenAI",231,0,1.52e+18,grvdomains,1.62e+18,Sat Feb 11 06:20:21 +0000 2023,2023/2/11 6:20,0,3,0,https://twitter.com/grvdomains/status/1624292235746635778,3,63383
63388,"#Domain on salee???

https://t.co/ZqvLRqs9fo available!!
Taken in 19 other extensions!!

#DomainNameForSale
#domainnames #Domains #NFTs #Metaverse #Web3 #GPT3 #GPT #gpt4 #ChatGPT",184,0,1.52e+18,grvdomains,1.62e+18,Sat Feb 11 06:21:06 +0000 2023,2023/2/11 6:21,4,2,0,https://twitter.com/grvdomains/status/1624292423395606529,6,63389
63391,"#Domain #GPT  on salee???

https://t.co/nSlySAZgjh available!!
Taken in 20 other extensions!!

#DomainNameForSale
#domainnames #Domains #NFTs #Metaverse #Web3 #GPT3 #GPT #gpt4 #ChatGPT",190,0,1.52e+18,grvdomains,1.62e+18,Sat Feb 11 06:21:28 +0000 2023,2023/2/11 6:21,5,2,1,https://twitter.com/grvdomains/status/1624292516400099328,8,63392
65209,#com #Domains #DomainNames #DigitalMarketing #domains #domainnames #domain #domainname #ChatGPT #DOMAINS #domainnames #domainforsale https://t.co/ehf0b4qM06,156,0,7.69e+17,alan_challis,1.62e+18,Sat Feb 11 13:00:32 +0000 2023,2023/2/11 13:00,0,1,0,https://twitter.com/alan_challis/status/1624392945506951170,1,65210
66610,"Domain name https://t.co/PrbWCnn7qa is for sale..

Ai + Internet = Aiternet e???

#Domains #domain #DomainNameForSale #domainforsale #domainname #domainnames #domainers #AI #IoT #GPT3 #ChatGPT #Chatbots #NFT #Web3 #blockchain #Crypto #Metaverse #meta #aiart #aiternet",271,0,8.82e+17,dnjokerdotcom,1.62e+18,Sat Feb 11 16:53:15 +0000 2023,2023/2/11 16:53,9,3,3,https://twitter.com/dnjokerdotcom/status/1624451510607151114,15,66611
66636,#domains #domainnames #domain #domainname #ChatGPT #DOMAINS #domainnames #domainforsale #DomainNameForSale @Uniregistry @afternic @Undeveloped @sedo https://t.co/1IDp7ZeE72,172,4,7.69e+17,alan_challis,1.62e+18,Sat Feb 11 16:58:04 +0000 2023,2023/2/11 16:58,0,4,1,https://twitter.com/alan_challis/status/1624452722064867328,5,66637
68198,"Domain name https://t.co/yTOKAmnelL is for sale..

#Domains #domain #DomainNameForSale #domainforsale #domainname #domainnames #domainers #AI #IoT #GPT3 #ChatGPT #Chatbots #NFT #Web3 #blockchain #Crypto #Metaverse #meta #aiart #aimedicare #Medicare #ChatGPTPlus #Medical https://t.co/v0mpfzWAEK",296,0,8.82e+17,dnjokerdotcom,1.62e+18,Sat Feb 11 23:18:42 +0000 2023,2023/2/11 23:18,7,5,7,https://twitter.com/dnjokerdotcom/status/1624548512795922434,19,68199
71484,"Domain name https://t.co/ukPVRPbOwE is for sale..

Ai + IoT

#Domains #domain #DomainNameForSale #domainforsale #domainname #domainnames #domainers #AI #IoT #GPT3 #ChatGPT #Chatbots #NFT #Web3 #blockchain #Crypto #Metaverse #meta #aiart #aitechiot #ChatGPTPlus #startups https://t.co/L8iAjynyjV",298,0,8.82e+17,dnjokerdotcom,1.63e+18,Mon Feb 13 12:18:21 +0000 2023,2023/2/13 12:18,7,1,0,https://twitter.com/dnjokerdotcom/status/1625107104838082563,8,71485
71541,"Domain name https://t.co/55UhNVvGRl is for sale..

Ai + Tech + Market

#Domains #domain #DomainNameForSale #domainforsale #domainname #domainnames #domainers #AI #IoT #GPT3 #ChatGPT #Chatbots #NFT #Web3 #blockchain #Crypto #Metaverse #meta #aiart #aitechmarket #StartupWorld https://t.co/y3jxBkdltA",302,0,8.82e+17,dnjokerdotcom,1.63e+18,Mon Feb 13 12:28:01 +0000 2023,2023/2/13 12:28,9,2,0,https://twitter.com/dnjokerdotcom/status/1625109539677691904,11,71542
71617,"Domain name https://t.co/8VhrjZr08J is for sale..

Uni (universal) + Chatbot

#Domains #domain #DomainNameForSale #domainforsale #domainname #domainnames #domainers #AI #IoT #GPT3 #ChatGPT #Chatbots #NFT #Web3 #blockchain #Crypto #Metaverse #meta #aiart #unichatbot #ChatGPTPlus https://t.co/nlQKQUOpMZ",306,0,8.82e+17,dnjokerdotcom,1.63e+18,Mon Feb 13 12:37:45 +0000 2023,2023/2/13 12:37,13,3,1,https://twitter.com/dnjokerdotcom/status/1625111987179995137,17,71618
71644,"Domain name https://t.co/fHOlEURIVw is for sale..

Chatbot + Group

#Domains #domain #DomainNameForSale #domainforsale #domainname #domainnames #domainers #AI #IoT #GPT3 #ChatGPT #Chatbots #NFT #Web3 #blockchain #Crypto #Metaverse #meta #aiart #chatbotgroup #ChatGPTPlus https://t.co/shSzDRJWBJ",298,0,8.82e+17,dnjokerdotcom,1.63e+18,Mon Feb 13 12:43:35 +0000 2023,2023/2/13 12:43,8,4,0,https://twitter.com/dnjokerdotcom/status/1625113456218148865,12,71645
71692,"Domain name https://t.co/GLA8cdbSFR is for sale..

Medi (medical) + Chatbot

#Domains #domain #DomainNameForSale #domainforsale #domainname #domainnames #domainers #AI #IoT #GPT3 #ChatGPT #Chatbots #NFT #Web3 #blockchain #Crypto #Metaverse #meta #aiart #medichatbot #ChatGPTPlus https://t.co/1c9droeLBG",306,0,8.82e+17,dnjokerdotcom,1.63e+18,Mon Feb 13 12:50:54 +0000 2023,2023/2/13 12:50,8,4,0,https://twitter.com/dnjokerdotcom/status/1625115294636056578,12,71693
71765,"Domain name https://t.co/zDDUiGkLhr is for sale..

Tech + AIoT (Ai of Things)

#Domains #domain #DomainNameForSale #domainforsale #domainname #domainnames #domainers #AI #IoT #GPT3 #ChatGPT #Chatbots #NFT #Web3 #blockchain #Crypto #Metaverse #meta #aiart #techaiot #ChatGPTPlus https://t.co/fxdykUxeRF",305,0,8.82e+17,dnjokerdotcom,1.63e+18,Mon Feb 13 13:00:32 +0000 2023,2023/2/13 13:00,10,5,1,https://twitter.com/dnjokerdotcom/status/1625117722639048707,16,71766
71816,"Domain name https://t.co/pWwgu61IYV is for sale

AIoT + Makers

#Domains #domain #DomainNameForSale #domainforsale #domainname #domainnames #domainers #AI #IoT #GPT3 #ChatGPT #Chatbots  #NFT #Web3 #blockchain #Crypto #Metaverse #meta #aiart #AIoT #ChatGPTPlus #AIoTMakers #iot https://t.co/L8WrIcVmHH",304,0,8.82e+17,dnjokerdotcom,1.63e+18,Mon Feb 13 13:06:56 +0000 2023,2023/2/13 13:06,6,6,0,https://twitter.com/dnjokerdotcom/status/1625119332740042752,12,71817
72552,"Domain name https://t.co/PJSoy8K18S is for sale..

IoT + Blockchain

#Domains #domain #DomainNameForSale #domainforsale #domainname #domainnames #domainers #AI #IoT #GPT3 #ChatGPT #Chatbots #NFT #Web3 #blockchain #Crypto #Metaverse #meta #aiart #unichatbot #ChatGPTPlus #startups https://t.co/hebOToy5X2",307,0,8.82e+17,dnjokerdotcom,1.63e+18,Mon Feb 13 14:53:50 +0000 2023,2023/2/13 14:53,5,6,1,https://twitter.com/dnjokerdotcom/status/1625146231612735488,12,72553
73212,"Domain AiGPT4. com is for sale at Dan. com! Don't miss this great domain name!   AiGPT4. com

 #domains #domainnames #domain #domainname #ChatGPT #DOMAINS #domainnames #domainforsale #web3 #nft #ai #dao #ENS https://t.co/q7xscwKgsr",233,0,7.69e+17,alan_challis,1.63e+18,Mon Feb 13 16:31:55 +0000 2023,2023/2/13 16:31,5,0,0,https://twitter.com/alan_challis/status/1625170916643831809,5,73213
73884,"PhysicianCheckup. com ..... When it's time for a checkup, you see your physician! Get this amazing .com for an amazing price at Dan. com!

 #domains #domainnames #domain #domainname #ChatGPT #DOMAINS #domainforsale #web3 #nft #ai #dao #ENS #Mmemberville #cannabislife #StonerFam https://t.co/41PmfDC6bv",304,0,7.69e+17,alan_challis,1.63e+18,Mon Feb 13 18:26:09 +0000 2023,2023/2/13 18:26,6,0,1,https://twitter.com/alan_challis/status/1625199665556688912,7,73885
76164,"https://t.co/5nuBDECGqh is still for sale at $5M.

#domain #domainname #domains #domainnames #business #website #meta #metaverse #health #healthy #nft #chatGPT #domaininvesting #investing",189,0,247255506.0,SuperDomainscom,1.63e+18,Wed Feb 15 05:41:18 +0000 2023,2023/2/15 5:41,6,1,1,https://twitter.com/SuperDomainscom/status/1625731958008315904,8,76165
78928,"AiBardNews. com is available for sale at Dan. com

@BardAiGoogle #DeveloperStudentClubs #domains #domainnames #domain #domainname #ChatGPT #DOMAINS #domainnames #domainforsale #web3 #nft #ai #dao #Mmemberville https://t.co/LG1Aojq8VD",235,1,7.69e+17,alan_challis,1.63e+18,Wed Feb 15 14:09:18 +0000 2023,2023/2/15 14:09,5,1,2,https://twitter.com/alan_challis/status/1625859802990518275,8,78929
79523,"LakefrontArt. com is for sale at Dan . com

@ArtinAmerica @artsy @metmuseum @Sonia_artx #domains #domainnames #domain #domainname #ChatGPT #DOMAINS #domainforsale #web3 #nft #ai #dao #ENS https://t.co/d7AkQKxN2O",213,4,7.69e+17,alan_challis,1.63e+18,Wed Feb 15 15:34:59 +0000 2023,2023/2/15 15:34,6,4,0,https://twitter.com/alan_challis/status/1625881366599442436,10,79524
79829,"https://t.co/FxyVl2juq7 For Sale 

#GPTpo #GPT #GPTchat #chatGPT #proGPT #domainnames #domainforsale #domainsforsale #domainer #DomainNameForSale https://t.co/fyecVtskYC",171,0,1.32e+18,gerdomains,1.63e+18,Wed Feb 15 16:21:43 +0000 2023,2023/2/15 16:21,1,0,0,https://twitter.com/gerdomains/status/1625893123887882245,1,79830
80027,"https://t.co/g3fJaoNE4z 
 #DeveloperStudentClubs #domains #domainnames #domain #domainname #ChatGPT #DOMAINS #domainnames #domainforsale #web3 #nft #ai #dao #Mmemberville",171,0,1.46e+18,metamcn,1.63e+18,Wed Feb 15 16:52:02 +0000 2023,2023/2/15 16:52,3,1,0,https://twitter.com/metamcn/status/1625900755227123717,4,80028
80188,"https://t.co/XfjYOyPThw . For Sale : 

e??  Premium Domain Name
e??  Drive is a High Value Keyword

#Drive #Driver #business #startup #BrandName #domain #domains #domainnames #nft #nfts #Today #metaverse #Money #Internet #Web3 #AI #Site #Website #ArtificialIntelligence #ChatGPT",283,0,1.23e+18,DomainNames777,1.63e+18,Wed Feb 15 17:20:33 +0000 2023,2023/2/15 17:20,7,1,0,https://twitter.com/DomainNames777/status/1625907929856581632,8,80189
80197,"https://t.co/LoYfKuxejs . For Sale : 

e??  Premium Domain Name
e??  Pics is a High Value Keyword

#Pic #Pics #Pictures #business #startup #Picture #BrandName #domain #domains #domainnames #Today #metaverse #Photo #Photograph #Money #Web3 #AI #ArtificialIntelligence #ChatGPT",280,0,1.23e+18,DomainNames777,1.63e+18,Wed Feb 15 17:24:10 +0000 2023,2023/2/15 17:24,3,1,0,https://twitter.com/DomainNames777/status/1625908840976855050,4,80198
83785,"#domains #domainnames #domain #domainname #ChatGPT #DOMAINS #domainnames #domainforsale #web3 #nft #ai #dao #ENS 

BoredApeBot .com is waiting for you! For sale at https://t.co/8OfkP9BRyj https://t.co/F8241LjX9i",213,0,7.69e+17,alan_challis,1.63e+18,Tue Feb 21 20:36:27 +0000 2023,2023/2/21 20:36,5,5,1,https://twitter.com/alan_challis/status/1628131559315279896,11,83786
83914,"Another Ai domains from my portfolio:

What dou you think which one is the best?

#Domains #domain #DomainNameForSale #domainforsale #domainname #domainnames #domainers #AI #IoT #GPT3 #ChatGPT #Chatbots #NFT #Web3 #blockchain #Crypto #Metaverse #meta #aiart #ChatGPTPlus #AiGiant",283,0,8.82e+17,dnjokerdotcom,1.63e+18,Tue Feb 21 21:08:31 +0000 2023,2023/2/21 21:08,9,5,4,https://twitter.com/dnjokerdotcom/status/1628139627394568206,18,83915
84216,"Q: If domains were people, what kind of personality would the .FM have?   

A: If domains were people, the .FM would have a vibrant and energetic personality, like a lively radio host.

#ChatGPT #AI #Domains #Domain #domainnames #dotFM #Podcast #Podcasting #Podcasters #Podcasts https://t.co/wfzUHwe5bz",306,0,18912896.0,dotFM,1.63e+18,Tue Feb 21 22:29:36 +0000 2023,2023/2/21 22:29,1,2,0,https://twitter.com/dotFM/status/1628160033044430849,3,84217
88809,"https://t.co/FxyVl2juq7 for sale
all top country code extensions  are taken (.ca/.uk/.us/.de/.es/.eu/.cn/.co.uk .... and many more
#GPTpo #GPT #GPTchat #chatGPT #proGPT #domainnames #domainforsale #domainsforsale #domainer #DomainNameForSale https://t.co/f9NPhFelmD",267,0,1.32e+18,gerdomains,1.63e+18,Thu Feb 23 15:55:23 +0000 2023,2023/2/23 15:55,1,0,0,https://twitter.com/gerdomains/status/1628785602018656262,1,88810
92101,"#Domain #GPT  on salee???

https://t.co/nSlySAZgjh available!!
Taken in 20 other extensions!!

#DomainNameForSale
#domainnames #Domains #NFTs #Metaverse #Web3 #GPT3 #GPT #gpt4 #ChatGPT",190,0,1.52e+18,grvdomains,1.63e+18,Mon Feb 27 03:41:20 +0000 2023,2023/2/27 3:41,2,1,0,https://twitter.com/grvdomains/status/1630050422806425601,3,92102
95410,"e?  3#Dmail Lan?  ou o Assistente #AI de correio com #ChatGPT ! Voc?a j?? experimentou?

e???D?a uma olhada neste tutorial sobre como usar o Dmail AI Mail antes de come?  ar: https://t.co/zV9UDV0w99
#DID #Web3 #domainnames #ChatGPT",234,0,1.55e+18,DmailBrasil,1.63e+18,Mon Feb 27 15:57:25 +0000 2023,2023/2/27 15:57,3,0,0,https://twitter.com/DmailBrasil/status/1630235662954958848,3,95411
96892,"""Tune In"" to what A.I. has to say about .FM: Elevate your online presence and connect with your audience like never before with #dotFM. 

Get started today. Go To https://t.co/IGyFJ3ynfy

#AI #ChatGPT #ArtificialIntelligence #domain #domainnames #EmojiDomains #Web3 #Web3Names https://t.co/OQvgmwZlZT",304,0,18912896.0,dotFM,1.63e+18,Mon Feb 27 20:48:55 +0000 2023,2023/2/27 20:48,1,2,0,https://twitter.com/dotFM/status/1630309025383612417,3,96893
97505,"e??   https://t.co/oIwwW89Wxg is for sale ! e??  
$2,488.00 e??  

#domains #domainnames #domainsforsale #domainforsale #DomainNameForSale #AI #AGI #Artificialintelligence #Asia #ChatGPT #ChatGPT    |??   #BARD #GoogleAI #TikTok?????  ??? #TikTok #Meta #baidu #wechat #startup #startups  #business",300,0,1.56e+18,GalaxyCavalier,1.63e+18,Mon Feb 27 23:37:12 +0000 2023,2023/2/27 23:37,0,2,1,https://twitter.com/GalaxyCavalier/status/1630351373182042118,3,97506
97520,"Listed at @Undeveloped,@afternic,@Sedo, @Daazcom

#domains #domainnames #domainsforsale #domainforsale #DomainNameForSale #AI #AI??  ?????1??? #ArtificialIntelligence #AGI #Software #neuralnetworks #ChatGPT #BARD #BingAI #TikTok?????  ??? #TikTok #NFT #NFTCommunity #NFTart #Art #Gaming",288,4,1.56e+18,GalaxyCavalier,1.63e+18,Mon Feb 27 23:41:24 +0000 2023,2023/2/27 23:41,5,0,0,https://twitter.com/GalaxyCavalier/status/1630352429848883201,5,97521
