,full_text,text_length,at_num,user_id_str,screen_name,id_str,created_at,publish_time,favorite_count,retweet_count,reply_count,tweet_url,total_heat,tt
7356,"Take a look to $GBTC
 #StocksToWatch  #StocksToBuy  #daytrading  #RedditArmy  #investments  #bottomfishing  #news  #investing  #options  #Stocks  #trading  #YOLO  #ToTheMoon  #FOMO #ChatGPT
 https://t.co/YMdP6DxmrC",216,0,1.51e+18,JimyTuits,1.61e+18,Mon Jan 09 20:01:00 +0000 2023,2023/1/9 20:01,0,0,0,https://twitter.com/JimyTuits/status/1612539959071895553,0,7357
8942,"Take a look to $CPOP
 #StocksToWatch  #daytrading  #options  #FOMO  #YOLO  #ToTheMoon  #investing  #news  #RedditArmy  #StocksToBuy  #Stocks  #bottomfishing  #investments  #trading #ChatGPT
 https://t.co/XyharYUSqE",216,0,1.51e+18,JimyTuits,1.61e+18,Wed Jan 11 12:01:02 +0000 2023,2023/1/11 12:01,0,0,0,https://twitter.com/JimyTuits/status/1613143945579728897,0,8943
9531,"Take a look to $FFIC
 #investing  #options  #investments  #RedditArmy  #Stocks  #trading  #StocksToBuy  #daytrading  #YOLO  #FOMO  #news  #StocksToWatch  #bottomfishing  #ToTheMoon #ChatGPT
 https://t.co/bR32G18xaR",216,0,1.51e+18,JimyTuits,1.61e+18,Wed Jan 11 15:48:01 +0000 2023,2023/1/11 15:48,0,0,0,https://twitter.com/JimyTuits/status/1613201068124700672,0,9532
9548,"Take a look to $KE
 #RedditArmy  #StocksToBuy  #bottomfishing  #YOLO  #trading  #investing  #StocksToWatch  #investments  #ToTheMoon  #options  #FOMO  #news  #daytrading  #Stocks #ChatGPT
 https://t.co/HjUSqv5lb4",214,0,1.51e+18,JimyTuits,1.61e+18,Wed Jan 11 15:54:01 +0000 2023,2023/1/11 15:54,0,0,0,https://twitter.com/JimyTuits/status/1613202578313220096,0,9549
9630,"Take a look to $FBP
 #options  #ToTheMoon  #Stocks  #investments  #daytrading  #trading  #investing  #bottomfishing  #YOLO  #StocksToWatch  #FOMO  #StocksToBuy  #RedditArmy  #news #ChatGPT
 https://t.co/bxLmRv9ecY",215,0,1.51e+18,JimyTuits,1.61e+18,Wed Jan 11 16:15:00 +0000 2023,2023/1/11 16:15,0,0,0,https://twitter.com/JimyTuits/status/1613207859281657857,0,9631
9828,"Take a look to $MVLY
 #RedditArmy  #Stocks  #investments  #news  #bottomfishing  #investing  #options  #StocksToWatch  #FOMO  #daytrading  #ToTheMoon  #YOLO  #trading  #StocksToBuy #ChatGPT
 https://t.co/up5J3XeNmr",216,0,1.51e+18,JimyTuits,1.61e+18,Wed Jan 11 17:19:00 +0000 2023,2023/1/11 17:19,0,0,0,https://twitter.com/JimyTuits/status/1613223965731999744,0,9829
9850,"Take a look to $PCRX
 #bottomfishing  #YOLO  #RedditArmy  #daytrading  #StocksToWatch  #StocksToBuy  #news  #options  #ToTheMoon  #investments  #Stocks  #investing  #trading  #FOMO #ChatGPT
 https://t.co/0bp5x5UruW",216,0,1.51e+18,JimyTuits,1.61e+18,Wed Jan 11 17:26:00 +0000 2023,2023/1/11 17:26,0,0,0,https://twitter.com/JimyTuits/status/1613225727197077505,0,9851
9885,"Take a look to $AMED
 #StocksToWatch  #StocksToBuy  #options  #RedditArmy  #Stocks  #investments  #trading  #investing  #bottomfishing  #FOMO  #daytrading  #news  #YOLO  #ToTheMoon #ChatGPT
 https://t.co/fO95ycjVgZ",216,0,1.51e+18,JimyTuits,1.61e+18,Wed Jan 11 17:39:00 +0000 2023,2023/1/11 17:39,0,0,0,https://twitter.com/JimyTuits/status/1613228999609847808,0,9886
10144,"e???

$PCB 

Like e??? e???
 #daytrading  #FOMO  #StocksToWatch  #YOLO  #trading  #bottomfishing  #investments  #options  #news  #Stocks  #ToTheMoon  #StocksToBuy  #investing  #RedditArmy #ChatGPT",201,0,1.51e+18,JimyTuits,1.61e+18,Wed Jan 11 19:25:00 +0000 2023,2023/1/11 19:25,0,0,1,https://twitter.com/JimyTuits/status/1613255676662517760,1,10145
10380,"Take a look to $CPOP
 #ToTheMoon  #YOLO  #news  #StocksToWatch  #investing  #StocksToBuy  #bottomfishing  #RedditArmy  #Stocks  #investments  #options  #FOMO  #daytrading  #trading #ChatGPT
 https://t.co/kv6NhfADGb",216,0,1.51e+18,JimyTuits,1.61e+18,Wed Jan 11 21:13:02 +0000 2023,2023/1/11 21:13,0,0,0,https://twitter.com/JimyTuits/status/1613282861381214208,0,10381
12057,"Take a look to $HOPE
 #options  #StocksToBuy  #YOLO  #investing  #FOMO  #Stocks  #RedditArmy  #ToTheMoon  #trading  #news  #bottomfishing  #StocksToWatch  #daytrading  #investments #ChatGPT
 https://t.co/ocUvic4kj1",216,0,1.51e+18,JimyTuits,1.61e+18,Fri Jan 13 14:39:03 +0000 2023,2023/1/13 14:39,0,0,0,https://twitter.com/JimyTuits/status/1613908488262160384,0,12058
12117,"Take a look to $BAH
 #news  #RedditArmy  #investing  #StocksToBuy  #StocksToWatch  #ToTheMoon  #options  #trading  #investments  #bottomfishing  #FOMO  #Stocks  #daytrading  #YOLO #ChatGPT
 https://t.co/mvlMkPlnMK",215,0,1.51e+18,JimyTuits,1.61e+18,Fri Jan 13 15:01:01 +0000 2023,2023/1/13 15:01,1,0,0,https://twitter.com/JimyTuits/status/1613914016711331843,1,12118
12121,"Take a look to $PCRX
 #bottomfishing  #options  #StocksToWatch  #Stocks  #investments  #ToTheMoon  #StocksToBuy  #daytrading  #YOLO  #RedditArmy  #FOMO  #investing  #news  #trading #ChatGPT
 https://t.co/dnsptnSzOh",216,0,1.51e+18,JimyTuits,1.61e+18,Fri Jan 13 15:03:01 +0000 2023,2023/1/13 15:03,0,0,0,https://twitter.com/JimyTuits/status/1613914520250089478,0,12122
12126,"Take a look to $FFIC
 #trading  #YOLO  #Stocks  #ToTheMoon  #StocksToBuy  #investments  #bottomfishing  #investing  #FOMO  #RedditArmy  #options  #news  #StocksToWatch  #daytrading #ChatGPT
 https://t.co/4O3lO9bsfE",216,0,1.51e+18,JimyTuits,1.61e+18,Fri Jan 13 15:05:01 +0000 2023,2023/1/13 15:05,0,0,0,https://twitter.com/JimyTuits/status/1613915023889555456,0,12127
12405,"Take a look to $ESOA
 #FOMO  #investments  #bottomfishing  #RedditArmy  #StocksToBuy  #options  #ToTheMoon  #trading  #Stocks  #StocksToWatch  #YOLO  #news  #daytrading  #investing #ChatGPT
 https://t.co/bAQzAakFiY",216,0,1.51e+18,JimyTuits,1.61e+18,Fri Jan 13 16:59:00 +0000 2023,2023/1/13 16:59,0,0,0,https://twitter.com/JimyTuits/status/1613943709565059072,0,12406
12515,"Take a look to $KTHN
 #Stocks  #investments  #daytrading  #StocksToWatch  #news  #RedditArmy  #investing  #trading  #YOLO  #options  #StocksToBuy  #FOMO  #bottomfishing  #ToTheMoon #ChatGPT
 https://t.co/dl7WxBr5Zv",216,0,1.51e+18,JimyTuits,1.61e+18,Fri Jan 13 17:42:00 +0000 2023,2023/1/13 17:42,0,0,0,https://twitter.com/JimyTuits/status/1613954532018647042,0,12516
12566,"Take a look to $QLI
 #investments  #YOLO  #ToTheMoon  #Stocks  #investing  #StocksToBuy  #daytrading  #FOMO  #StocksToWatch  #RedditArmy  #news  #options  #bottomfishing  #trading #ChatGPT
 https://t.co/nDBLuCghNo",215,0,1.51e+18,JimyTuits,1.61e+18,Fri Jan 13 18:02:00 +0000 2023,2023/1/13 18:02,0,0,0,https://twitter.com/JimyTuits/status/1613959564919181350,0,12567
16352,"Take a look to $/NG
 #FOMO  #bottomfishing  #StocksToBuy  #ToTheMoon  #Stocks  #news  #trading  #options  #daytrading  #StocksToWatch  #investments  #investing  #YOLO  #RedditArmy #ChatGPT
 https://t.co/TYRebjym6l",215,0,1.51e+18,JimyTuits,1.62e+18,Tue Jan 17 12:01:03 +0000 2023,2023/1/17 12:01,0,0,0,https://twitter.com/JimyTuits/status/1615318280650252288,0,16353
16753,"Take a look to $PFBC
 #ToTheMoon  #bottomfishing  #FOMO  #StocksToWatch  #daytrading  #options  #Stocks  #RedditArmy  #investing  #news  #investments  #YOLO  #trading  #StocksToBuy #ChatGPT
 https://t.co/Z1nOW4YQ9j",216,0,1.51e+18,JimyTuits,1.62e+18,Tue Jan 17 14:38:00 +0000 2023,2023/1/17 14:38,0,0,0,https://twitter.com/JimyTuits/status/1615357776427094016,0,16754
16780,"this stock is on e??  

$CBAN 

Like e??? e???
 #FOMO  #investing  #investments  #daytrading  #news  #options  #StocksToBuy  #bottomfishing  #Stocks  #trading  #ToTheMoon  #YOLO  #StocksToWatch  #RedditArmy #ChatGPT",220,0,1.51e+18,JimyTuits,1.62e+18,Tue Jan 17 14:47:00 +0000 2023,2023/1/17 14:47,0,0,0,https://twitter.com/JimyTuits/status/1615360041854603265,0,16781
16838,"Take a look to $CHBH
 #trading  #Stocks  #FOMO  #ToTheMoon  #bottomfishing  #news  #StocksToWatch  #RedditArmy  #investments  #investing  #YOLO  #daytrading  #options  #StocksToBuy #ChatGPT
 https://t.co/2hses4mOI4",216,0,1.51e+18,JimyTuits,1.62e+18,Tue Jan 17 15:05:00 +0000 2023,2023/1/17 15:05,0,0,0,https://twitter.com/JimyTuits/status/1615364571312852993,0,16839
17056,"Take a look to $CZNC
 #FOMO  #investments  #news  #StocksToBuy  #Stocks  #options  #StocksToWatch  #ToTheMoon  #trading  #daytrading  #RedditArmy  #bottomfishing  #investing  #YOLO #ChatGPT
 https://t.co/gP05jZQEWr",216,0,1.51e+18,JimyTuits,1.62e+18,Tue Jan 17 16:30:00 +0000 2023,2023/1/17 16:30,0,0,0,https://twitter.com/JimyTuits/status/1615385963496353792,0,17057
17308,"Take a look to $PLBC
 #YOLO  #daytrading  #investing  #ToTheMoon  #options  #StocksToBuy  #Stocks  #FOMO  #StocksToWatch  #investments  #trading  #RedditArmy  #bottomfishing  #news #ChatGPT
 https://t.co/KHZBHPE5Qq",216,0,1.51e+18,JimyTuits,1.62e+18,Tue Jan 17 18:13:00 +0000 2023,2023/1/17 18:13,0,0,0,https://twitter.com/JimyTuits/status/1615411881291952128,0,17309
18679,"e???

$SMMF 

Like e??? e???
 #news  #bottomfishing  #options  #StocksToBuy  #RedditArmy  #StocksToWatch  #investing  #Stocks  #daytrading  #investments  #FOMO  #trading  #ToTheMoon  #YOLO #ChatGPT",202,0,1.51e+18,JimyTuits,1.62e+18,Thu Jan 19 14:43:00 +0000 2023,2023/1/19 14:43,1,0,0,https://twitter.com/JimyTuits/status/1616083811573583872,1,18680
18693,"Quality over all e?  ?

$CAC $FBIN 

Like e??? e???
 #RedditArmy  #bottomfishing  #trading  #investments  #news  #investing  #StocksToWatch  #daytrading  #options  #StocksToBuy  #YOLO  #ToTheMoon  #Stocks  #FOMO #ChatGPT",225,0,1.51e+18,JimyTuits,1.62e+18,Thu Jan 19 14:47:00 +0000 2023,2023/1/19 14:47,0,0,0,https://twitter.com/JimyTuits/status/1616084817287974913,0,18694
18704,"Take a look to $SIRI
 #news  #investments  #investing  #FOMO  #daytrading  #bottomfishing  #ToTheMoon  #Stocks  #trading  #RedditArmy  #options  #StocksToBuy  #StocksToWatch  #YOLO #ChatGPT
 https://t.co/H3zsFHVdzv",216,0,1.51e+18,JimyTuits,1.62e+18,Thu Jan 19 14:52:00 +0000 2023,2023/1/19 14:52,0,0,0,https://twitter.com/JimyTuits/status/1616086076468367362,0,18705
18714,"sweet e???

$DIT 

Like e??? e???
 #ToTheMoon  #options  #daytrading  #investments  #RedditArmy  #StocksToWatch  #news  #Stocks  #trading  #investing  #bottomfishing  #YOLO  #StocksToBuy  #FOMO #ChatGPT",207,0,1.51e+18,JimyTuits,1.62e+18,Thu Jan 19 14:55:00 +0000 2023,2023/1/19 14:55,0,0,0,https://twitter.com/JimyTuits/status/1616086831472467971,0,18715
18748,"e???

$MKC $THG 

Like e??? e???
 #investments  #options  #StocksToWatch  #Stocks  #news  #ToTheMoon  #bottomfishing  #StocksToBuy  #FOMO  #investing  #YOLO  #daytrading  #trading  #RedditArmy #ChatGPT",206,0,1.51e+18,JimyTuits,1.62e+18,Thu Jan 19 15:06:00 +0000 2023,2023/1/19 15:06,1,0,0,https://twitter.com/JimyTuits/status/1616089599121707013,1,18749
18762,"Take a look to $CBAN
 #StocksToBuy  #FOMO  #YOLO  #daytrading  #StocksToWatch  #investments  #news  #options  #RedditArmy  #Stocks  #ToTheMoon  #trading  #investing  #bottomfishing #ChatGPT
 https://t.co/JDyM5Ba4MC",216,0,1.51e+18,JimyTuits,1.62e+18,Thu Jan 19 15:10:00 +0000 2023,2023/1/19 15:10,0,0,0,https://twitter.com/JimyTuits/status/1616090606476066818,0,18763
18773,"e???

$FA $NFE $NRG 

Like e??? e???
 #FOMO  #Stocks  #options  #RedditArmy  #YOLO  #daytrading  #investing  #ToTheMoon  #news  #trading  #bottomfishing  #StocksToWatch  #StocksToBuy  #investments #ChatGPT",210,0,1.51e+18,JimyTuits,1.62e+18,Thu Jan 19 15:14:00 +0000 2023,2023/1/19 15:14,1,0,0,https://twitter.com/JimyTuits/status/1616091612983201792,1,18774
18807,"e???

$CNAF 

Like e??? e???
 #FOMO  #bottomfishing  #YOLO  #ToTheMoon  #investments  #daytrading  #StocksToWatch  #RedditArmy  #StocksToBuy  #options  #news  #Stocks  #investing  #trading #ChatGPT",202,0,1.51e+18,JimyTuits,1.62e+18,Thu Jan 19 15:29:00 +0000 2023,2023/1/19 15:29,1,0,0,https://twitter.com/JimyTuits/status/1616095387932332032,1,18808
18843,"Take a look to $CPT
 #YOLO  #investments  #Stocks  #FOMO  #daytrading  #news  #bottomfishing  #StocksToWatch  #RedditArmy  #investing  #StocksToBuy  #ToTheMoon  #trading  #options #ChatGPT
 https://t.co/gREZP392L5",215,0,1.51e+18,JimyTuits,1.62e+18,Thu Jan 19 15:43:00 +0000 2023,2023/1/19 15:43,0,0,0,https://twitter.com/JimyTuits/status/1616098911931990017,0,18844
18952,"e???

$EPM 

Like e??? e???
 #daytrading  #Stocks  #StocksToBuy  #options  #RedditArmy  #news  #ToTheMoon  #bottomfishing  #StocksToWatch  #YOLO  #FOMO  #investing  #trading  #investments #ChatGPT",201,0,1.51e+18,JimyTuits,1.62e+18,Thu Jan 19 16:31:00 +0000 2023,2023/1/19 16:31,0,0,0,https://twitter.com/JimyTuits/status/1616110991506550784,0,18953
19011,"Take a look to $FNRN
 #RedditArmy  #investments  #news  #investing  #FOMO  #StocksToWatch  #trading  #ToTheMoon  #options  #bottomfishing  #daytrading  #YOLO  #Stocks  #StocksToBuy #ChatGPT
 https://t.co/dQWnijLmd1",216,0,1.51e+18,JimyTuits,1.62e+18,Thu Jan 19 16:59:00 +0000 2023,2023/1/19 16:59,0,0,0,https://twitter.com/JimyTuits/status/1616118034174980096,0,19012
19143,"Take a look to $DEI
 #StocksToWatch  #options  #FOMO  #daytrading  #trading  #investments  #investing  #news  #Stocks  #YOLO  #ToTheMoon  #bottomfishing  #StocksToBuy  #RedditArmy #ChatGPT
 https://t.co/kAwEwUeUHj",215,0,1.51e+18,JimyTuits,1.62e+18,Thu Jan 19 17:47:00 +0000 2023,2023/1/19 17:47,0,0,0,https://twitter.com/JimyTuits/status/1616130114881990656,0,19144
19189,"My quality selection: e???

$ERIE $FLO $VLY 

Like e??? e???
 #RedditArmy  #investing  #StocksToBuy  #bottomfishing  #YOLO  #news  #investments  #Stocks  #FOMO  #daytrading  #StocksToWatch  #ToTheMoon  #options  #trading #ChatGPT",234,0,1.51e+18,JimyTuits,1.62e+18,Thu Jan 19 18:06:00 +0000 2023,2023/1/19 18:06,0,0,0,https://twitter.com/JimyTuits/status/1616134896313073666,0,19190
19232,"Take a look to $UVSP
 #options  #ToTheMoon  #RedditArmy  #news  #daytrading  #investing  #trading  #Stocks  #FOMO  #bottomfishing  #investments  #StocksToWatch  #StocksToBuy  #YOLO #ChatGPT
 https://t.co/GhsrzsiJBW",216,0,1.51e+18,JimyTuits,1.62e+18,Thu Jan 19 18:22:02 +0000 2023,2023/1/19 18:22,0,0,0,https://twitter.com/JimyTuits/status/1616138930138796036,0,19233
19298,"Take a look to $MSFT
 #YOLO  #news  #trading  #options  #investing  #ToTheMoon  #FOMO  #daytrading  #StocksToWatch  #Stocks  #RedditArmy  #StocksToBuy  #bottomfishing  #investments #ChatGPT
 https://t.co/TSsEhQqggI",216,0,1.51e+18,JimyTuits,1.62e+18,Thu Jan 19 18:48:00 +0000 2023,2023/1/19 18:48,0,0,0,https://twitter.com/JimyTuits/status/1616145466747682817,0,19299
19475,"Take a look to $PEN
 #investments  #RedditArmy  #Stocks  #ToTheMoon  #daytrading  #investing  #StocksToWatch  #StocksToBuy  #options  #news  #YOLO  #FOMO  #bottomfishing  #trading #ChatGPT
 https://t.co/IlFj7p8ZOH",215,0,1.51e+18,JimyTuits,1.62e+18,Thu Jan 19 20:10:00 +0000 2023,2023/1/19 20:10,0,0,0,https://twitter.com/JimyTuits/status/1616166103407038464,0,19476
21434,"Take a look to $TMP
 #StocksToBuy  #ToTheMoon  #investments  #RedditArmy  #trading  #news  #StocksToWatch  #options  #daytrading  #bottomfishing  #FOMO  #Stocks  #investing  #YOLO #ChatGPT
 https://t.co/xHQZo6hbp2",215,0,1.51e+18,JimyTuits,1.62e+18,Mon Jan 23 19:16:02 +0000 2023,2023/1/23 19:16,0,0,0,https://twitter.com/JimyTuits/status/1617602073532715010,0,21435
21448,"Take a look to $RDY
 #RedditArmy  #Stocks  #ToTheMoon  #daytrading  #StocksToBuy  #FOMO  #options  #bottomfishing  #StocksToWatch  #YOLO  #investments  #news  #investing  #trading #ChatGPT
 https://t.co/gqv0I93SVr",215,0,1.51e+18,JimyTuits,1.62e+18,Mon Jan 23 19:20:00 +0000 2023,2023/1/23 19:20,0,0,0,https://twitter.com/JimyTuits/status/1617603073391661058,0,21449
21568,"Take a look to $SNEX
 #YOLO  #bottomfishing  #trading  #daytrading  #RedditArmy  #StocksToBuy  #ToTheMoon  #investments  #StocksToWatch  #FOMO  #news  #Stocks  #investing  #options #ChatGPT
 https://t.co/rgmlz0LCtJ",216,0,1.51e+18,JimyTuits,1.62e+18,Mon Jan 23 20:05:01 +0000 2023,2023/1/23 20:05,0,0,0,https://twitter.com/JimyTuits/status/1617614398520201218,0,21569
23357,"Take a look to $FFIV
 #ToTheMoon  #investing  #trading  #RedditArmy  #investments  #options  #bottomfishing  #YOLO  #FOMO  #daytrading  #StocksToWatch  #news  #Stocks  #StocksToBuy #ChatGPT
 https://t.co/AS7znqA7zY",216,0,1.51e+18,JimyTuits,1.62e+18,Wed Jan 25 12:01:02 +0000 2023,2023/1/25 12:01,0,0,0,https://twitter.com/JimyTuits/status/1618217375832354817,0,23358
23821,"Take a look to $ISTR
 #YOLO  #RedditArmy  #trading  #ToTheMoon  #daytrading  #news  #StocksToBuy  #investing  #options  #StocksToWatch  #investments  #FOMO  #Stocks  #bottomfishing #ChatGPT
 https://t.co/erqmKNDkJP",216,0,1.51e+18,JimyTuits,1.62e+18,Wed Jan 25 14:46:00 +0000 2023,2023/1/25 14:46,0,0,0,https://twitter.com/JimyTuits/status/1618258892852690944,0,23822
23857,"e???

$CBNK 

Like e??? e???
 #bottomfishing  #ToTheMoon  #StocksToWatch  #investing  #FOMO  #trading  #Stocks  #RedditArmy  #news  #options  #YOLO  #investments  #daytrading  #StocksToBuy #ChatGPT",202,0,1.51e+18,JimyTuits,1.62e+18,Wed Jan 25 14:58:00 +0000 2023,2023/1/25 14:58,0,0,0,https://twitter.com/JimyTuits/status/1618261912453787653,0,23858
23889,"Take a look to $PKKW
 #trading  #RedditArmy  #YOLO  #ToTheMoon  #investing  #Stocks  #options  #investments  #FOMO  #StocksToBuy  #daytrading  #news  #StocksToWatch  #bottomfishing #ChatGPT
 https://t.co/ikoVItxhGq",216,0,1.51e+18,JimyTuits,1.62e+18,Wed Jan 25 15:08:00 +0000 2023,2023/1/25 15:08,0,0,0,https://twitter.com/JimyTuits/status/1618264429011042311,0,23890
23951,"Take a look to $LKFN
 #daytrading  #news  #StocksToBuy  #Stocks  #options  #FOMO  #investments  #bottomfishing  #ToTheMoon  #StocksToWatch  #investing  #RedditArmy  #trading  #YOLO #ChatGPT
 https://t.co/KLj9e7j49c",216,0,1.51e+18,JimyTuits,1.62e+18,Wed Jan 25 15:30:00 +0000 2023,2023/1/25 15:30,0,0,0,https://twitter.com/JimyTuits/status/1618269966050156545,0,23952
24105,"Take a look to $CTBI
 #bottomfishing  #Stocks  #daytrading  #YOLO  #investing  #trading  #options  #StocksToWatch  #RedditArmy  #FOMO  #news  #investments  #StocksToBuy  #ToTheMoon #ChatGPT
 https://t.co/dduMtLOBS4",216,0,1.51e+18,JimyTuits,1.62e+18,Wed Jan 25 16:21:00 +0000 2023,2023/1/25 16:21,0,0,0,https://twitter.com/JimyTuits/status/1618282800385511425,0,24106
24843,"Take a look to $WABC
 #StocksToWatch  #StocksToBuy  #trading  #investing  #FOMO  #Stocks  #daytrading  #ToTheMoon  #RedditArmy  #options  #news  #YOLO  #bottomfishing  #investments #ChatGPT
 https://t.co/6WuKAiHSGK",216,0,1.51e+18,JimyTuits,1.62e+18,Wed Jan 25 21:03:00 +0000 2023,2023/1/25 21:03,0,0,0,https://twitter.com/JimyTuits/status/1618353767317123073,0,24844
27026,"e???

$AVTA $EBC $NFG 

Like e??? e???
 #RedditArmy  #trading  #news  #investments  #YOLO  #StocksToBuy  #ToTheMoon  #FOMO  #investing  #StocksToWatch  #daytrading  #options  #bottomfishing  #Stocks #ChatGPT",212,0,1.51e+18,JimyTuits,1.62e+18,Fri Jan 27 14:32:00 +0000 2023,2023/1/27 14:32,0,0,0,https://twitter.com/JimyTuits/status/1618980146849120256,0,27027
27039,"Take a look to $MRNA
 #news  #investing  #ToTheMoon  #FOMO  #daytrading  #Stocks  #bottomfishing  #StocksToBuy  #investments  #trading  #options  #StocksToWatch  #RedditArmy  #YOLO #ChatGPT
 https://t.co/rsFJyTTD5z",216,0,1.51e+18,JimyTuits,1.62e+18,Fri Jan 27 14:36:00 +0000 2023,2023/1/27 14:36,0,0,0,https://twitter.com/JimyTuits/status/1618981152987152391,0,27040
27043,"Take a look to $LHCG
 #daytrading  #Stocks  #StocksToWatch  #ToTheMoon  #bottomfishing  #news  #trading  #investments  #YOLO  #StocksToBuy  #options  #FOMO  #RedditArmy  #investing #ChatGPT
 https://t.co/KvMAqcLRaM",216,0,1.51e+18,JimyTuits,1.62e+18,Fri Jan 27 14:38:00 +0000 2023,2023/1/27 14:38,0,0,0,https://twitter.com/JimyTuits/status/1618981655624171520,0,27044
27052,"Take a look to $INTC
 #YOLO  #StocksToWatch  #bottomfishing  #investments  #ToTheMoon  #investing  #trading  #daytrading  #StocksToBuy  #news  #options  #RedditArmy  #Stocks  #FOMO #ChatGPT
 https://t.co/BZEyEaCP7h",216,0,1.51e+18,JimyTuits,1.62e+18,Fri Jan 27 14:40:00 +0000 2023,2023/1/27 14:40,0,0,0,https://twitter.com/JimyTuits/status/1618982160052137984,0,27053
27069,"e???

$CATC $GLGI 

Like e??? e???
 #YOLO  #ToTheMoon  #StocksToBuy  #daytrading  #trading  #StocksToWatch  #RedditArmy  #investing  #Stocks  #investments  #options  #news  #bottomfishing  #FOMO #ChatGPT",208,0,1.51e+18,JimyTuits,1.62e+18,Fri Jan 27 14:45:00 +0000 2023,2023/1/27 14:45,1,0,0,https://twitter.com/JimyTuits/status/1618983417017958401,1,27070
27113,"e???

$PKBK 

Like e??? e???
 #investments  #YOLO  #RedditArmy  #Stocks  #StocksToWatch  #bottomfishing  #investing  #news  #ToTheMoon  #FOMO  #StocksToBuy  #trading  #options  #daytrading #ChatGPT",202,0,1.51e+18,JimyTuits,1.62e+18,Fri Jan 27 14:57:00 +0000 2023,2023/1/27 14:57,0,0,0,https://twitter.com/JimyTuits/status/1618986437726306304,0,27114
27246,"Take a look to $TBI
 #investments  #Stocks  #trading  #bottomfishing  #options  #StocksToWatch  #StocksToBuy  #daytrading  #investing  #YOLO  #FOMO  #news  #ToTheMoon  #RedditArmy #ChatGPT
 https://t.co/JMk2GqCwC2",215,0,1.51e+18,JimyTuits,1.62e+18,Fri Jan 27 15:43:00 +0000 2023,2023/1/27 15:43,0,0,0,https://twitter.com/JimyTuits/status/1618998014185705474,0,27247
27294,"Take a look to $LKFN
 #trading  #investments  #StocksToWatch  #YOLO  #ToTheMoon  #news  #daytrading  #Stocks  #bottomfishing  #investing  #StocksToBuy  #RedditArmy  #options  #FOMO #ChatGPT
 https://t.co/JH1i3d5eCW",216,0,1.51e+18,JimyTuits,1.62e+18,Fri Jan 27 15:57:00 +0000 2023,2023/1/27 15:57,0,0,0,https://twitter.com/JimyTuits/status/1619001538076372998,0,27295
27341,"e???

$KR 

Like e??? e???
 #options  #daytrading  #ToTheMoon  #YOLO  #Stocks  #FOMO  #trading  #investments  #StocksToWatch  #news  #StocksToBuy  #bottomfishing  #RedditArmy  #investing #ChatGPT",200,0,1.51e+18,JimyTuits,1.62e+18,Fri Jan 27 16:11:01 +0000 2023,2023/1/27 16:11,1,0,0,https://twitter.com/JimyTuits/status/1619005061652422656,1,27342
27430,"Take a look to $CFR
 #Stocks  #StocksToWatch  #RedditArmy  #ToTheMoon  #options  #investing  #FOMO  #YOLO  #trading  #bottomfishing  #daytrading  #investments  #StocksToBuy  #news #ChatGPT
 https://t.co/Yn8jnPkPg6",215,0,1.51e+18,JimyTuits,1.62e+18,Fri Jan 27 16:42:00 +0000 2023,2023/1/27 16:42,1,0,0,https://twitter.com/JimyTuits/status/1619012859077480448,1,27431
28022,"Take a look to $MD
 #trading  #FOMO  #ToTheMoon  #YOLO  #investing  #options  #bottomfishing  #daytrading  #Stocks  #investments  #StocksToBuy  #news  #StocksToWatch  #RedditArmy #ChatGPT
 https://t.co/vBQFtmE9N2",214,0,1.51e+18,JimyTuits,1.62e+18,Fri Jan 27 20:33:00 +0000 2023,2023/1/27 20:33,1,0,0,https://twitter.com/JimyTuits/status/1619070994953670657,1,28023
32256,"this stock is on e??  

$BRKL 

Like e??? e???
 #Stocks  #YOLO  #investments  #ToTheMoon  #news  #StocksToWatch  #daytrading  #trading  #options  #investing  #RedditArmy  #bottomfishing  #FOMO  #StocksToBuy #ChatGPT",220,0,1.51e+18,JimyTuits,1.62e+18,Tue Jan 31 13:38:00 +0000 2023,2023/1/31 13:38,0,0,0,https://twitter.com/JimyTuits/status/1620416108791758849,0,32257
32417,"e???

$AZN $AAP $CCRN $HTLF $HUDI 

Like e??? e???
 #FOMO  #Stocks  #RedditArmy  #bottomfishing  #ToTheMoon  #news  #options  #investments  #YOLO  #trading  #investing  #StocksToWatch  #StocksToBuy  #daytrading #ChatGPT",224,0,1.51e+18,JimyTuits,1.62e+18,Tue Jan 31 14:32:01 +0000 2023,2023/1/31 14:32,0,0,0,https://twitter.com/JimyTuits/status/1620429699842469888,0,32418
32423,"Take a look to $HAS
 #StocksToWatch  #news  #options  #trading  #StocksToBuy  #ToTheMoon  #Stocks  #investing  #daytrading  #investments  #FOMO  #RedditArmy  #YOLO  #bottomfishing #ChatGPT
 https://t.co/QpHpo0xANh",215,0,1.51e+18,JimyTuits,1.62e+18,Tue Jan 31 14:34:01 +0000 2023,2023/1/31 14:34,0,0,0,https://twitter.com/JimyTuits/status/1620430202471088129,0,32424
32455,"Take a look to $EQBK
 #FOMO  #daytrading  #ToTheMoon  #StocksToWatch  #news  #YOLO  #bottomfishing  #RedditArmy  #options  #investing  #trading  #investments  #StocksToBuy  #Stocks #ChatGPT
 https://t.co/suVW8IhEDZ",216,0,1.51e+18,JimyTuits,1.62e+18,Tue Jan 31 14:46:00 +0000 2023,2023/1/31 14:46,0,0,0,https://twitter.com/JimyTuits/status/1620433222071947266,0,32456
32837,"If you are looking what to buy, take a look to e???:

$SIRI 

Like e??? e???
 #StocksToBuy  #investments  #YOLO  #ToTheMoon  #investing  #daytrading  #trading  #RedditArmy  #StocksToWatch  #options  #bottomfishing  #Stocks  #FOMO  #news #ChatGPT",250,0,1.51e+18,JimyTuits,1.62e+18,Tue Jan 31 16:49:02 +0000 2023,2023/1/31 16:49,0,0,0,https://twitter.com/JimyTuits/status/1620464180485824512,0,32838
32877,"Take a look to $FXI
 #YOLO  #StocksToBuy  #news  #investing  #options  #RedditArmy  #trading  #FOMO  #ToTheMoon  #investments  #daytrading  #StocksToWatch  #Stocks  #bottomfishing #ChatGPT
 https://t.co/5KY9thW55s",215,0,1.51e+18,JimyTuits,1.62e+18,Tue Jan 31 17:02:00 +0000 2023,2023/1/31 17:02,0,0,0,https://twitter.com/JimyTuits/status/1620467445038477312,0,32878
36789,"Take a look to $UVXY
 #StocksToBuy  #YOLO  #StocksToWatch  #options  #daytrading  #FOMO  #Stocks  #ToTheMoon  #RedditArmy  #bottomfishing  #news  #trading  #investments  #investing #ChatGPT
 https://t.co/5frpoVOILM",216,0,1.51e+18,JimyTuits,1.62e+18,Wed Feb 01 12:01:04 +0000 2023,2023/2/1 12:01,2,0,0,https://twitter.com/JimyTuits/status/1620754100299395073,2,36790
37733,"$ACT $AHT $AIU

Like e??? e???, for more e??   #Stocks
 https://t.co/q7jKqXFlji
 #YOLO  #Stocks  #investing  #daytrading  #StocksToBuy  #RedditArmy  #ToTheMoon  #options  #bottomfishing  #trading  #StocksToWatch  #news  #FOMO  #investments #ChatGPT",252,0,1.51e+18,JimyTuits,1.62e+18,Wed Feb 01 14:32:02 +0000 2023,2023/2/1 14:32,0,0,0,https://twitter.com/JimyTuits/status/1620792090987827200,0,37734
37740,"Take a look to $JBSAY
 #investments  #StocksToBuy  #ToTheMoon  #Stocks  #FOMO  #RedditArmy  #options  #daytrading  #investing  #bottomfishing  #StocksToWatch  #news  #trading  #YOLO #ChatGPT
 https://t.co/rGPY9lC8tf",217,0,1.51e+18,JimyTuits,1.62e+18,Wed Feb 01 14:33:00 +0000 2023,2023/2/1 14:33,0,0,0,https://twitter.com/JimyTuits/status/1620792334840389637,0,37741
37748,"e???

$BOKF $HDSN $JOB $LSXMA $MDLZ $MVBF $ROL $SSB $SYBT $WMT 

Like e??? e???
 #bottomfishing  #investing  #options  #RedditArmy  #StocksToWatch  #investments  #trading  #ToTheMoon  #news  #FOMO  #StocksToBuy  #Stocks  #daytrading  #YOLO #ChatGPT",253,0,1.51e+18,JimyTuits,1.62e+18,Wed Feb 01 14:34:00 +0000 2023,2023/2/1 14:34,0,0,0,https://twitter.com/JimyTuits/status/1620792586947411975,0,37749
37759,"a??

$AMN $PFC 

Like e??? e???
 #YOLO  #investing  #ToTheMoon  #trading  #daytrading  #bottomfishing  #StocksToWatch  #investments  #StocksToBuy  #options  #FOMO  #Stocks  #news  #RedditArmy #ChatGPT",205,0,1.51e+18,JimyTuits,1.62e+18,Wed Feb 01 14:35:00 +0000 2023,2023/2/1 14:35,0,0,0,https://twitter.com/JimyTuits/status/1620792837703876613,0,37760
37819,"e???

$FCN $TFX 

Like e??? e???
 #bottomfishing  #ToTheMoon  #investments  #RedditArmy  #Stocks  #FOMO  #news  #options  #YOLO  #trading  #investing  #StocksToWatch  #daytrading  #StocksToBuy #ChatGPT",206,0,1.51e+18,JimyTuits,1.62e+18,Wed Feb 01 14:45:00 +0000 2023,2023/2/1 14:45,0,0,0,https://twitter.com/JimyTuits/status/1620795354898628623,0,37820
37843,"My quality selection: e???

$NFG $SIRI 

Like e??? e???
 #FOMO  #daytrading  #options  #investments  #YOLO  #news  #RedditArmy  #StocksToWatch  #investing  #trading  #Stocks  #ToTheMoon  #StocksToBuy  #bottomfishing #ChatGPT",229,0,1.51e+18,JimyTuits,1.62e+18,Wed Feb 01 14:48:00 +0000 2023,2023/2/1 14:48,1,0,0,https://twitter.com/JimyTuits/status/1620796109915316226,1,37844
37906,"e???

$VREX 

Like e??? e???
 #StocksToBuy  #investments  #investing  #ToTheMoon  #options  #news  #YOLO  #RedditArmy  #Stocks  #StocksToWatch  #trading  #daytrading  #FOMO  #bottomfishing #ChatGPT",202,0,1.51e+18,JimyTuits,1.62e+18,Wed Feb 01 14:57:00 +0000 2023,2023/2/1 14:57,0,0,0,https://twitter.com/JimyTuits/status/1620798375552491522,0,37907
37926,"Ready to buy and waiting for you e??? e???:

$UAN 

Like e??? e???
 #investing  #StocksToWatch  #news  #bottomfishing  #YOLO  #options  #Stocks  #FOMO  #investments  #StocksToBuy  #RedditArmy  #trading  #daytrading  #ToTheMoon #ChatGPT",240,0,1.51e+18,JimyTuits,1.62e+18,Wed Feb 01 15:00:00 +0000 2023,2023/2/1 15:00,0,0,0,https://twitter.com/JimyTuits/status/1620799130392993794,0,37927
38193,"Take a look to $GLGI
 #investing  #trading  #RedditArmy  #StocksToBuy  #investments  #news  #bottomfishing  #YOLO  #FOMO  #Stocks  #ToTheMoon  #daytrading  #StocksToWatch  #options #ChatGPT
 https://t.co/opxjpLHtWY",216,0,1.51e+18,JimyTuits,1.62e+18,Wed Feb 01 15:37:01 +0000 2023,2023/2/1 15:37,0,0,0,https://twitter.com/JimyTuits/status/1620808448509374464,0,38194
38223,"$AAL $AFRM $AMC

Like e??? e???, for more e??   #Stocks
 https://t.co/q7jKqXFT8Q
 #Stocks  #StocksToBuy  #bottomfishing  #daytrading  #options  #news  #investments  #investing  #YOLO  #StocksToWatch  #RedditArmy  #ToTheMoon  #FOMO  #trading #ChatGPT",253,0,1.51e+18,JimyTuits,1.62e+18,Wed Feb 01 15:41:01 +0000 2023,2023/2/1 15:41,0,0,0,https://twitter.com/JimyTuits/status/1620809452755763203,0,38224
38417,"Take a look to $BPT
 #trading  #investing  #StocksToBuy  #Stocks  #investments  #RedditArmy  #daytrading  #YOLO  #news  #FOMO  #options  #StocksToWatch  #ToTheMoon  #bottomfishing #ChatGPT
 https://t.co/l8pl6xepDb",215,0,1.51e+18,JimyTuits,1.62e+18,Wed Feb 01 16:08:02 +0000 2023,2023/2/1 16:08,0,0,0,https://twitter.com/JimyTuits/status/1620816250954977281,0,38418
38453,"e???

$CHK $SBOW 

Like e??? e???
 #RedditArmy  #daytrading  #bottomfishing  #StocksToWatch  #news  #YOLO  #investing  #StocksToBuy  #Stocks  #investments  #trading  #ToTheMoon  #options  #FOMO #ChatGPT",207,0,1.51e+18,JimyTuits,1.62e+18,Wed Feb 01 16:14:00 +0000 2023,2023/2/1 16:14,0,0,0,https://twitter.com/JimyTuits/status/1620817753367261186,0,38454
38616,"e???

$DTE 

Like e??? e???
 #news  #ToTheMoon  #trading  #daytrading  #investing  #StocksToWatch  #options  #investments  #StocksToBuy  #FOMO  #RedditArmy  #bottomfishing  #YOLO  #Stocks #ChatGPT",201,0,1.51e+18,JimyTuits,1.62e+18,Wed Feb 01 16:40:02 +0000 2023,2023/2/1 16:40,0,0,0,https://twitter.com/JimyTuits/status/1620824303234338816,0,38617
38668,"Ready to buy and waiting for you e??? e???:

$EQT $PXD 

Like e??? e???
 #RedditArmy  #trading  #YOLO  #bottomfishing  #StocksToWatch  #FOMO  #investments  #investing  #news  #daytrading  #ToTheMoon  #options  #StocksToBuy  #Stocks #ChatGPT",245,0,1.51e+18,JimyTuits,1.62e+18,Wed Feb 01 16:50:00 +0000 2023,2023/2/1 16:50,0,0,0,https://twitter.com/JimyTuits/status/1620826813139386368,0,38669
38690,"Take a look to $AAME
 #FOMO  #RedditArmy  #ToTheMoon  #StocksToWatch  #bottomfishing  #YOLO  #investments  #news  #StocksToBuy  #daytrading  #Stocks  #trading  #options  #investing #ChatGPT
 https://t.co/Un58A21Y1p",216,0,1.51e+18,JimyTuits,1.62e+18,Wed Feb 01 16:53:00 +0000 2023,2023/2/1 16:53,0,0,0,https://twitter.com/JimyTuits/status/1620827568932028416,0,38691
38750,"e???

$ASB 

Like e??? e???
 #investments  #Stocks  #StocksToWatch  #news  #ToTheMoon  #trading  #StocksToBuy  #daytrading  #RedditArmy  #options  #bottomfishing  #FOMO  #investing  #YOLO #ChatGPT",201,0,1.51e+18,JimyTuits,1.62e+18,Wed Feb 01 17:00:00 +0000 2023,2023/2/1 17:00,0,0,0,https://twitter.com/JimyTuits/status/1620829330304819200,0,38751
38803,"Take a look to $AR
 #investments  #investing  #YOLO  #options  #RedditArmy  #ToTheMoon  #Stocks  #daytrading  #bottomfishing  #StocksToWatch  #FOMO  #StocksToBuy  #news  #trading #ChatGPT
 https://t.co/jfuTbX2NQT",214,0,1.51e+18,JimyTuits,1.62e+18,Wed Feb 01 17:06:00 +0000 2023,2023/2/1 17:06,0,0,0,https://twitter.com/JimyTuits/status/1620830840996638721,0,38804
38833,"Just the best of the best e???

$POR 

Like e??? e???
 #options  #StocksToWatch  #StocksToBuy  #Stocks  #ToTheMoon  #daytrading  #investments  #YOLO  #RedditArmy  #bottomfishing  #trading  #FOMO  #news  #investing #ChatGPT",227,0,1.51e+18,JimyTuits,1.62e+18,Wed Feb 01 17:10:02 +0000 2023,2023/2/1 17:10,0,0,0,https://twitter.com/JimyTuits/status/1620831855124840448,0,38834
39187,"e??? technically perfect

$AZN 

Like e??? e???
 #ToTheMoon  #bottomfishing  #trading  #investments  #FOMO  #investing  #StocksToBuy  #news  #StocksToWatch  #YOLO  #Stocks  #RedditArmy  #options  #daytrading #ChatGPT",221,0,1.51e+18,JimyTuits,1.62e+18,Wed Feb 01 18:11:02 +0000 2023,2023/2/1 18:11,0,0,0,https://twitter.com/JimyTuits/status/1620847205329563650,0,39188
39770,"Ready to buy and waiting for you e??? e???:

$ES 

Like e??? e???
 #StocksToWatch  #Stocks  #ToTheMoon  #investing  #investments  #FOMO  #StocksToBuy  #RedditArmy  #trading  #YOLO  #options  #bottomfishing  #news  #daytrading #ChatGPT",239,0,1.51e+18,JimyTuits,1.62e+18,Wed Feb 01 19:51:01 +0000 2023,2023/2/1 19:51,0,0,0,https://twitter.com/JimyTuits/status/1620872366116196352,0,39771
39790,"Ready to buy and waiting for you e??? e???:

$CCEL 

Like e??? e???
 #news  #trading  #options  #bottomfishing  #investing  #daytrading  #StocksToWatch  #FOMO  #StocksToBuy  #investments  #Stocks  #RedditArmy  #YOLO  #ToTheMoon #ChatGPT",241,0,1.51e+18,JimyTuits,1.62e+18,Wed Feb 01 19:55:01 +0000 2023,2023/2/1 19:55,0,0,0,https://twitter.com/JimyTuits/status/1620873374540111872,0,39791
39854,"My quality selection: e???

$SPMYY 

Like e??? e???
 #Stocks  #StocksToWatch  #ToTheMoon  #YOLO  #RedditArmy  #trading  #news  #StocksToBuy  #daytrading  #options  #FOMO  #investing  #investments  #bottomfishing #ChatGPT",225,0,1.51e+18,JimyTuits,1.62e+18,Wed Feb 01 20:04:01 +0000 2023,2023/2/1 20:04,0,0,0,https://twitter.com/JimyTuits/status/1620875637904007168,0,39855
39908,"e???

$FUL $TA 

Like e??? e???
 #StocksToBuy  #Stocks  #investing  #FOMO  #StocksToWatch  #investments  #YOLO  #news  #trading  #ToTheMoon  #options  #daytrading  #RedditArmy  #bottomfishing #ChatGPT",205,0,1.51e+18,JimyTuits,1.62e+18,Wed Feb 01 20:13:01 +0000 2023,2023/2/1 20:13,0,0,0,https://twitter.com/JimyTuits/status/1620877902974967808,0,39909
40147,"this stock is on e??  

$TBI 

Like e??? e???
 #options  #Stocks  #FOMO  #news  #bottomfishing  #investments  #trading  #daytrading  #StocksToWatch  #investing  #YOLO  #RedditArmy  #StocksToBuy  #ToTheMoon #ChatGPT",219,0,1.51e+18,JimyTuits,1.62e+18,Wed Feb 01 20:47:00 +0000 2023,2023/2/1 20:47,0,0,0,https://twitter.com/JimyTuits/status/1620886455441850368,0,40148
43942,"Good Morning users!

Have a nice Trade!

 #StocksToBuy  #daytrading  #bottomfishing  #Stocks  #YOLO  #investing  #StocksToWatch  #ToTheMoon  #options  #FOMO  #trading  #news  #investments  #RedditArmy #ChatGPT",213,0,1.51e+18,JimyTuits,1.62e+18,Fri Feb 03 12:00:59 +0000 2023,2023/2/3 12:00,0,0,0,https://twitter.com/JimyTuits/status/1621478856929742850,0,43943
45009,"My quality selection: e???

$BBDO $BOH $SIGA $D $NRT 

Like e??? e???
 #bottomfishing  #Stocks  #StocksToBuy  #ToTheMoon  #daytrading  #options  #investments  #YOLO  #investing  #news  #FOMO  #StocksToWatch  #RedditArmy  #trading #ChatGPT",243,0,1.51e+18,JimyTuits,1.62e+18,Fri Feb 03 14:34:02 +0000 2023,2023/2/3 14:34,0,0,0,https://twitter.com/JimyTuits/status/1621517371663060992,0,45010
45154,"My quality selection: e???

$HRL 

Like e??? e???
 #ToTheMoon  #bottomfishing  #news  #investing  #trading  #Stocks  #daytrading  #RedditArmy  #options  #StocksToBuy  #StocksToWatch  #YOLO  #FOMO  #investments #ChatGPT",223,0,1.51e+18,JimyTuits,1.62e+18,Fri Feb 03 14:54:00 +0000 2023,2023/2/3 14:54,0,0,0,https://twitter.com/JimyTuits/status/1621522397273919490,0,45155
45277,"$ABM $AMWD $BPRN

Like e??? e???, for more e??   #Stocks
 https://t.co/q7jKqXFT8Q
 #Stocks  #options  #StocksToBuy  #RedditArmy  #FOMO  #investments  #YOLO  #daytrading  #investing  #news  #bottomfishing  #trading  #StocksToWatch  #ToTheMoon #ChatGPT",254,0,1.51e+18,JimyTuits,1.62e+18,Fri Feb 03 15:07:00 +0000 2023,2023/2/3 15:07,0,0,0,https://twitter.com/JimyTuits/status/1621525668818468864,0,45278
46122,"Take a look to $DOGZ
 #FOMO  #bottomfishing  #StocksToWatch  #YOLO  #RedditArmy  #ToTheMoon  #trading  #options  #StocksToBuy  #daytrading  #investments  #news  #Stocks  #investing #ChatGPT
 https://t.co/oyQliBPkFM",216,0,1.51e+18,JimyTuits,1.62e+18,Fri Feb 03 17:10:02 +0000 2023,2023/2/3 17:10,0,0,0,https://twitter.com/JimyTuits/status/1621556631535509505,0,46123
46443,"Take a look to $SYY
 #options  #investing  #bottomfishing  #ToTheMoon  #FOMO  #trading  #news  #Stocks  #StocksToWatch  #StocksToBuy  #YOLO  #daytrading  #investments  #RedditArmy #ChatGPT
 https://t.co/UHBypG7vzB",215,0,1.51e+18,JimyTuits,1.62e+18,Fri Feb 03 18:00:00 +0000 2023,2023/2/3 18:00,0,0,0,https://twitter.com/JimyTuits/status/1621569203479388161,0,46444
46489,"e???

$CSGP 

Like e??? e???
 #Stocks  #StocksToWatch  #daytrading  #YOLO  #investing  #bottomfishing  #trading  #ToTheMoon  #FOMO  #RedditArmy  #news  #options  #StocksToBuy  #investments #ChatGPT",202,0,1.51e+18,JimyTuits,1.62e+18,Fri Feb 03 18:08:00 +0000 2023,2023/2/3 18:08,0,0,0,https://twitter.com/JimyTuits/status/1621571216829210624,0,46490
46756,"e???

$HRBR 

Like e??? e???
 #bottomfishing  #Stocks  #news  #options  #daytrading  #investments  #StocksToBuy  #trading  #investing  #YOLO  #RedditArmy  #ToTheMoon  #StocksToWatch  #FOMO #ChatGPT",202,0,1.51e+18,JimyTuits,1.62e+18,Fri Feb 03 18:53:00 +0000 2023,2023/2/3 18:53,0,0,0,https://twitter.com/JimyTuits/status/1621582542133690369,0,46757
47107,"If you are looking what to buy, take a look to e???:

$DIT 

Like e??? e???
 #StocksToBuy  #StocksToWatch  #bottomfishing  #options  #Stocks  #daytrading  #RedditArmy  #ToTheMoon  #news  #investing  #trading  #YOLO  #FOMO  #investments #ChatGPT",249,0,1.51e+18,JimyTuits,1.62e+18,Fri Feb 03 20:00:02 +0000 2023,2023/2/3 20:00,0,0,0,https://twitter.com/JimyTuits/status/1621599411263647744,0,47108
47464,"Take a look to $PODD
 #StocksToWatch  #FOMO  #investing  #daytrading  #trading  #options  #investments  #StocksToBuy  #Stocks  #bottomfishing  #YOLO  #news  #RedditArmy  #ToTheMoon #ChatGPT
 https://t.co/Er81QxqKxX",216,0,1.51e+18,JimyTuits,1.62e+18,Fri Feb 03 21:11:00 +0000 2023,2023/2/3 21:11,0,0,0,https://twitter.com/JimyTuits/status/1621617273109905408,0,47465
47555,"Take a look to $WABC
 #YOLO  #investing  #daytrading  #trading  #RedditArmy  #bottomfishing  #Stocks  #investments  #news  #StocksToBuy  #StocksToWatch  #FOMO  #options  #ToTheMoon #ChatGPT
 https://t.co/4XSd5KIlLG",216,0,1.51e+18,JimyTuits,1.62e+18,Fri Feb 03 21:29:00 +0000 2023,2023/2/3 21:29,0,0,0,https://twitter.com/JimyTuits/status/1621621802584936449,0,47556
55602,"e???

$LBRT 

Like e??? e???
 #StocksToBuy  #investing  #bottomfishing  #Stocks  #ToTheMoon  #FOMO  #news  #investments  #daytrading  #options  #StocksToWatch  #trading  #YOLO  #RedditArmy #ChatGPT",202,0,1.51e+18,JimyTuits,1.62e+18,Tue Feb 07 14:31:00 +0000 2023,2023/2/7 14:31,0,0,0,https://twitter.com/JimyTuits/status/1622966159359475713,0,55603
55663,"e???

$JBSAY $OPCH $SSL 

Like e??? e???
 #RedditArmy  #ToTheMoon  #news  #Stocks  #FOMO  #investing  #investments  #trading  #YOLO  #StocksToWatch  #bottomfishing  #StocksToBuy  #daytrading  #options #ChatGPT",214,0,1.51e+18,JimyTuits,1.62e+18,Tue Feb 07 14:36:00 +0000 2023,2023/2/7 14:36,0,0,0,https://twitter.com/JimyTuits/status/1622967418346934274,0,55664
55674,"Take a look to $ACU
 #news  #investing  #StocksToWatch  #options  #RedditArmy  #YOLO  #trading  #StocksToBuy  #ToTheMoon  #Stocks  #bottomfishing  #investments  #FOMO  #daytrading #ChatGPT
 https://t.co/wiDPp6hLDj",215,0,1.51e+18,JimyTuits,1.62e+18,Tue Feb 07 14:37:00 +0000 2023,2023/2/7 14:37,0,0,0,https://twitter.com/JimyTuits/status/1622967670181355523,0,55675
55733,"Take a look to $MRRTY
 #Stocks  #bottomfishing  #ToTheMoon  #daytrading  #RedditArmy  #StocksToBuy  #FOMO  #StocksToWatch  #options  #news  #YOLO  #investments  #investing  #trading #ChatGPT
 https://t.co/C1oq3crmMY",217,0,1.51e+18,JimyTuits,1.62e+18,Tue Feb 07 14:42:00 +0000 2023,2023/2/7 14:42,0,0,0,https://twitter.com/JimyTuits/status/1622968928170577923,0,55734
55871,"e???

$ITUB $LXU 

Like e??? e???
 #ToTheMoon  #Stocks  #news  #investing  #daytrading  #StocksToBuy  #options  #FOMO  #bottomfishing  #trading  #investments  #RedditArmy  #StocksToWatch  #YOLO #ChatGPT",207,0,1.51e+18,JimyTuits,1.62e+18,Tue Feb 07 14:54:00 +0000 2023,2023/2/7 14:54,0,0,0,https://twitter.com/JimyTuits/status/1622971948354666496,0,55872
55881,"Take a look to $ARC
 #daytrading  #investing  #bottomfishing  #RedditArmy  #trading  #StocksToWatch  #options  #FOMO  #news  #Stocks  #ToTheMoon  #YOLO  #StocksToBuy  #investments #ChatGPT
 https://t.co/XZCUwmks7d",215,0,1.51e+18,JimyTuits,1.62e+18,Tue Feb 07 14:55:00 +0000 2023,2023/2/7 14:55,0,0,0,https://twitter.com/JimyTuits/status/1622972199497011201,0,55882
56085,"Take a look to $BOKF
 #Stocks  #investments  #StocksToBuy  #StocksToWatch  #bottomfishing  #ToTheMoon  #YOLO  #options  #news  #FOMO  #investing  #daytrading  #RedditArmy  #trading #ChatGPT
 https://t.co/pQweZMOcOw",216,0,1.51e+18,JimyTuits,1.62e+18,Tue Feb 07 15:15:02 +0000 2023,2023/2/7 15:15,0,0,0,https://twitter.com/JimyTuits/status/1622977240530317320,0,56086
56204,"Ready to buy and waiting for you e??? e???:

$HBRIY $VFC 

Like e??? e???
 #StocksToBuy  #YOLO  #Stocks  #options  #FOMO  #trading  #StocksToWatch  #daytrading  #news  #ToTheMoon  #RedditArmy  #bottomfishing  #investments  #investing #ChatGPT",247,0,1.51e+18,JimyTuits,1.62e+18,Tue Feb 07 15:29:00 +0000 2023,2023/2/7 15:29,0,0,0,https://twitter.com/JimyTuits/status/1622980756439187458,0,56205
56282,"Take a look to $MRPLY
 #RedditArmy  #StocksToWatch  #investing  #Stocks  #daytrading  #bottomfishing  #StocksToBuy  #news  #YOLO  #options  #investments  #FOMO  #trading  #ToTheMoon #ChatGPT
 https://t.co/RlGk7rfKIj",217,0,1.51e+18,JimyTuits,1.62e+18,Tue Feb 07 15:36:00 +0000 2023,2023/2/7 15:36,0,0,0,https://twitter.com/JimyTuits/status/1622982517895876609,0,56283
56746,"Ready to buy and waiting for you e??? e???:

$SIRI 

Like e??? e???
 #Stocks  #bottomfishing  #trading  #YOLO  #RedditArmy  #FOMO  #StocksToWatch  #options  #investing  #investments  #daytrading  #ToTheMoon  #news  #StocksToBuy #ChatGPT",241,0,1.51e+18,JimyTuits,1.62e+18,Tue Feb 07 16:25:00 +0000 2023,2023/2/7 16:25,0,0,0,https://twitter.com/JimyTuits/status/1622994850500190208,0,56747
56985,"Take a look to $USCB
 #StocksToBuy  #YOLO  #FOMO  #bottomfishing  #investing  #options  #trading  #Stocks  #StocksToWatch  #RedditArmy  #news  #ToTheMoon  #investments  #daytrading #ChatGPT
 https://t.co/Ooxvlym3rA",216,0,1.51e+18,JimyTuits,1.62e+18,Tue Feb 07 16:49:00 +0000 2023,2023/2/7 16:49,0,0,0,https://twitter.com/JimyTuits/status/1623000889685573632,0,56986
57320,"Take a look to $HRL
 #options  #daytrading  #RedditArmy  #news  #investing  #StocksToWatch  #ToTheMoon  #Stocks  #trading  #FOMO  #investments  #StocksToBuy  #YOLO  #bottomfishing #ChatGPT
 https://t.co/xWAKf94oVv",215,0,1.51e+18,JimyTuits,1.62e+18,Tue Feb 07 17:27:01 +0000 2023,2023/2/7 17:27,0,0,0,https://twitter.com/JimyTuits/status/1623010454619533329,0,57321
57843,"e???

$DY 

Like e??? e???
 #news  #daytrading  #RedditArmy  #ToTheMoon  #YOLO  #investing  #options  #investments  #Stocks  #StocksToBuy  #bottomfishing  #StocksToWatch  #FOMO  #trading #ChatGPT",200,0,1.51e+18,JimyTuits,1.62e+18,Tue Feb 07 18:25:01 +0000 2023,2023/2/7 18:25,1,0,0,https://twitter.com/JimyTuits/status/1623025050499833856,1,57844
57915,"e???

$CMLS 

Like e??? e???
 #bottomfishing  #investments  #Stocks  #options  #news  #trading  #daytrading  #ToTheMoon  #StocksToBuy  #YOLO  #investing  #FOMO  #StocksToWatch  #RedditArmy #ChatGPT",202,0,1.51e+18,JimyTuits,1.62e+18,Tue Feb 07 18:32:00 +0000 2023,2023/2/7 18:32,0,0,0,https://twitter.com/JimyTuits/status/1623026809511219200,0,57916
59179,"Take a look to $GROV
 #trading  #StocksToWatch  #YOLO  #FOMO  #StocksToBuy  #ToTheMoon  #news  #daytrading  #investing  #Stocks  #options  #bottomfishing  #investments  #RedditArmy #ChatGPT
 https://t.co/HEtsN4ZqsF",216,0,1.51e+18,JimyTuits,1.62e+18,Tue Feb 07 20:42:00 +0000 2023,2023/2/7 20:42,0,0,0,https://twitter.com/JimyTuits/status/1623059525900328962,0,59180
59317,"Take a look to $KR
 #ToTheMoon  #StocksToWatch  #trading  #Stocks  #investments  #YOLO  #bottomfishing  #StocksToBuy  #options  #investing  #daytrading  #RedditArmy  #news  #FOMO #ChatGPT
 https://t.co/3XtviQckAF",214,0,1.51e+18,JimyTuits,1.62e+18,Tue Feb 07 20:59:00 +0000 2023,2023/2/7 20:59,0,0,0,https://twitter.com/JimyTuits/status/1623063803842932743,0,59318
60520,"Take a look to $EE
 #Stocks  #RedditArmy  #FOMO  #daytrading  #news  #options  #bottomfishing  #trading  #StocksToWatch  #ToTheMoon  #YOLO  #investing  #StocksToBuy  #investments #ChatGPT
 https://t.co/KuPUL1cq7l",214,0,1.51e+18,JimyTuits,1.62e+18,Thu Feb 09 19:06:00 +0000 2023,2023/2/9 19:06,0,0,0,https://twitter.com/JimyTuits/status/1623760140938911744,0,60521
60678,"Take a look to $BXMT
 #RedditArmy  #YOLO  #FOMO  #StocksToWatch  #daytrading  #trading  #bottomfishing  #news  #StocksToBuy  #ToTheMoon  #options  #investing  #Stocks  #investments #ChatGPT
 https://t.co/Q1OjYmoTaK",216,0,1.51e+18,JimyTuits,1.62e+18,Thu Feb 09 19:33:02 +0000 2023,2023/2/9 19:33,0,0,1,https://twitter.com/JimyTuits/status/1623766944200667136,1,60679
60691,"Just the best of the best e???

$CBNK 

Like e??? e???
 #options  #Stocks  #RedditArmy  #news  #StocksToWatch  #ToTheMoon  #daytrading  #investments  #bottomfishing  #FOMO  #investing  #StocksToBuy  #YOLO  #trading #ChatGPT",228,0,1.51e+18,JimyTuits,1.62e+18,Thu Feb 09 19:35:00 +0000 2023,2023/2/9 19:35,0,0,1,https://twitter.com/JimyTuits/status/1623767439732510721,1,60692
60879,"e???

$LSXMA $RGBP 

Like e??? e???
 #StocksToBuy  #daytrading  #RedditArmy  #FOMO  #investments  #Stocks  #ToTheMoon  #trading  #bottomfishing  #YOLO  #investing  #news  #StocksToWatch  #options #ChatGPT",209,0,1.51e+18,JimyTuits,1.62e+18,Thu Feb 09 20:05:00 +0000 2023,2023/2/9 20:05,0,0,0,https://twitter.com/JimyTuits/status/1623774990230503424,0,60880
60904,"Take a look to $XP
 #options  #FOMO  #daytrading  #StocksToBuy  #ToTheMoon  #news  #YOLO  #investments  #bottomfishing  #investing  #StocksToWatch  #Stocks  #trading  #RedditArmy #ChatGPT
 https://t.co/AEVk5IC73W",214,0,1.51e+18,JimyTuits,1.62e+18,Thu Feb 09 20:08:00 +0000 2023,2023/2/9 20:08,0,0,0,https://twitter.com/JimyTuits/status/1623775745662410754,0,60905
60998,"Take a look to $MMM
 #FOMO  #investing  #trading  #investments  #YOLO  #Stocks  #RedditArmy  #daytrading  #news  #ToTheMoon  #options  #StocksToWatch  #bottomfishing  #StocksToBuy #ChatGPT
 https://t.co/aRFoXJoz8Y",215,0,1.51e+18,JimyTuits,1.62e+18,Thu Feb 09 20:26:00 +0000 2023,2023/2/9 20:26,0,0,0,https://twitter.com/JimyTuits/status/1623780275804315648,0,60999
61231,"e??? e??? e??? e???

$PAYX $SYY 

Like e??? e???
 #daytrading  #RedditArmy  #StocksToWatch  #bottomfishing  #FOMO  #ToTheMoon  #Stocks  #YOLO  #StocksToBuy  #investments  #options  #investing  #news  #trading #ChatGPT",222,0,1.51e+18,JimyTuits,1.62e+18,Thu Feb 09 21:12:00 +0000 2023,2023/2/9 21:12,0,0,0,https://twitter.com/JimyTuits/status/1623791852079165440,0,61232
72406,"Quality over all e?  ?

$GORO 

Like e??? e???
 #StocksToBuy  #options  #news  #daytrading  #FOMO  #investing  #bottomfishing  #Stocks  #StocksToWatch  #RedditArmy  #ToTheMoon  #YOLO  #investments  #trading #ChatGPT",220,0,1.51e+18,JimyTuits,1.63e+18,Mon Feb 13 14:31:00 +0000 2023,2023/2/13 14:31,0,0,0,https://twitter.com/JimyTuits/status/1625140488667004929,0,72407
72421,"My quality selection: e???

$CNXN $LKFN $NAPA $TEAF $VMW 

Like e??? e???
 #StocksToWatch  #ToTheMoon  #FOMO  #trading  #RedditArmy  #YOLO  #investing  #daytrading  #news  #options  #investments  #bottomfishing  #Stocks  #StocksToBuy #ChatGPT",247,0,1.51e+18,JimyTuits,1.63e+18,Mon Feb 13 14:33:00 +0000 2023,2023/2/13 14:33,1,0,0,https://twitter.com/JimyTuits/status/1625140992084185088,1,72422
72428,"Ready to buy and waiting for you e??? e???:

$CEIX $CTRA $DEN $EOG $OXY $PXD $RRC 

Like e??? e???
 #StocksToWatch  #daytrading  #trading  #news  #FOMO  #investing  #investments  #YOLO  #StocksToBuy  #ToTheMoon  #bottomfishing  #Stocks  #RedditArmy  #options #ChatGPT",272,0,1.51e+18,JimyTuits,1.63e+18,Mon Feb 13 14:34:00 +0000 2023,2023/2/13 14:34,0,0,0,https://twitter.com/JimyTuits/status/1625141243478167552,0,72429
72434,"Ready to buy and waiting for you e??? e???:

$FWRG $SIGA 

Like e??? e???
 #bottomfishing  #trading  #options  #YOLO  #news  #ToTheMoon  #daytrading  #investing  #RedditArmy  #StocksToBuy  #investments  #StocksToWatch  #Stocks  #FOMO #ChatGPT",247,0,1.51e+18,JimyTuits,1.63e+18,Mon Feb 13 14:35:00 +0000 2023,2023/2/13 14:35,0,0,0,https://twitter.com/JimyTuits/status/1625141495123804160,0,72435
72462,"Take a look to $NKE
 #ToTheMoon  #StocksToWatch  #FOMO  #news  #options  #YOLO  #investments  #trading  #Stocks  #StocksToBuy  #investing  #RedditArmy  #bottomfishing  #daytrading #ChatGPT
 https://t.co/mUqnwvR1gw",215,0,1.51e+18,JimyTuits,1.63e+18,Mon Feb 13 14:39:00 +0000 2023,2023/2/13 14:39,0,0,0,https://twitter.com/JimyTuits/status/1625142501882621952,0,72463
72506,"Just the best of the best e???

$HOUR 

Like e??? e???
 #daytrading  #FOMO  #ToTheMoon  #bottomfishing  #RedditArmy  #YOLO  #Stocks  #options  #StocksToBuy  #StocksToWatch  #investments  #investing  #news  #trading #ChatGPT",228,0,1.51e+18,JimyTuits,1.63e+18,Mon Feb 13 14:47:00 +0000 2023,2023/2/13 14:47,0,0,0,https://twitter.com/JimyTuits/status/1625144515563769857,0,72507
72534,"a??

$DMLP 

Like e??? e???
 #options  #FOMO  #news  #bottomfishing  #StocksToWatch  #YOLO  #StocksToBuy  #Stocks  #trading  #ToTheMoon  #investing  #daytrading  #investments  #RedditArmy #ChatGPT",201,0,1.51e+18,JimyTuits,1.63e+18,Mon Feb 13 14:51:00 +0000 2023,2023/2/13 14:51,0,0,0,https://twitter.com/JimyTuits/status/1625145522515488770,0,72535
73068,"e???

$EMYB 

Like e??? e???
 #bottomfishing  #investing  #investments  #YOLO  #ToTheMoon  #news  #trading  #RedditArmy  #options  #StocksToWatch  #FOMO  #daytrading  #Stocks  #StocksToBuy #ChatGPT",202,0,1.51e+18,JimyTuits,1.63e+18,Mon Feb 13 16:07:00 +0000 2023,2023/2/13 16:07,0,0,0,https://twitter.com/JimyTuits/status/1625164645765107713,0,73069
73438,"Take a look to $FRBK
 #trading  #daytrading  #investing  #news  #options  #Stocks  #StocksToBuy  #bottomfishing  #ToTheMoon  #investments  #StocksToWatch  #RedditArmy  #FOMO  #YOLO #ChatGPT
 https://t.co/n7zZz26etR",216,0,1.51e+18,JimyTuits,1.63e+18,Mon Feb 13 17:07:00 +0000 2023,2023/2/13 17:07,0,0,0,https://twitter.com/JimyTuits/status/1625179745058177025,0,73439
73592,"Take a look to $CMLS
 #investments  #YOLO  #ToTheMoon  #RedditArmy  #StocksToWatch  #options  #FOMO  #trading  #news  #daytrading  #StocksToBuy  #Stocks  #investing  #bottomfishing #ChatGPT
 https://t.co/5OmChxGM48",216,0,1.51e+18,JimyTuits,1.63e+18,Mon Feb 13 17:35:00 +0000 2023,2023/2/13 17:35,0,0,0,https://twitter.com/JimyTuits/status/1625186792092860417,0,73593
73643,"Take a look to $UPS
 #ToTheMoon  #investments  #Stocks  #StocksToBuy  #investing  #daytrading  #RedditArmy  #options  #news  #trading  #YOLO  #FOMO  #StocksToWatch  #bottomfishing #ChatGPT
 https://t.co/s4fEtpWons",215,0,1.51e+18,JimyTuits,1.63e+18,Mon Feb 13 17:47:00 +0000 2023,2023/2/13 17:47,0,0,0,https://twitter.com/JimyTuits/status/1625189812545409024,0,73644
73728,"Take a look to $KOLD
 #bottomfishing  #StocksToBuy  #options  #trading  #RedditArmy  #StocksToWatch  #news  #investments  #FOMO  #daytrading  #Stocks  #YOLO  #ToTheMoon  #investing #ChatGPT
 https://t.co/UyLrKnseF4",216,0,1.51e+18,JimyTuits,1.63e+18,Mon Feb 13 18:01:00 +0000 2023,2023/2/13 18:01,0,0,0,https://twitter.com/JimyTuits/status/1625193335412367360,0,73729
74115,"Take a look to $MARPS
 #investments  #RedditArmy  #Stocks  #investing  #StocksToBuy  #news  #options  #trading  #StocksToWatch  #daytrading  #FOMO  #ToTheMoon  #bottomfishing  #YOLO #ChatGPT
 https://t.co/H7kSwerO1V",217,0,1.51e+18,JimyTuits,1.63e+18,Mon Feb 13 19:06:00 +0000 2023,2023/2/13 19:06,0,0,0,https://twitter.com/JimyTuits/status/1625209693886103552,0,74116
74376,"e???

$CNC 

Like e??? e???
 #options  #FOMO  #investments  #StocksToWatch  #YOLO  #Stocks  #news  #bottomfishing  #ToTheMoon  #RedditArmy  #trading  #StocksToBuy  #investing  #daytrading #ChatGPT",201,0,1.51e+18,JimyTuits,1.63e+18,Mon Feb 13 19:58:00 +0000 2023,2023/2/13 19:58,1,0,0,https://twitter.com/JimyTuits/status/1625222780898926592,1,74377
74500,"Take a look to $ORRF
 #RedditArmy  #ToTheMoon  #YOLO  #StocksToBuy  #daytrading  #investments  #FOMO  #news  #Stocks  #StocksToWatch  #bottomfishing  #options  #investing  #trading #ChatGPT
 https://t.co/Z6cW4XRUnl",216,0,1.51e+18,JimyTuits,1.63e+18,Mon Feb 13 20:22:00 +0000 2023,2023/2/13 20:22,0,0,0,https://twitter.com/JimyTuits/status/1625228820923166720,0,74501
78008,"Take a look to $NU
 #StocksToBuy  #investing  #RedditArmy  #bottomfishing  #daytrading  #FOMO  #investments  #Stocks  #options  #StocksToWatch  #ToTheMoon  #YOLO  #trading  #news #ChatGPT
 https://t.co/otW6QFDlLn",214,0,1.51e+18,JimyTuits,1.63e+18,Wed Feb 15 12:01:04 +0000 2023,2023/2/15 12:01,0,0,0,https://twitter.com/JimyTuits/status/1625827532842094592,0,78009
79081,"Take a look to $CNOB
 #bottomfishing  #StocksToWatch  #FOMO  #investments  #Stocks  #ToTheMoon  #trading  #StocksToBuy  #RedditArmy  #investing  #news  #YOLO  #daytrading  #options #ChatGPT
 https://t.co/ZOvykJLyrJ",216,0,1.51e+18,JimyTuits,1.63e+18,Wed Feb 15 14:33:02 +0000 2023,2023/2/15 14:33,0,0,0,https://twitter.com/JimyTuits/status/1625865772970164224,0,79082
79100,"Quality over all e?  ?

$BCBP $RMR $VMW 

Like e??? e???
 #options  #Stocks  #ToTheMoon  #daytrading  #news  #trading  #FOMO  #StocksToBuy  #investments  #investing  #StocksToWatch  #YOLO  #RedditArmy  #bottomfishing #ChatGPT",230,0,1.51e+18,JimyTuits,1.63e+18,Wed Feb 15 14:36:00 +0000 2023,2023/2/15 14:36,0,0,1,https://twitter.com/JimyTuits/status/1625866519703097344,1,79101
79110,"Take a look to $WEA
 #options  #investing  #FOMO  #StocksToWatch  #trading  #investments  #ToTheMoon  #daytrading  #news  #StocksToBuy  #bottomfishing  #YOLO  #RedditArmy  #Stocks #ChatGPT
 https://t.co/SRUy7fcNO2",215,0,1.51e+18,JimyTuits,1.63e+18,Wed Feb 15 14:37:00 +0000 2023,2023/2/15 14:37,0,0,0,https://twitter.com/JimyTuits/status/1625866771638149121,0,79111
79135,"Take a look to $TEI
 #daytrading  #StocksToWatch  #StocksToBuy  #FOMO  #options  #YOLO  #bottomfishing  #news  #trading  #ToTheMoon  #RedditArmy  #investments  #Stocks  #investing #ChatGPT
 https://t.co/D4to3yR9z2",215,0,1.51e+18,JimyTuits,1.63e+18,Wed Feb 15 14:40:00 +0000 2023,2023/2/15 14:40,0,0,0,https://twitter.com/JimyTuits/status/1625867526294106112,0,79136
79146,"Take a look to $JOB
 #trading  #ToTheMoon  #StocksToWatch  #YOLO  #Stocks  #StocksToBuy  #news  #RedditArmy  #investments  #FOMO  #investing  #options  #bottomfishing  #daytrading #ChatGPT
 https://t.co/B4KcM4JbAA",215,0,1.51e+18,JimyTuits,1.63e+18,Wed Feb 15 14:41:00 +0000 2023,2023/2/15 14:41,0,0,0,https://twitter.com/JimyTuits/status/1625867778183028736,0,79147
79171,"Quality over all e?  ?

$MOFG $STWRY 

Like e??? e???
 #YOLO  #ToTheMoon  #FOMO  #StocksToWatch  #investments  #trading  #bottomfishing  #investing  #news  #daytrading  #options  #StocksToBuy  #Stocks  #RedditArmy #ChatGPT",227,0,1.51e+18,JimyTuits,1.63e+18,Wed Feb 15 14:45:00 +0000 2023,2023/2/15 14:45,0,0,0,https://twitter.com/JimyTuits/status/1625868785382207490,0,79172
79193,"Take a look to $FMBH
 #ToTheMoon  #StocksToWatch  #options  #daytrading  #StocksToBuy  #trading  #Stocks  #FOMO  #bottomfishing  #news  #investments  #investing  #YOLO  #RedditArmy #ChatGPT
 https://t.co/aDbGIGTjUK",216,0,1.51e+18,JimyTuits,1.63e+18,Wed Feb 15 14:48:00 +0000 2023,2023/2/15 14:48,0,0,0,https://twitter.com/JimyTuits/status/1625869540939939841,0,79194
79252,"Take a look to $CBNK
 #StocksToBuy  #StocksToWatch  #Stocks  #YOLO  #daytrading  #options  #investing  #RedditArmy  #news  #FOMO  #investments  #trading  #ToTheMoon  #bottomfishing #ChatGPT
 https://t.co/bYsMivWOcv",216,0,1.51e+18,JimyTuits,1.63e+18,Wed Feb 15 14:58:00 +0000 2023,2023/2/15 14:58,0,0,0,https://twitter.com/JimyTuits/status/1625872057044185088,0,79253
79302,"Take a look to $EBC
 #ToTheMoon  #Stocks  #trading  #news  #StocksToBuy  #options  #daytrading  #investing  #FOMO  #YOLO  #StocksToWatch  #RedditArmy  #investments  #bottomfishing #ChatGPT
 https://t.co/KTrxFoFcgC",215,0,1.51e+18,JimyTuits,1.63e+18,Wed Feb 15 15:03:00 +0000 2023,2023/2/15 15:03,0,0,0,https://twitter.com/JimyTuits/status/1625873315771617280,0,79303
79308,"$BLMN $BNL $BRKR

Like e??? e???, for more e??   #Stocks
 https://t.co/q7jKqXFT8Q
 #options  #investments  #trading  #StocksToBuy  #ToTheMoon  #RedditArmy  #daytrading  #news  #Stocks  #bottomfishing  #investing  #StocksToWatch  #FOMO  #YOLO #ChatGPT",254,0,1.51e+18,JimyTuits,1.63e+18,Wed Feb 15 15:04:00 +0000 2023,2023/2/15 15:04,0,0,0,https://twitter.com/JimyTuits/status/1625873566419005440,0,79309
79388,"Take a look to $ROCC
 #FOMO  #StocksToBuy  #options  #trading  #bottomfishing  #YOLO  #Stocks  #investing  #RedditArmy  #ToTheMoon  #daytrading  #news  #StocksToWatch  #investments #ChatGPT
 https://t.co/m1YDgGRM5O",216,0,1.51e+18,JimyTuits,1.63e+18,Wed Feb 15 15:15:00 +0000 2023,2023/2/15 15:15,0,0,0,https://twitter.com/JimyTuits/status/1625876335121010690,0,79389
79818,"Take a look to $CBAN
 #daytrading  #news  #StocksToWatch  #options  #trading  #investments  #YOLO  #Stocks  #RedditArmy  #ToTheMoon  #StocksToBuy  #bottomfishing  #investing  #FOMO #ChatGPT
 https://t.co/tddETnGHFr",216,0,1.51e+18,JimyTuits,1.63e+18,Wed Feb 15 16:20:00 +0000 2023,2023/2/15 16:20,0,0,0,https://twitter.com/JimyTuits/status/1625892693703561216,0,79819
80041,"Take a look to $FVCB
 #StocksToWatch  #YOLO  #FOMO  #news  #options  #investments  #bottomfishing  #StocksToBuy  #daytrading  #trading  #RedditArmy  #Stocks  #investing  #ToTheMoon #ChatGPT
 https://t.co/0z5gkdsxUl",216,0,1.51e+18,JimyTuits,1.63e+18,Wed Feb 15 16:54:02 +0000 2023,2023/2/15 16:54,0,0,0,https://twitter.com/JimyTuits/status/1625901257734107136,0,80042
80148,"Take a look to $STRW
 #news  #daytrading  #investments  #ToTheMoon  #Stocks  #options  #trading  #FOMO  #bottomfishing  #StocksToBuy  #RedditArmy  #investing  #StocksToWatch  #YOLO #ChatGPT
 https://t.co/wxAmM1ppeg",216,0,1.51e+18,JimyTuits,1.63e+18,Wed Feb 15 17:13:00 +0000 2023,2023/2/15 17:13,0,0,0,https://twitter.com/JimyTuits/status/1625906032890482690,0,80149
80202,"Take a look to $CEIX
 #StocksToBuy  #news  #investing  #daytrading  #bottomfishing  #options  #FOMO  #RedditArmy  #trading  #YOLO  #investments  #ToTheMoon  #StocksToWatch  #Stocks #ChatGPT
 https://t.co/qmCH5yo3ju",216,0,1.51e+18,JimyTuits,1.63e+18,Wed Feb 15 17:25:00 +0000 2023,2023/2/15 17:25,0,0,0,https://twitter.com/JimyTuits/status/1625909052181209089,0,80203
80699,"Take a look to $VTSI
 #investing  #daytrading  #bottomfishing  #FOMO  #StocksToWatch  #YOLO  #trading  #ToTheMoon  #RedditArmy  #Stocks  #options  #StocksToBuy  #investments  #news #ChatGPT
 https://t.co/URftzViNVl",216,0,1.51e+18,JimyTuits,1.63e+18,Wed Feb 15 19:00:01 +0000 2023,2023/2/15 19:00,0,0,0,https://twitter.com/JimyTuits/status/1625932961400098816,0,80700
80780,"Take a look to $PLMR
 #StocksToWatch  #news  #trading  #ToTheMoon  #investing  #options  #Stocks  #YOLO  #bottomfishing  #RedditArmy  #StocksToBuy  #investments  #FOMO  #daytrading #ChatGPT
 https://t.co/56MO8AFjaP",216,0,1.51e+18,JimyTuits,1.63e+18,Wed Feb 15 19:14:00 +0000 2023,2023/2/15 19:14,0,0,0,https://twitter.com/JimyTuits/status/1625936484430905344,0,80781
80824,"Take a look to $EA
 #options  #daytrading  #StocksToBuy  #YOLO  #investments  #FOMO  #trading  #news  #bottomfishing  #StocksToWatch  #Stocks  #investing  #RedditArmy  #ToTheMoon #ChatGPT
 https://t.co/PMs5TMKR4i",214,0,1.51e+18,JimyTuits,1.63e+18,Wed Feb 15 19:22:01 +0000 2023,2023/2/15 19:22,0,0,0,https://twitter.com/JimyTuits/status/1625938499047399424,0,80825
80847,"Take a look to $SIRI
 #daytrading  #investing  #news  #options  #StocksToWatch  #investments  #YOLO  #StocksToBuy  #ToTheMoon  #Stocks  #RedditArmy  #bottomfishing  #FOMO  #trading #ChatGPT
 https://t.co/dn3lLCEYji",216,0,1.51e+18,JimyTuits,1.63e+18,Wed Feb 15 19:28:00 +0000 2023,2023/2/15 19:28,0,0,0,https://twitter.com/JimyTuits/status/1625940003732987904,0,80848
80851,"e???

$BFST 

Like e??? e???
 #investments  #YOLO  #trading  #investing  #StocksToWatch  #ToTheMoon  #Stocks  #StocksToBuy  #FOMO  #bottomfishing  #options  #news  #daytrading  #RedditArmy #ChatGPT",202,0,1.51e+18,JimyTuits,1.63e+18,Wed Feb 15 19:28:59 +0000 2023,2023/2/15 19:28,0,0,0,https://twitter.com/JimyTuits/status/1625940254938238976,0,80852
80985,"Take a look to $HCKT
 #daytrading  #RedditArmy  #trading  #StocksToBuy  #news  #StocksToWatch  #FOMO  #YOLO  #investments  #investing  #options  #Stocks  #bottomfishing  #ToTheMoon #ChatGPT
 https://t.co/Gfyq3tQzdD",216,0,1.51e+18,JimyTuits,1.63e+18,Wed Feb 15 19:59:01 +0000 2023,2023/2/15 19:59,0,0,0,https://twitter.com/JimyTuits/status/1625947813120192514,0,80986
81097,"e???

$MKTW 

Like e??? e???
 #daytrading  #investing  #investments  #bottomfishing  #ToTheMoon  #StocksToWatch  #YOLO  #trading  #FOMO  #RedditArmy  #news  #options  #StocksToBuy  #Stocks #ChatGPT",202,0,1.51e+18,JimyTuits,1.63e+18,Wed Feb 15 20:21:00 +0000 2023,2023/2/15 20:21,0,0,0,https://twitter.com/JimyTuits/status/1625953342412447744,0,81098
81123,"Ready to buy and waiting for you e??? e???:

$PEXNY 

Like e??? e???
 #news  #daytrading  #options  #RedditArmy  #FOMO  #StocksToBuy  #Stocks  #ToTheMoon  #StocksToWatch  #trading  #investing  #YOLO  #bottomfishing  #investments #ChatGPT",242,0,1.51e+18,JimyTuits,1.63e+18,Wed Feb 15 20:26:00 +0000 2023,2023/2/15 20:26,1,0,0,https://twitter.com/JimyTuits/status/1625954600753987584,1,81124
82676,"e??  

$AAP $DEA $PFIS 

Like e??? e???
 #options  #daytrading  #ToTheMoon  #StocksToWatch  #trading  #news  #investing  #YOLO  #RedditArmy  #Stocks  #StocksToBuy  #bottomfishing  #investments  #FOMO #ChatGPT",213,0,1.51e+18,JimyTuits,1.63e+18,Tue Feb 21 17:45:01 +0000 2023,2023/2/21 17:45,0,0,0,https://twitter.com/JimyTuits/status/1628088418042531841,0,82677
82707,"Take a look to $CBNK
 #options  #StocksToWatch  #ToTheMoon  #StocksToBuy  #FOMO  #investments  #RedditArmy  #investing  #news  #bottomfishing  #daytrading  #Stocks  #trading  #YOLO #ChatGPT
 https://t.co/R31hE8WLRy",216,0,1.51e+18,JimyTuits,1.63e+18,Tue Feb 21 17:51:00 +0000 2023,2023/2/21 17:51,0,0,0,https://twitter.com/JimyTuits/status/1628089921805357056,0,82708
83002,"$AAL $APD $APE

Like e??? e???, for more e??   #Stocks
 https://t.co/q7jKqXFT8Q
 #daytrading  #YOLO  #news  #Stocks  #RedditArmy  #options  #ToTheMoon  #trading  #FOMO  #bottomfishing  #investments  #StocksToWatch  #StocksToBuy  #investing #ChatGPT",252,0,1.51e+18,JimyTuits,1.63e+18,Tue Feb 21 18:05:00 +0000 2023,2023/2/21 18:05,0,0,0,https://twitter.com/JimyTuits/status/1628093445977034752,0,83003
83064,"Take a look to $EMF
 #news  #Stocks  #daytrading  #RedditArmy  #ToTheMoon  #StocksToWatch  #bottomfishing  #YOLO  #StocksToBuy  #options  #investing  #trading  #investments  #FOMO #ChatGPT
 https://t.co/UuZjVSbDPs",215,0,1.51e+18,JimyTuits,1.63e+18,Tue Feb 21 18:13:00 +0000 2023,2023/2/21 18:13,0,0,0,https://twitter.com/JimyTuits/status/1628095458525728769,0,83065
83165,"Take a look to $HOUR
 #daytrading  #RedditArmy  #trading  #StocksToBuy  #YOLO  #Stocks  #options  #bottomfishing  #ToTheMoon  #FOMO  #StocksToWatch  #news  #investments  #investing #ChatGPT
 https://t.co/FZgLcgxTt4",216,0,1.51e+18,JimyTuits,1.63e+18,Tue Feb 21 18:34:00 +0000 2023,2023/2/21 18:34,0,0,0,https://twitter.com/JimyTuits/status/1628100743533301760,0,83166
83195,"e??? technically perfect

$CLCGY 

Like e??? e???
 #FOMO  #bottomfishing  #YOLO  #Stocks  #investments  #RedditArmy  #daytrading  #options  #news  #trading  #ToTheMoon  #StocksToWatch  #StocksToBuy  #investing #ChatGPT",223,0,1.51e+18,JimyTuits,1.63e+18,Tue Feb 21 18:39:00 +0000 2023,2023/2/21 18:39,0,0,0,https://twitter.com/JimyTuits/status/1628102001329590272,0,83196
83199,"If you are looking what to buy, take a look to e???:

$FCNCA $NEP 

Like e??? e???
 #YOLO  #bottomfishing  #StocksToWatch  #Stocks  #investing  #options  #RedditArmy  #StocksToBuy  #FOMO  #investments  #trading  #news  #daytrading  #ToTheMoon #ChatGPT",256,0,1.51e+18,JimyTuits,1.63e+18,Tue Feb 21 18:40:00 +0000 2023,2023/2/21 18:40,0,0,0,https://twitter.com/JimyTuits/status/1628102253247873024,0,83200
83227,"Take a look to $JNJ
 #FOMO  #ToTheMoon  #investing  #Stocks  #options  #news  #daytrading  #trading  #StocksToBuy  #investments  #bottomfishing  #RedditArmy  #StocksToWatch  #YOLO #ChatGPT
 https://t.co/dx5FujIAtQ",215,0,1.51e+18,JimyTuits,1.63e+18,Tue Feb 21 18:45:00 +0000 2023,2023/2/21 18:45,0,0,0,https://twitter.com/JimyTuits/status/1628103512298262528,0,83228
83306,"e??  

$LICN 

Like e??? e???
 #FOMO  #RedditArmy  #daytrading  #StocksToWatch  #investments  #Stocks  #ToTheMoon  #bottomfishing  #trading  #options  #news  #YOLO  #StocksToBuy  #investing #ChatGPT",203,0,1.51e+18,JimyTuits,1.63e+18,Tue Feb 21 19:04:00 +0000 2023,2023/2/21 19:04,0,0,0,https://twitter.com/JimyTuits/status/1628108293263757313,0,83307
83463,"Take a look to $FMBH
 #daytrading  #YOLO  #StocksToWatch  #options  #Stocks  #ToTheMoon  #StocksToBuy  #bottomfishing  #FOMO  #investing  #news  #trading  #RedditArmy  #investments #ChatGPT
 https://t.co/njEQY5hcaC",216,0,1.51e+18,JimyTuits,1.63e+18,Tue Feb 21 19:34:00 +0000 2023,2023/2/21 19:34,0,0,0,https://twitter.com/JimyTuits/status/1628115843212247040,0,83464
83644,"Take a look to $SPH
 #investing  #ToTheMoon  #StocksToBuy  #daytrading  #options  #trading  #RedditArmy  #Stocks  #FOMO  #YOLO  #news  #investments  #StocksToWatch  #bottomfishing #ChatGPT
 https://t.co/AAlWr6rrjc",215,0,1.51e+18,JimyTuits,1.63e+18,Tue Feb 21 20:05:00 +0000 2023,2023/2/21 20:05,0,0,0,https://twitter.com/JimyTuits/status/1628123645318172672,0,83645
83735,"Take a look to $MOG/A
 #trading  #investments  #ToTheMoon  #bottomfishing  #options  #FOMO  #StocksToBuy  #StocksToWatch  #investing  #news  #RedditArmy  #Stocks  #daytrading  #YOLO #ChatGPT
 https://t.co/dmJknepOmd",217,0,1.51e+18,JimyTuits,1.63e+18,Tue Feb 21 20:21:59 +0000 2023,2023/2/21 20:21,0,0,0,https://twitter.com/JimyTuits/status/1628127919431372800,0,83736
83742,"e???

$MTDR 

Like e??? e???
 #news  #daytrading  #YOLO  #trading  #StocksToWatch  #bottomfishing  #options  #investing  #investments  #FOMO  #ToTheMoon  #StocksToBuy  #Stocks  #RedditArmy #ChatGPT",202,0,1.51e+18,JimyTuits,1.63e+18,Tue Feb 21 20:24:59 +0000 2023,2023/2/21 20:24,0,0,0,https://twitter.com/JimyTuits/status/1628128674867466240,0,83743
83770,"e???

$GBR 

Like e??? e???
 #options  #news  #YOLO  #ToTheMoon  #trading  #investments  #FOMO  #StocksToBuy  #RedditArmy  #StocksToWatch  #investing  #bottomfishing  #daytrading  #Stocks #ChatGPT",201,0,1.51e+18,JimyTuits,1.63e+18,Tue Feb 21 20:32:00 +0000 2023,2023/2/21 20:32,0,0,0,https://twitter.com/JimyTuits/status/1628130440006754304,0,83771
83813,"Take a look to $HRB
 #ToTheMoon  #daytrading  #FOMO  #bottomfishing  #StocksToWatch  #trading  #investing  #RedditArmy  #YOLO  #options  #investments  #Stocks  #StocksToBuy  #news #ChatGPT
 https://t.co/TXesybWlHN",215,0,1.51e+18,JimyTuits,1.63e+18,Tue Feb 21 20:45:02 +0000 2023,2023/2/21 20:45,0,0,0,https://twitter.com/JimyTuits/status/1628133719147151360,0,83814
83853,"e??  

$REI 

Like e??? e???
 #StocksToWatch  #investing  #YOLO  #bottomfishing  #news  #RedditArmy  #investments  #trading  #StocksToBuy  #ToTheMoon  #FOMO  #options  #Stocks  #daytrading #ChatGPT",202,0,1.51e+18,JimyTuits,1.63e+18,Tue Feb 21 20:56:00 +0000 2023,2023/2/21 20:56,0,0,0,https://twitter.com/JimyTuits/status/1628136480416874496,0,83854
83906,"e???

$JOB 

Like e??? e???
 #daytrading  #ToTheMoon  #FOMO  #YOLO  #options  #trading  #investments  #RedditArmy  #news  #StocksToBuy  #Stocks  #bottomfishing  #StocksToWatch  #investing #ChatGPT",201,0,1.51e+18,JimyTuits,1.63e+18,Tue Feb 21 21:06:01 +0000 2023,2023/2/21 21:06,0,0,0,https://twitter.com/JimyTuits/status/1628138997586460673,0,83907
87817,"e???

$GEO 

Like e??? e???
 #options  #StocksToWatch  #ToTheMoon  #news  #bottomfishing  #daytrading  #investing  #FOMO  #Stocks  #StocksToBuy  #trading  #YOLO  #investments  #RedditArmy #ChatGPT",201,0,1.51e+18,JimyTuits,1.63e+18,Thu Feb 23 13:30:03 +0000 2023,2023/2/23 13:30,0,0,0,https://twitter.com/JimyTuits/status/1628749026299613186,0,87818
88256,"Take a look to $JOB
 #StocksToBuy  #YOLO  #FOMO  #bottomfishing  #investments  #daytrading  #news  #options  #ToTheMoon  #investing  #Stocks  #trading  #StocksToWatch  #RedditArmy #ChatGPT
 https://t.co/8OaxQVF6jN",215,0,1.51e+18,JimyTuits,1.63e+18,Thu Feb 23 14:31:00 +0000 2023,2023/2/23 14:31,0,0,0,https://twitter.com/JimyTuits/status/1628764365259440130,0,88257
88266,"$AAP $AGD $BHV

Like e??? e???, for more e??   #Stocks
 https://t.co/q7jKqXFlji
 #bottomfishing  #StocksToWatch  #investing  #trading  #news  #ToTheMoon  #YOLO  #daytrading  #investments  #RedditArmy  #FOMO  #StocksToBuy  #Stocks  #options #ChatGPT",252,0,1.51e+18,JimyTuits,1.63e+18,Thu Feb 23 14:32:00 +0000 2023,2023/2/23 14:32,0,0,0,https://twitter.com/JimyTuits/status/1628764616162529280,0,88267
88272,"Take a look to $ELV
 #daytrading  #YOLO  #RedditArmy  #news  #StocksToBuy  #Stocks  #FOMO  #StocksToWatch  #ToTheMoon  #investments  #investing  #bottomfishing  #options  #trading #ChatGPT
 https://t.co/qYD61fmRLM",215,0,1.51e+18,JimyTuits,1.63e+18,Thu Feb 23 14:33:00 +0000 2023,2023/2/23 14:33,0,0,0,https://twitter.com/JimyTuits/status/1628764867963551745,0,88273
88317,"$BITO $DBMF $DRI

Like e??? e???, for more e??   #Stocks
 https://t.co/q7jKqXFT8Q
 #ToTheMoon  #daytrading  #trading  #news  #investing  #StocksToBuy  #bottomfishing  #investments  #StocksToWatch  #YOLO  #FOMO  #Stocks  #RedditArmy  #options #ChatGPT",254,0,1.51e+18,JimyTuits,1.63e+18,Thu Feb 23 14:41:00 +0000 2023,2023/2/23 14:41,0,0,0,https://twitter.com/JimyTuits/status/1628766881573404672,0,88318
88323,"e???

$SPKKY 

Like e??? e???
 #RedditArmy  #news  #trading  #Stocks  #investing  #options  #FOMO  #ToTheMoon  #investments  #daytrading  #StocksToWatch  #bottomfishing  #StocksToBuy  #YOLO #ChatGPT",203,0,1.51e+18,JimyTuits,1.63e+18,Thu Feb 23 14:42:00 +0000 2023,2023/2/23 14:42,0,0,0,https://twitter.com/JimyTuits/status/1628767132803813376,0,88324
88328,"e??  

$MCB $PED 

Like e??? e???
 #StocksToBuy  #investments  #ToTheMoon  #options  #news  #StocksToWatch  #YOLO  #FOMO  #RedditArmy  #trading  #investing  #daytrading  #Stocks  #bottomfishing #ChatGPT",207,0,1.51e+18,JimyTuits,1.63e+18,Thu Feb 23 14:43:00 +0000 2023,2023/2/23 14:43,0,0,0,https://twitter.com/JimyTuits/status/1628767384587898880,0,88329
88350,"e???

$NRT 

Like e??? e???
 #Stocks  #news  #options  #trading  #RedditArmy  #daytrading  #FOMO  #bottomfishing  #StocksToWatch  #StocksToBuy  #YOLO  #investments  #ToTheMoon  #investing #ChatGPT",201,0,1.51e+18,JimyTuits,1.63e+18,Thu Feb 23 14:46:00 +0000 2023,2023/2/23 14:46,0,0,0,https://twitter.com/JimyTuits/status/1628768139839418369,0,88351
88407,"Take a look to $ABCL
 #RedditArmy  #ToTheMoon  #news  #StocksToBuy  #YOLO  #bottomfishing  #StocksToWatch  #FOMO  #investments  #trading  #options  #daytrading  #Stocks  #investing #ChatGPT
 https://t.co/fUgmN0833i",216,0,1.51e+18,JimyTuits,1.63e+18,Thu Feb 23 14:53:00 +0000 2023,2023/2/23 14:53,1,0,0,https://twitter.com/JimyTuits/status/1628769901417742337,1,88408
88537,"Take a look to $CNF
 #investing  #StocksToWatch  #trading  #bottomfishing  #ToTheMoon  #investments  #Stocks  #daytrading  #options  #StocksToBuy  #YOLO  #RedditArmy  #FOMO  #news #ChatGPT
 https://t.co/cqZcVYFONG",215,0,1.51e+18,JimyTuits,1.63e+18,Thu Feb 23 15:08:00 +0000 2023,2023/2/23 15:08,0,0,0,https://twitter.com/JimyTuits/status/1628773676488474625,0,88538
88548,"e???

$NTAP $SLCA 

Like e??? e???
 #bottomfishing  #StocksToWatch  #investing  #options  #trading  #Stocks  #investments  #RedditArmy  #ToTheMoon  #YOLO  #StocksToBuy  #daytrading  #FOMO  #news #ChatGPT",208,0,1.51e+18,JimyTuits,1.63e+18,Thu Feb 23 15:09:00 +0000 2023,2023/2/23 15:09,0,0,0,https://twitter.com/JimyTuits/status/1628773927962177538,0,88549
88580,"e??  

$EA 

Like e??? e???
 #investing  #news  #RedditArmy  #StocksToBuy  #ToTheMoon  #Stocks  #FOMO  #options  #trading  #investments  #StocksToWatch  #bottomfishing  #YOLO  #daytrading #ChatGPT",201,0,1.51e+18,JimyTuits,1.63e+18,Thu Feb 23 15:14:00 +0000 2023,2023/2/23 15:14,0,0,0,https://twitter.com/JimyTuits/status/1628775186475663360,0,88581
88803,"Ready to buy and waiting for you e??? e???:

$KEN 

Like e??? e???
 #Stocks  #StocksToBuy  #trading  #RedditArmy  #options  #news  #bottomfishing  #YOLO  #investing  #StocksToWatch  #daytrading  #FOMO  #ToTheMoon  #investments #ChatGPT",240,0,1.51e+18,JimyTuits,1.63e+18,Thu Feb 23 15:54:00 +0000 2023,2023/2/23 15:54,0,0,0,https://twitter.com/JimyTuits/status/1628785252838801408,0,88804
88863,"Take a look to $TJX
 #YOLO  #investing  #ToTheMoon  #Stocks  #news  #trading  #RedditArmy  #bottomfishing  #daytrading  #StocksToBuy  #investments  #FOMO  #StocksToWatch  #options #ChatGPT
 https://t.co/4VeTbKU0vi",215,0,1.51e+18,JimyTuits,1.63e+18,Thu Feb 23 16:03:00 +0000 2023,2023/2/23 16:03,0,0,0,https://twitter.com/JimyTuits/status/1628787518937395201,0,88864
88962,"Quality over all e?  ?

$GORO 

Like e??? e???
 #FOMO  #YOLO  #daytrading  #bottomfishing  #investing  #StocksToBuy  #news  #StocksToWatch  #ToTheMoon  #investments  #trading  #Stocks  #options  #RedditArmy #ChatGPT",220,0,1.51e+18,JimyTuits,1.63e+18,Thu Feb 23 16:19:02 +0000 2023,2023/2/23 16:19,0,0,0,https://twitter.com/JimyTuits/status/1628791553010597890,0,88963
89087,"sweet e???

$BAC $HUDI $SBNY 

Like e??? e???
 #investments  #Stocks  #StocksToWatch  #ToTheMoon  #investing  #YOLO  #options  #daytrading  #FOMO  #RedditArmy  #bottomfishing  #news  #StocksToBuy  #trading #ChatGPT",219,0,1.51e+18,JimyTuits,1.63e+18,Thu Feb 23 16:39:00 +0000 2023,2023/2/23 16:39,0,0,0,https://twitter.com/JimyTuits/status/1628796578264928256,0,89088
89127,"Take a look to $BWB
 #news  #StocksToBuy  #ToTheMoon  #options  #StocksToWatch  #investing  #bottomfishing  #YOLO  #daytrading  #RedditArmy  #trading  #Stocks  #FOMO  #investments #ChatGPT
 https://t.co/ibjPgnRZy5",215,0,1.51e+18,JimyTuits,1.63e+18,Thu Feb 23 16:45:00 +0000 2023,2023/2/23 16:45,0,0,0,https://twitter.com/JimyTuits/status/1628798088851881984,0,89128
89193,"e???

$NTCT 

Like e??? e???
 #news  #StocksToWatch  #options  #ToTheMoon  #YOLO  #investments  #RedditArmy  #Stocks  #investing  #StocksToBuy  #bottomfishing  #FOMO  #daytrading  #trading #ChatGPT",202,0,1.51e+18,JimyTuits,1.63e+18,Thu Feb 23 16:58:00 +0000 2023,2023/2/23 16:58,0,0,0,https://twitter.com/JimyTuits/status/1628801360178327552,0,89194
89240,"Take a look to $HD
 #StocksToBuy  #Stocks  #investing  #StocksToWatch  #FOMO  #RedditArmy  #YOLO  #options  #daytrading  #ToTheMoon  #trading  #bottomfishing  #news  #investments #ChatGPT
 https://t.co/I8JebUul7k",214,0,1.51e+18,JimyTuits,1.63e+18,Thu Feb 23 17:05:00 +0000 2023,2023/2/23 17:05,0,0,0,https://twitter.com/JimyTuits/status/1628803122650042368,0,89241
89246,"e???

$BRDG $COST $CVI $DVAX $ROL 

Like e??? e???
 #StocksToBuy  #trading  #ToTheMoon  #investments  #RedditArmy  #investing  #Stocks  #bottomfishing  #StocksToWatch  #options  #YOLO  #news  #FOMO  #daytrading #ChatGPT",224,0,1.51e+18,JimyTuits,1.63e+18,Thu Feb 23 17:06:00 +0000 2023,2023/2/23 17:06,0,0,0,https://twitter.com/JimyTuits/status/1628803372852854784,0,89247
89313,"e???

$PXD 

Like e??? e???
 #news  #StocksToWatch  #daytrading  #options  #trading  #bottomfishing  #FOMO  #Stocks  #investments  #ToTheMoon  #investing  #StocksToBuy  #YOLO  #RedditArmy #ChatGPT",201,0,1.51e+18,JimyTuits,1.63e+18,Thu Feb 23 17:16:00 +0000 2023,2023/2/23 17:16,1,0,0,https://twitter.com/JimyTuits/status/1628805890072776705,1,89314
89348,"Take a look to $SVXY
 #StocksToBuy  #bottomfishing  #investing  #Stocks  #investments  #YOLO  #news  #daytrading  #trading  #RedditArmy  #options  #StocksToWatch  #ToTheMoon  #FOMO #ChatGPT
 https://t.co/F9CrO8rMU5",216,0,1.51e+18,JimyTuits,1.63e+18,Thu Feb 23 17:24:00 +0000 2023,2023/2/23 17:24,1,0,0,https://twitter.com/JimyTuits/status/1628807903552618496,1,89349
89394,"My quality selection: e???

$BKU $GO $MICS $TKLF 

Like e??? e???
 #YOLO  #news  #trading  #StocksToBuy  #bottomfishing  #StocksToWatch  #FOMO  #ToTheMoon  #options  #RedditArmy  #daytrading  #investments  #investing  #Stocks #ChatGPT",239,0,1.51e+18,JimyTuits,1.63e+18,Thu Feb 23 17:33:00 +0000 2023,2023/2/23 17:33,0,0,0,https://twitter.com/JimyTuits/status/1628810169089163264,0,89395
89662,"Take a look to $PFN
 #trading  #StocksToWatch  #investing  #FOMO  #ToTheMoon  #Stocks  #investments  #StocksToBuy  #options  #bottomfishing  #news  #YOLO  #daytrading  #RedditArmy #ChatGPT
 https://t.co/zFu4unia7o",215,0,1.51e+18,JimyTuits,1.63e+18,Thu Feb 23 18:16:00 +0000 2023,2023/2/23 18:16,1,0,0,https://twitter.com/JimyTuits/status/1628820990972284929,1,89663
89669,"Take a look to $CASY
 #ToTheMoon  #StocksToBuy  #trading  #FOMO  #bottomfishing  #Stocks  #news  #daytrading  #StocksToWatch  #RedditArmy  #YOLO  #investing  #options  #investments #ChatGPT
 https://t.co/suB7U153sW",216,0,1.51e+18,JimyTuits,1.63e+18,Thu Feb 23 18:17:00 +0000 2023,2023/2/23 18:17,0,0,0,https://twitter.com/JimyTuits/status/1628821242039132162,0,89670
89680,"e??? technically perfect

$DPZ $FRST 

Like e??? e???
 #investments  #YOLO  #Stocks  #bottomfishing  #daytrading  #options  #RedditArmy  #FOMO  #ToTheMoon  #StocksToBuy  #news  #investing  #StocksToWatch  #trading #ChatGPT",227,0,1.51e+18,JimyTuits,1.63e+18,Thu Feb 23 18:19:00 +0000 2023,2023/2/23 18:19,0,0,1,https://twitter.com/JimyTuits/status/1628821745758240768,1,89681
89931,"Take a look to $AJG
 #investments  #StocksToWatch  #options  #trading  #daytrading  #RedditArmy  #Stocks  #YOLO  #investing  #bottomfishing  #FOMO  #ToTheMoon  #news  #StocksToBuy #ChatGPT
 https://t.co/lxe9wzN7WJ",215,0,1.51e+18,JimyTuits,1.63e+18,Thu Feb 23 19:04:01 +0000 2023,2023/2/23 19:04,0,0,0,https://twitter.com/JimyTuits/status/1628833071125651456,0,89932
90232,"e???

$VRTX 

Like e??? e???
 #options  #news  #trading  #investments  #YOLO  #StocksToWatch  #ToTheMoon  #FOMO  #daytrading  #RedditArmy  #StocksToBuy  #Stocks  #investing  #bottomfishing #ChatGPT",202,0,1.51e+18,JimyTuits,1.63e+18,Thu Feb 23 20:13:00 +0000 2023,2023/2/23 20:13,0,0,0,https://twitter.com/JimyTuits/status/1628850431882571777,0,90233
90371,"Ready to buy and waiting for you e??? e???:

$ATVI $MMM $PDM 

Like e??? e???
 #bottomfishing  #investing  #news  #options  #YOLO  #trading  #ToTheMoon  #StocksToWatch  #investments  #Stocks  #RedditArmy  #daytrading  #StocksToBuy  #FOMO #ChatGPT",251,0,1.51e+18,JimyTuits,1.63e+18,Thu Feb 23 20:48:00 +0000 2023,2023/2/23 20:48,0,0,0,https://twitter.com/JimyTuits/status/1628859239870627841,0,90372
94746,"e???

$COGNY $LAZY $PTNRY 

Like e??? e???
 #RedditArmy  #StocksToBuy  #FOMO  #trading  #ToTheMoon  #YOLO  #investments  #news  #bottomfishing  #daytrading  #investing  #options  #StocksToWatch  #Stocks #ChatGPT",216,0,1.51e+18,JimyTuits,1.63e+18,Mon Feb 27 14:31:00 +0000 2023,2023/2/27 14:31,0,0,0,https://twitter.com/JimyTuits/status/1630213918281945091,0,94747
94782,"Take a look to $MSC
 #RedditArmy  #ToTheMoon  #news  #bottomfishing  #investing  #trading  #Stocks  #StocksToWatch  #YOLO  #investments  #options  #FOMO  #StocksToBuy  #daytrading #ChatGPT
 https://t.co/n6MGLDUGSW",215,0,1.51e+18,JimyTuits,1.63e+18,Mon Feb 27 14:38:00 +0000 2023,2023/2/27 14:38,0,0,0,https://twitter.com/JimyTuits/status/1630215680367755265,0,94783
94843,"Take a look to $COST
 #StocksToWatch  #investments  #Stocks  #ToTheMoon  #RedditArmy  #investing  #YOLO  #trading  #news  #options  #StocksToBuy  #FOMO  #bottomfishing  #daytrading #ChatGPT
 https://t.co/aDSjPn347S",216,0,1.51e+18,JimyTuits,1.63e+18,Mon Feb 27 14:51:00 +0000 2023,2023/2/27 14:51,0,0,0,https://twitter.com/JimyTuits/status/1630218952550027265,0,94844
95234,"Take a look to $VREX
 #investing  #FOMO  #Stocks  #news  #investments  #bottomfishing  #ToTheMoon  #options  #trading  #StocksToBuy  #RedditArmy  #YOLO  #StocksToWatch  #daytrading #ChatGPT
 https://t.co/mAftsYwHa1",216,0,1.51e+18,JimyTuits,1.63e+18,Mon Feb 27 15:33:00 +0000 2023,2023/2/27 15:33,0,0,0,https://twitter.com/JimyTuits/status/1630229521763909632,0,95235
95528,"Take a look to $APEI
 #StocksToBuy  #news  #options  #bottomfishing  #ToTheMoon  #daytrading  #investments  #FOMO  #StocksToWatch  #RedditArmy  #Stocks  #trading  #investing  #YOLO #ChatGPT
 https://t.co/gsTp3eAlGO",216,0,1.51e+18,JimyTuits,1.63e+18,Mon Feb 27 16:16:02 +0000 2023,2023/2/27 16:16,0,0,0,https://twitter.com/JimyTuits/status/1630240351696068609,0,95529
95838,"Take a look to $RMAX
 #news  #ToTheMoon  #daytrading  #FOMO  #bottomfishing  #options  #investing  #RedditArmy  #trading  #YOLO  #Stocks  #investments  #StocksToWatch  #StocksToBuy #ChatGPT
 https://t.co/YDqbnXVu0W",216,0,1.51e+18,JimyTuits,1.63e+18,Mon Feb 27 17:05:00 +0000 2023,2023/2/27 17:05,0,0,0,https://twitter.com/JimyTuits/status/1630252671033659395,0,95839
96271,"Take a look to $AFYA
 #Stocks  #YOLO  #StocksToWatch  #StocksToBuy  #FOMO  #investments  #RedditArmy  #ToTheMoon  #news  #investing  #daytrading  #options  #bottomfishing  #trading #ChatGPT
 https://t.co/zJ1acPfAL9",216,0,1.51e+18,JimyTuits,1.63e+18,Mon Feb 27 18:12:00 +0000 2023,2023/2/27 18:12,0,0,0,https://twitter.com/JimyTuits/status/1630269533767213058,0,96272
96520,"Take a look to $ESPGY
 #trading  #StocksToBuy  #YOLO  #RedditArmy  #news  #bottomfishing  #FOMO  #ToTheMoon  #StocksToWatch  #Stocks  #options  #daytrading  #investments  #investing #ChatGPT
 https://t.co/HjDf8Y439A",217,0,1.51e+18,JimyTuits,1.63e+18,Mon Feb 27 19:16:00 +0000 2023,2023/2/27 19:16,0,0,0,https://twitter.com/JimyTuits/status/1630285639810953216,0,96521
96734,"Take a look to $ERO
 #RedditArmy  #Stocks  #daytrading  #investments  #trading  #YOLO  #options  #StocksToBuy  #bottomfishing  #news  #investing  #StocksToWatch  #FOMO  #ToTheMoon #ChatGPT
 https://t.co/Wbyqmztcxe",215,0,1.51e+18,JimyTuits,1.63e+18,Mon Feb 27 20:05:00 +0000 2023,2023/2/27 20:05,0,0,0,https://twitter.com/JimyTuits/status/1630297971337187332,0,96735
96789,"Take a look to $NXGN
 #options  #investments  #YOLO  #daytrading  #RedditArmy  #investing  #bottomfishing  #Stocks  #StocksToWatch  #trading  #FOMO  #StocksToBuy  #ToTheMoon  #news #ChatGPT
 https://t.co/HAuhawgO9e",216,0,1.51e+18,JimyTuits,1.63e+18,Mon Feb 27 20:23:00 +0000 2023,2023/2/27 20:23,0,0,0,https://twitter.com/JimyTuits/status/1630302502519291906,0,96790
96911,"e???

$CLCGY 

Like e??? e???
 #RedditArmy  #daytrading  #trading  #StocksToWatch  #ToTheMoon  #bottomfishing  #news  #FOMO  #options  #StocksToBuy  #investing  #YOLO  #investments  #Stocks #ChatGPT",203,0,1.51e+18,JimyTuits,1.63e+18,Mon Feb 27 20:53:02 +0000 2023,2023/2/27 20:53,0,0,0,https://twitter.com/JimyTuits/status/1630310059514245123,0,96912
