,full_text,text_length,at_num,user_id_str,screen_name,id_str,created_at,publish_time,favorite_count,retweet_count,reply_count,tweet_url,total_heat,tt
37925,"D?D?D1 #D  ??????D?D?D?D3D???D  ??DoD?D1 D???D?D3D?D?D   D?D   #??D  ??D2D  ??D3 02.02.2023 

-----
#D?D  D2??D  DoD  DoD?D1 #D  ??????D?D?D?D3 #D3D???D???DoD?D? #D?D?D3D  D  D?D?D2 #D???D?D3D?D?D   #ChatGPT #Turkey #Lidl #LetzteGeneration #BreakingBad https://t.co/AFCAg1LKst",279,0,327274992.0,Pavsekakii,1.62e+18,Wed Feb 01 14:59:54 +0000 2023,2023/2/1 14:59,0,0,0,https://twitter.com/Pavsekakii/status/1620799105772703744,0,37926
49066,"#Google launches #bard as a rival to ChatGPT.

#Google #AI #ChatGPT #Turkey #TurkeyEarthquake",95,0,1.52e+18,Ranveerraj_,1.62e+18,Tue Feb 07 01:25:59 +0000 2023,2023/2/7 1:25,2,1,0,https://twitter.com/Ranveerraj_/status/1622768606286336002,3,49067
50305,"Kayley Gunner Age, Husband/Boyfriend, Career, Height, Net Worth, etc.#wweraw #chatgpt #SidKiaraWedding #goldberg #Turkey #SidKiaraWedding #TheBachelor #BelowDeck #NJDevils #oyasumori #TexasHockey #kubball  https://t.co/eGTZ3ISeXd",229,0,1664823012.0,anideacame,1.62e+18,Tue Feb 07 05:14:38 +0000 2023,2023/2/7 5:14,0,0,0,https://twitter.com/anideacame/status/1622826143878647808,0,50306
50354,"We are open @Ceenetke   at Ambwere Furaha roundabout near Kakamega. We selling laptops and desktops plus other accessories  also doing free delivery country wide.
Moses Kuria. Youth Resistance Movement MDD. #Turkey #ChatGPT Premier League.  Jeremiah Kioni. Kindly DM. Nana https://t.co/88cPQY0AoF",297,1,1.44e+18,kindaYobra,1.62e+18,Tue Feb 07 05:22:17 +0000 2023,2023/2/7 5:22,17,13,0,https://twitter.com/kindaYobra/status/1622828071685394433,30,50355
50437,"IF COMPANIES CAN PAY WOMEN LESS THEN WHY DONT THEY HIRE ALL WOMEN e???e?  ?

#biden #ChineseSpyBalloon #ChatGPT #Trump #PrayForTurkey #Turkey #BidenAdministration #WNBATwitter #WNBA",183,0,1.39e+18,wallvol865,1.62e+18,Tue Feb 07 05:33:58 +0000 2023,2023/2/7 5:33,0,0,0,https://twitter.com/wallvol865/status/1622831011204661250,0,50438
50910,#ChatGPT #Turkey #TurkeyEarthquake #tuesdaymotivations #MainaAndKingangi #BBTitans #ManCity https://t.co/6UVdT6zESu,115,0,2512262352.0,cphealth2013,1.62e+18,Tue Feb 07 06:31:31 +0000 2023,2023/2/7 6:31,3,1,1,https://twitter.com/cphealth2013/status/1622845495516315650,5,50911
51125,"Turkey and Syria hit by Powerful magnitude 7.8 quake, the most deadly in Turkey since an earthquake in 1999 that killed 17,500.
#earthquake #earthquakeinturkey #earthquakesyria #Lebanon #PervezMusharraf #TurkeyQuake  #PervaizElahi #ChatGPT #Syria #Syrien #Turkey #Turkiye https://t.co/zFlSOgOBxm",296,0,1.49e+18,usama_speakz,1.62e+18,Tue Feb 07 06:55:46 +0000 2023,2023/2/7 6:55,0,0,0,https://twitter.com/usama_speakz/status/1622851598262366208,0,51126
51211,"Earthquick alart in South Asia 
#earthquake #Turkey #earthquakeinturkey #ChatGPT #Pakistan https://t.co/DIc2UHEpj2",115,0,1.62e+18,saadii_afridi,1.62e+18,Tue Feb 07 07:04:45 +0000 2023,2023/2/7 7:04,1,0,0,https://twitter.com/saadii_afridi/status/1622853857884749824,1,51212
51221,#YellowStorm #Turkey #ChatGPT,29,0,1.61e+18,Intellectacadmy,1.62e+18,Tue Feb 07 07:05:54 +0000 2023,2023/2/7 7:05,1,0,0,https://twitter.com/Intellectacadmy/status/1622854148977831938,1,51222
51731,"Good morning!! 
How do you accessorise your square scarves.

Let us knowe???

#Nizarsline #brand #turkish #Turkey #MayAllah #kenya #trending #ChatGPT #trending #scarfbrand https://t.co/dWY5o9gXrB",200,0,1.12e+18,nizarsline,1.62e+18,Tue Feb 07 08:00:55 +0000 2023,2023/2/7 8:00,0,0,0,https://twitter.com/nizarsline/status/1622867991070224384,0,51732
51795,"Top Stories 7February23
For Complete Curated News Follow https://t.co/SKMdaYg4kD

#Turkey #TurkeyEarthquake #turkeyearthquake2023 #Syria #syriaearthquake #earthquake #earthquakeinturkey #Ukraine #UkraineRussiaWar #Google #ChatGPT #gowri #highcourt #DelhiPolice #readselective https://t.co/DUmdtqPUW8",302,0,1.6e+18,ReadSelectives,1.62e+18,Tue Feb 07 08:08:31 +0000 2023,2023/2/7 8:08,0,0,0,https://twitter.com/ReadSelectives/status/1622869905896005632,0,51796
51804,"?  ???3  ???  ?   1??  ? / ?a?    ????? ?2  ??2  ???   ??a?  ???  ??  ? 
  ?? 歙??3?a? 歙?   ??? ??? 歙??   ?3?? ?a?    ?????   ??a?  ???  ??  ?   ???  ??|?? 
?  ???3  ???  ?   1??  ?   ??? 7   1  ? ?  ???3  ???  ? ? 楱??  ?a ?3  ????a  ?a?    ?????   ??? ??? 歙??   ? 歙?? 歙? ?    ??    ???
#KPbuzz #Turkey #MujhePyaarHuaTha
#      ?  1???  _?  ?  ?2?  ? 歙?_  ??  ??  ?_  ?  ??  ?2
#ChatGPT

 #  ??  ?-  1?  ??  ??  ??  ? 洙? 歙??  ?    ??  ? 戗??  ?    ??  ??  1? #TereBin
#?2  ??2? 歙? https://t.co/5440ro0qsW",510,0,1.53e+18,BatmanAhmad1,1.62e+18,Tue Feb 07 08:09:05 +0000 2023,2023/2/7 8:09,5,1,0,https://twitter.com/BatmanAhmad1/status/1622870048883736576,6,51805
52092,Kanye Terri's Tuesday Eastleigh Nana Jeremiah Kioni Yaya Toure Youth Resistance Movement MDD Tems NHIF Moses Kuria Buran Boy South Africa Kenya Kisumu UPDF Hayley Thiery Henry Chriseab Mauritius #GRAMMYs #BBTitans #Turkey #earthquakeinturkey #ChatGPT #earthquake #TurkeyEarthquake,280,0,1.45e+18,AlpAcost,1.62e+18,Tue Feb 07 08:43:19 +0000 2023,2023/2/7 8:43,0,0,0,https://twitter.com/AlpAcost/status/1622878662155534339,0,52093
52101,Kanye Terri's Tuesday Eastleigh Nana Jeremiah Kioni Yaya Toure Youth Resistance Movement MDD Tems NHIF Moses Kuria Buran Boy South Africa Kenya Kisumu UPDF Hayley Thiery Henry Chriseab Mauritius Turkey #GRAMMYs #BBTitans #Turkey #earthquakeinturkey #ChatGPT #earthquake #Turkiye,278,0,1.4e+18,Plugged_co_ke,1.62e+18,Tue Feb 07 08:44:07 +0000 2023,2023/2/7 8:44,0,0,0,https://twitter.com/Plugged_co_ke/status/1622878865751244803,0,52102
52208,"  ?? 歙??3?a? 歙?   ???  o ?  ?  ???   ?2  ??2  ???   ??   ?  ?|??     ?   ???3?  ?|  ??3?  ? 歙?   ??? ?  ?a?   ?  ???  

VIDEO &gt;&gt;&gt; https://t.co/4X0Q4ucxrN

#PervezMusharraf #earthquakeinturkey #Turkey #TurkeyEarthquake #Turkiye #turkeyearthquake2023 #turkiyeearthquake #ChatGPT #Lahore #Rupee #Turkish #PrayersForTurkey",331,0,1.46e+18,KhanTV65,1.62e+18,Tue Feb 07 08:56:05 +0000 2023,2023/2/7 8:56,1,0,0,https://twitter.com/KhanTV65/status/1622881877278457856,1,52209
52213,"  ?? 歙??3?a? 歙?   ???  o ?  ?  ???   ?2  ??2  ???   ??   ?  ?|??     ?   ???3?  ?|  ??3?  ? 歙?   ??? ?  ?a?   ?  ???  

VIDEO &gt;&gt;&gt; https://t.co/4X0Q4ucxrN

#PervezMusharraf #earthquakeinturkey #Turkey #TurkeyEarthquake #Turkiye #turkeyearthquake2023 #turkiyeearthquake #ChatGPT #Lahore #Rupee #Turkish #PrayersForTurkey https://t.co/fjGzTG5nzF",355,0,1.46e+18,KhanTV65,1.62e+18,Tue Feb 07 08:56:31 +0000 2023,2023/2/7 8:56,0,0,0,https://twitter.com/KhanTV65/status/1622881983474073601,0,52214
52309,"TOP sites for REMOTE jobs:

- Flexjobs
- Remote ok
- Pangian
- We Wok Remotely
- Arc
- Remote co
- AngelLisst
- Search Remotely
- Outsourcely 
- EuropeRemotely
- Dynamite Jobs
- Justremote
- Crossover
- Remotive
- Remote Jobs Club

#ChatGPT #remotejobs #Turkey #tirriestuesday",294,0,1.57e+18,Osengo_D,1.62e+18,Tue Feb 07 09:04:11 +0000 2023,2023/2/7 9:04,0,0,1,https://twitter.com/Osengo_D/status/1622883915189854209,1,52310
52424,#PrayersForTurkey #PrayersForSyria #ChatGPT #Turkey #Syria #quake #HelpTurkey https://t.co/mgRmu4E9nE,101,0,1.5e+18,turkishlife90,1.62e+18,Tue Feb 07 09:15:26 +0000 2023,2023/2/7 9:15,0,0,0,https://twitter.com/turkishlife90/status/1622886745036447744,0,52425
52619,"Aid from Pakistan to Turkey victims 

A fifty-one-member rescue team has left to help the earthquake victims.
The rescue team flew to Turkey with 7 tons of rescue equipment ...
#KPbuzz #Turkey #TurkeyEarthquake
#PrayForTurkey
#?a  ?_??  1?  ?  _??  ?_  ??  ?|??  ?    ??_?1  ??  ? 歙?
#ChatGPT https://t.co/Qd6SO4aHxm",323,0,1.54e+18,ZaheerK49527861,1.62e+18,Tue Feb 07 09:34:25 +0000 2023,2023/2/7 9:34,26,20,0,https://twitter.com/ZaheerK49527861/status/1622891522600435712,46,52620
52630,"Every single time SA is facing a major challenge, like the one they're facing with energy load shed. They transfer aggression to foreigners especially Nigerians and it's other problems.
#BBTitans  #Turkey #ChatGPT  #ZenithBank #NANA #GRAMMYs",242,0,2249766444.0,donkenny005,1.62e+18,Tue Feb 07 09:35:30 +0000 2023,2023/2/7 9:35,0,0,1,https://twitter.com/donkenny005/status/1622891794248638467,1,52631
52642,"Ruiru Villas is possibly one of the most impressive projects in Ruiru. Located in Ruiru, along Kiganjo Road.
The serviced 1/4 acre plots have Ready Title Deed.

From Ksh 7M

a????? 0719420175
e??   info@faharirealtors.com
https://t.co/VeJphdTQyt

#Turkey #NSSF #ManchesterCity #ChatGPT https://t.co/Rbtb1UGgiY",318,1,2251585753.0,FahariRealtors,1.62e+18,Tue Feb 07 09:37:04 +0000 2023,2023/2/7 9:37,2,0,0,https://twitter.com/FahariRealtors/status/1622892190128037888,2,52643
52761,"President Arif Alvi visited LRH along with Caretaker Chief Minister Khyber Pakhtunkhwa Muhammad Azam Khan and enquired about the health of injured
#KP360Updates
#Turkey #HelpTurkey #ChatGPT 
#ParvezMusharraf #WhatsApp O Allah Muslim Ummah https://t.co/DguaOdJOwt",265,0,1.54e+18,AmirKhanShinw13,1.62e+18,Tue Feb 07 09:50:15 +0000 2023,2023/2/7 9:50,7,1,0,https://twitter.com/AmirKhanShinw13/status/1622895508204265472,8,52762
53175,"Man Utd target https://t.co/l7e7vQ6mTI

Manchester City, Turkey, Syria, #ChatGPT, Harry Kane, Harry styles, #BreakingNews,state House, #Turkey #Turkiye #Australia #GRAMMYs Beyonce jeremia kioni, nana, Henry https://t.co/wQZ3OGMl2I",232,0,1.49e+18,modestrecipe,1.62e+18,Tue Feb 07 10:31:54 +0000 2023,2023/2/7 10:31,0,0,0,https://twitter.com/modestrecipe/status/1622905990671745025,0,53176
53241,"?a?  ?  ?1  ??     ??1  ??   ?  ?-?  ?? ? 歙??  ???  ?  ?   ? 歙?  ?  ?  ?  ???   ?  ??  ?3  ?? 歙? ? 歙?  ?? 歙?  ???   ?? 歙??a  ? ?3?a?  ???   ?1  ?  ?   ????    ??  ?a   ??a  ???  ??  ?a ? 歙??  ?3  ?? 歙? ? 歙??1? 歙?  ?  ???.
#? 歙??  ?3  ?? 歙?_? 歙?  ?? 歙?  ??? #?a?  ? 歙?  ? #? 歙??    ?  ??  ?   #? 歙?  ?  ??   #?a?    ?  ??  _? 歙?? 歙?  #? 歙??3?1  ??    ??? #?a?    ?  ??  
#Trading #Dollar #Turkey #Oil #Saudi #AcySecuritiesMENA #ChatGPT https://t.co/ERtTO4asfl",460,0,1.57e+18,ACY_MENA,1.62e+18,Tue Feb 07 10:39:07 +0000 2023,2023/2/7 10:39,0,0,0,https://twitter.com/ACY_MENA/status/1622907803168915456,0,53242
53465,"President Arif Alvi's visit to LRH #Peshawar along with Care Taker Chief Minister KP Muhammad Azam Khan
Police Lines visited bomb #Blast injuries 
#KPbuzz O Allah #TurkeyEarthquake #earthquake Whatsapp Dehli #YellowStorm #PrayForTurkey #Turkey #HelpTurkey Pakistan #ChatGPT https://t.co/hiBLbOW0MT",299,0,9.17e+17,nizar_jadoon,1.62e+18,Tue Feb 07 11:00:37 +0000 2023,2023/2/7 11:00,41,25,0,https://twitter.com/nizar_jadoon/status/1622913213636530178,66,53466
53483,"President Arif Alvi's visit to LRH #Peshawar along with Care Taker Chief Minister KP Muhammad Azam Khan
Police Lines visited bomb #Blast injuries 
#KPbuzz O Allah #TurkeyEarthquake #earthquake Whatsapp Dehli #YellowStorm #PrayForTurkey #Turkey #HelpTurkey Pakistan #ChatGPT https://t.co/pZSlywhhDT",299,0,1.33e+18,Tirahvalley2020,1.62e+18,Tue Feb 07 11:02:58 +0000 2023,2023/2/7 11:02,8,7,0,https://twitter.com/Tirahvalley2020/status/1622913805318512640,15,53484
53614,"Ya Allah Maddad
 #?  stanbul #Turkey #earthquakeinturkey #earthquake #Turkiye #Syria #Syrie #turk #Lahore #ChatGPT #PrayForTurkeyAndSyria #PrayForTurkey #PrayforSyria #?2  ??2? 歙? #?2  ??2? 歙?_?3  ??    ??  _?a?    ?  ??   #?2  ??2? 歙?_?a?    ????   https://t.co/6jrTPV0OQ1",274,0,1.62e+18,RassalaTV,1.62e+18,Tue Feb 07 11:14:38 +0000 2023,2023/2/7 11:14,0,0,0,https://twitter.com/RassalaTV/status/1622916742795399168,0,53615
53715,"Und du mein lieber: schickst du Geld an Assad um weiter toten zu lassen oder an die richtigen?

#Erdbeben #ErdbebeninderTurkei #ErdbebenInSyrien 
#TurkeyEarthquake #syriaearthquake #syria #Turkey #Turkiye  #earthquake #tafel #Assad 
#earthquakeinturkey #?2  ??2? 歙? #HAARP #ChatGPT https://t.co/hYN4Vu7GEe",309,0,42390173.0,Abed_Taqie,1.62e+18,Tue Feb 07 11:24:14 +0000 2023,2023/2/7 11:24,4,0,0,https://twitter.com/Abed_Taqie/status/1622919159444021249,4,53716
54251,Which one AI Tool you look better ?#Turkey #ChatGPT #WhatsApp #blockchain #Crypto #AI,85,0,1.16e+18,citexpixie,1.62e+18,Tue Feb 07 12:19:33 +0000 2023,2023/2/7 12:19,0,0,1,https://twitter.com/citexpixie/status/1622933081127813120,1,54252
54437,"My song Baby drops in 3days (10th February) pls help spread the word. Presave:  https://t.co/Fxy0539E3U
#offset #Wizkidfc #Burna #TEMS #Cardi #Ronaldo #Turkey #ChrisBrown #HappeningNow #iHeartAwards #ChatGPT #art #MUFC #music #Musician #NewMusicFriday #NewMusicAlert #loveisland https://t.co/TWGCJWbCFN",303,0,1.58e+18,Its_Promzywild,1.62e+18,Tue Feb 07 12:40:31 +0000 2023,2023/2/7 12:40,2,0,0,https://twitter.com/Its_Promzywild/status/1622938356911943681,2,54438
54444,"My song Baby drops in 3days (10th February) pls help spread the word. Presave:  https://t.co/Fxy0539E3U
#offset #Wizkidfc #Burna #TEMS #Cardi #Ronaldo #Turkey #ChrisBrown #HappeningNow #iHeartAwards #ChatGPT #art #MUFC #music #Musician #NewMusicFriday #NewMusicAlert #loveisland https://t.co/SXUBr2son9",303,0,1.58e+18,Its_Promzywild,1.62e+18,Tue Feb 07 12:40:59 +0000 2023,2023/2/7 12:40,2,0,0,https://twitter.com/Its_Promzywild/status/1622938471537975299,2,54445
54674,"Traditional Fire Dancer in Rainbow Hawaii

Watch Full Length Videos in https://t.co/zTem9RYWbq
#RakhiSawant #SidharthKiaraWedding #kiaraadvanihot #Trending #trendingvideo #TrendingNow #trend #AllAmericanHomecoming #AdaniFiles #BuildJakapan #Turkey #ChatGPT #CostOfLivingCrisis https://t.co/CQe8YP3Cwd",303,0,1.44e+18,Trendin25843381,1.62e+18,Tue Feb 07 13:02:19 +0000 2023,2023/2/7 13:02,1,0,0,https://twitter.com/Trendin25843381/status/1622943841409175552,1,54675
54702,"Waikiki Beach in Hawaii

Watch Full Length Videos in https://t.co/zTem9RYWbq
#RakhiSawant #SidharthKiaraWedding #kiaraadvanihot #Trending #trendingvideo #TrendingNow #trend #AllAmericanHomecoming #AdaniFiles #BuildJakapan #Turkey #ChatGPT #CostOfLivingCrisis https://t.co/4VPWY3VIjj",285,0,1.44e+18,Trendin25843381,1.62e+18,Tue Feb 07 13:05:17 +0000 2023,2023/2/7 13:05,1,0,0,https://twitter.com/Trendin25843381/status/1622944588322459651,1,54703
54726,"Water fall in Kauai Island, Hawaii
Watch Full Length Videos in https://t.co/zTem9RYWbq
#RakhiSawant #SidharthKiaraWedding #kiaraadvanihot #Trending #trendingvideo #TrendingNow #trend #AllAmericanHomecoming #AdaniFiles #BuildJakapan #Turkey #ChatGPT #CostOfLivingCrisis https://t.co/TA53UyNAo1",294,0,1.44e+18,Trendin25843381,1.62e+18,Tue Feb 07 13:07:24 +0000 2023,2023/2/7 13:07,7,0,1,https://twitter.com/Trendin25843381/status/1622945120189546497,8,54727
54732,"ChatGPT may replace you! Former IIT Delhi Director warns of changing times, shares tips to help students
.
.
#ChatGPT #ChatGPTPlus #AI #student #KhosiTwala #Quantumania #earthquake #earthquakeinturkey #Turkey #UkraineRussiaWar 

https://t.co/UTgEpvI1yl",257,0,1.6e+18,ReadSelectives,1.62e+18,Tue Feb 07 13:08:16 +0000 2023,2023/2/7 13:08,0,0,0,https://twitter.com/ReadSelectives/status/1622945340277108737,0,54733
55041,"    ?    2    瑷? ?     ?    ?    悒? 瑷? ?    琛?   ?    悒? ?    ?! e??1
#viral #Trending #Live #ChatGPT #Turkey #?2  ??2? 歙?_?3  ??    ??  _?a?    ?  ??   #  ??  ? 戗?1  1?  ??  ??  ?1  ?    ? 楱?? #? 歙?  ?  ?? 歙?_  ?  ?? 歙?  ???  ? https://t.co/JaLaV1kZCu",253,0,1.62e+18,DrjNews,1.62e+18,Tue Feb 07 13:38:07 +0000 2023,2023/2/7 13:38,0,0,0,https://twitter.com/DrjNews/status/1622952853072646144,0,55042
55124,"Waiting for kenya kwanza government to deliver should be included in the list of  a 1000 ways to die,e??? they are living on excuses and blaming uhuru instead of fixing the problems e??-e??-
#Baba #Langata #interior cs #ODM mps #arrested #Nyanza #NSSF #ChatGPT #Turkey #tirriestuesday https://t.co/R7dg5K6M6H",309,0,1.5e+18,SalmaFeli1,1.62e+18,Tue Feb 07 13:45:22 +0000 2023,2023/2/7 13:45,9,2,1,https://twitter.com/SalmaFeli1/status/1622954676445499392,12,55125
55171,"Any guesses who's in this time? e???e???a??e??  e??  e???a??e??  

#HBLPSL8 #SabSitarayHumaray #YellowStorm #PervezMusharraf #ArtificialIntelligence #?  stanbul #Turkey #TurkeyEarthquake #HiraMani #PervaizElahi #ChatGPT #Google #GoogleAI #naseemshah #BabarAzame??   #shaheenafridi  #  ???  ?    ?  ?|??_? 洙??    ??  ? 瑷?_??  ??a? 歙? https://t.co/Qcc0anBRo3",358,0,1.56e+18,BcastRepublic,1.62e+18,Tue Feb 07 13:49:53 +0000 2023,2023/2/7 13:49,0,0,0,https://twitter.com/BcastRepublic/status/1622955814691520514,0,55172
55213,"e???Update: @Google to Launch @OpenAI's #ChatGPT Competitor a??#Barda?? in the Coming Weeks. 

#GoogleAI #Google  #ChatGPT #AI 
#CryptoNews #IoT #Turkey #BBTitians #HogwartsLegacy #deprem #HelpTurkey https://t.co/dUN9i2Ws2e",226,2,9.58e+17,Cryptotvplus,1.62e+18,Tue Feb 07 13:54:47 +0000 2023,2023/2/7 13:54,18,6,0,https://twitter.com/Cryptotvplus/status/1622957044205592576,24,55214
55267,"  ?  ?  ??? ??  ?  ????|?   ?3  ???  ?? 洙?   ?  ???  1??   ???   ????|?    ???  ? ? 歙??     ??  ? 歙??   ?2  ?  ???   ??? ?  ??  1  ?       ?  ??3  ?  1  ?  1   ?  ?  1   ???  ??    ?  ??  1?     ?? 歙??  ? 歙? ? 歙?  ?  ?   ??? ?  ? 歙??  ?1?  ??   1???3  1   ??    ?  1 ?3?? ?  ??  1?  ?|?    ?  ?  1   ??   ?  ?1  ?? 歙?   ??  ?  ???  ??
#Turkey #BBTitians #earthquake #viral #hiramani #ChatGPT #ArtificialIntelligence #art #HelpSyria https://t.co/5t6KKfUUEs",456,0,1.54e+18,Mohammad445555,1.62e+18,Tue Feb 07 14:00:00 +0000 2023,2023/2/7 14:00,13,6,0,https://twitter.com/Mohammad445555/status/1622958357517574144,19,55268
55550,"The federal government has prepared a bill to five-year imprisonment will be awarded to whoever scandalises or ridicules the Pakistan Army and judiciary through any medium.
#Turkey #BBTitians #HogwartsLegacy #earthquake #viral #ChatGPT https://t.co/uVEcCliiI1",260,0,1.54e+18,Mohammad445555,1.62e+18,Tue Feb 07 14:25:31 +0000 2023,2023/2/7 14:25,17,8,0,https://twitter.com/Mohammad445555/status/1622964781031297025,25,55551
55568,"    ?    ?    瑷?       ?    ?    瑷?       ?    ?    ?     ?    ?    2    ?    琛?   ?    ?    悒?       ?    ?     ?    ?    ?    ?    ?     ,     ?    ?    ?    2    ?    ?   琛?   ?    ?     ?    ?     ?    ?    2    ?     歙? ?    ?    ?
#Muslims #HateCrime #HateSpeech #JantarMantar #ChatGPT #Turkey #TurkeyEarthquake #TurkeyQuake 
Baba Bageshwar Dham | Dharm Sansad 
https://t.co/qD0ZXZ4w66",394,0,1.5e+18,tnewsgram,1.62e+18,Tue Feb 07 14:28:18 +0000 2023,2023/2/7 14:28,0,0,0,https://twitter.com/tnewsgram/status/1622965482700812290,0,55569
55794,"@web3cryptoo @cctip_com #Binance #BNB #BTC #NFTs #Airdrop #BSC #TRON  #Giveaway #ChatGPT #Bybit #Turkey #altcoin
@cctip_com #BNB",129,3,858403610.0,alberto21_luis,1.62e+18,Tue Feb 07 14:47:19 +0000 2023,2023/2/7 14:47,2,0,1,https://twitter.com/alberto21_luis/status/1622970265864134656,3,55795
57700,"Mental health is just as important as physical health. Take care of yourself, both inside and out. #mentalhealthawareness #selfcare
#viral #BBTitians #HogwartsLegacy #Turkey #ChatGPT",183,0,1.25e+18,syedimadfaizi,1.62e+18,Tue Feb 07 18:11:34 +0000 2023,2023/2/7 18:11,0,0,0,https://twitter.com/syedimadfaizi/status/1623021667734749190,0,57701
58881,"Branding Strategies for the Future: What to Expect and How to Prepare https://t.co/wtNjkOYVaK via @dreamhubafrica 

#BBTitians #Turkey #Turkiye #HogwartLegacy #BBTitians #BardAi #ChatGPT",188,1,1.46e+18,dreamhubafrica,1.62e+18,Tue Feb 07 20:10:02 +0000 2023,2023/2/7 20:10,0,0,0,https://twitter.com/dreamhubafrica/status/1623051480910495744,0,58882
59933,"https://t.co/fh51wNJMtk
#? 歙??2  ??  ?2  ? #  ??2  ?_?  ?  ??  ?  ? #seisme #ChatGPT #  ??    ?? 歙? #? 歙?  ??    ??  ?1 #  ??-?  ??_? 歙?? 歙? #? 歙?  ?  ?? 歙?_  ?  ?? 歙?  ?  ??o  ? #Turkey #? 歙??3  ??    ?_?2  ?  ??  ",216,0,108907890.0,bergeny,1.62e+18,Tue Feb 07 22:27:09 +0000 2023,2023/2/7 22:27,0,0,0,https://twitter.com/bergeny/status/1623085989357813760,0,59934
61325,Higgins warns the Twitter employees that their depositions and arrests will soon be waiting for theme??  e??  e??  e???e??a #vaccine #sotu2023 #Treason #Turkey #TurkeyQuake #Vaccine #PfizerExposed #USA #book #Ivermectin #truth #Ukraine #AI #earthquake #Russian #COVID #COVID19 #SCAM #ChatGPT https://t.co/KbWMaBzSf4,315,0,1.59e+18,RaineFXtrinity,1.62e+18,Thu Feb 09 21:37:01 +0000 2023,2023/2/9 21:37,1,0,0,https://twitter.com/RaineFXtrinity/status/1623798146592567296,1,61326
63848,"#Crypto News Recap: 5-11 February 2023 e???

#Cryptonews #Infomatix #BTC #Binance #Ethereum #Turkey #ChatGPT #Kraken https://t.co/OmI9xCdd8t",142,0,1.42e+18,Infomatix_io,1.62e+18,Sat Feb 11 08:05:37 +0000 2023,2023/2/11 8:05,10,3,22,https://twitter.com/Infomatix_io/status/1624318727884775425,35,63849
67052,"imagine that the United States came across the cybernetic alien race in #Area51 and that #ChatGPT was not a discovery but this learning race ? #Ukraine #Turkey #HARRP  ... 

then friend or foe ?

#UFO #UFOSightings #UAP #uaptwitter #Turkey
https://t.co/vXc4IWvYtu via @YouTube",281,1,4838520568.0,Tian_A1,1.62e+18,Sat Feb 11 18:22:38 +0000 2023,2023/2/11 18:22,0,0,0,https://twitter.com/Tian_A1/status/1624474002268856321,0,67053
69263,"Welcome to Pakistan Toll Tax e???
#Harami Pakistani Huqumat ke log Govt. ke ghate ki purti karte hue...

#PakistanBankrupt #PakistanEconomicCrisis #Turkey #ChatGPT  #TeJran #HogwartLegacy #PriyankaChaharChoudhary #INDvsPAK https://t.co/psj9FH97Ja",249,0,1.54e+18,Surya_Vanshi444,1.63e+18,Mon Feb 13 05:23:14 +0000 2023,2023/2/13 5:23,2,0,1,https://twitter.com/Surya_Vanshi444/status/1625002638071971841,3,69264
73214,"#Breaking_News #Altcoingazette #Publishes #Western #Ebook

https://t.co/L3GHTu4Gwp

#Cryptocurrency #Dogecoin $DOGE $BTC $ETH  $LINK #dogefam #ChatGPT #quant #Tesla #SNAP #Web3 #ChatGPT #earthquake #elon_musk $MNW #Chase #Influncer #altcoinseason #Turkey #BUSD #SuperBowlLVII https://t.co/uQ8PUluwI0",303,0,410377944.0,altcoingazette,1.63e+18,Mon Feb 13 16:32:29 +0000 2023,2023/2/13 16:32,1,1,0,https://twitter.com/altcoingazette/status/1625171059279380482,2,73215
