,full_text,text_length,at_num,user_id_str,screen_name,id_str,created_at,publish_time,favorite_count,retweet_count,reply_count,tweet_url,total_heat,tt
22697,"e?    When everybody is digging for gold, it's good to be in the the pick &amp; shovel business.

#NVIDIA #ai #ChatGPT #stablediffusion",137,0,2825191.0,iboy,1.62e+18,Wed Jan 25 07:22:53 +0000 2023,2023/1/25 7:22,2,0,0,https://twitter.com/iboy/status/1618147377378131968,2,22698
69483,"Remember the GPU mining boom? Well, we could be in for an AI version soon. https://t.co/Gw2MZe7Jod #NVIDIA #ChatGPT #AI #Forbes",127,0,24820841.0,TweakTown,1.63e+18,Mon Feb 13 06:14:04 +0000 2023,2023/2/13 6:14,3,4,0,https://twitter.com/TweakTown/status/1625015429247950851,7,69484
69602,??3?-???????  ?  ??????  ????2????????    ?????  |??   ????o?... #NVIDIA #ChatGPT #GPU https://t.co/wGJPZwZG2B,110,0,2799026833.0,technews_tw,1.63e+18,Mon Feb 13 06:45:02 +0000 2023,2023/2/13 6:45,2,0,0,https://twitter.com/technews_tw/status/1625023224118665223,2,69603
73926,"The head of NVIDIA added that ChatGPT is ""one of the greatest things that has ever been done for computing"" claiming that it will help bridge the tech divide and make computing more accessible. #NVIDIA #ChatGPT https://t.co/yxv6QtcEmY",234,0,14357338.0,NeowinFeed,1.63e+18,Mon Feb 13 18:32:03 +0000 2023,2023/2/13 18:32,0,2,0,https://twitter.com/NeowinFeed/status/1625201148608057378,2,73927
83083,"???????
#ChatGPT  
#graphiccard #NVIDIA #amd #rtx4080 
#rtx4090 #gaming #desktop https://t.co/d8kBdCMHja",107,0,1.48e+18,SYLau20,1.63e+18,Tue Feb 21 18:17:25 +0000 2023,2023/2/21 18:17,0,0,1,https://twitter.com/SYLau20/status/1628096568795742208,1,83084
87429,"Nvidia: Excellent Quarterly Earnings and On Its Way to Next Trillion-Dollar Company
#ChatGPT #NVIDIA #earnings 
https://t.co/FG1poQ9jjU",137,0,1.52e+18,Ainvest_Wire,1.63e+18,Thu Feb 23 12:28:27 +0000 2023,2023/2/23 12:28,0,0,0,https://twitter.com/Ainvest_Wire/status/1628733526521815041,0,87430
93496,"""Limited data sets a hurdle as China plays catch-up to #ChatGPT""

=&gt; Building an extroverted, very talkative #AI with censorship is hard

=&gt; #NVIDIA #GPUs are in short supply in China

=&gt; #US rules prevent the export of Nvidiaa??s A100 to China

https://t.co/c9nYE9xpKB https://t.co/jVRrpw1DUw",310,0,1.48e+18,UniMatrixZ0,1.63e+18,Mon Feb 27 10:23:00 +0000 2023,2023/2/27 10:23,1,0,0,https://twitter.com/UniMatrixZ0/status/1630151504676962304,1,93497
