,full_text,text_length,at_num,user_id_str,screen_name,id_str,created_at,publish_time,favorite_count,retweet_count,reply_count,tweet_url,total_heat,tt
6179,"Generaci?3n Z: ??ser?? la tecnolog?-a su condena en el mercado laboral?
https://t.co/PZSJXH6vG6

#tecnologia #mercadolaboral #chatgpt #generacionz #trabajadores #tecnologicas #evoluciontecnologia #tecnologiamercadolaboral #jovenes #trabajojovenes https://t.co/7Pz6RVLYrr",273,0,1.31e+18,negocios_tv,1.61e+18,Mon Jan 09 09:23:46 +0000 2023,2023/1/9 9:23,6,3,0,https://twitter.com/negocios_tv/status/1612379593779941376,9,6180
7483,"Los datasets de alta calidad que se est??n utilizando para entrenar a los modelos de lenguaje avanzados se agotar??n en 2026.

#gruppoavanti #tecnologia #noticiastecnologicas #inteligenciaartificial #IAs #ChatGPT #datasets

https://t.co/TOToeAaqb2",251,0,3211406092.0,GruppoAvanti,1.61e+18,Mon Jan 09 21:30:08 +0000 2023,2023/1/9 21:30,0,0,0,https://twitter.com/GruppoAvanti/status/1612562390003994638,0,7484
16687,"??Se puede invertir en #ChatGPT?

Analizamos este producto nuevo y revolucionario que lanz?3 OpenAI y otras estrategias de inversi?3n de IA f??cilmente disponibles.

#inteligenciaartificial #ia #tecnologia #inversiones

https://t.co/0lW6GEdsWZ",249,0,1.44e+18,forbesuruguay,1.62e+18,Tue Jan 17 14:17:19 +0000 2023,2023/1/17 14:17,3,0,0,https://twitter.com/forbesuruguay/status/1615352571354566659,3,16688
16891,#ChatGPT est?? muriendo de ??xito: la #IA m??s incre?-ble del a?  o no soporta a tantas personas us??ndola a la vez. https://t.co/ISkjFNChKl #tecnologia #web #riial #centroguadalupe #serredhacerred #redes #internet #Robotica  #inteligenciaartificial #AI #mundodigital,267,0,44633585.0,riial,1.62e+18,Tue Jan 17 15:25:05 +0000 2023,2023/1/17 15:25,2,0,0,https://twitter.com/riial/status/1615369625075683330,2,16892
19323,"??Est??s listo para convertirte en un superh??roe o superhero?-na de la tecnolog?-a?

Consejos precisos y claros sobre tecnolog?-a.

????nete hoy!

e???https://t.co/5bABeDecAY

#tecnolitas #ingeniososdesistemas #tecnologia #IA #inteligenciaartificial #podcast #chatgpt #asesoriatecnologica https://t.co/m2JFq20hrv",321,0,1.43e+18,tecnolitas,1.62e+18,Thu Jan 19 19:00:31 +0000 2023,2023/1/19 19:00,2,1,0,https://twitter.com/tecnolitas/status/1616148618641014789,3,19324
21404,"DB Assistant AgorA' - Rivitalizza la tua Carriera: Nuove Opportunit?? di Lavoro Emergenti in Settori Tradizionali
Guarda il video:
https://t.co/6F68dm5Czg
Vai all'Articolo:
https://t.co/IWez9mJiUo
#carriera #lavoridelfuturo #tecnologia #chatgpt",249,0,1.43e+18,Assistantdb,1.62e+18,Mon Jan 23 19:04:52 +0000 2023,2023/1/23 19:04,0,0,0,https://twitter.com/Assistantdb/status/1617599264485670913,0,21405
21855,"Microsoft invierte miles de millones en OpenAI, creador de ChatGPT https://t.co/lsYnPzzkPO

#tecnologia #microsoft #ChatGPT #OpenAI #republicadominicana #dominicanrepublic #santodomingo #dominicanos #noticias #ndigital #zdigital #cdn37 https://t.co/cHMWDVqZiQ",261,0,9.07e+17,InvertixRD,1.62e+18,Mon Jan 23 22:14:49 +0000 2023,2023/1/23 22:14,2,0,0,https://twitter.com/InvertixRD/status/1617647067261992960,2,21856
23897,"Speaking with @F_F_Ortigosa, Margarita Sandoval, e???a  ?e???e???e???a  ?e??2 e???e???e???e???e???, Mela Mar y @gaby_digital https://t.co/KqIfdUPt7R #chatGPT #tecnologia #inteligenciaartificial",193,2,184588659.0,gpattysoto,1.62e+18,Wed Jan 25 15:10:45 +0000 2023,2023/1/25 15:10,0,0,0,https://twitter.com/gpattysoto/status/1618265123088392193,0,23898
26297,"Historia de un ensayo: La #InteligenciaArtifical de #ChatGPT versus los analistas de #WallStreet

#WallStreet desafia a ChatGPT, la herramienta que est?? conquistando #Internet, para ganar en el mercado de valores
#empresas #tecnologia #mercados
https://t.co/iM1T3Vmzum",273,0,1.44e+18,forbesuruguay,1.62e+18,Fri Jan 27 10:09:30 +0000 2023,2023/1/27 10:09,0,0,0,https://twitter.com/forbesuruguay/status/1618914083855630336,0,26298
29387,"Historia de un ensayo: La #InteligenciaArtifical de #ChatGPT versus los analistas de #WallStreet

#WallStreet desafia a ChatGPT, la herramienta que est?? conquistando #Internet, para ganar en el mercado de valores
#empresas #tecnologia #mercados
https://t.co/iM1T3Vmzum",273,0,1.44e+18,forbesuruguay,1.62e+18,Sun Jan 29 13:10:30 +0000 2023,2023/1/29 13:10,0,0,0,https://twitter.com/forbesuruguay/status/1619684410105774080,0,29388
31965,"ChatGPT abre un nuevo mundo de posibilidades en el ??mbito empresarial

#chatgpt #ia #mejors #procesos #ti #tic #tecnologia #salvi #salvihernandez https://t.co/LwYwCrM0xM",172,0,111893418.0,SalviHernandez,1.62e+18,Tue Jan 31 11:59:31 +0000 2023,2023/1/31 11:59,0,0,0,https://twitter.com/SalviHernandez/status/1620391323214700545,0,31966
32860,"Cosa sta accadendo nel mondo tecnologico sotto i colpi dell'#intelligenzaartificiale e perch?? il modo di fare #innovazione sta cambiando? Ne parleremo alle 18:30 con @sdenicolai, professore di Innovation Management. Segui la diretta: https://t.co/yUhHHMN2Y9
#tecnologia #chatGPT https://t.co/cwYdpDAu1L",304,1,83186144.0,moneypuntoit,1.62e+18,Tue Jan 31 16:58:17 +0000 2023,2023/1/31 16:58,3,2,0,https://twitter.com/moneypuntoit/status/1620466512212402176,5,32861
33199,"ChatGPT: 5 usos para mejorar la productividad de tu pyme.
#tecnologia #empresas #ChatGPT  https://t.co/bFXpxIFm4X https://t.co/VWw97WtkQR",138,0,116840462.0,TuDecidesmx,1.62e+18,Tue Jan 31 18:49:42 +0000 2023,2023/1/31 18:49,0,0,0,https://twitter.com/TuDecidesmx/status/1620494548307939328,0,33200
33396,"#tecnologia #IA Como era de esperar #ChatGPT ha comenzado a usarse para generar contenidos, pero dem??s de las consideraci?3n t??cnicas en cuanto a posicionamiento, productividad y rentabilidad, hay un debate deontol?3gico. #legaltic https://t.co/7gzK3joqpr https://t.co/wfUVrPyjzx",281,0,8166712.0,batista1088,1.62e+18,Tue Jan 31 20:01:57 +0000 2023,2023/1/31 20:01,1,0,0,https://twitter.com/batista1088/status/1620512732637265920,1,33397
38768,"#tecnologia #IA La comunidad cient?-fica ha reaccionado negativamente a la acreditaci?3n de #ChatGPT como autor, ya que se considera que el software no puede cumplir con las responsabilidades requeridas. #legaltic https://t.co/2uOoPIZfXa https://t.co/vGJYSUO00y",261,0,8166712.0,batista1088,1.62e+18,Wed Feb 01 17:01:50 +0000 2023,2023/2/1 17:01,3,2,0,https://twitter.com/batista1088/status/1620829791569022988,5,38769
39974,"""H?? de se pensar, por??m, que a utiliza?  ?  o frequente desse tipo de ferramenta poder?? enfraquecer certas habilidades desses profissionais como a escrita, interpreta?  ?  o e pesquisa"" #opini?  o #tecnologia #ChatGPT https://t.co/OcR1xwVM88",244,0,15097726.0,meioemensagem,1.62e+18,Wed Feb 01 20:20:33 +0000 2023,2023/2/1 20:20,2,0,0,https://twitter.com/meioemensagem/status/1620879801988038658,2,39975
41045,"https://t.co/epImH2YxpR
#ChatGPT #iA #AI #google #tecnologia #bot #pesquisa #tech",82,0,9.06e+17,adrianojfr,1.62e+18,Wed Feb 01 23:31:54 +0000 2023,2023/2/1 23:31,2,0,0,https://twitter.com/adrianojfr/status/1620927952908345346,2,41046
44335,"Il mondo bancario, che dispone di enormi moli di dati ad alto potenziale informativo, si presta a una proficua introduzione dei principi e dei metodi della??AI https://t.co/9gZsEmxtME

#banche #AI #tecnologia #ChatGPT #intelligenzaartificiale #Deloitte #3febbraio",265,0,159211191.0,wallstreetita,1.62e+18,Fri Feb 03 13:00:23 +0000 2023,2023/2/3 13:00,0,1,0,https://twitter.com/wallstreetita/status/1621493803734499329,1,44336
44432,"wallstreetita: Il mondo bancario, che dispone di enormi moli di dati ad alto potenziale informativo, si presta a una proficua introduzione dei principi e dei metodi della??AI https://t.co/WZDUyl37jp

#banche #AI #tecnologia #ChatGPT #intelligenzaartificiale #Deloitte #3febbraio",280,0,2754489039.0,LucchinoL,1.62e+18,Fri Feb 03 13:12:40 +0000 2023,2023/2/3 13:12,0,0,0,https://twitter.com/LucchinoL/status/1621496896924557312,0,44433
44950,"ChatGPT fomenta discuss?  es e pode acelerar avan?  os no setor de educa?  ?  o 
#ChatGPT #Intelig?anciaArtificial #tecnologia #educa?  ?  o

https://t.co/bVRIzP0OUg",168,0,7.7e+17,falando_tech,1.62e+18,Fri Feb 03 14:25:32 +0000 2023,2023/2/3 14:25,2,1,0,https://twitter.com/falando_tech/status/1621515232698060872,3,44951
46965,"#tecnologia #inteligenciaartificial No tiene por qu?? ser necesariamente un peligro. Los profesores y alumnos de historia pueden usar #ChatGPT de varias maneras, veamos aqu?- algunos ejemplos... #legaltic https://t.co/8TFUZdu5pf https://t.co/GP0OwuzDPn",252,0,8166712.0,batista1088,1.62e+18,Fri Feb 03 19:30:14 +0000 2023,2023/2/3 19:30,1,0,0,https://twitter.com/batista1088/status/1621591912741232641,1,46966
47195,"OpenAI lan?  a vers?  o paga do #ChatGPT: assinantes ter?  o mais agilidade nas respostas e acesso preferencial em hor??rios de pico do ChatGPT - por enquanto, apenas nos Estados Unidos
 
https://t.co/L8tz0otjeU

#inteligenciaartificial #machinelearning #tecnologia #tech",275,0,258812806.0,ABES_SOFTWARE,1.62e+18,Fri Feb 03 20:15:26 +0000 2023,2023/2/3 20:15,0,0,0,https://twitter.com/ABES_SOFTWARE/status/1621603288167628802,0,47196
48042,"O que ?? ChatGPT? Aprenda Passo a Passo como usar
#chatgpt #openai #ElonMusk #tecnologia #tutorial
 https://t.co/Q33tNkIwiK",125,0,126986939.0,oincrivelblog,1.62e+18,Fri Feb 03 23:17:22 +0000 2023,2023/2/3 23:17,0,0,0,https://twitter.com/oincrivelblog/status/1621649074586779648,0,48043
48043,"O que ?? ChatGPT? Aprenda Passo a Passo como usar
#chatgpt #openai #ElonMusk #tecnologia #tutorial
 https://t.co/CjpwTXz5VU",125,0,1.25e+18,maisbaratoagora,1.62e+18,Fri Feb 03 23:17:37 +0000 2023,2023/2/3 23:17,0,1,0,https://twitter.com/maisbaratoagora/status/1621649136603860992,1,48044
55278,"??Hey coder! e???e??? e???e???a??a?????. Te compartimos algunos ejemplos de ayuda de ChatGPT a un programador e???e???a??e???e??  e???a??e???

Y a ti Coder, ??Te ha servido de ayuda el ChatGPT para codear? e?  ?
.
#mitocode #programador #programacion #tecnologia #chatgpt #ejemplos https://t.co/y8LKaHKdPO",309,0,54451419.0,mitocode,1.62e+18,Tue Feb 07 14:00:28 +0000 2023,2023/2/7 14:00,5,2,1,https://twitter.com/mitocode/status/1622958475813986304,8,55279
55491,"Desarrollan DetecGPT para detectar textos generados por IA.  
Ent??rate de qu?? se trata visitando nuestro https://t.co/KCaL8F9gDe

#7feb #chatgpt #chatbot #inteligenciaartificial #detecgpt #tecnologia #robots #avances #desarrollo #openia #aplicaciones #estadistica https://t.co/cXtEf0M8pG",292,0,1433009940.0,TelserVzla,1.62e+18,Tue Feb 07 14:20:21 +0000 2023,2023/2/7 14:20,3,2,0,https://twitter.com/TelserVzla/status/1622963480235065344,5,55492
55943,"El creador de Gmail asegura que ChatGPT acabar?? con el buscador de Google en menos de dos a?  os 
https://t.co/pdVleNULR4 
#developer #programador #informatico #SoftwareEngineer #programacion #tecnologia #fullstack #IA #AI #InteligenciaArtificial #ChatGPT https://t.co/exVCBD48Ev",282,0,9.97e+17,AccudeTi,1.62e+18,Tue Feb 07 15:00:45 +0000 2023,2023/2/7 15:00,2,0,0,https://twitter.com/AccudeTi/status/1622973645965660162,2,55944
57007,"Bard vs ChatGP: la batalla de las inteligencias artificiales a comenzado
 
#chatgpt #google #bard #ia #ai #empresas #negocios #batalla #tecnologia #trend #buscadores #poder #dinero #finanzas #actualidad https://t.co/8OYvi04RDK",228,0,56226737.0,Lwyllid,1.62e+18,Tue Feb 07 16:51:56 +0000 2023,2023/2/7 16:51,1,0,0,https://twitter.com/Lwyllid/status/1623001625949532161,1,57008
57108,"??#ChatGPT program??ndose a s?- misma? OpenAI ya ficha inenieros para lograrlo y, en el futuro, poder prescindir de ellos 
https://t.co/5esI3GOHiX 
#developer #programador #informatico #SoftwareEngineer #programacion #tecnologia #fullstack #IA #AI #InteligenciaArtificial https://t.co/bxoXy9Ruc6",297,0,9.97e+17,AccudeTi,1.62e+18,Tue Feb 07 17:01:30 +0000 2023,2023/2/7 17:01,3,0,1,https://twitter.com/AccudeTi/status/1623004035354660865,4,57109
60731,"https://t.co/eNNSV2tTwK Ahorra HORAS de tu vida con estos 5a?   recursos e???e??? que te dejo basados en #inteligenciaartificial. Vas a fliparlo, hay vida m??s alla de #chatgpt. #informatica #tecnologia #it #programacion",220,0,1.29e+18,SGordilloDev,1.62e+18,Thu Feb 09 19:40:20 +0000 2023,2023/2/9 19:40,0,0,1,https://twitter.com/SGordilloDev/status/1623768780814921729,1,60732
60861,"6 alternativas ao Chat GPT (Tech Tudo): https://t.co/ydv1UOONUf

#empreendedorismo #tecnologia #inteligenciaartificial #chatgpt #criardigital https://t.co/IypZH7DHHS",167,0,84320725.0,criardigital,1.62e+18,Thu Feb 09 20:01:39 +0000 2023,2023/2/9 20:01,1,0,0,https://twitter.com/criardigital/status/1623774144830529536,1,60862
67451,"Nosso s?3cio respons??vel pelo setor de tecnologia, @Wagner_Chavez_ fala sobre a guerra entre o Google e Microsoft em intelig?ancia artificial !

#openAI #tecnologia #google #microsoft #empresas #investimentos #ChatGPT #intelig?anciaartificial #AI #a?  ?  es #ondeinvestir #fintwit https://t.co/kFoqD6gzQ0",307,1,1.28e+18,SFAInvest,1.62e+18,Sat Feb 11 19:52:11 +0000 2023,2023/2/11 19:52,4,3,1,https://twitter.com/SFAInvest/status/1624496539031707649,8,67452
67879,"Em tentativa de alcan?  ar o fen?  meno ChatGPT, Google lan?  a seu pr?3prio chat, o ""Bard""#tecnologia #ChatGPT #Noticias 

Leia mais em e???https://t.co/LvHOJvqCnT https://t.co/5Ais1bxYGA",190,0,1.59e+18,jibrilperz,1.62e+18,Sat Feb 11 21:45:19 +0000 2023,2023/2/11 21:45,0,0,0,https://twitter.com/jibrilperz/status/1624525013037510658,0,67880
71025,"Microsoft presenta la nueva b?osqueda de Bing y el navegador Edge con la #Inteligenciartificial #ChatGPT incorporada 
https://t.co/1ED5FBXwxQ 
#developer #programador #informatico #SoftwareEngineer #programacion #tecnologia #fullstack #Analista #sysadmin #IA https://t.co/G1rgp5gvxn",284,0,9.97e+17,AccudeTi,1.63e+18,Mon Feb 13 11:00:22 +0000 2023,2023/2/13 11:00,1,0,0,https://twitter.com/AccudeTi/status/1625087478746038272,1,71026
71106,"PeperoniAI, la nuova app di intelligenza artificiale a??empaticaa?? sviluppata da 22HBG, che dichiara ufficialmente aperta anche in Italia la competizione con Chat GPT. Ecco di cosa si tratta
https://t.co/W7UBWvb96D

#PeperoniAI #ChatGPT #OpenAI #AI #tecnologia #app #13febbraio",281,0,159211191.0,wallstreetita,1.63e+18,Mon Feb 13 11:15:10 +0000 2023,2023/2/13 11:15,1,0,0,https://twitter.com/wallstreetita/status/1625091205729030144,1,71107
71443,"wallstreetita: PeperoniAI, la nuova app di intelligenza artificiale a??empaticaa?? sviluppata da 22HBG, che dichiara ufficialmente aperta anche in Italia la competizione con Chat GPT. Ecco di cosa si tratta
https://t.co/ifzDxJTc3L

#PeperoniAI #ChatGPT #OpenAI #AI #tecnologia #app a?|",288,0,2754489039.0,LucchinoL,1.63e+18,Mon Feb 13 12:12:36 +0000 2023,2023/2/13 12:12,1,0,0,https://twitter.com/LucchinoL/status/1625105657639608323,1,71444
71944,"Usare un'intelligenza artificiale per parlare dei problemi con l'intelligenza artificiale. E farsi anche cazziare nel processo.    

 #ia #ai #IAgenerativa #LLM #chatgpt #avatar #chatbot #tecnologia #tech #openai
#IntelligenzaArtificiale https://t.co/VF9AvXVb5o",264,0,732673.0,alessiojacona,1.63e+18,Mon Feb 13 13:24:35 +0000 2023,2023/2/13 13:24,0,1,0,https://twitter.com/alessiojacona/status/1625123774197559300,1,71945
72629,"Descubre el mundo de la Inteligencia Artificial en nuestro Podcast: ??IA en el trabajo? Playground es mejor que ChatGPT e?  ?

??No te pierdas el v?-deo completo aqu?-! e???

https://t.co/4k9SlOITFe

#gopointagency #inteligenciaartifical #chatgpt #marketingdigitalchile #tecnologia #openai https://t.co/yiehLm1Yen",319,0,1.59e+18,GopointAgency,1.63e+18,Mon Feb 13 15:02:58 +0000 2023,2023/2/13 15:02,1,0,0,https://twitter.com/GopointAgency/status/1625148531504717824,1,72630
72813,"??Pasticciato?? e ??affrettato??. Cos?? diversi dipendenti di #Google hanno definito il lancio di #Bard, il software di intelligenza artificiale che dovrebbe sfidare #ChatGPT. https://t.co/GWb6lEbMh5

@Distefanoale90 #tecnologia #intelligenzaartificiale #AI #sundarpichai",273,1,494357346.0,startup_italia,1.63e+18,Mon Feb 13 15:30:00 +0000 2023,2023/2/13 15:30,1,0,0,https://twitter.com/startup_italia/status/1625155334389248001,1,72814
73955,"Palestra dentro do MBA em IA e Big Data do ICMC da USP reuniu os docentes Fernando Os?3rio, Seiji Isotnai e Thiago Pardo. 

Confira detalhes: https://t.co/3UL9SDviS0 

#fdusp #direitousp #cbn #globo #sistemaglobo #icmc #tecnologia #ChatGPT #inteligenciaartificial",267,0,1.01e+18,de_usp,1.63e+18,Mon Feb 13 18:37:17 +0000 2023,2023/2/13 18:37,7,1,0,https://twitter.com/de_usp/status/1625202465086775296,8,73956
78256,"Google Sparrow, l'IA di Google che rivaleggia con ChatGPT di OpenAI. Dobbiamo considerare i problemi cognitivi che potrebbero sorgere.  #GoogleSparrow #ChatGPT #IA #tecnologia #etica #robotica #automazione #lavoro #google #futuro 

https://t.co/YgIruX4pE9",257,0,1.4e+18,AIopenmind,1.63e+18,Wed Feb 15 12:40:51 +0000 2023,2023/2/15 12:40,0,0,0,https://twitter.com/AIopenmind/status/1625837542682554369,0,78257
79025,"#Microsoft apela a ""calma"" na lista de espera pelo novo Bing
e??? https://t.co/UFQb5tBqfK
...
#ChatGPT #Edge #internet #microsoft #sistema #tecnologia #twitter https://t.co/6lUNZqWkQz",186,0,136062144.0,TugaTech,1.63e+18,Wed Feb 15 14:25:22 +0000 2023,2023/2/15 14:25,1,0,0,https://twitter.com/TugaTech/status/1625863844433207297,1,79026
81175,#websasombrosas #inteligenciaartificial #artificialintelligence #musica #music #machinelearning #ai #ia #frase #chatgpt #instamusic #guitar #bass #drum #musician #technology #tecnologia #python #deeplearning #web #webs #dev #developer #truco #trucos #sergiecode https://t.co/QKr8dLWrpN,285,0,1898001432.0,sergiecode,1.63e+18,Wed Feb 15 20:36:47 +0000 2023,2023/2/15 20:36,3,0,1,https://twitter.com/sergiecode/status/1625957313851928576,4,81176
81913,"e??? #OrbitaRioBravo: 

(via @PoorvuCenter) A Universidade de Yale publicou nesta semana as diretrizes para a utiliza?  ?  o do ChatGPT.
??
#ChatGPT #tecnologia #IA #Yale
??
https://t.co/WRANf4Z2YZ",203,1,3687841756.0,Rio_Bravo,1.63e+18,Wed Feb 15 23:28:20 +0000 2023,2023/2/15 23:28,0,0,0,https://twitter.com/Rio_Bravo/status/1626000488041684992,0,81914
82104,"El Metaverso y los NFT han dejado de ser tendencia; han sido guardados en un caj?3n debido a la gran influencia de la #inteligenciaartificial y herramientas como #ChatGPT.

#gruppoavanti #tecnologia #metaverso #NFT #noticiastecnologicas #IA

https://t.co/mDk2lWbxue",269,0,3211406092.0,GruppoAvanti,1.63e+18,Fri Feb 17 22:12:06 +0000 2023,2023/2/17 22:12,1,0,0,https://twitter.com/GruppoAvanti/status/1626706077516537856,1,82105
82111,"Pues estoy empezando a usar #ChatGPT como ""profesor particular"" cuando veo c?3digo que no entiendo. De momento, altamente recomendable. Las aplicaciones educativas que tiene la #IA son TREMENDAS e??  e??  e??   #informatica #tecnologia #it",239,0,1.29e+18,SGordilloDev,1.63e+18,Fri Feb 17 22:13:41 +0000 2023,2023/2/17 22:13,11,2,0,https://twitter.com/SGordilloDev/status/1626706477611118599,13,82112
87369,"Leia a coluna ""Palavra do Reitor"" na #ocpnews

#tecnologia #educa?  ?  o #intelig?anciaartificial #chatgpt #educa?  ?  osuperior #ensinosuperior #professores

https://t.co/eremV5MNh9",186,0,121440496.0,CatolicaSC,1.63e+18,Thu Feb 23 12:18:48 +0000 2023,2023/2/23 12:18,1,0,0,https://twitter.com/CatolicaSC/status/1628731095876268033,1,87370
89120,"??Te interesa conocer m??s del Chat GPT? Entra al siguiente link:
https://t.co/tsWAfJCc4R

#chatgpt #ia #ai #inteligenciaartificial #tecnologia #technology #gptchat #innovacion #innovation #herramientastecnologicas #emprendedores #empresario #empresaria #freelance #freelancing https://t.co/utOR6U5v2L",304,0,1.29e+18,somosyoboss,1.63e+18,Thu Feb 23 16:44:03 +0000 2023,2023/2/23 16:44,1,1,0,https://twitter.com/somosyoboss/status/1628797848623132673,2,89121
89557,"Bill Gates disse para a Forbes que acredta que tecnologias digitais, como o ChatGPT podem ser t?  o revolucion??rias quanto o surgimento do PC e da Internet. Saiba mais: https://t.co/aSWM8YeWbH

#inteligenciaartificial #chatgpt #openai #chatbot #tecnologia #engenharia360",273,0,8.68e+17,Engenharia360,1.63e+18,Thu Feb 23 18:00:27 +0000 2023,2023/2/23 18:00,0,0,0,https://twitter.com/Engenharia360/status/1628817077212512257,0,89558
90165,"El tostador coneix on ??s el pa perqu?   sap on no est??. Restant on est?? del lloc on no est??, o on no est?? del lloc on est?? (el que sigui m??s gran), obt?? una difer?  ncia, o torrada."" #tecnologia #tostadora #declaracionsabsurdes #chatGPT",244,0,8.8e+17,JebTheCommie,1.63e+18,Thu Feb 23 19:58:54 +0000 2023,2023/2/23 19:58,2,1,0,https://twitter.com/JebTheCommie/status/1628846885766066177,3,90166
90253,"O colunista de tecnologia, Kevin Roose, testou o novo recurso de bate-papo do Bing que revelou querer poder ""destruir o que quiser"".
Leia mais no link!
#intelig?anciaartificial #ia #tecnologia #computa?  ?  o #ti #chatbot #chatgpt #ai #bing #microsoft #infnet 
https://t.co/4vGfeoy68t",287,0,14148712.0,infnet,1.63e+18,Thu Feb 23 20:18:18 +0000 2023,2023/2/23 20:18,2,0,0,https://twitter.com/infnet/status/1628851767084449793,2,90254
92190,"Tecnocracia: 233: El impacto de ChatGPT en Hollywood y otros temas m??s en Apple??Podcasts #tecnologia #espa?  ol #chatgpt #podcast
    
https://t.co/KqK19mOGW6",162,0,17482412.0,gadgetero,1.63e+18,Mon Feb 27 04:15:08 +0000 2023,2023/2/27 4:15,0,0,0,https://twitter.com/gadgetero/status/1630058931576791040,0,92191
92514,"Problemas para #ChatGPT: las alternativas al popular chatbot de #IA.

Si ya has probado el #chatbot de #OpenAI, te interesar?? conocer los mejores competidores. Algunos est??n m??s actualizados.

#tecnologia #inteligenciaartificial  https://t.co/Jvexz3EzK8",260,0,118058957.0,iliernavarro,1.63e+18,Mon Feb 27 06:13:25 +0000 2023,2023/2/27 6:13,2,1,0,https://twitter.com/iliernavarro/status/1630088694882349057,3,92515
93185,"IA usada para recriar fotos reais das personagens de GTA: San Andreas
e??? https://t.co/8nV4b39dFn
...
#ChatGPT #GTA #mundo #Rockstar #tecnologia #twitter https://t.co/wtX7oprukO",181,0,136062144.0,TugaTech,1.63e+18,Mon Feb 27 09:11:29 +0000 2023,2023/2/27 9:11,2,0,0,https://twitter.com/TugaTech/status/1630133509934161922,2,93186
