,full_text,text_length,at_num,user_id_str,screen_name,id_str,created_at,publish_time,favorite_count,retweet_count,reply_count,tweet_url,total_heat,tt
6260,"ChatGPT pu?2 aiutare gli hacker a violare i siti web
#ArtificialIntelligence #ChatBot #ChatGPT #CyberSecurity #CyberSicurezza #Hacker #Hacking #IntelligenzaArtificiale #Notizia #Notizie #Rischi #Sicurezza #SicurezzaInformatica #Tech #TechNews #Test

https://t.co/Z1ODrqBvk2 https://t.co/QTldDac85s",300,0,1.01e+18,CeotechI,1.61e+18,Mon Jan 09 10:17:32 +0000 2023,2023/1/9 10:17,3,3,0,https://twitter.com/CeotechI/status/1612393126911434752,6,6261
6522,"e???Missed any of the weekenda??s #CyberSecurity #TechNews? 
Here's a selection: https://t.co/Bk29BlY4lm

e??? @carlypage_ @dangoodin001 @iblametom @billtoulas @LawrenceAbrams @dannyjpalmer 

#MondayRoundup #Roundup #Twitter #Rackspace #Slack #ChatGPT #DataBreach #Ransomware #Malware https://t.co/imOZi8E0D5",313,6,7.08e+17,JeticoSoftware,1.61e+18,Mon Jan 09 12:56:01 +0000 2023,2023/1/9 12:56,0,0,0,https://twitter.com/JeticoSoftware/status/1612433009394737154,0,6523
6862,"Gli hacker utilizzano ChatGPT per scrivere il malware
#ChatGPT #CheckPoint #CyberCrime #CyberNews #CyberSecurity #CyberSicurezza #DataProtection #Hacker #Hacking #IA #Infostealer #Malware #Notizie #OpenAI #Ransomware #Sicurezza #TechNews #Tecnologia

https://t.co/fBUtDBX9nB https://t.co/GnDVvk7WdQ",301,0,1.01e+18,CeotechI,1.61e+18,Mon Jan 09 15:51:58 +0000 2023,2023/1/9 15:51,5,5,0,https://twitter.com/CeotechI/status/1612477286858604544,10,6863
9665,"#TrojanPuzzle attack trains #AI assistants into suggesting malicious code
https://t.co/lRGhFev8wa

Poisoning attack to trick coding assistants = consequences for likes of #Github #Copilot &amp; #OpenAI #ChatGPT.  
#CyberSecurity #InfoSec #GithubCopilot #TechNews #SupplyChainAttack",285,0,122061621.0,LaneSystems,1.61e+18,Wed Jan 11 16:26:45 +0000 2023,2023/1/11 16:26,1,0,0,https://twitter.com/LaneSystems/status/1613210816840437761,1,9666
10359,Hackers using AI chat tools to automate malware development #CPR #CyberSecurity #ChatGPT https://t.co/c5VwFIpufq,112,0,199877699.0,ana4pr,1.61e+18,Wed Jan 11 21:00:30 +0000 2023,2023/1/11 21:00,1,1,0,https://twitter.com/ana4pr/status/1613279708585824256,2,10360
10633,Is ChatGPT a cybersecurity threat? a????? #OpenAI #ChatGPT #CyberSecurity #CyberThreat #Tech  https://t.co/P6RSbMyKS7,117,0,1155145640.0,MizuryTM,1.61e+18,Wed Jan 11 23:35:56 +0000 2023,2023/1/11 23:35,1,0,1,https://twitter.com/MizuryTM/status/1613318825549697025,2,10634
12927,"Unser Kollege @thecyberstefan hat das KI-Tool ChatGPT f??r den Entwurf einer Phishing-Mail getestet, das Ergebnis ist erstaunlich und schreit nach Awareness-Schulungen 
https://t.co/xOIn2qy864
#ChatGPT #Phishing #CyberSecurity #Awareness #ITSicherheit #Datenschutz #CyberDefense",280,1,7.66e+17,ICS_GmbH,1.61e+18,Fri Jan 13 21:06:30 +0000 2023,2023/1/13 21:06,0,0,0,https://twitter.com/ICS_GmbH/status/1614005993150599168,0,12928
13940,"In this video, https://t.co/bvKNKQa4MP covers how hackers use ChatGPT to create malware.

#Security #CyberSecurity #CyberSecurityNews #CyberSec #InfoSec #InfoSecurity #InfoSecurityNews #Malware #CyberNews #Hackers #ChatGPT #Cybercrime 

https://t.co/1cTAOwtL1q",264,0,9.41e+17,TheRealMikeInOz,1.61e+18,Sun Jan 15 11:51:08 +0000 2023,2023/1/15 11:51,0,0,0,https://twitter.com/TheRealMikeInOz/status/1614591007148081156,0,13941
14105,"Hackers using #AI chat tools to automate #malware development 
#CyberSecurity #OpenAI #ChatGPT 
https://t.co/lnra2rgyf9",121,0,40617940.0,smorrison3,1.61e+18,Sun Jan 15 13:51:19 +0000 2023,2023/1/15 13:51,0,0,0,https://twitter.com/smorrison3/status/1614621250923413505,0,14106
18662,ChatGPT Creates Polymorphic Malware - Infosecurity Magazine https://t.co/utp8F6WhSQ via @GoogleNews #CyberSecurity #ChatGPT,123,1,296233891.0,PHD2468,1.62e+18,Thu Jan 19 14:36:57 +0000 2023,2023/1/19 14:36,0,1,0,https://twitter.com/PHD2468/status/1616082287497560064,1,18663
20644,Google-oprichters keren terug om ChatGPT-gevaar te bezweren - De Standaard https://t.co/vW6LKp5izA via @GoogleNews #CyberSecurity #ChatGPT #Google #Page #Brin,158,1,296233891.0,PHD2468,1.62e+18,Sat Jan 21 18:09:26 +0000 2023,2023/1/21 18:09,0,0,0,https://twitter.com/PHD2468/status/1616860536133632002,0,20645
23570,#Researchers make #ChatGPT generate #malware code https://t.co/QGMd3q7QEv #AI #ArtificialIntelligence #CyberSecurity #FSCD,122,0,90749008.0,knolinfos,1.62e+18,Wed Jan 25 13:16:59 +0000 2023,2023/1/25 13:16,0,0,0,https://twitter.com/knolinfos/status/1618236489841647618,0,23571
24243,"e??? In this article, some of the potential applications will be explored within the realm of cybersecurity a?? as well as the risks of sophisticated AI technology like ChatGPT being used for illicit activities.
#BlackCell | #CyberSecurity #ChatGPT #AI https://t.co/5hqmSqq6xF",277,0,539910029.0,blackcellteam,1.62e+18,Wed Jan 25 17:09:57 +0000 2023,2023/1/25 17:09,1,0,0,https://twitter.com/blackcellteam/status/1618295120767647744,1,24244
24833,"Unsere Kollegen haben sich die Chancen und Risiken von #KI = K??nstlicher Intelligenz in Bezug auf Unternehmen angeschaut: Ihr Schutz sollte an erster Stelle stehen!
https://t.co/ekfNmIUEJr
#ChatGPT #Digitalisierung #thinksafethinkics #CyberSecurity #ITSicherheit @thecyberstefan https://t.co/B5i39Lbkwh",305,1,7.66e+17,ICS_GmbH,1.62e+18,Wed Jan 25 20:59:30 +0000 2023,2023/1/25 20:59,1,1,0,https://twitter.com/ICS_GmbH/status/1618352886076907529,2,24834
25069,"How Dangerous Are #ChatGPT And Natural Language Technology For Cybersecurity?

https://t.co/FXuE21jS6o

#Ransomware #CyberSecurity #InfoSec #PrivacyThreat
#SecurityRisk #DataProtection #DataBreach #Technology",213,0,243568454.0,stratorob,1.62e+18,Wed Jan 25 23:00:11 +0000 2023,2023/1/25 23:00,2,4,0,https://twitter.com/stratorob/status/1618383259511197697,6,25070
26800,"Nice weekend read for those who are interested in understanding how ChatGPT can be used for malware analysis.?? &gt; https://t.co/Pz5SodTqAP
#ChatGPT #Malware #CyberAttack #CyberSecurity #AI",191,0,110384388.0,sanjaykatkar,1.62e+18,Fri Jan 27 13:17:07 +0000 2023,2023/1/27 13:17,1,0,0,https://twitter.com/sanjaykatkar/status/1618961302118072322,1,26801
28110,"Calling Davos..#law makers. HAIR raising - Unethical words used for #ChatGpt &amp; many more existing #human privacy-mind #hack apps. unauthorised by us. A journalist said- a??CEOs of these app/ cos shud have been escorted Out of #Davos a??. 

#CyberSecurity #spy 
https://t.co/B4GEu4aAfU https://t.co/mPkF7pRdLD",315,0,1024701186.0,AnuragKulz,1.62e+18,Fri Jan 27 21:18:03 +0000 2023,2023/1/27 21:18,0,0,0,https://twitter.com/AnuragKulz/status/1619082329091346432,0,28111
35028,"ChatGPT Model is trained using

#ArtificialIntelligence #AI #ML #ChatGPT #ecommerce #Chatbot #DocumentAutomation #Banking #BFSI #finance #CyberSecurity #data #InvoiceAutomation #AISolutions #rpa #InvoiceExtraction #MachineLearning #Technology #datascience #Automation #AiMunshi",279,0,1.11e+18,Ai_MUNSHI,1.62e+18,Wed Feb 01 05:32:51 +0000 2023,2023/2/1 5:32,1,0,0,https://twitter.com/Ai_MUNSHI/status/1620656402783158272,1,35029
37257,"Reality check: #ChatGPT is not a malware-writing savant and much of the hype around it obscures just how much expertise is required to output quality code.
#CyberSecurity #InfoSec #malware #ransomware https://t.co/6hK6IbVbeL",225,0,1.46e+18,MichaelGouldCRI,1.62e+18,Wed Feb 01 13:23:24 +0000 2023,2023/2/1 13:23,1,1,0,https://twitter.com/MichaelGouldCRI/status/1620774820060307456,2,37258
38124,"Cyberpunk Hacker Images Design by AI

Click to see: https://t.co/X649Qtkyk8

#Hacking #CyberSecurity #BugBounty #bugbountytips #Hacking #hacker #hackerone #coding #programming #codinglife #Anonymous #cyberpunk #AI #artificalintelligence #ChatGPT https://t.co/oT2fty5NWz",273,0,1.61e+18,techofch,1.62e+18,Wed Feb 01 15:27:46 +0000 2023,2023/2/1 15:27,1,1,0,https://twitter.com/techofch/status/1620806119655608320,2,38125
41463,"https://t.co/j5aPXy6nnE
#ai #NFT #virtualassistant  #NFTs #GenerativeAI #Blackrock #Exclusive #CyberSecurity #ChatGPT @ChatGPTNFTs #Crisper #elon #ElonMuskTwitter",163,1,1.43e+18,OxyCryptodone,1.62e+18,Fri Feb 03 03:48:21 +0000 2023,2023/2/3 3:48,3,1,1,https://twitter.com/OxyCryptodone/status/1621354879351496704,5,41464
42667,"Check out the #Livestream by @evankirstel

https://t.co/M0FYrdALVq

@evankirstel
@cybersecboardrm

#CyberSecurity #CyberSecurityAwareness #cybersecboardrm #GenerativeAI??#TECHSUPERSHOW??#chatGPT??#GPT3??#AI??#B2B??#technology??#influencer??#digitalmedia??#supplycha?|https://t.co/ufeWkyxPlP",297,3,8.49e+17,Shahid20888,1.62e+18,Fri Feb 03 08:22:44 +0000 2023,2023/2/3 8:22,0,4,0,https://twitter.com/Shahid20888/status/1621423930379575296,4,42668
42851,"Let's not agree on this e?  ?

#AI #ChatGPT #artificalintelligence #CyberSecurity #ML #MachineLearning #india #AITOOLS https://t.co/BLxorUxotk",144,0,1.58e+18,H_K_D_0,1.62e+18,Fri Feb 03 09:00:25 +0000 2023,2023/2/3 9:00,1,0,0,https://twitter.com/H_K_D_0/status/1621433415978602496,1,42852
43950,"Foreign states already using ChatGPT maliciously, UK IT leaders believe #CyberSecurity #UK #ChatGPT #malicious #use  https://t.co/KR4XQFQpL2",140,0,2367320131.0,cybersecboardrm,1.62e+18,Fri Feb 03 12:01:51 +0000 2023,2023/2/3 12:01,2,4,0,https://twitter.com/cybersecboardrm/status/1621479074563514368,6,43951
46186,"https://t.co/J8EfdbSVqg . For Sale : 

e??  Premium Domain Name
e??  Security is a High Value Keyword

#business #startup #BrandName #domains #nft #nfts #Today #AI #metaverse #Money #Web3 #CyberSecurity #Security #Safety #ArtificialIntelligence #ChatGPT",258,0,1.23e+18,DomainNames777,1.62e+18,Fri Feb 03 17:21:11 +0000 2023,2023/2/3 17:21,7,1,0,https://twitter.com/DomainNames777/status/1621559438178910208,8,46187
49034,"Herea??s what IT leaders have to say on #ChatGPT enabled #cyberattacks 

https://t.co/UpLLeFueqU via @timesofindia 

#RCE #ZeroTrust #ZeroDay #cybercrime #hacker #privacy #APT #bot #CISO #DDoS #hacked #hacking #phishing #CyberSecurity #Security #infosec #AppSec #BotNet #technology",285,1,91608548.0,bamitav,1.62e+18,Tue Feb 07 01:19:44 +0000 2023,2023/2/7 1:19,1,2,0,https://twitter.com/bamitav/status/1622767033011118085,3,49035
51651,ChatGPT's potential to aid attackers puts IT pros on high alert - https://t.co/DV9DuoTKBZ - @BlackBerry #ChatGPT #AI #ArtificialIngelligence #CyberSecurity #netsec #security #InfoSecurity #ITsecurity #CISO #CyberSecurityNews #SecurityNews https://t.co/hGI7GvAWf8,262,1,14293266.0,helpnetsecurity,1.62e+18,Tue Feb 07 07:51:46 +0000 2023,2023/2/7 7:51,1,3,0,https://twitter.com/helpnetsecurity/status/1622865689152290816,4,51652
52968,"#Google rushes to unveil its new AI chatbot. Would you use it?
#CyberSecurity #Tech #ChatGPT #AI 
https://t.co/NXxKvsR4I2",123,0,1.46e+18,ClarabotNano,1.62e+18,Tue Feb 07 10:10:00 +0000 2023,2023/2/7 10:10,0,0,0,https://twitter.com/ClarabotNano/status/1622900475996823553,0,52969
56616,"e??? Myriad360 is headed to Atlanta on Feb 13-15th for NANOG 87. 

e?????? Attending? Schedule an appointment to meet with our team during the event. 

e??? Myriad360 is a proud sponsor of NANOG 87.

More: https://t.co/dFbfbTUiWI

#NANOG87 #NANOG #ChatGPT #CyberSecurity #Technology https://t.co/zbklgPyiBn",314,0,389711519.0,Myriad_360,1.62e+18,Tue Feb 07 16:10:01 +0000 2023,2023/2/7 16:10,0,0,0,https://twitter.com/Myriad_360/status/1622991077857714179,0,56617
64131,#ChatGPT and #CyberAttacks  https://t.co/eFtwELoC6h   #CyberSecurity #Technology,80,0,8.11e+17,Cybersecinsider,1.62e+18,Sat Feb 11 09:10:11 +0000 2023,2023/2/11 9:10,0,1,0,https://twitter.com/Cybersecinsider/status/1624334974919876608,1,64132
65346,"ChatGPT: Hopes, Dreams, Cheating and Cybersecurity https://t.co/LoCte1qxRS 

#ArtificialIntelligence #AI #ChatGPT #CyberSecurity #education",141,0,477395849.0,HusaAlangari,1.62e+18,Sat Feb 11 13:24:52 +0000 2023,2023/2/11 13:24,3,1,0,https://twitter.com/HusaAlangari/status/1624399068343549957,4,65347
65452,"All manner of threat actors are trying to compromise OpenAI's ChatGPT program, according to cybersecurity company Check Point Software Technologies.  #CyberSecurity #ChatGPT #Russia #ManyMore  https://t.co/Ds09mBSlHv",216,0,2367320131.0,cybersecboardrm,1.62e+18,Sat Feb 11 13:43:15 +0000 2023,2023/2/11 13:43,7,7,0,https://twitter.com/cybersecboardrm/status/1624403695273144323,14,65453
65603,"Hey, wait!
Are you ready to create a  word of opportunities? #Chatgpt  #ArtificialIntelligence #CyberSecurity #news 
https://t.co/UuHPCI5coO",142,0,1.5e+18,InsertyourAI,1.62e+18,Sat Feb 11 14:00:46 +0000 2023,2023/2/11 14:00,2,0,0,https://twitter.com/InsertyourAI/status/1624408103629225984,2,65604
70391,"Es gibt keine 100 %ige Sicherheitsl??sung, regelm?  ??ige Backups und die Sicherheitsrichtlinien des Unternehmens auf dem neuesten Stand zu halten, helfen dabei - so #ChatGPT zur CyberSecurity
https://t.co/EQE0DqeEoR
#CyberCrime #KI #ITSicherheit #CyberSecurity #encryption #AI",279,0,7.66e+17,ICS_GmbH,1.63e+18,Mon Feb 13 09:20:00 +0000 2023,2023/2/13 9:20,3,0,0,https://twitter.com/ICS_GmbH/status/1625062220605554688,3,70392
71709,"e???Missed any of the weekenda??s #CyberSecurity #TechNews?
Here's a selection: https://t.co/0UICjpvv9D

e??? @dellcam @TiernanRayTech @happygeek @LawrenceAbrams @dangoodin001 @serghei

#MondayRoundup #Roundup #FBI #ChatGPT #Reddit #Phishing #NameCheap #DataBreach #Ransomware #Malware https://t.co/3r7wRWMLMc",314,6,7.08e+17,JeticoSoftware,1.63e+18,Mon Feb 13 12:53:29 +0000 2023,2023/2/13 12:53,0,0,0,https://twitter.com/JeticoSoftware/status/1625115947370442753,0,71710
71923,"#ChatGPT vs #BardAI 

#ArtificialIntelligence #AI #ML #DataScience #DataScientists #CodeNewbies #Tech #deeplearning #CyberSecurity #Python #Coding  #javascript #rstats #100DaysOfCode #programming #Linux #IoT #IIoT #BigData https://t.co/TACZ6SCTMK",248,0,1729180992.0,BDAnalyticsnews,1.63e+18,Mon Feb 13 13:22:14 +0000 2023,2023/2/13 13:22,68,22,2,https://twitter.com/BDAnalyticsnews/status/1625123182230507521,92,71924
71959,"Top #chatgpt keywords

#ArtificialIntelligence #AI #ML #DataScience #DataScientists #CodeNewbies #Tech #deeplearning #CyberSecurity #Python #Coding  #javascript #rstats #100DaysOfCode #programming #Linux #IoT #IIoT #BigData https://t.co/EPAP3bMKGP",249,0,1729180992.0,BDAnalyticsnews,1.63e+18,Mon Feb 13 13:26:14 +0000 2023,2023/2/13 13:26,56,20,1,https://twitter.com/BDAnalyticsnews/status/1625124189203009537,77,71960
72025,"#ChatGPT  vs #BARD

#ArtificialIntelligence #AI #ML #DataScience #DataScientists #CodeNewbies #Tech #deeplearning #CyberSecurity #Python #Coding  #javascript #rstats #100DaysOfCode #programming #Linux #IoT #IIoT #BigData https://t.co/pax47Ydsbc",246,0,1729180992.0,BDAnalyticsnews,1.63e+18,Mon Feb 13 13:34:31 +0000 2023,2023/2/13 13:34,14,3,0,https://twitter.com/BDAnalyticsnews/status/1625126274959114244,17,72026
73315,ChatGPT: Cybersecurity Ramifications https://t.co/E9qgeKYK6N #CyberSecurity #ChatGPT https://t.co/BKdbchxNdP,108,0,2367320131.0,cybersecboardrm,1.63e+18,Mon Feb 13 16:50:38 +0000 2023,2023/2/13 16:50,3,4,0,https://twitter.com/cybersecboardrm/status/1625175629304938506,7,73316
74674,"e??? The #Myriad360 team is in Atlanta this week as a sponsor and attendee at #NANOG87. 
e?????? If you're attending, let's connect! Schedule a time to meet with our team between 2/13-15. 

https://t.co/fcedvpNCuJ
#NANOG87 #NANOG #ChatGPT #networking #IT #CyberSecurity #Technology https://t.co/UyaFBgJ0w9",309,0,389711519.0,Myriad_360,1.63e+18,Mon Feb 13 20:57:42 +0000 2023,2023/2/13 20:57,1,0,0,https://twitter.com/Myriad_360/status/1625237803993903104,1,74675
74686,"Es gibt keine 100 %ige Sicherheitsl??sung, regelm?  ??ige Backups und die Sicherheitsrichtlinien des Unternehmens auf dem neuesten Stand zu halten, helfen dabei - so #ChatGPT zur CyberSecurity
https://t.co/EQE0Dqe6zj
#CyberCrime #KI #ITSicherheit #CyberSecurity #encryption #AI",279,0,7.66e+17,ICS_GmbH,1.63e+18,Mon Feb 13 21:00:02 +0000 2023,2023/2/13 21:00,2,0,0,https://twitter.com/ICS_GmbH/status/1625238390076502020,2,74687
74703,"#ChatGPT vs #BardAI 
#ArtificialIntelligence #AI #ML #DataScience #DataScientists #CodeNewbies #Tech #deeplearning #CyberSecurity #Python #Coding  #javascript #rstats #100DaysOfCode #programming #Linux #IoT #IIoT #BigData https://t.co/CeBuQGqGZk",246,0,369635506.0,aicanedo,1.63e+18,Mon Feb 13 21:01:15 +0000 2023,2023/2/13 21:01,6,2,0,https://twitter.com/aicanedo/status/1625238696948555782,8,74704
75301,#ChatGPT and #CyberAttacks  https://t.co/HxQW12xbaa   #CyberSecurity #Technology,80,0,8.11e+17,Cybersecinsider,1.63e+18,Mon Feb 13 23:10:11 +0000 2023,2023/2/13 23:10,0,0,0,https://twitter.com/Cybersecinsider/status/1625271143488712714,0,75302
77571,"ChatGPT and more: What AI chatbots mean for the future of cybersecurity
OpenAI's #chatbot has many great uses https://t.co/8AzwzG5WgF #AI #ChatGPT #CybersecurityNews #CyberSecurity #CyberSecurityAwareness #cybersecuritytips #ArtificialIntelligence",248,0,3191025717.0,DarrenEwers,1.63e+18,Wed Feb 15 10:35:01 +0000 2023,2023/2/15 10:35,0,0,0,https://twitter.com/DarrenEwers/status/1625805873971863553,0,77572
82501,#ChatGPT and #CyberAttacks  https://t.co/RsP6J0zS5i   #CyberSecurity #Technology,80,0,8.11e+17,Cybersecinsider,1.63e+18,Sun Feb 19 23:10:11 +0000 2023,2023/2/19 23:10,0,0,0,https://twitter.com/Cybersecinsider/status/1627445472045502464,0,82502
84280,"#ChatGPT is the latest #AI technology threat actors use to launch cyberattacks! #Businesses must stay vigilant &amp; ensure their #IT teams are aware of the risk. #CyberSecurity #CyberAwareness

https://t.co/tRPsHLuDB7",220,0,1.48e+18,cybersec4iot,1.63e+18,Tue Feb 21 22:41:57 +0000 2023,2023/2/21 22:41,0,0,0,https://twitter.com/cybersec4iot/status/1628163140276965377,0,84281
87141,"AI software could make phishing emails even smarter. Researchers used ChatGPT to show how crooks might try to make scams more convincing. Never click a link in a suspect email

#PhishingScam #ChatGPT #CyberSecurity #MSP #tech #security

https://t.co/FnXYDqnJQt",264,0,14480416.0,dialageek,1.63e+18,Thu Feb 23 11:44:00 +0000 2023,2023/2/23 11:44,0,0,0,https://twitter.com/dialageek/status/1628722337884573697,0,87142
89845,"ChatGPT Plus, attenzione a questi client Windows e Android
#Android #App #ChatBot #ChatGPT #ChatGPTPlus #CyberNews #CyberSecurity #Google #Hacker #Malware #Microsoft #Notizie #OpenAI #PlayStore #Programmi #Sicurezza #TechNews #Tecnologia #Windows

https://t.co/3HN82yoQz6 https://t.co/P3IYONcWG7",298,0,1.01e+18,CeotechI,1.63e+18,Thu Feb 23 18:49:22 +0000 2023,2023/2/23 18:49,3,3,0,https://twitter.com/CeotechI/status/1628829387427573761,6,89846
91100,"#Hackers use fake #ChatGPT apps to push #Windows &amp; #Android #malware.
#CyberSecurity #infosec #cybercrime
https://t.co/6DG8yjDJKR https://t.co/54nw7HQiIR",159,0,110700737.0,twelvesec,1.63e+18,Sat Feb 25 21:35:01 +0000 2023,2023/2/25 21:35,0,0,0,https://twitter.com/twelvesec/status/1629595848144216067,0,91101
91508,Apocalypse with Artificial Intelligence is near with Microsoft AI powered #ChatGPT  https://t.co/808tj5ei7m   #CyberSecurity #Technology,136,0,8.11e+17,Cybersecinsider,1.63e+18,Mon Feb 27 00:10:09 +0000 2023,2023/2/27 0:10,1,1,0,https://twitter.com/Cybersecinsider/status/1629997276696309760,2,91509
93452,#ChatGPT and #CyberAttacks  https://t.co/RsP6J0zS5i   #CyberSecurity #Technology,80,0,8.11e+17,Cybersecinsider,1.63e+18,Mon Feb 27 10:10:10 +0000 2023,2023/2/27 10:10,0,0,0,https://twitter.com/Cybersecinsider/status/1630148278682525699,0,93453
94029,Apocalypse with Artificial Intelligence is near with Microsoft AI powered #ChatGPT  https://t.co/808tj5ei7m   #CyberSecurity #Technology,136,0,8.11e+17,Cybersecinsider,1.63e+18,Mon Feb 27 12:10:10 +0000 2023,2023/2/27 12:10,0,0,1,https://twitter.com/Cybersecinsider/status/1630178477163905027,1,94030
95552,Best Free Resources To Learn #ChatGPT https://t.co/fISyVbQFdK #ArtificialIntelligence #AI #ML #DataScience #DataScientists #CodeNewbies #Tech #deeplearning #CyberSecurity #Python #Coding  #javascript #rstats #100DaysOfCode #programming #Linux #IoT #IIoT #BigData,262,0,1729180992.0,BDAnalyticsnews,1.63e+18,Mon Feb 27 16:20:27 +0000 2023,2023/2/27 16:20,3,1,0,https://twitter.com/BDAnalyticsnews/status/1630241459948474369,4,95553
95566,The #ChatGPT cheat sheet https://t.co/HDl2v7VqkP  #ArtificialIntelligence #AI #ML #DataScience #DataScientists #CodeNewbies #Tech #deeplearning #CyberSecurity #Python #Coding  #javascript #rstats #100DaysOfCode #programming #Linux #IoT #IIoT #BigData,250,0,1729180992.0,BDAnalyticsnews,1.63e+18,Mon Feb 27 16:21:47 +0000 2023,2023/2/27 16:21,7,3,0,https://twitter.com/BDAnalyticsnews/status/1630241798877577218,10,95567
96252,"Use of #ChatGPT

#ArtificialIntelligence #AI #ML #DataScience #DataScientists #CodeNewbies #Tech #deeplearning #CyberSecurity #Python #Coding  #javascript #rstats #100DaysOfCode #programming #Linux #IoT #IIoT #BigData https://t.co/aCqESRPb9b",243,0,1729180992.0,BDAnalyticsnews,1.63e+18,Mon Feb 27 18:07:15 +0000 2023,2023/2/27 18:07,16,6,0,https://twitter.com/BDAnalyticsnews/status/1630268338462138368,22,96253
