,full_text,text_length,at_num,user_id_str,screen_name,id_str,created_at,publish_time,favorite_count,retweet_count,reply_count,tweet_url,total_heat,tt
24940,"e???e???e??2 e???e??  e??  e??  e??-: #e??? 

What difference btw e??  e???e??  e??   and e???e??  e???e???e???e??  e??  e???e??? in javascript?

#javascript  #Python #webdevelopment #learning #reactjs #ChatGPT #CarabaoCup #BiggBoss16 #RepublicDay2023 #work #BBTitans #Crypto #Bitcoin #cdnpoli #loveisland #PathaanReview #Oscars2023 https://t.co/rvPTha0PoV",360,0,3182718096.0,Uidesigner_SL,1.62e+18,Wed Jan 25 21:51:51 +0000 2023,2023/1/25 21:51,1,2,1,https://twitter.com/Uidesigner_SL/status/1618366061002518528,4,24941
35260,"The bots and trolls do know that #ChatGPT will render them obsolete, right? #cdnpoli #onpoli #Twitter #socialmedia #nomorerubles #abpoli #bcpoli @CPC_HQ @Alberta_UCP",165,2,615554233.0,stustin,1.62e+18,Wed Feb 01 06:30:30 +0000 2023,2023/2/1 6:30,0,2,1,https://twitter.com/stustin/status/1620670910888873985,3,35261
62889,"Yup, that pretty much about does it folks! #CovidVaccines #COVIDisAirborne #COVID #CovidLong #CovidIsntOver #CovidIsNotOver #cdnpoli #istandwithjustintrudeau Not! e?  ? #wefisevil #WEFpuppets #WEFTerrorists #Ukraine??? #TheMaskedSinger #NordstreamSabotage #ChatGPT #cdnpolitics",277,0,1.36e+18,Craigerlaxman81,1.62e+18,Sat Feb 11 04:14:47 +0000 2023,2023/2/11 4:14,2,0,0,https://twitter.com/Craigerlaxman81/status/1624260636019691520,2,62890
82444,"What will Canada Invoke the Emergency Act on next?  

#ChatGPT has the answer.  

#cdnpoli #Abpoli #EmergencyAct #Cows https://t.co/lgkGpYSLg7",146,0,9.08e+17,CalvinRedDeer,1.63e+18,Fri Feb 17 23:54:51 +0000 2023,2023/2/17 23:54,1,1,1,https://twitter.com/CalvinRedDeer/status/1626731934629117954,3,82445
85034,"Yes, it says that, but ChatGPT then makes false statements about events after 2021, and contradicts when corrected. It also spouts total nonsense about ""interim"" premiers. I wish people would actually read the column #ableg #abpoli #cdnpoli #yyc #Yeg #chatgpt",259,0,42557343.0,DonBraid,1.63e+18,Thu Feb 23 04:39:01 +0000 2023,2023/2/23 4:39,9,0,9,https://twitter.com/DonBraid/status/1628615387310100480,18,85035
87812,"ChatGPT, the AI international sensation, is downright stupid about Alberta politics. We got into an argument about it. Column.
https://t.co/uYXl5ppKJb #ableg #abpoli #cdnpoli #yyc #Yeg #chatgpt",194,0,42557343.0,DonBraid,1.63e+18,Thu Feb 23 13:30:00 +0000 2023,2023/2/23 13:30,9,1,13,https://twitter.com/DonBraid/status/1628749014064590848,23,87813
91738,China's Chat GPT catch 22 or why the CCP can't deal with the G in AGI. (note: Chat GPT is not and will not be AGI) #AI #AGI #CHATGPT #AIPolicy #geopolitics #China #generativeai #freedomofinformation #democracy #AsiaPacific #cdnpoli #cdngeopoliticalstrategy,256,0,286743973.0,PatrikMuncaster,1.63e+18,Mon Feb 27 01:37:19 +0000 2023,2023/2/27 1:37,0,0,0,https://twitter.com/PatrikMuncaster/status/1630019213648875520,0,91739
