,full_text,text_length,at_num,user_id_str,screen_name,id_str,created_at,publish_time,favorite_count,retweet_count,reply_count,tweet_url,total_heat,tt
64214,"#ChatGPT, identit?? num??rique, cryptomonnaie, #Centrafrique, ressources naturelles, responsabilit??s des ??litesa?| Le fondateur da??Ubuntu Tribe voit dans la technologie le v??ritable levier pour la????mancipation du continent.
https://t.co/jgLkHt3nOJ",254,0,570913571.0,JA_Eco,1.62e+18,Sat Feb 11 09:29:14 +0000 2023,2023/2/11 9:29,0,0,0,https://twitter.com/JA_Eco/status/1624339768728231936,0,64215
64221,"#ChatGPT, identit?? num??rique, cryptomonnaie, #Centrafrique, ressources naturelles, responsabilit??s des ??litesa?| Le fondateur da??Ubuntu Tribe voit dans la technologie le v??ritable levier pour la????mancipation du continent.
https://t.co/4XLFnnefFV",254,0,88708920.0,jeune_afrique,1.62e+18,Sat Feb 11 09:30:26 +0000 2023,2023/2/11 9:30,13,2,1,https://twitter.com/jeune_afrique/status/1624340071598944262,16,64222
65465,"#ChatGPT, identit?? num??rique, cryptomonnaie, #Centrafrique, ressources naturelles, responsabilit??s des ??litesa?| Le fondateur da??Ubuntu Tribe voit dans la technologie le v??ritable levier pour la????mancipation du continent.
https://t.co/I6hHQgnzcs",254,0,570913571.0,JA_Eco,1.62e+18,Sat Feb 11 13:45:11 +0000 2023,2023/2/11 13:45,1,0,0,https://twitter.com/JA_Eco/status/1624404181762154497,1,65466
65466,"#ChatGPT, identit?? num??rique, cryptomonnaie, #Centrafrique, ressources naturelles, responsabilit??s des ??litesa?| Le fondateur da??Ubuntu Tribe voit dans la technologie le v??ritable levier pour la????mancipation du continent.
https://t.co/f9Eu6PuXYX",254,0,88708920.0,jeune_afrique,1.62e+18,Sat Feb 11 13:45:11 +0000 2023,2023/2/11 13:45,7,1,1,https://twitter.com/jeune_afrique/status/1624404180164132865,9,65467
67526,"#ChatGPT, identit?? num??rique, cryptomonnaie, #Centrafrique, ressources naturelles, responsabilit??s des ??litesa?| Le fondateur da??Ubuntu Tribe voit dans la technologie le v??ritable levier pour la????mancipation du continent.
https://t.co/2O4yuogRyc",254,0,88708920.0,jeune_afrique,1.62e+18,Sat Feb 11 20:10:10 +0000 2023,2023/2/11 20:10,8,2,0,https://twitter.com/jeune_afrique/status/1624501065495334914,10,67527
67527,"#ChatGPT, identit?? num??rique, cryptomonnaie, #Centrafrique, ressources naturelles, responsabilit??s des ??litesa?| Le fondateur da??Ubuntu Tribe voit dans la technologie le v??ritable levier pour la????mancipation du continent.
https://t.co/wfFPtgebWW",254,0,570913571.0,JA_Eco,1.62e+18,Sat Feb 11 20:10:10 +0000 2023,2023/2/11 20:10,1,1,0,https://twitter.com/JA_Eco/status/1624501065440808961,2,67528
