,full_text,text_length,at_num,user_id_str,screen_name,id_str,created_at,publish_time,favorite_count,retweet_count,reply_count,tweet_url,total_heat,tt
25813,#BBTitians #Pathaan #Pathaan100crWorldwide #PfizerExposed #AyTol #bbcqt #ChatGPT https://t.co/weKzT3iQ8v,104,0,1.61e+18,sanyareddy1,1.62e+18,Fri Jan 27 06:45:03 +0000 2023,2023/1/27 6:45,1,0,0,https://twitter.com/sanyareddy1/status/1618862635184955392,1,25814
42909,#cr7 #Neymar #BenidormFest2023 #bigbrothernlbe #bbcqt #ChatGPT https://t.co/T6kfq9rNCL,86,0,1.62e+18,AmitMitro7,1.62e+18,Fri Feb 03 09:11:47 +0000 2023,2023/2/3 9:11,2,0,0,https://twitter.com/AmitMitro7/status/1621436273578868736,2,42910
61830,@bbcquestiontime Basic income. Universal basic services. #bbcqt #ChatGPT,72,1,9709412.0,BabsSheKing,1.62e+18,Thu Feb 09 23:29:39 +0000 2023,2023/2/9 23:29,2,0,0,https://twitter.com/BabsSheKing/status/1623826491493474304,2,61831
61865,"#bbcqt #chatgpt is awesome, but the opportunity for employment is to guide it &amp; develop the use cases that help us all.",123,0,100954260.0,KingsofYearron,1.62e+18,Thu Feb 09 23:34:37 +0000 2023,2023/2/9 23:34,0,0,0,https://twitter.com/KingsofYearron/status/1623827740918001664,0,61866
61880,Trying out chat GPT #bbcqt #ChatGPT https://t.co/no6t6AfSvs,59,0,2799611889.0,andrewedgeloop,1.62e+18,Thu Feb 09 23:36:41 +0000 2023,2023/2/9 23:36,4,1,0,https://twitter.com/andrewedgeloop/status/1623828260323819522,5,61881
61893,#bbcqt #AI #ChatGPT,19,0,1.62e+18,TheMachineRace,1.62e+18,Thu Feb 09 23:41:29 +0000 2023,2023/2/9 23:41,0,0,0,https://twitter.com/TheMachineRace/status/1623829469906587648,0,61894
61899,I know nothing about #chatGPT but it sound slike a load of irrelevant rubbish to me. #bbcqt #questiontime,105,0,130065700.0,CeciliaBTory,1.62e+18,Thu Feb 09 23:42:48 +0000 2023,2023/2/9 23:42,0,0,0,https://twitter.com/CeciliaBTory/status/1623829800312774657,0,61900
61934,I still need help switching my computer on and off so dont ask me about #chatGPT or whatever its called ! #bbcqt #questiontime,126,0,130065700.0,CeciliaBTory,1.62e+18,Thu Feb 09 23:49:03 +0000 2023,2023/2/9 23:49,1,1,1,https://twitter.com/CeciliaBTory/status/1623831372073783297,3,61935
