,full_text,text_length,at_num,user_id_str,screen_name,id_str,created_at,publish_time,favorite_count,retweet_count,reply_count,tweet_url,total_heat,tt
6703,Avouez notre ego da??humain en prend un coupa?| #forceur #ia #humain #robot #humour #chatgpt #cohen https://t.co/7oXgbaphCF,123,0,1042477242.0,webseofr,1.61e+18,Mon Jan 09 14:31:56 +0000 2023,2023/1/9 14:31,0,1,0,https://twitter.com/webseofr/status/1612457145278103554,1,6704
8974,"??NERGIE/NUCL??AIRE: JE SUIS CHATGPT...MAIS EN MIEUX !
https://t.co/Utyk2cg6lM
#humour #ChatGPT #journalistes #Energie #Economie #pollution #catastrophes #guerres #climat #planete #ecologie #environnement #censure @cdion @Clemence_Guette @PascalDoucetBon @EnvoyeSpecial @Alex_Kara https://t.co/oqPbZDh6Ly",306,5,2554581523.0,LamireauT,1.61e+18,Wed Jan 11 12:15:18 +0000 2023,2023/1/11 12:15,0,0,1,https://twitter.com/LamireauT/status/1613147539515248640,1,8975
26851,No comment e??   #ChatGPT #humour #marketing https://t.co/7ibvuDR6qC,68,0,13341602.0,caniche,1.62e+18,Fri Jan 27 13:33:09 +0000 2023,2023/1/27 13:33,0,0,0,https://twitter.com/caniche/status/1618965335897669633,0,26852
39620,@OpenAI #ChatGPT #chatgpt3 #puns #humour #humor #AI,51,1,1.19e+18,JeffreySeathrun,1.62e+18,Wed Feb 01 19:21:06 +0000 2023,2023/2/1 19:21,0,0,0,https://twitter.com/JeffreySeathrun/status/1620864840029048832,0,39621
59636,"Et toc pif paf #humour #ChatGPT @OlivierBabeau  #debatparesse versus #creativity 
hein pas si simple da???atre sans nuance les gens.",133,1,621737393.0,KAWINIMUNDO,1.62e+18,Tue Feb 07 21:46:06 +0000 2023,2023/2/7 21:46,2,2,1,https://twitter.com/KAWINIMUNDO/status/1623075656673431553,5,59637
86213,"Oops. 
#chatgpt #ai #humour #research #researchpaper https://t.co/5DhY4R8eE3",77,0,1.43e+18,AI4Diversity,1.63e+18,Thu Feb 23 09:00:34 +0000 2023,2023/2/23 9:00,0,0,0,https://twitter.com/AI4Diversity/status/1628681209386790912,0,86214
87294,"S01E04 -Si vous ?ates un #geek , vous avez forc??ment pour pire cauchemar de devoir expliquer ce qu'est #ChatGPT ?? une teigne comme Mr Blue ! 
https://t.co/2K9LDIL9FP
#ia #humour #IntelligenceArtificielle https://t.co/IVDOE465Fj",231,0,1.63e+18,MBlueshow,1.63e+18,Thu Feb 23 12:07:47 +0000 2023,2023/2/23 12:07,0,0,0,https://twitter.com/MBlueshow/status/1628728325127430145,0,87295
92521,"There may be some things people wona??t agree with but ita??s still impressive. 

#myc #mycnews #mycfreshfaces #techandapp #ChatGPT #AI

#Singapore #funny #accurate #description #humour #technology 

https://t.co/d83R9ZGR5n",229,0,7.03e+17,myctwits,1.63e+18,Mon Feb 27 06:16:06 +0000 2023,2023/2/27 6:16,0,0,0,https://twitter.com/myctwits/status/1630089371503435777,0,92522
