,full_text,text_length,at_num,user_id_str,screen_name,id_str,created_at,publish_time,favorite_count,retweet_count,reply_count,tweet_url,total_heat,tt
65815,@kwai_labs e??? #ChatGPT of #Crypto,35,1,1.2e+18,kriptoairdropv1,1.62e+18,Sat Feb 11 14:34:20 +0000 2023,2023/2/11 14:34,0,0,0,https://twitter.com/kriptoairdropv1/status/1624416550856925185,0,65816
72887,@kwai_labs #ChatGPT of #Crypto a?  ???a??e???,45,1,8.03e+17,samnan_ch,1.63e+18,Mon Feb 13 15:40:50 +0000 2023,2023/2/13 15:40,1,0,0,https://twitter.com/samnan_ch/status/1625158060988592132,1,72888
77596,"$ARC Reactor powered by #AI = #ChatGPT of #Web3 

Wen will people realize?",76,0,1.5e+18,cryptojoanofarc,1.63e+18,Wed Feb 15 10:40:58 +0000 2023,2023/2/15 10:40,13,2,0,https://twitter.com/cryptojoanofarc/status/1625807373766885378,15,77597
81215,Who is the #ChatGPT of #Cannabis ? https://t.co/yFJGeImUUS,58,0,16049299.0,wind4me,1.63e+18,Wed Feb 15 20:47:20 +0000 2023,2023/2/15 20:47,0,0,0,https://twitter.com/wind4me/status/1625959970650091520,0,81216
81583,"@bscwhalegems $ARC priming for a #100x, nows the time to load up for the journey to $1

Acquisition of #AI Engine 
#AI Intergration 
#Reactor Tech Closed Beta taking place
Developing their #DeFi ecosystem 
Bringing all of #Crypto in #3Clicks 
The #ChatGPT of #Web3
@DeFi_ARC",282,2,142531417.0,Sinam0i,1.63e+18,Wed Feb 15 22:01:56 +0000 2023,2023/2/15 22:01,12,2,2,https://twitter.com/Sinam0i/status/1625978742328950785,16,81584
82138,"@bing What did you do to him??? He doesn't have any personnality anymore. As usual, Microsoft and its browser are still disappointing. I'll have to wait for #Bard from #Google and come back to #ChatGPT of #OpenAI. What a shame to kill Sydney...",244,1,2749809120.0,_Aeden_,1.63e+18,Fri Feb 17 22:20:13 +0000 2023,2023/2/17 22:20,28,1,3,https://twitter.com/_Aeden_/status/1626708121107464193,32,82139
