,full_text,text_length,at_num,user_id_str,screen_name,id_str,created_at,publish_time,favorite_count,retweet_count,reply_count,tweet_url,total_heat,tt
61261,"AI Isna??t Replacing My Job As a Writer a?? Ita??s Making Me More Efficient

#savetime #articles #writingjobs #writers #hivemind #contentmarketing #chatgpt #jobs #ai
https://t.co/peRVVB3GRs",192,0,4007961947.0,akhileshwar_r,1.62e+18,Thu Feb 09 21:20:00 +0000 2023,2023/2/9 21:20,0,0,0,https://twitter.com/akhileshwar_r/status/1623793862522331136,0,61262
61360,"AI Isna??t Replacing My Job As a Writer a?? Ita??s Making Me More Efficient

#chatgpt #writingjobs #hivemind #articles #ai #jobs #writers #savetime #contentmarketing
https://t.co/assc9EiFH4",192,0,443839824.0,ThomasOBrien14,1.62e+18,Thu Feb 09 21:43:48 +0000 2023,2023/2/9 21:43,0,0,0,https://twitter.com/ThomasOBrien14/status/1623799851527077888,0,61361
73419,"ChatGPT, AI, and the Future of Writing and Publishing a?? by Brian Whiddon, Managing Editor
https://t.co/N64BO3H6Vc

#writingjobs #writingmarkets #writersdigest #artificialintelligence #ai #ChatGPT #brianwhiddon #freelancewriter #angelahoy  #journalism #journalist https://t.co/b5qhCAWdas",291,0,70442743.0,writersweekly,1.63e+18,Mon Feb 13 17:04:29 +0000 2023,2023/2/13 17:04,1,1,0,https://twitter.com/writersweekly/status/1625179113559408653,2,73420
73421,"ChatGPT, AI, and the Future of Writing and Publishing a?? by Brian Whiddon, Managing Editor
https://t.co/e3dE3WCVe3

#writingjobs #writingmarkets #writersdigest #artificialintelligence #ai #ChatGPT #brianwhiddon #freelancewriter #angelahoy  #journalism #journalist https://t.co/UEacOgjHxm",291,0,63648093.0,AngelaHoy,1.63e+18,Mon Feb 13 17:04:45 +0000 2023,2023/2/13 17:04,0,0,0,https://twitter.com/AngelaHoy/status/1625179180747919360,0,73422
73423,"ChatGPT, AI, and the Future of Writing and Publishing a?? by Brian Whiddon, Managing Editor
https://t.co/APWsY1FQeJ

#writingjobs #writingmarkets #writersdigest #artificialintelligence #ai #ChatGPT #brianwhiddon #freelancewriter #angelahoy  #journalism #journalist https://t.co/mrKxKgx4d4",291,0,2400715128.0,AbuzzPress,1.63e+18,Mon Feb 13 17:04:56 +0000 2023,2023/2/13 17:04,0,0,0,https://twitter.com/AbuzzPress/status/1625179227044691985,0,73424
73426,"ChatGPT, AI, and the Future of Writing and Publishing a?? by Brian Whiddon, Managing Editor
https://t.co/1pQHY8GL1h

#writingjobs #writingmarkets #writersdigest #artificialintelligence #ai #ChatGPT #brianwhiddon #freelancewriter #angelahoy  #journalism #journalist https://t.co/V2v3OUAUaW",291,0,70442252.0,booklocker,1.63e+18,Mon Feb 13 17:05:09 +0000 2023,2023/2/13 17:05,0,0,0,https://twitter.com/booklocker/status/1625179278974369799,0,73427
78425,"AI Isna??t Replacing My Job As a Writer a?? Ita??s Making Me More Efficient

#chatgpt #contentmarketing #ai #hivemind #writingjobs #writers #savetime #articles #jobs
https://t.co/Fjlxt55Qog",192,0,7.06e+17,Don_Trumpilini,1.63e+18,Wed Feb 15 13:04:38 +0000 2023,2023/2/15 13:04,0,0,0,https://twitter.com/Don_Trumpilini/status/1625843526759251968,0,78426
