,full_text,text_length,at_num,user_id_str,screen_name,id_str,created_at,publish_time,favorite_count,retweet_count,reply_count,tweet_url,total_heat,tt
39087,"Time to make some passive income on #NFTs 
Make Real Money with @Pixie
More e??? https://t.co/binw47L3zi

#Ethereum  #NFT #NFTCommunity #NFTGiveaways #NFTGiveaway #NFTGame #NFTdrop #NFTcollections #nftart  #BTC   #BNB  #Bitcoin  #Crypto #Bitcoin #airdrop #ChatGPT #babydogearmy https://t.co/KhtmnQ8X9a",305,1,1.59e+18,Pixie_News,1.62e+18,Wed Feb 01 17:56:06 +0000 2023,2023/2/1 17:56,3,0,1,https://twitter.com/Pixie_News/status/1620843449770725376,4,39088
56324,?????  ??????NFT????????  ?????? #CHATGPT ??  ?????  ??    ????aNFT???????   ?????  ?? 歙?  ???????????3  ??  2  ?????  ??  ?????????????????????????????????????????  ?????  ???https://t.co/ramsE50Ohe #airdrop #NFT,213,0,1.5e+18,ACryptomo,1.62e+18,Tue Feb 07 15:41:28 +0000 2023,2023/2/7 15:41,1,0,0,https://twitter.com/ACryptomo/status/1622983892264255493,1,56325
68367,"?????  ?o?????  ????30??a?  ??????????AI??  ??a    ?  ?????  ?1???  ??????o????  ?????#ChatGPT   ????  ???????????????

https://t.co/MdOyuS92F8

 #airdrop #NFT $BONE #Damus $MANA $BCB $FRONK $FRONK  $BONE https://t.co/paOV1GbRPn",232,0,2445047996.0,ahmadsutami2,1.62e+18,Mon Feb 13 00:42:48 +0000 2023,2023/2/13 0:42,1,0,0,https://twitter.com/ahmadsutami2/status/1624932062561009665,1,68368
68452,"GM #ChatGPT fane??? #ChatGPT will be pumping!!e???e???

https://t.co/UoPB1H2lml

 #airdrop #NFT $BONK $ETH $MAKI $APT $BONK $CRV  $TSUKA https://t.co/Ue6DZxx2Ed",164,0,2445047996.0,ahmadsutami2,1.62e+18,Mon Feb 13 01:09:40 +0000 2023,2023/2/13 1:09,1,0,0,https://twitter.com/ahmadsutami2/status/1624938824626327558,1,68453
68493,"#ChatGPT is the future!!e??  e??  e??  

https://t.co/UoPB1H2lml

 #airdrop #NFT $BONE #Damus $FTM $BOO $BONE $XRP  #AI https://t.co/P0Fv6h4qp5",147,0,2445047996.0,ahmadsutami2,1.62e+18,Mon Feb 13 01:21:41 +0000 2023,2023/2/13 1:21,5,0,0,https://twitter.com/ahmadsutami2/status/1624941849839378438,5,68494
68644,"GM #ChatGPT fane??? #ChatGPT will be pumping!!e???e???

https://t.co/UoPB1H2lml

 #airdrop #NFT $imgnAI $BOO $TSUKA $BCB $ocean $XRP  #OpenAIChatGPT https://t.co/4cE0nW0Acw",176,0,2445047996.0,ahmadsutami2,1.62e+18,Mon Feb 13 02:14:26 +0000 2023,2023/2/13 2:14,1,0,2,https://twitter.com/ahmadsutami2/status/1624955122617925640,3,68645
68728,"Future of AI: #ChatGPT

https://t.co/O8FMKeB78u

 #airdrop #NFT $LUNA $APE $ocean $fet $ocean $MATIC  $APE https://t.co/Z2VTXgfg93",134,0,2445047996.0,ahmadsutami2,1.62e+18,Mon Feb 13 02:41:10 +0000 2023,2023/2/13 2:41,1,0,4,https://twitter.com/ahmadsutami2/status/1624961850768084994,5,68729
68957,"#ChatGPT is the future!!e??  e??  e??  

https://t.co/MdOyuS92F8

 #airdrop #NFT $MANA $LUNA #Crypto $APE #Nostr $FRONK  $FTM https://t.co/Us8f0pPKlh",153,0,2445047996.0,ahmadsutami2,1.62e+18,Mon Feb 13 03:45:37 +0000 2023,2023/2/13 3:45,2,0,0,https://twitter.com/ahmadsutami2/status/1624978072888901637,2,68958
69042,"e???The recent surge in popularity of #ChatGPT has sparked a fire in the #ChatGPT token!

https://t.co/MdOyuS92F8

 #airdrop #NFT $RNDR #OpenAIChatGPT $BOO $BCB $MAGIC $SHIB  $CRV https://t.co/5WWXVJJRkI",207,0,2445047996.0,ahmadsutami2,1.62e+18,Mon Feb 13 04:14:50 +0000 2023,2023/2/13 4:14,1,0,1,https://twitter.com/ahmadsutami2/status/1624985425482858496,2,69043
69077,"Future of AI: #ChatGPT

https://t.co/O8FMKeB78u

 #airdrop #NFT #BTC $CRV $SAMO $FLOKI $BONE $chatgpt  #BTC https://t.co/6ozX9YROIq",135,0,2445047996.0,ahmadsutami2,1.62e+18,Mon Feb 13 04:28:29 +0000 2023,2023/2/13 4:28,0,0,0,https://twitter.com/ahmadsutami2/status/1624988857912401921,0,69078
69336,"#ChatGPT is the future!!e??  e??  e??  

https://t.co/MdOyuS92F8

 #airdrop #NFT $QUACK $JOE $FLOKI $BONK $BNB $ADA  $GALA https://t.co/sS432OFiXT",150,0,2445047996.0,ahmadsutami2,1.63e+18,Mon Feb 13 05:39:07 +0000 2023,2023/2/13 5:39,0,0,0,https://twitter.com/ahmadsutami2/status/1625006633171419140,0,69337
69529,"e???The recent surge in popularity of #ChatGPT has sparked a fire in the #ChatGPT token!

https://t.co/MdOyuS92F8

 #airdrop #NFT $TSUKA $Twitfi $ADA $APT $APT $WOOF  $FTM https://t.co/KhSFwTDy5S",199,0,2445047996.0,ahmadsutami2,1.63e+18,Mon Feb 13 06:26:26 +0000 2023,2023/2/13 6:26,1,0,0,https://twitter.com/ahmadsutami2/status/1625018542037909510,1,69530
69700,"?????  ?o?????  ????30??a?  ??????????AI??  ??a    ?  ?????  ?1???  ??????o????  ?????#ChatGPT   ????  ???????????????

https://t.co/MdOyuS92F8

 #airdrop #NFT $MATIC $Twitfi $BNB #Twitter $APT $chatgpt  $WOOF https://t.co/j5Nan9Zj7L",237,0,2445047996.0,ahmadsutami2,1.63e+18,Mon Feb 13 07:08:45 +0000 2023,2023/2/13 7:08,1,0,0,https://twitter.com/ahmadsutami2/status/1625029191409315841,1,69701
69766,"e???The recent surge in popularity of #ChatGPT has sparked a fire in the #ChatGPT token!

https://t.co/MdOyuS92F8

 #airdrop #NFT $APE $MATIC $chatgpt $BONK $imgnAI $MANA  $SAMO https://t.co/Q1YXaDceLM",205,0,2445047996.0,ahmadsutami2,1.63e+18,Mon Feb 13 07:22:15 +0000 2023,2023/2/13 7:22,0,0,0,https://twitter.com/ahmadsutami2/status/1625032589068193793,0,69767
69905,"Future of AI: #ChatGPT

https://t.co/O8FMKeB78u

 #airdrop #NFT $ADA $magic $LUNA $RNDR $JOE #Twitter  $UNI https://t.co/wXfPnqhjie",135,0,2445047996.0,ahmadsutami2,1.63e+18,Mon Feb 13 07:52:46 +0000 2023,2023/2/13 7:52,0,0,0,https://twitter.com/ahmadsutami2/status/1625040269451091970,0,69906
69978,"AI?|???  ???  ??  ????  ??-??  ??????

https://t.co/O8FMKeB78u

 #airdrop #NFT #Twitter #Twitter $chatgpt #ChatGPT #Crypto #Crypto  $ALBT https://t.co/rZ5U329HWK",165,0,2445047996.0,ahmadsutami2,1.63e+18,Mon Feb 13 08:07:36 +0000 2023,2023/2/13 8:07,0,0,0,https://twitter.com/ahmadsutami2/status/1625044003191136256,0,69979
70123,"e???The recent surge in popularity of #ChatGPT has sparked a fire in the #ChatGPT token!

https://t.co/MdOyuS92F8

 #airdrop #NFT $agix $BONE $Twitfi $LUNA $WOOF #Nostr  $BOO https://t.co/BmUKXWDaEh",202,0,2445047996.0,ahmadsutami2,1.63e+18,Mon Feb 13 08:35:22 +0000 2023,2023/2/13 8:35,0,0,0,https://twitter.com/ahmadsutami2/status/1625050987504230403,0,70124
70201,"e???The recent surge in popularity of #ChatGPT has sparked a fire in the #ChatGPT token!

https://t.co/MdOyuS92F8

 #airdrop #NFT #Twitter $SHIB $MATIC $FLOKI $ocean $MAGIC  #Crypto https://t.co/fxaNFWuhwh",209,0,2445047996.0,ahmadsutami2,1.63e+18,Mon Feb 13 08:51:30 +0000 2023,2023/2/13 8:51,3,0,1,https://twitter.com/ahmadsutami2/status/1625055050581127175,4,70202
70382,"Future of AI: #ChatGPT

https://t.co/MdOyuS92F8

 #airdrop #NFT $UNI $fet $FLOKI $UNI $GALA $hook  $RNDR https://t.co/OL5PyWDYvF",132,0,2445047996.0,ahmadsutami2,1.63e+18,Mon Feb 13 09:18:36 +0000 2023,2023/2/13 9:18,2,0,1,https://twitter.com/ahmadsutami2/status/1625061870020227072,3,70383
70547,"Ai??-????????????????  ????#CHatGPT   ?  ?????    ??  ?  ??????????????a

https://t.co/O8FMKeB78u

 #airdrop #NFT #Damus $BONE $GALA $CRV $ADA $FLOKI  $LUNA https://t.co/5kVmLwR0Pn",184,0,2445047996.0,ahmadsutami2,1.63e+18,Mon Feb 13 09:50:00 +0000 2023,2023/2/13 9:50,0,0,0,https://twitter.com/ahmadsutami2/status/1625069773485666306,0,70548
70764,"GM #ChatGPT fane??? #ChatGPT will be pumping!!e???e???

https://t.co/MdOyuS92F8

 #airdrop #NFT $MANA $DOGE $BCB $MAKI $ALBT $BONK  $FTM https://t.co/CgWXXrg3s1",164,0,2445047996.0,ahmadsutami2,1.63e+18,Mon Feb 13 10:21:40 +0000 2023,2023/2/13 10:21,3,0,0,https://twitter.com/ahmadsutami2/status/1625077738716467201,3,70765
70869,"e???The recent surge in popularity of #ChatGPT has sparked a fire in the #ChatGPT token!

https://t.co/UoPB1H2lml

 #airdrop #NFT $BONK #OpenAIChatGPT $BNB $TSUKA $SHIB $DOGE  $GALA https://t.co/JDJsie649y",209,0,2445047996.0,ahmadsutami2,1.63e+18,Mon Feb 13 10:36:48 +0000 2023,2023/2/13 10:36,2,0,1,https://twitter.com/ahmadsutami2/status/1625081547207450625,3,70870
71345,"Future of AI: #ChatGPT

https://t.co/MdOyuS92F8

 #airdrop #NFT $ADA #BTC $TSUKA #BTC $SHIB $BONE  $magic https://t.co/jrHJEXqq8m",133,0,2445047996.0,ahmadsutami2,1.63e+18,Mon Feb 13 11:59:25 +0000 2023,2023/2/13 11:59,2,0,0,https://twitter.com/ahmadsutami2/status/1625102339148247041,2,71346
71562,"GM #ChatGPT fane??? #ChatGPT will be pumping!!e???e???

https://t.co/MdOyuS92F8

 #airdrop #NFT $MATIC #OpenAIChatGPT $JOE $MAGIC $imgnAI #AI  $UNI https://t.co/E0mYqJicz1",175,0,2445047996.0,ahmadsutami2,1.63e+18,Mon Feb 13 12:30:10 +0000 2023,2023/2/13 12:30,4,0,0,https://twitter.com/ahmadsutami2/status/1625110076640972802,4,71563
71706,Ai??-????????????????  ????#CHatGPT   ?  ?????    ??  ?  ??????????????a https://t.co/rLVtDKe104 #airdrop #NFT #Crypto $APE $BONE $BOO $BCB $SHIB  $DOGE https://t.co/6rn5zEEXNQ,176,0,1.46e+18,eleganz_john,1.63e+18,Mon Feb 13 12:53:02 +0000 2023,2023/2/13 12:53,2,0,1,https://twitter.com/eleganz_john/status/1625115832152989696,3,71707
72016,"GM #ChatGPT fane??? #ChatGPT will be pumping!!e???e???

https://t.co/O8FMKeB78u

 #airdrop #NFT $LUNA #Twitter $chatgpt $imgnAI $DOGE $DOGE  $FLOKI https://t.co/AbKGk0Ya4X",175,0,2445047996.0,ahmadsutami2,1.63e+18,Mon Feb 13 13:33:35 +0000 2023,2023/2/13 13:33,3,0,0,https://twitter.com/ahmadsutami2/status/1625126039998406657,3,72017
72322,"?????  ?o?????  ????30??a?  ??????????AI??  ??a    ?  ?????  ?1???  ??????o????  ?????#ChatGPT   ????  ???????????????

https://t.co/UoPB1H2lml

 #airdrop #NFT $MAKI #Twitter $APE $fet $MAKI $LUNA  $BONE https://t.co/wUIVcoMFrM",231,0,2445047996.0,ahmadsutami2,1.63e+18,Mon Feb 13 14:17:45 +0000 2023,2023/2/13 14:17,3,0,1,https://twitter.com/ahmadsutami2/status/1625137154694184960,4,72323
72714,"Ai??-????????????????  ????#CHatGPT   ?  ?????    ??  ?  ??????????????a

https://t.co/MdOyuS92F8

 #airdrop #NFT $BCB $BOO $ETH $APE $ALBT $LUNA  $agix https://t.co/p3e44dkyD6",180,0,2445047996.0,ahmadsutami2,1.63e+18,Mon Feb 13 15:12:02 +0000 2023,2023/2/13 15:12,1,0,0,https://twitter.com/ahmadsutami2/status/1625150813873004544,1,72715
72777,"?????  ?o?????  ????30??a?  ??????????AI??  ??a    ?  ?????  ?1???  ??????o????  ?????#ChatGPT   ????  ???????????????

https://t.co/UoPB1H2TbT

 #airdrop #NFT #Damus $QUACK $MAKI $FRONK $imgnAI $BONE  $magic https://t.co/2KwM7yL78G",236,0,2445047996.0,ahmadsutami2,1.63e+18,Mon Feb 13 15:23:35 +0000 2023,2023/2/13 15:23,3,0,0,https://twitter.com/ahmadsutami2/status/1625153720572080130,3,72778
73160,"?????  ?o?????  ????30??a?  ??????????AI??  ??a    ?  ?????  ?1???  ??????o????  ?????#ChatGPT   ????  ???????????????

https://t.co/MdOyuS92F8

 #airdrop #NFT $ocean $ocean $ALBT $MAGIC $BONK $SHIB  $BONK https://t.co/kHqP7kl37w",233,0,2445047996.0,ahmadsutami2,1.63e+18,Mon Feb 13 16:22:37 +0000 2023,2023/2/13 16:22,1,0,0,https://twitter.com/ahmadsutami2/status/1625168576238829568,1,73161
73624,"#ChatGPT is the future!!e??  e??  e??  

https://t.co/MdOyuS92F8

 #airdrop #NFT $BONK #BTC #BTC #Twitter $FRONK #Nostr  $MAKI https://t.co/i6Rjcl39z3",154,0,2445047996.0,ahmadsutami2,1.63e+18,Mon Feb 13 17:42:17 +0000 2023,2023/2/13 17:42,0,0,0,https://twitter.com/ahmadsutami2/status/1625188624152117260,0,73625
73700,"Ai??-????????????????  ????#CHatGPT   ?  ?????    ??  ?  ??????????????a

https://t.co/O8FMKeB78u

 #airdrop #NFT $ocean $ADA $ocean $BNB #AI $GALA  $MATIC https://t.co/Bn9HODHq16",183,0,2445047996.0,ahmadsutami2,1.63e+18,Mon Feb 13 17:57:47 +0000 2023,2023/2/13 17:57,1,0,0,https://twitter.com/ahmadsutami2/status/1625192527425929217,1,73701
73816,"Ai??-????????????????  ????#CHatGPT   ?  ?????    ??  ?  ??????????????a

https://t.co/UoPB1H2lml

 #airdrop #NFT $CRV $MATIC $SHIB $ADA #ChatGPT $FLOKI  $Twitfi https://t.co/nDX0jODIQW",189,0,2445047996.0,ahmadsutami2,1.63e+18,Mon Feb 13 18:13:19 +0000 2023,2023/2/13 18:13,1,0,0,https://twitter.com/ahmadsutami2/status/1625196435904860164,1,73817
74129,"AI?|???  ???  ??  ????  ??-??  ??????

https://t.co/O8FMKeB78u

 #airdrop #NFT $magic $MAKI $CRV $CRV $RNDR #ChatGPT  $Twitfi https://t.co/vlFNRkxB4K",153,0,2445047996.0,ahmadsutami2,1.63e+18,Mon Feb 13 19:08:33 +0000 2023,2023/2/13 19:08,1,0,0,https://twitter.com/ahmadsutami2/status/1625210334070902785,1,74130
74278,"Ai??-????????????????  ????#CHatGPT   ?  ?????    ??  ?  ??????????????a

https://t.co/UoPB1H2lml

 #airdrop #NFT $APT #Crypto $BONK $BONE $XRP $APE  $BOO https://t.co/Nd4XO1S50t",182,0,2445047996.0,ahmadsutami2,1.63e+18,Mon Feb 13 19:37:30 +0000 2023,2023/2/13 19:37,5,0,0,https://twitter.com/ahmadsutami2/status/1625217621355274252,5,74279
74338,"e???The recent surge in popularity of #ChatGPT has sparked a fire in the #ChatGPT token!

https://t.co/MdOyuS92F8

 #airdrop #NFT $ETH $ocean $FLOKI $ALBT #Nostr $RNDR  $JOE https://t.co/91Maf3oyn8",201,0,2445047996.0,ahmadsutami2,1.63e+18,Mon Feb 13 19:48:44 +0000 2023,2023/2/13 19:48,2,0,0,https://twitter.com/ahmadsutami2/status/1625220446269349905,2,74339
74606,"AI?|???  ???  ??  ????  ??-??  ??????

https://t.co/UoPB1H2lml

 #airdrop #NFT #OpenAIChatGPT $BONE #Damus $APE $hook #ChatGPT  #Nostr https://t.co/29TgbR8mEZ",162,0,2445047996.0,ahmadsutami2,1.63e+18,Mon Feb 13 20:42:09 +0000 2023,2023/2/13 20:42,0,0,0,https://twitter.com/ahmadsutami2/status/1625233889827385377,0,74607
74672,"?????  ?o?????  ????30??a?  ??????????AI??  ??a    ?  ?????  ?1???  ??????o????  ?????#ChatGPT   ????  ???????????????

https://t.co/UoPB1H2lml

 #airdrop #NFT $hook #Crypto #ChatGPT $MAKI #Twitter #ChatGPT  #Twitter https://t.co/bYZKT0DFKG",244,0,2445047996.0,ahmadsutami2,1.63e+18,Mon Feb 13 20:57:06 +0000 2023,2023/2/13 20:57,1,0,0,https://twitter.com/ahmadsutami2/status/1625237654659821584,1,74673
74851,"AI?|???  ???  ??  ????  ??-??  ??????

https://t.co/UoPB1H2lml

 #airdrop #NFT #ChatGPT #ChatGPT $SHIB $JOE $MATIC $FTM  $agix https://t.co/OB1QXudWW1",154,0,2445047996.0,ahmadsutami2,1.63e+18,Mon Feb 13 21:28:24 +0000 2023,2023/2/13 21:28,3,0,0,https://twitter.com/ahmadsutami2/status/1625245527964020754,3,74852
75204,"GM #ChatGPT fane??? #ChatGPT will be pumping!!e???e???

https://t.co/O8FMKeB78u

 #airdrop #NFT #ChatGPT $chatgpt $ocean $RNDR $magic $XRP  $SHIB https://t.co/NehvQLwMkY",173,0,2445047996.0,ahmadsutami2,1.63e+18,Mon Feb 13 22:49:53 +0000 2023,2023/2/13 22:49,2,0,1,https://twitter.com/ahmadsutami2/status/1625266036508336128,3,75205
75320,"GM #ChatGPT fane??? #ChatGPT will be pumping!!e???e???

https://t.co/O8FMKeB78u

 #airdrop #NFT #AI $BONE $agix $FLOKI $QUACK $FRONK  $UNI https://t.co/1qoSQirexr",166,0,2445047996.0,ahmadsutami2,1.63e+18,Mon Feb 13 23:15:43 +0000 2023,2023/2/13 23:15,2,0,0,https://twitter.com/ahmadsutami2/status/1625272537461432320,2,75321
75412,"GM #ChatGPT fane??? #ChatGPT will be pumping!!e???e???

https://t.co/MdOyuS92F8

 #airdrop #NFT $XRP $BOO $APT $ADA $ETH $RNDR  #Crypto https://t.co/MZZCviFYPB",163,0,2445047996.0,ahmadsutami2,1.63e+18,Mon Feb 13 23:42:43 +0000 2023,2023/2/13 23:42,0,0,0,https://twitter.com/ahmadsutami2/status/1625279329562243072,0,75413
84663,"e???     ?  a?AI?????a??  ??????  3????????????1??  ????????????ChatGPT??3??  ??3???  3???  ?????????????????? #ChatGPT 

 https://t.co/sMbpI8rJVr

 #airdrop #NFT  $SAMO  #Twitter  $magic  $UNI  $JOE https://t.co/G0HZ4BWaGa",227,0,2319304718.0,Ruben_Medina_44,1.63e+18,Thu Feb 23 03:01:11 +0000 2023,2023/2/23 3:01,1,0,0,https://twitter.com/Ruben_Medina_44/status/1628590768901308416,1,84664
84708,"e???     ?  a?AI?????a??  ??????  3????????????1??  ????????????ChatGPT??3??  ??3???  3???  ?????????????????? #ChatGPT 

 https://t.co/DHmFU1PvJP

 #airdrop #NFT  $chatgpt  $SAMO  #BTC  $ETH  $MAKI https://t.co/9bcSsd9Iph",226,0,1797244280.0,sadimo25,1.63e+18,Thu Feb 23 03:11:55 +0000 2023,2023/2/23 3:11,1,0,1,https://twitter.com/sadimo25/status/1628593470201032705,2,84709
84832,"The future of communication is decentralized! Invest in ChatGPT coin and be a part of the journey to a new era of language technology e???e??? #web3 

 https://t.co/PBJiMBYNBD

 #airdrop #NFT  #AI  $FRONK  #ChatGPT  #ChatGPT  #Twitter https://t.co/Hi7GLCO6J1",262,0,2344244095.0,rlaalsry29,1.63e+18,Thu Feb 23 03:41:12 +0000 2023,2023/2/23 3:41,1,0,1,https://twitter.com/rlaalsry29/status/1628600839697752070,2,84833
84979,"e??? Ready to join the revolution? Invest in #ChatGPT coin today and be a part of the decentralized future of money e??   #web3 

 https://t.co/JFhUD1Zahf

 #airdrop #NFT  #Damus  $MANA  #Damus  $MATIC  $CRV https://t.co/XxZ9QPt5oc",235,0,1797244280.0,sadimo25,1.63e+18,Thu Feb 23 04:20:48 +0000 2023,2023/2/23 4:20,0,0,0,https://twitter.com/sadimo25/status/1628610804458352641,0,84980
85025,"e??? Ready to join the revolution? Invest in #ChatGPT coin today and be a part of the decentralized future of money e??   #web3 

 https://t.co/DHmFU1PvJP

 #airdrop #NFT  $hook  $TSUKA  $APE  $CRV  $MAGIC https://t.co/0ltQXo6Z3e",233,0,1797244280.0,sadimo25,1.63e+18,Thu Feb 23 04:36:19 +0000 2023,2023/2/23 4:36,0,0,0,https://twitter.com/sadimo25/status/1628614710584283137,0,85026
85067,"e??? Don't miss out on the opportunity to invest in the future of language AI. Buy ChatGPT coin now! #investment #ChatGPT #crypto 

 https://t.co/PBJiMBYNBD

 #airdrop #NFT  $imgnAI  $hook  $RNDR  $hook  $APT https://t.co/0EFIdCLBlt",236,0,2344244095.0,rlaalsry29,1.63e+18,Thu Feb 23 04:50:45 +0000 2023,2023/2/23 4:50,0,0,1,https://twitter.com/rlaalsry29/status/1628618339839881223,1,85068
85087,e??? Want to be a part of the future of #AI? Invest in #ChatGPT e???e??? #web3       #airdrop #NFT  $APE  #AI  #AI  #Damus  #OpenAIChatG,136,0,1.63e+18,arrester_MC,1.63e+18,Thu Feb 23 04:55:00 +0000 2023,2023/2/23 4:55,0,0,0,https://twitter.com/arrester_MC/status/1628619410247421954,0,85088
85127,"Ready to see your investment portfolio soar to new heights? Invest in #ChatGPT, the coin that's changing the game in the world of AI 

 https://t.co/IGojPRIk64

 #airdrop #NFT  $hook  $ADA  $WOOF  $FRONK  #ChatGPT https://t.co/2qOVBsNN6E",241,0,2319304718.0,Ruben_Medina_44,1.63e+18,Thu Feb 23 05:02:07 +0000 2023,2023/2/23 5:02,0,0,0,https://twitter.com/Ruben_Medina_44/status/1628621202418696193,0,85128
85128,"e??? Ready to join the revolution? Invest in #ChatGPT coin today and be a part of the decentralized future of money e??   #web3 

 https://t.co/DHmFU1PvJP

 #airdrop #NFT  $imgnAI  $SAMO  $CRV  $CRV  $chatgpt https://t.co/ZfpXcyY94X",236,0,1797244280.0,sadimo25,1.63e+18,Thu Feb 23 05:02:08 +0000 2023,2023/2/23 5:02,0,0,0,https://twitter.com/sadimo25/status/1628621205946400768,0,85129
85178,"e??? Ready to join the revolution? Invest in #ChatGPT coin today and be a part of the decentralized future of money e??   #web3 

 https://t.co/PBJiMBYNBD

 #airdrop #NFT  $WOOF  $APT  $JOE  $DOGE  $Twitfi https://t.co/d19g2IeYrO",233,0,2344244095.0,rlaalsry29,1.63e+18,Thu Feb 23 05:17:01 +0000 2023,2023/2/23 5:17,0,0,1,https://twitter.com/rlaalsry29/status/1628624952239828992,1,85179
85261,"e???   ??  ?     ??  3 台   ???    ?? ?  ????  ??   ??  ??  ??  3?   ????  ??  , ChatGPT   ??  ??  ??     ?  ?? ?  ????     ??  瑷??  ??  ??! #ChatGPT #  ??  ??  ??  ?? #  ??  3 台   ???   

 https://t.co/PBJiMBYNBD

 #airdrop #NFT  #Nostr  $BNB  $SHIB  $MAGIC  $BOO https://t.co/pdnxzkFJq8",291,0,2344244095.0,rlaalsry29,1.63e+18,Thu Feb 23 05:41:01 +0000 2023,2023/2/23 5:41,0,0,0,https://twitter.com/rlaalsry29/status/1628630992968712192,0,85262
85368,"Ready to see your investment portfolio soar to new heights? Invest in #ChatGPT, the coin that's changing the game in the world of AI 

 https://t.co/sMbpI8rJVr

 #airdrop #NFT  $RNDR  $MATIC  $ADA  #ChatGPT  $WOOF https://t.co/5xCfGOCAb7",241,0,2319304718.0,Ruben_Medina_44,1.63e+18,Thu Feb 23 06:09:53 +0000 2023,2023/2/23 6:09,0,0,1,https://twitter.com/Ruben_Medina_44/status/1628638255506653184,1,85369
85433,"Ready to see your investment portfolio soar to new heights? Invest in #ChatGPT, the coin that's changing the game in the world of AI 

 https://t.co/sMbpI8rJVr

 #airdrop #NFT  $BONE  $BOO  $APE  $UNI  $ETH https://t.co/gymjriRiSr",234,0,2319304718.0,Ruben_Medina_44,1.63e+18,Thu Feb 23 06:21:53 +0000 2023,2023/2/23 6:21,0,0,0,https://twitter.com/Ruben_Medina_44/status/1628641275346911234,0,85434
85477,"e??? Ready to join the revolution? Invest in #ChatGPT coin today and be a part of the decentralized future of money e??   #web3 

 https://t.co/bNpM2fnlEo

 #airdrop #NFT  $GALA  $BOO  $BNB  $UNI  $Twitfi https://t.co/SHYjeYW18t",232,0,2344244095.0,rlaalsry29,1.63e+18,Thu Feb 23 06:32:53 +0000 2023,2023/2/23 6:32,2,0,0,https://twitter.com/rlaalsry29/status/1628644044485042176,2,85478
85490,"e??   It's time to take your #crypto game to the next level with #ChatGPT coin! Invest now and be a part of the future e??? #web3 

 https://t.co/IGojPRIk64

 #airdrop #NFT  $APT  $BONE  $APE  $BCB  $FTM https://t.co/XK2W2hAXyG",231,0,2319304718.0,Ruben_Medina_44,1.63e+18,Thu Feb 23 06:35:14 +0000 2023,2023/2/23 6:35,0,0,0,https://twitter.com/Ruben_Medina_44/status/1628644635580026882,0,85491
85612,"e???   ??  ?     ??  3 台   ???    ?? ?  ????  ??   ??  ??  ??  3?   ????  ??  , ChatGPT   ??  ??  ??     ?  ?? ?  ????     ??  瑷??  ??  ??! #ChatGPT #  ??  ??  ??  ?? #  ??  3 台   ???   

 https://t.co/PBJiMBYNBD

 #airdrop #NFT  $BONE  $FLOKI  $BNB  $imgnAI  $imgnAI https://t.co/GZc3rccaWf",295,0,2344244095.0,rlaalsry29,1.63e+18,Thu Feb 23 06:59:58 +0000 2023,2023/2/23 6:59,0,0,1,https://twitter.com/rlaalsry29/status/1628650857817337856,1,85613
85676,"e??? Want to be a part of the future of #AI? Invest in #ChatGPT e???e??? #web3 

 https://t.co/bNpM2fnlEo

 #airdrop #NFT  $SAMO  $WOOF  $FTM  $ocean  $Twitfi https://t.co/xufbBeFvMa",186,0,2344244095.0,rlaalsry29,1.63e+18,Thu Feb 23 07:12:22 +0000 2023,2023/2/23 7:12,0,0,0,https://twitter.com/rlaalsry29/status/1628653981193871365,0,85677
85772,"e???   ??  ?     ??  3 台   ???    ?? ?  ????  ??   ??  ??  ??  3?   ????  ??  , ChatGPT   ??  ??  ??     ?  ?? ?  ????     ??  瑷??  ??  ??! #ChatGPT #  ??  ??  ??  ?? #  ??  3 台   ???   

 https://t.co/IGojPRIk64

 #airdrop #NFT  $RNDR  $BONK  $BONK  $BOO  $TSUKA https://t.co/3BegiOKTzN",291,0,2319304718.0,Ruben_Medina_44,1.63e+18,Thu Feb 23 07:32:18 +0000 2023,2023/2/23 7:32,1,0,0,https://twitter.com/Ruben_Medina_44/status/1628658998831460352,1,85773
85819,"?????  ?o?????  ????30??a?  ??????????AI??  ??a    ?  ?????  ?1???  ??????o????  ?????#ChatGPT   ????  ??????????????? 

 https://t.co/sMbpI8rJVr

 #airdrop #NFT  $hook  $QUACK  #Damus  $fet  $MAKI https://t.co/Rb1RCcPlHu",225,0,2319304718.0,Ruben_Medina_44,1.63e+18,Thu Feb 23 07:45:39 +0000 2023,2023/2/23 7:45,0,0,0,https://twitter.com/Ruben_Medina_44/status/1628662355453173760,0,85820
85883,"e???   ??  ?     ??  3 台   ???    ?? ?  ????  ??   ??  ??  ??  3?   ????  ??  , ChatGPT   ??  ??  ??     ?  ?? ?  ????     ??  瑷??  ??  ??! #ChatGPT #  ??  ??  ??  ?? #  ??  3 台   ???   

 https://t.co/IGojPRIk64

 #airdrop #NFT  #ChatGPT  $RNDR  $WOOF  $APE  $ETH https://t.co/3vDx5oUDHW",292,0,2319304718.0,Ruben_Medina_44,1.63e+18,Thu Feb 23 07:59:01 +0000 2023,2023/2/23 7:59,0,0,1,https://twitter.com/Ruben_Medina_44/status/1628665719725457408,1,85884
85952,"Ready to see your investment portfolio soar to new heights? Invest in #ChatGPT, the coin that's changing the game in the world of AI 

 https://t.co/JFhUD1Zahf

 #airdrop #NFT  #AI  $ocean  $chatgpt  $WOOF  $imgnAI https://t.co/nGFhWA89lE",242,0,1797244280.0,sadimo25,1.63e+18,Thu Feb 23 08:09:52 +0000 2023,2023/2/23 8:09,2,1,0,https://twitter.com/sadimo25/status/1628668451681349632,3,85953
85992,"  ??  ?     ?  ?2?  ??     1?3 台 ??  3? ???  ?????     ???    ?    ?? ????|?  ??  ??! ChatGPT   ??  ??  ?????   ??  ??  ??  ??  ??. #  ??  3 台   ???   #??????  2 洙?? #ChatGPT 

 https://t.co/PBJiMBYNBD

 #airdrop #NFT  #ChatGPT  $APE  #Crypto  $APT  $APT https://t.co/CzXJpHWi8a",282,0,2344244095.0,rlaalsry29,1.63e+18,Thu Feb 23 08:18:38 +0000 2023,2023/2/23 8:18,0,0,1,https://twitter.com/rlaalsry29/status/1628670657725714432,1,85993
86107,"?????  ?o?????  ????30??a?  ??????????AI??  ??a    ?  ?????  ?1???  ??????o????  ?????#ChatGPT   ????  ??????????????? 

 https://t.co/sMbpI8rJVr

 #airdrop #NFT  #OpenAIChatGPT  $RNDR  $APT  $ETH  $CRV https://t.co/1vZRqLq4Ai",230,0,2319304718.0,Ruben_Medina_44,1.63e+18,Thu Feb 23 08:41:10 +0000 2023,2023/2/23 8:41,0,0,0,https://twitter.com/Ruben_Medina_44/status/1628676328936419328,0,86108
86143,"e??? Ready to join the revolution? Invest in #ChatGPT coin today and be a part of the decentralized future of money e??   #web3 

 https://t.co/JFhUD1Zahf

 #airdrop #NFT  #Nostr  #Twitter  $fet  $MAKI  #Crypto https://t.co/kwK34OHFmh",238,0,1797244280.0,sadimo25,1.63e+18,Thu Feb 23 08:50:17 +0000 2023,2023/2/23 8:50,2,0,2,https://twitter.com/sadimo25/status/1628678621895491584,4,86144
86390,"e???     ?  a?AI?????a??  ??????  3????????????1??  ????????????ChatGPT??3??  ??3???  3???  ?????????????????? #ChatGPT 

 https://t.co/PBJiMBYNBD

 #airdrop #NFT  $Twitfi  $APE  $RNDR  $DOGE  $SHIB https://t.co/vCJiBwpb4f",226,0,2344244095.0,rlaalsry29,1.63e+18,Thu Feb 23 09:31:14 +0000 2023,2023/2/23 9:31,1,0,1,https://twitter.com/rlaalsry29/status/1628688928818487296,2,86391
86469,"e???     ?  a?AI?????a??  ??????  3????????????1??  ????????????ChatGPT??3??  ??3???  3???  ?????????????????? #ChatGPT 

 https://t.co/PBJiMBYNBD

 #airdrop #NFT  #BTC  $WOOF  $ETH  $BCB  $CRV https://t.co/CnqNXjV0On",221,0,2344244095.0,rlaalsry29,1.63e+18,Thu Feb 23 09:47:45 +0000 2023,2023/2/23 9:47,0,0,0,https://twitter.com/rlaalsry29/status/1628693082118971392,0,86470
86526,"?????  ?o?????  ????30??a?  ??????????AI??  ??a    ?  ?????  ?1???  ??????o????  ?????#ChatGPT   ????  ??????????????? 

 https://t.co/JFhUD1Zahf

 #airdrop #NFT  $BOO  $RNDR  $FRONK  $FTM  $fet https://t.co/BQW6QFXIfA",222,0,1797244280.0,sadimo25,1.63e+18,Thu Feb 23 09:57:34 +0000 2023,2023/2/23 9:57,0,0,1,https://twitter.com/sadimo25/status/1628695555965865985,1,86527
86568,"  ??  ?     ?  ?2?  ??     1?3 台 ??  3? ???  ?????     ???    ?    ?? ????|?  ??  ??! ChatGPT   ??  ??  ?????   ??  ??  ??  ??  ??. #  ??  3 台   ???   #??????  2 洙?? #ChatGPT 

 https://t.co/sMbpI8rJVr

 #airdrop #NFT  $hook  #BTC  $CRV  $hook  $BONE https://t.co/gUG6ft7Odh",278,0,2319304718.0,Ruben_Medina_44,1.63e+18,Thu Feb 23 10:01:44 +0000 2023,2023/2/23 10:01,0,0,1,https://twitter.com/Ruben_Medina_44/status/1628696601827983361,1,86569
86658,"e??   It's time to take your #crypto game to the next level with #ChatGPT coin! Invest now and be a part of the future e??? #web3 

 https://t.co/PBJiMBYNBD

 #airdrop #NFT  $MATIC  #Twitter  #Damus  $APT  $MAGIC https://t.co/OQfOoIoi7d",240,0,2344244095.0,rlaalsry29,1.63e+18,Thu Feb 23 10:16:37 +0000 2023,2023/2/23 10:16,0,0,0,https://twitter.com/rlaalsry29/status/1628700349765648386,0,86659
86733,"e??? Ready to join the revolution? Invest in #ChatGPT coin today and be a part of the decentralized future of money e??   #web3 

 https://t.co/IGojPRIk64

 #airdrop #NFT  $WOOF  #AI  $agix  $BONE  $agix https://t.co/b7MloXdXG9",231,0,2319304718.0,Ruben_Medina_44,1.63e+18,Thu Feb 23 10:31:07 +0000 2023,2023/2/23 10:31,0,0,1,https://twitter.com/Ruben_Medina_44/status/1628703996012634113,1,86734
86774,e??? Want to be a part of the future of #AI? Invest in #ChatGPT e???e??? #web3       #airdrop #NFT  $APE  #AI  #AI  #Damus  #OpenAIChatG,136,0,1.63e+18,kidding_1985,1.63e+18,Thu Feb 23 10:39:00 +0000 2023,2023/2/23 10:39,0,0,0,https://twitter.com/kidding_1985/status/1628705980837167105,0,86775
86857,"e??? Ready to join the revolution? Invest in #ChatGPT coin today and be a part of the decentralized future of money e??   #web3 

 https://t.co/PBJiMBYNBD

 #airdrop #NFT  $chatgpt  $MATIC  $APT  $imgnAI  $GALA https://t.co/h9RQ9VsNEu",238,0,2344244095.0,rlaalsry29,1.63e+18,Thu Feb 23 10:55:41 +0000 2023,2023/2/23 10:55,0,0,0,https://twitter.com/rlaalsry29/status/1628710177745563648,0,86858
86872,"e??? Want to be a part of the future of #AI? Invest in #ChatGPT e???e??? #web3 

 https://t.co/IGojPRIk64

 #airdrop #NFT  #AI  $DOGE  $BCB  $APT  $TSUKA https://t.co/93a2Z3bqRU",181,0,2319304718.0,Ruben_Medina_44,1.63e+18,Thu Feb 23 10:58:44 +0000 2023,2023/2/23 10:58,1,0,1,https://twitter.com/Ruben_Medina_44/status/1628710946838380545,2,86873
86956,"e??   ??3?????oChatGPT    -    ?  ???????????  ?  ?????????    -?1  ChatGPT????????  ??????????????????  ?????    -    ??  ?????1????(???????????  ChatGPT??????)??? #ChatGPT 

 https://t.co/bNpM2fnlEo

 #airdrop #NFT  $ocean  $RNDR  $imgnAI  $FTM  #AI https://t.co/NprP3lC1DK",279,0,2344244095.0,rlaalsry29,1.63e+18,Thu Feb 23 11:11:38 +0000 2023,2023/2/23 11:11,0,0,0,https://twitter.com/rlaalsry29/status/1628714195842654208,0,86957
87017,"e???   ??  ?     ??  3 台   ???    ?? ?  ????  ??   ??  ??  ??  3?   ????  ??  , ChatGPT   ??  ??  ??     ?  ?? ?  ????     ??  瑷??  ??  ??! #ChatGPT #  ??  ??  ??  ?? #  ??  3 台   ???   

 https://t.co/DHmFU1PvJP

 #airdrop #NFT  $APT  #Nostr  $QUACK  $BONE  $BOO https://t.co/UwOzPKx00f",291,0,1797244280.0,sadimo25,1.63e+18,Thu Feb 23 11:21:44 +0000 2023,2023/2/23 11:21,0,0,0,https://twitter.com/sadimo25/status/1628716735888261120,0,87018
87040,"Ready to see your investment portfolio soar to new heights? Invest in #ChatGPT, the coin that's changing the game in the world of AI 

 https://t.co/PBJiMBYNBD

 #airdrop #NFT  $UNI  $MAGIC  $RNDR  $GALA  #Damus https://t.co/vEHBMd6tyk",239,0,2344244095.0,rlaalsry29,1.63e+18,Thu Feb 23 11:27:16 +0000 2023,2023/2/23 11:27,0,0,1,https://twitter.com/rlaalsry29/status/1628718127272845316,1,87041
87128,"?????  ?o?????  ????30??a?  ??????????AI??  ??a    ?  ?????  ?1???  ??????o????  ?????#ChatGPT   ????  ??????????????? 

 https://t.co/sMbpI8rJVr

 #airdrop #NFT  $CRV  $MATIC  $FRONK  $agix  $hook https://t.co/CXZ44gHB5f",225,0,2319304718.0,Ruben_Medina_44,1.63e+18,Thu Feb 23 11:42:10 +0000 2023,2023/2/23 11:42,2,0,0,https://twitter.com/Ruben_Medina_44/status/1628721875747540992,2,87129
87138,"Ready to see your investment portfolio soar to new heights? Invest in #ChatGPT, the coin that's changing the game in the world of AI 

 https://t.co/PBJiMBYNBD

 #airdrop #NFT  #Twitter  #OpenAIChatGPT  $GALA  $MATIC  $BOO https://t.co/SHgGsSkGg8",250,0,2344244095.0,rlaalsry29,1.63e+18,Thu Feb 23 11:43:43 +0000 2023,2023/2/23 11:43,1,0,0,https://twitter.com/rlaalsry29/status/1628722269693394944,1,87139
87297,"Ready to see your investment portfolio soar to new heights? Invest in #ChatGPT, the coin that's changing the game in the world of AI 

 https://t.co/IGojPRIk64

 #airdrop #NFT  $BNB  $FTM  $SHIB  $UNI  $GALA https://t.co/ZMBvOjtND2",235,0,2319304718.0,Ruben_Medina_44,1.63e+18,Thu Feb 23 12:08:37 +0000 2023,2023/2/23 12:08,1,0,1,https://twitter.com/Ruben_Medina_44/status/1628728533722832897,2,87298
87337,e??? ChatGPT???  ???o|??a?????-?????  ?????  ?????3???  ????  ???  3?????????  ???????????????????????? #?????-??  ??a?????   #?????3  ??  2   #ChatGPT       #airdrop #NFT  $magic  #Nostr  $TSUKA  $BOO  $BONE  #contempor,220,0,1.63e+18,ytterbia___,1.63e+18,Thu Feb 23 12:15:15 +0000 2023,2023/2/23 12:15,0,0,0,https://twitter.com/ytterbia___/status/1628730201835446272,0,87338
87347,"e??   It's time to take your #crypto game to the next level with #ChatGPT coin! Invest now and be a part of the future e??? #web3 

 https://t.co/DHmFU1PvJP

 #airdrop #NFT  $APT  $MAKI  $APT  #Crypto  $fet https://t.co/HgnH05yDIl",234,0,1797244280.0,sadimo25,1.63e+18,Thu Feb 23 12:16:19 +0000 2023,2023/2/23 12:16,0,0,0,https://twitter.com/sadimo25/status/1628730470136684546,0,87348
87396,"Ready to see your investment portfolio soar to new heights? Invest in #ChatGPT, the coin that's changing the game in the world of AI 

 https://t.co/sMbpI8rJVr

 #airdrop #NFT  $QUACK  $hook  $FLOKI  $MAKI  $SAMO https://t.co/4zbuOLH0Ko",240,0,2319304718.0,Ruben_Medina_44,1.63e+18,Thu Feb 23 12:23:05 +0000 2023,2023/2/23 12:23,0,0,0,https://twitter.com/Ruben_Medina_44/status/1628732175347511298,0,87397
87467,"e??? Don't miss out on the opportunity to invest in the future of language AI. Buy ChatGPT coin now! #investment #ChatGPT #crypto 

 https://t.co/sMbpI8rJVr

 #airdrop #NFT  $BCB  $RNDR  $BONE  $ADA  $FRONK https://t.co/q1O8UEYv3Y",234,0,2319304718.0,Ruben_Medina_44,1.63e+18,Thu Feb 23 12:34:56 +0000 2023,2023/2/23 12:34,1,0,2,https://twitter.com/Ruben_Medina_44/status/1628735157132836864,3,87468
87553,"e??? ChatGPT???  ???o|??a?????-?????  ?????  ?????3???  ????  ???  3?????????  ???????????????????????? #?????-??  ??a?????   #?????3  ??  2   #ChatGPT 

 https://t.co/IGojPRIk64

 #airdrop #NFT  $APT  $RNDR  $RNDR  $FRONK  #AI https://t.co/YzpzXtQbrY",255,0,2319304718.0,Ruben_Medina_44,1.63e+18,Thu Feb 23 12:49:18 +0000 2023,2023/2/23 12:49,2,0,1,https://twitter.com/Ruben_Medina_44/status/1628738770726969345,3,87554
87626,"e??   It's time to take your #crypto game to the next level with #ChatGPT coin! Invest now and be a part of the future e??? #web3 

 https://t.co/JFhUD1Zahf

 #airdrop #NFT  $ocean  $FRONK  $CRV  $BOO  $Twitfi https://t.co/byBFVOUooE",237,0,1797244280.0,sadimo25,1.63e+18,Thu Feb 23 12:59:15 +0000 2023,2023/2/23 12:59,0,0,1,https://twitter.com/sadimo25/status/1628741274923864064,1,87627
87668,"e??   ??3?????oChatGPT    -    ?  ???????????  ?  ?????????    -?1  ChatGPT????????  ??????????????????  ?????    -    ??  ?????1????(???????????  ChatGPT??????)??? #ChatGPT 

 https://t.co/PBJiMBYNBD

 #airdrop #NFT  $RNDR  $RNDR  #BTC  $MANA  $APE https://t.co/H5qb9Qq9Y3",277,0,2344244095.0,rlaalsry29,1.63e+18,Thu Feb 23 13:03:48 +0000 2023,2023/2/23 13:03,2,0,0,https://twitter.com/rlaalsry29/status/1628742423361859584,2,87669
87741,"?????  ?o?????  ????30??a?  ??????????AI??  ??a    ?  ?????  ?1???  ??????o????  ?????#ChatGPT   ????  ??????????????? 

 https://t.co/PBJiMBYNBD

 #airdrop #NFT  $APT  $BONK  $APT  $BONE  #Nostr https://t.co/0t6S6V086X",223,0,2344244095.0,rlaalsry29,1.63e+18,Thu Feb 23 13:17:54 +0000 2023,2023/2/23 13:17,2,0,1,https://twitter.com/rlaalsry29/status/1628745968257581056,3,87742
87786,"e???     ?  a?AI?????a??  ??????  3????????????1??  ????????????ChatGPT??3??  ??3???  3???  ?????????????????? #ChatGPT 

 https://t.co/DHmFU1PvJP

 #airdrop #NFT  $RNDR  $BONK  $XRP  $BONK  $APT https://t.co/k9ACSMCd1B",223,0,1797244280.0,sadimo25,1.63e+18,Thu Feb 23 13:25:15 +0000 2023,2023/2/23 13:25,0,0,0,https://twitter.com/sadimo25/status/1628747818541391873,0,87787
87875,"e???   ??  ?     ??  3 台   ???    ?? ?  ????  ??   ??  ??  ??  3?   ????  ??  , ChatGPT   ??  ??  ??     ?  ?? ?  ????     ??  瑷??  ??  ??! #ChatGPT #  ??  ??  ??  ?? #  ??  3 台   ???   

 https://t.co/JFhUD1Zahf

 #airdrop #NFT  $LUNA  $BONE  $Twitfi  $ALBT  $ALBT https://t.co/ic4Aa4dLLd",293,0,1797244280.0,sadimo25,1.63e+18,Thu Feb 23 13:38:40 +0000 2023,2023/2/23 13:38,1,0,1,https://twitter.com/sadimo25/status/1628751195681726465,2,87876
87974,"e??? ChatGPT???  ???o|??a?????-?????  ?????  ?????3???  ????  ???  3?????????  ???????????????????????? #?????-??  ??a?????   #?????3  ??  2   #ChatGPT 

 https://t.co/DHmFU1PvJP

 #airdrop #NFT  $WOOF  $LUNA  $UNI  $MAKI  $XRP https://t.co/SgxENkop1a",255,0,1797244280.0,sadimo25,1.63e+18,Thu Feb 23 13:54:15 +0000 2023,2023/2/23 13:54,2,0,1,https://twitter.com/sadimo25/status/1628755116324171776,3,87975
88181,"e??? ChatGPT???  ???o|??a?????-?????  ?????  ?????3???  ????  ???  3?????????  ???????????????????????? #?????-??  ??a?????   #?????3  ??  2   #ChatGPT 

 https://t.co/DHmFU1PvJP

 #airdrop #NFT  $ETH  $fet  $MAGIC  $imgnAI  $SAMO https://t.co/EVfhRs91L9",258,0,1797244280.0,sadimo25,1.63e+18,Thu Feb 23 14:19:49 +0000 2023,2023/2/23 14:19,1,0,1,https://twitter.com/sadimo25/status/1628761550281650176,2,88182
88248,"?????  ?o?????  ????30??a?  ??????????AI??  ??a    ?  ?????  ?1???  ??????o????  ?????#ChatGPT   ????  ??????????????? 

 https://t.co/DHmFU1PvJP

 #airdrop #NFT  #OpenAIChatGPT  $agix  $hook  $MATIC  $magic https://t.co/M6RsxpsjTt",235,0,1797244280.0,sadimo25,1.63e+18,Thu Feb 23 14:30:15 +0000 2023,2023/2/23 14:30,1,0,0,https://twitter.com/sadimo25/status/1628764176092110849,1,88249
88401,"The future of communication is decentralized! Invest in ChatGPT coin and be a part of the journey to a new era of language technology e???e??? #web3 

 https://t.co/JFhUD1Zahf

 #airdrop #NFT  #Damus  #ChatGPT  $Twitfi  $agix  $BCB https://t.co/ZSiuHFkrff",259,0,1797244280.0,sadimo25,1.63e+18,Thu Feb 23 14:51:50 +0000 2023,2023/2/23 14:51,3,0,0,https://twitter.com/sadimo25/status/1628769610635026433,3,88402
88599,"e???     ?  a?AI?????a??  ??????  3????????????1??  ????????????ChatGPT??3??  ??3???  3???  ?????????????????? #ChatGPT 

 https://t.co/DHmFU1PvJP

 #airdrop #NFT  $MANA  $BONK  $MAGIC  $magic  $hook https://t.co/NC8iz8gKjH",227,0,1797244280.0,sadimo25,1.63e+18,Thu Feb 23 15:17:36 +0000 2023,2023/2/23 15:17,2,0,1,https://twitter.com/sadimo25/status/1628776091740684289,3,88600
88704,"  ??  ?     ?  ?2?  ??     1?3 台 ??  3? ???  ?????     ???    ?    ?? ????|?  ??  ??! ChatGPT   ??  ??  ?????   ??  ??  ??  ??  ??. #  ??  3 台   ???   #??????  2 洙?? #ChatGPT 

 https://t.co/PBJiMBYNBD

 #airdrop #NFT  $chatgpt  $UNI  $MANA  $APT  $SHIB https://t.co/VCxtslEFv7",281,0,2344244095.0,rlaalsry29,1.63e+18,Thu Feb 23 15:37:19 +0000 2023,2023/2/23 15:37,0,0,0,https://twitter.com/rlaalsry29/status/1628781055741157376,0,88705
88950,"e??? Don't miss out on the opportunity to invest in the future of language AI. Buy ChatGPT coin now! #investment #ChatGPT #crypto 

 https://t.co/bNpM2fnlEo

 #airdrop #NFT  $MANA  $QUACK  $DOGE  $WOOF  $JOE https://t.co/86hr7TPSar",235,0,2344244095.0,rlaalsry29,1.63e+18,Thu Feb 23 16:16:20 +0000 2023,2023/2/23 16:16,0,0,1,https://twitter.com/rlaalsry29/status/1628790874309107714,1,88951
88996,"e??   ??3?????oChatGPT    -    ?  ???????????  ?  ?????????    -?1  ChatGPT????????  ??????????????????  ?????    -    ??  ?????1????(???????????  ChatGPT??????)??? #ChatGPT 

 https://t.co/DHmFU1PvJP

 #airdrop #NFT  $FRONK  #ChatGPT  $UNI  $ALBT  $RNDR https://t.co/8hG4stBfrZ",282,0,1797244280.0,sadimo25,1.63e+18,Thu Feb 23 16:25:23 +0000 2023,2023/2/23 16:25,0,0,1,https://twitter.com/sadimo25/status/1628793151053000705,1,88997
89151,"  ??  ?     ?  ?2?  ??     1?3 台 ??  3? ???  ?????     ???    ?    ?? ????|?  ??  ??! ChatGPT   ??  ??  ?????   ??  ??  ??  ??  ??. #  ??  3 台   ???   #??????  2 洙?? #ChatGPT 

 https://t.co/JFhUD1Zahf

 #airdrop #NFT  $BONE  $FLOKI  $hook  $BONK  $SAMO https://t.co/Zj9szvvsi8",281,0,1797244280.0,sadimo25,1.63e+18,Thu Feb 23 16:48:59 +0000 2023,2023/2/23 16:48,0,0,0,https://twitter.com/sadimo25/status/1628799090875301890,0,89152
89304,"e???     ?  a?AI?????a??  ??????  3????????????1??  ????????????ChatGPT??3??  ??3???  3???  ?????????????????? #ChatGPT 

 https://t.co/PBJiMBYNBD

 #airdrop #NFT  #Twitter  $ADA  $ADA  $LUNA  $magic https://t.co/V0P5s3oc0t",227,0,2344244095.0,rlaalsry29,1.63e+18,Thu Feb 23 17:14:33 +0000 2023,2023/2/23 17:14,0,0,0,https://twitter.com/rlaalsry29/status/1628805522936700930,0,89305
89365,"e???   ??  ?     ??  3 台   ???    ?? ?  ????  ??   ??  ??  ??  3?   ????  ??  , ChatGPT   ??  ??  ??     ?  ?? ?  ????     ??  瑷??  ??  ??! #ChatGPT #  ??  ??  ??  ?? #  ??  3 台   ???   

 https://t.co/bNpM2fnlEo

 #airdrop #NFT  $APE  $BONK  $CRV  $chatgpt  $MAGIC https://t.co/w6XFYkRhWW",293,0,2344244095.0,rlaalsry29,1.63e+18,Thu Feb 23 17:28:45 +0000 2023,2023/2/23 17:28,1,0,0,https://twitter.com/rlaalsry29/status/1628809097041567744,1,89366
89382,"e??? Don't miss out on the opportunity to invest in the future of language AI. Buy ChatGPT coin now! #investment #ChatGPT #crypto 

 https://t.co/JFhUD1Zahf

 #airdrop #NFT  $fet  $hook  $APT  $JOE  $APT https://t.co/QpQxosgA2t",231,0,1797244280.0,sadimo25,1.63e+18,Thu Feb 23 17:30:36 +0000 2023,2023/2/23 17:30,2,0,0,https://twitter.com/sadimo25/status/1628809565939843072,2,89383
89508,"e???   ??  ?     ??  3 台   ???    ?? ?  ????  ??   ??  ??  ??  3?   ????  ??  , ChatGPT   ??  ??  ??     ?  ?? ?  ????     ??  瑷??  ??  ??! #ChatGPT #  ??  ??  ??  ?? #  ??  3 台   ???   

 https://t.co/PBJiMBYNBD

 #airdrop #NFT  $XRP  $BOO  $APE  $SAMO  #Twitter https://t.co/isPeSNRhMR",291,0,2344244095.0,rlaalsry29,1.63e+18,Thu Feb 23 17:53:17 +0000 2023,2023/2/23 17:53,0,0,0,https://twitter.com/rlaalsry29/status/1628815274051883014,0,89509
89594,"e??   It's time to take your #crypto game to the next level with #ChatGPT coin! Invest now and be a part of the future e??? #web3 

 https://t.co/bNpM2fnlEo

 #airdrop #NFT  $APE  $BONK  $APE  $MAKI  $DOGE https://t.co/Yv4sCyYLsT",233,0,2344244095.0,rlaalsry29,1.63e+18,Thu Feb 23 18:05:07 +0000 2023,2023/2/23 18:05,2,0,1,https://twitter.com/rlaalsry29/status/1628818249126236167,3,89595
89805,"?????  ?o?????  ????30??a?  ??????????AI??  ??a    ?  ?????  ?1???  ??????o????  ?????#ChatGPT   ????  ??????????????? 

 https://t.co/DHmFU1PvJP

 #airdrop #NFT  $chatgpt  $SHIB  $ocean  $LUNA  #BTC https://t.co/7eDAAkw1bD",227,0,1797244280.0,sadimo25,1.63e+18,Thu Feb 23 18:42:09 +0000 2023,2023/2/23 18:42,0,0,0,https://twitter.com/sadimo25/status/1628827571558453248,0,89806
89844,"There you go again. #fakeairdrops galore. Stay Alert, Stay Safe!
#cryptocommunity #cryptoinvestors #cryptomarket #scam #cryptoscams #cryptoscams #rugpull #chatgptai #chatgpt #cryptos #tokensale #airdrops #airdrop #pumpdump",223,0,1.58e+18,cryptedtech,1.63e+18,Thu Feb 23 18:49:18 +0000 2023,2023/2/23 18:49,0,0,0,https://twitter.com/cryptedtech/status/1628829369467564033,0,89845
89860,"e???     ?  a?AI?????a??  ??????  3????????????1??  ????????????ChatGPT??3??  ??3???  3???  ?????????????????? #ChatGPT 

 https://t.co/PBJiMBYNBD

 #airdrop #NFT  #AI  $BOO  $FLOKI  #Twitter  $DOGE https://t.co/5PoDYS16v8",226,0,2344244095.0,rlaalsry29,1.63e+18,Thu Feb 23 18:52:17 +0000 2023,2023/2/23 18:52,1,0,0,https://twitter.com/rlaalsry29/status/1628830119715299334,1,89861
89933,"e??? Ready to join the revolution? Invest in #ChatGPT coin today and be a part of the decentralized future of money e??   #web3 

 https://t.co/PBJiMBYNBD

 #airdrop #NFT  #AI  $MATIC  #Nostr  $FTM  $LUNA https://t.co/Yn15wqtv7g",232,0,2344244095.0,rlaalsry29,1.63e+18,Thu Feb 23 19:04:21 +0000 2023,2023/2/23 19:04,0,0,0,https://twitter.com/rlaalsry29/status/1628833155267321856,0,89934
90005,"e??? ChatGPT???  ???o|??a?????-?????  ?????  ?????3???  ????  ???  3?????????  ???????????????????????? #?????-??  ??a?????   #?????3  ??  2   #ChatGPT 

 https://t.co/bNpM2fnlEo

 #airdrop #NFT  #ChatGPT  $SAMO  $QUACK  $RNDR  $TSUKA https://t.co/CB3xooPthC",262,0,2344244095.0,rlaalsry29,1.63e+18,Thu Feb 23 19:19:02 +0000 2023,2023/2/23 19:19,0,0,0,https://twitter.com/rlaalsry29/status/1628836852911185920,0,90006
90117,"e??? Ready to join the revolution? Invest in #ChatGPT coin today and be a part of the decentralized future of money e??   #web3 

 https://t.co/PBJiMBYNBD

 #airdrop #NFT  #Crypto  $FRONK  $BONK  $CRV  $APE https://t.co/OXHunv3Dn6",234,0,2344244095.0,rlaalsry29,1.63e+18,Thu Feb 23 19:47:33 +0000 2023,2023/2/23 19:47,0,0,0,https://twitter.com/rlaalsry29/status/1628844027675136006,0,90118
90406,"e???     ?  a?AI?????a??  ??????  3????????????1??  ????????????ChatGPT??3??  ??3???  3???  ?????????????????? #ChatGPT 

 https://t.co/DHmFU1PvJP

 #airdrop #NFT  $BCB  $SAMO  #BTC  $DOGE  $BOO https://t.co/D4jDwgTeCW",222,0,1797244280.0,sadimo25,1.63e+18,Thu Feb 23 20:56:13 +0000 2023,2023/2/23 20:56,1,0,0,https://twitter.com/sadimo25/status/1628861308912439297,1,90407
90495,"e???   ??  ?     ??  3 台   ???    ?? ?  ????  ??   ??  ??  ??  3?   ????  ??  , ChatGPT   ??  ??  ??     ?  ?? ?  ????     ??  瑷??  ??  ??! #ChatGPT #  ??  ??  ??  ?? #  ??  3 台   ???   

 https://t.co/JFhUD1Zahf

 #airdrop #NFT  $JOE  #Nostr  $MATIC  $XRP  #Nostr https://t.co/06nOTJgGrp",292,0,1797244280.0,sadimo25,1.63e+18,Thu Feb 23 21:22:27 +0000 2023,2023/2/23 21:22,0,0,0,https://twitter.com/sadimo25/status/1628867911262826496,0,90496
90521,"e??? Want to be a part of the future of #AI? Invest in #ChatGPT e???e??? #web3 

 https://t.co/PBJiMBYNBD

 #airdrop #NFT  $DOGE  $GALA  $APE  $BOO  $TSUKA https://t.co/Z29JcRju88",183,0,2344244095.0,rlaalsry29,1.63e+18,Thu Feb 23 21:31:01 +0000 2023,2023/2/23 21:31,1,0,0,https://twitter.com/rlaalsry29/status/1628870066803466242,1,90522
90713,"e??? Ready to join the revolution? Invest in #ChatGPT coin today and be a part of the decentralized future of money e??   #web3 

 https://t.co/bNpM2fnlEo

 #airdrop #NFT  $BONK  $QUACK  $GALA  $APE  $GALA https://t.co/yVAR3TmzY5",233,0,2344244095.0,rlaalsry29,1.63e+18,Thu Feb 23 22:15:51 +0000 2023,2023/2/23 22:15,0,0,0,https://twitter.com/rlaalsry29/status/1628881348029972480,0,90714
90751,"?????  ?o?????  ????30??a?  ??????????AI??  ??a    ?  ?????  ?1???  ??????o????  ?????#ChatGPT   ????  ??????????????? 

 https://t.co/JFhUD1Zahf

 #airdrop #NFT  $fet  #Crypto  $RNDR  $ALBT  $BCB https://t.co/b7iJphRZTC",224,0,1797244280.0,sadimo25,1.63e+18,Thu Feb 23 22:26:30 +0000 2023,2023/2/23 22:26,0,0,0,https://twitter.com/sadimo25/status/1628884029180375041,0,90752
90869,"e??? Want to be a part of the future of #AI? Invest in #ChatGPT e???e??? #web3 

 https://t.co/JFhUD1Zahf

 #airdrop #NFT  $ALBT  $XRP  $ADA  $RNDR  $RNDR https://t.co/28rvVmP4eS",182,0,1797244280.0,sadimo25,1.63e+18,Thu Feb 23 22:57:11 +0000 2023,2023/2/23 22:57,1,0,0,https://twitter.com/sadimo25/status/1628891751846150144,1,90870
90953,"?????  ?o?????  ????30??a?  ??????????AI??  ??a    ?  ?????  ?1???  ??????o????  ?????#ChatGPT   ????  ??????????????? 

 https://t.co/DHmFU1PvJP

 #airdrop #NFT  $magic  $ADA  $APT  $ocean  $magic https://t.co/lSktECYtlk",225,0,1797244280.0,sadimo25,1.63e+18,Thu Feb 23 23:19:49 +0000 2023,2023/2/23 23:19,1,0,0,https://twitter.com/sadimo25/status/1628897447983583232,1,90954
90997,"e??? Ready to join the revolution? Invest in #ChatGPT coin today and be a part of the decentralized future of money e??   #web3 

 https://t.co/PBJiMBYNBD

 #airdrop #NFT  $Twitfi  $SHIB  $ETH  $hook  $XRP https://t.co/rTiVgv7E6t",233,0,2344244095.0,rlaalsry29,1.63e+18,Thu Feb 23 23:32:51 +0000 2023,2023/2/23 23:32,1,0,0,https://twitter.com/rlaalsry29/status/1628900726800801793,1,90998
91060,"e???   ??  ?     ??  3 台   ???    ?? ?  ????  ??   ??  ??  ??  3?   ????  ??  , ChatGPT   ??  ??  ??     ?  ?? ?  ????     ??  瑷??  ??  ??! #ChatGPT #  ??  ??  ??  ?? #  ??  3 台   ???   

 https://t.co/bNpM2fnlEo

 #airdrop #NFT  $BONE  $Twitfi  #Crypto  $FLOKI  $RNDR https://t.co/iKtZTkAHM7",296,0,2344244095.0,rlaalsry29,1.63e+18,Thu Feb 23 23:57:32 +0000 2023,2023/2/23 23:57,2,0,0,https://twitter.com/rlaalsry29/status/1628906938606968837,2,91061
91061,"e??? Want to be a part of the future of #AI? Invest in #ChatGPT e???e??? #web3 

 https://t.co/JFhUD1Zahf

 #airdrop #NFT  $APE  $XRP  $UNI  $CRV  $SAMO https://t.co/dyADkuEPmB",180,0,1797244280.0,sadimo25,1.63e+18,Thu Feb 23 23:57:42 +0000 2023,2023/2/23 23:57,2,0,0,https://twitter.com/sadimo25/status/1628906979682050048,2,91062
91087,"e???     ?  a?AI?????a??  ??????  3????????????1??  ????????????ChatGPT??3??  ??3???  3???  ?????????????????? #ChatGPT 

 https://t.co/PBJiMBYNBD

 #airdrop #NFT  $DOGE  $APT  $BONK  $SAMO  $MAKI https://t.co/HUbmWSyl2B",224,0,2344244095.0,rlaalsry29,1.63e+18,Sat Feb 25 21:28:56 +0000 2023,2023/2/25 21:28,1,0,0,https://twitter.com/rlaalsry29/status/1629594320125698048,1,91088
91135,"e???     ?  a?AI?????a??  ??????  3????????????1??  ????????????ChatGPT??3??  ??3???  3???  ?????????????????? #ChatGPT 

 https://t.co/bNpM2fnlEo

 #airdrop #NFT  #AI  $ALBT  $MAKI  $QUACK  $TSUKA https://t.co/rhxjBl9wEM",225,0,2344244095.0,rlaalsry29,1.63e+18,Sat Feb 25 21:45:14 +0000 2023,2023/2/25 21:45,0,0,0,https://twitter.com/rlaalsry29/status/1629598418287972352,0,91136
91143,"e???   ??  ?     ??  3 台   ???    ?? ?  ????  ??   ??  ??  ??  3?   ????  ??  , ChatGPT   ??  ??  ??     ?  ?? ?  ????     ??  瑷??  ??  ??! #ChatGPT #  ??  ??  ??  ?? #  ??  3 台   ???   

 https://t.co/sMbpI8rJVr

 #airdrop #NFT  $RNDR  $APT  $agix  #AI  #ChatGPT https://t.co/VP02RlZyH8",291,0,2319304718.0,Ruben_Medina_44,1.63e+18,Sat Feb 25 21:49:00 +0000 2023,2023/2/25 21:49,0,0,0,https://twitter.com/Ruben_Medina_44/status/1629599370113953792,0,91144
91171,"  ??  ?     ?  ?2?  ??     1?3 台 ??  3? ???  ?????     ???    ?    ?? ????|?  ??  ??! ChatGPT   ??  ??  ?????   ??  ??  ??  ??  ??. #  ??  3 台   ???   #??????  2 洙?? #ChatGPT 

 https://t.co/bNpM2fnlEo

 #airdrop #NFT  $BOO  $BONE  $CRV  $TSUKA  $imgnAI https://t.co/tpLKQ3pox6",281,0,2344244095.0,rlaalsry29,1.63e+18,Sat Feb 25 21:59:02 +0000 2023,2023/2/25 21:59,0,0,0,https://twitter.com/rlaalsry29/status/1629601891477856260,0,91172
91204,"e??? ChatGPT???  ???o|??a?????-?????  ?????  ?????3???  ????  ???  3?????????  ???????????????????????? #?????-??  ??a?????   #?????3  ??  2   #ChatGPT 

 https://t.co/IGojPRIk64

 #airdrop #NFT  $ADA  #Nostr  $LUNA  $MAGIC  $FTM https://t.co/VflZ0MPft4",257,0,2319304718.0,Ruben_Medina_44,1.63e+18,Sat Feb 25 22:15:12 +0000 2023,2023/2/25 22:15,0,0,0,https://twitter.com/Ruben_Medina_44/status/1629605963350016006,0,91205
91315,"e???     ?  a?AI?????a??  ??????  3????????????1??  ????????????ChatGPT??3??  ??3???  3???  ?????????????????? #ChatGPT 

 https://t.co/JFhUD1Zahf

 #airdrop #NFT  $QUACK  $APE  $APT  $MAGIC  $BONK https://t.co/ynmNBEfMoL",225,0,1797244280.0,sadimo25,1.63e+18,Sat Feb 25 22:56:06 +0000 2023,2023/2/25 22:56,0,0,0,https://twitter.com/sadimo25/status/1629616253739614208,0,91316
91339,"e???     ?  a?AI?????a??  ??????  3????????????1??  ????????????ChatGPT??3??  ??3???  3???  ?????????????????? #ChatGPT 

 https://t.co/bNpM2fnlEo

 #airdrop #NFT  $JOE  $chatgpt  $APE  $agix  $BOO https://t.co/4VMvwBnYTO",225,0,2344244095.0,rlaalsry29,1.63e+18,Sat Feb 25 23:06:28 +0000 2023,2023/2/25 23:06,1,0,0,https://twitter.com/rlaalsry29/status/1629618864395804673,1,91340
91419,"e??   ??3?????oChatGPT    -    ?  ???????????  ?  ?????????    -?1  ChatGPT????????  ??????????????????  ?????    -    ??  ?????1????(???????????  ChatGPT??????)??? #ChatGPT 

 https://t.co/PBJiMBYNBD

 #airdrop #NFT  $agix  $LUNA  $FTM  $XRP  $FRONK https://t.co/HDc9yl3uDO",278,0,2344244095.0,rlaalsry29,1.63e+18,Sat Feb 25 23:35:50 +0000 2023,2023/2/25 23:35,0,0,0,https://twitter.com/rlaalsry29/status/1629626255103385602,0,91420
91445,"e??? ChatGPT???  ???o|??a?????-?????  ?????  ?????3???  ????  ???  3?????????  ???????????????????????? #?????-??  ??a?????   #?????3  ??  2   #ChatGPT 

 https://t.co/bNpM2fnlEo

 #airdrop #NFT  $WOOF  $agix  $BONE  $GALA  $FRONK https://t.co/WM4hTxPpAl",258,0,2344244095.0,rlaalsry29,1.63e+18,Sat Feb 25 23:46:06 +0000 2023,2023/2/25 23:46,0,0,0,https://twitter.com/rlaalsry29/status/1629628835686752256,0,91446
91665,"e??? Want to be a part of the future of #AI? Invest in #ChatGPT e???e??? #web3 

 https://t.co/bNpM2fnlEo

 #airdrop #NFT  $SHIB  $FRONK  $APT  $magic  $MAGIC https://t.co/whvhZhTr5i",186,0,2344244095.0,rlaalsry29,1.63e+18,Mon Feb 27 01:06:16 +0000 2023,2023/2/27 1:06,0,0,0,https://twitter.com/rlaalsry29/status/1630011400394354688,0,91666
91693,"e??????  |?  ?    ?????  3????  a?    ??oo?    ??o??  ?????????????????  ?     3?  2  ChatGPT?1  ??? #???  3? #ChatGPT #  ?????  2  ?1   

 https://t.co/bNpM2fnlEo

 #airdrop #NFT  $BONK  $MANA  $ocean  $SHIB  $hook https://t.co/kNdB9NF3SR",243,0,2344244095.0,rlaalsry29,1.63e+18,Mon Feb 27 01:17:29 +0000 2023,2023/2/27 1:17,0,0,0,https://twitter.com/rlaalsry29/status/1630014222456217603,0,91694
91832,"e???   ??  ?     ??  3 台   ???    ?? ?  ????  ??   ??  ??  ??  3?   ????  ??  , ChatGPT   ??  ??  ??     ?  ?? ?  ????     ??  瑷??  ??  ??! #ChatGPT #  ??  ??  ??  ?? #  ??  3 台   ???   

 https://t.co/bNpM2fnlEo

 #airdrop #NFT  $CRV  $FLOKI  $ETH  $APE  $FLOKI https://t.co/UJvIz50oSl",290,0,2344244095.0,rlaalsry29,1.63e+18,Mon Feb 27 02:11:05 +0000 2023,2023/2/27 2:11,0,0,0,https://twitter.com/rlaalsry29/status/1630027710184431619,0,91833
92100,"e??? Want to be a part of the future of #AI? Invest in #ChatGPT e???e??? #web3 

 https://t.co/JFhUD1YCrH

 #airdrop #NFT  #Twitter  $QUACK  $ALBT  $APT  $MAKI https://t.co/rfVi7EVqvz",187,0,1797244280.0,sadimo25,1.63e+18,Mon Feb 27 03:40:24 +0000 2023,2023/2/27 3:40,0,0,0,https://twitter.com/sadimo25/status/1630050186964746241,0,92101
92105,"e??? Want to be a part of the future of #AI? Invest in #ChatGPT e???e??? #web3 

 https://t.co/bNpM2fnlEo

 #airdrop #NFT  $DOGE  $ETH  $QUACK  $MANA  $BOO https://t.co/qsTJV3GlaJ",183,0,2344244095.0,rlaalsry29,1.63e+18,Mon Feb 27 03:44:14 +0000 2023,2023/2/27 3:44,0,0,0,https://twitter.com/rlaalsry29/status/1630051154838142984,0,92106
92150,"e??? ChatGPT???  ???o|??a?????-?????  ?????  ?????3???  ????  ???  3?????????  ???????????????????????? #?????-??  ??a?????   #?????3  ??  2   #ChatGPT 

 https://t.co/bNpM2fnlEo

 #airdrop #NFT  $BONK  $FRONK  #OpenAIChatGPT  $BCB  #AI https://t.co/oyuCkxlHQC",264,0,2344244095.0,rlaalsry29,1.63e+18,Mon Feb 27 04:01:00 +0000 2023,2023/2/27 4:01,0,0,0,https://twitter.com/rlaalsry29/status/1630055372542050306,0,92151
93148,"e???   ??  ?     ??  3 台   ???    ?? ?  ????  ??   ??  ??  ??  3?   ????  ??  , ChatGPT   ??  ??  ??     ?  ?? ?  ????     ??  瑷??  ??  ??! #ChatGPT #  ??  ??  ??  ?? #  ??  3 台   ???   

 https://t.co/PBJiMBYNBD

 #airdrop #NFT  $APT  $XRP  #Nostr  $MAGIC  $Twitfi https://t.co/6ltQVQBgyR",293,0,2344244095.0,rlaalsry29,1.63e+18,Mon Feb 27 09:03:07 +0000 2023,2023/2/27 9:03,0,0,0,https://twitter.com/rlaalsry29/status/1630131404032950272,0,93149
93266,"e???   ??  ?     ??  3 台   ???    ?? ?  ????  ??   ??  ??  ??  3?   ????  ??  , ChatGPT   ??  ??  ??     ?  ?? ?  ????     ??  瑷??  ??  ??! #ChatGPT #  ??  ??  ??  ?? #  ??  3 台   ???   

 https://t.co/DHmFU1OXUh

 #airdrop #NFT  $LUNA  #Twitter  $BONE  #AI  #OpenAIChatGPT https://t.co/JAKz5vQIjs",301,0,1797244280.0,sadimo25,1.63e+18,Mon Feb 27 09:30:12 +0000 2023,2023/2/27 9:30,0,0,0,https://twitter.com/sadimo25/status/1630138220645154818,0,93267
93271,"e??? Want to be a part of the future of #AI? Invest in #ChatGPT e???e??? #web3 

 https://t.co/bNpM2fnlEo

 #airdrop #NFT  $SHIB  $chatgpt  $APE  $LUNA  $BONK https://t.co/0TCHtwBVT9",186,0,2344244095.0,rlaalsry29,1.63e+18,Mon Feb 27 09:31:22 +0000 2023,2023/2/27 9:31,0,0,0,https://twitter.com/rlaalsry29/status/1630138510463193089,0,93272
93366,e??   ??3?????oChatGPT    -    ?  ???????????  ?  ?????????    -?1  ChatGPT????????  ??????????????????  ?????    -    ??  ?????1????(???????????  ChatGPT??????)??? #ChatGPT       #airdrop #NFT  #BTC  $ADA  $Twitfi  $BONE  #Damus,229,0,1.63e+18,chon_277,1.63e+18,Mon Feb 27 09:54:53 +0000 2023,2023/2/27 9:54,0,0,0,https://twitter.com/chon_277/status/1630144431893643265,0,93367
93375,"e??? ChatGPT???  ???o|??a?????-?????  ?????  ?????3???  ????  ???  3?????????  ???????????????????????? #?????-??  ??a?????   #?????3  ??  2   #ChatGPT 

 https://t.co/DHmFU1PvJP

 #airdrop #NFT  $MAKI  $FTM  #OpenAIChatGPT  $ALBT  $QUACK https://t.co/Dl6MRvUtCX",266,0,1797244280.0,sadimo25,1.63e+18,Mon Feb 27 09:56:22 +0000 2023,2023/2/27 9:56,0,0,0,https://twitter.com/sadimo25/status/1630144803248967681,0,93376
93453,"e??? ChatGPT???  ???o|??a?????-?????  ?????  ?????3???  ????  ???  3?????????  ???????????????????????? #?????-??  ??a?????   #?????3  ??  2   #ChatGPT 

 https://t.co/JFhUD1YCrH

 #airdrop #NFT  $imgnAI  #OpenAIChatGPT  $ADA  $BNB  $BOO https://t.co/MpvRTEsS1K",265,0,1797244280.0,sadimo25,1.63e+18,Mon Feb 27 10:10:19 +0000 2023,2023/2/27 10:10,0,0,0,https://twitter.com/sadimo25/status/1630148312551550978,0,93454
93499,"e??? Want to be a part of the future of #AI? Invest in #ChatGPT e???e??? #web3 

 https://t.co/PBJiMBYNBD

 #airdrop #NFT  $FLOKI  $BONK  $WOOF  #ChatGPT  $SAMO https://t.co/SakCkp8AUN",188,0,2344244095.0,rlaalsry29,1.63e+18,Mon Feb 27 10:23:27 +0000 2023,2023/2/27 10:23,0,0,0,https://twitter.com/rlaalsry29/status/1630151620804657153,0,93500
93511,"ChatGPT   ??  ??  ??   ??  ??  ??  ??   ??  3 台   ???   ???  ??  ??   ???  ????    ? ???  ?  ?3 洙??  ??!   ??  ?     ? 悒??   ???a?  ??   ?  ???  ?   ???    ????   ?       ?  ??  ??   ??  ??  ??   ??  3???? ?1  ?|?     ?  ??  ?  ?3 洙??  ??! e???e??? #web3 

 https://t.co/JFhUD1Zahf

 #airdrop #NFT  $MATIC  #ChatGPT  $agix  $BONE  $QUACK https://t.co/xRx2W5ampV",365,0,1797244280.0,sadimo25,1.63e+18,Mon Feb 27 10:25:56 +0000 2023,2023/2/27 10:25,0,0,0,https://twitter.com/sadimo25/status/1630152246108487680,0,93512
93834,"e??   ??3?????oChatGPT    -    ?  ???????????  ?  ?????????    -?1  ChatGPT????????  ??????????????????  ?????    -    ??  ?????1????(???????????  ChatGPT??????)??? #ChatGPT 

 https://t.co/bNpM2fnlEo

 #airdrop #NFT  #Crypto  $WOOF  $CRV  $RNDR  $FLOKI https://t.co/1K3R33Ffn6",281,0,2344244095.0,rlaalsry29,1.63e+18,Mon Feb 27 11:32:18 +0000 2023,2023/2/27 11:32,0,0,0,https://twitter.com/rlaalsry29/status/1630168944089743360,0,93835
95345,e??   ??3?????oChatGPT    -    ?  ???????????  ?  ?????????    -?1  ChatGPT????????  ??????????????????  ?????    -    ??  ?????1????(???????????  ChatGPT??????)??? #ChatGPT       #airdrop #NFT  #BTC  $ADA  $Twitfi  $BONE  #Damus,229,0,1.63e+18,vmail_1976,1.63e+18,Mon Feb 27 15:45:47 +0000 2023,2023/2/27 15:45,0,0,0,https://twitter.com/vmail_1976/status/1630232735553056768,0,95346
