,full_text,text_length,at_num,user_id_str,screen_name,id_str,created_at,publish_time,favorite_count,retweet_count,reply_count,tweet_url,total_heat,tt
9046,"Episode 1 Season 2 of Burn the Box is out. 

Great AI UX (aka #ChatGPT)+ Macroeconomic Environment = The Great Automation 

Listen to the quick drop here - https://t.co/RHQXTVKWzf

#hr #humanresources #talent #shrm #HRBlog #talentadvisor #hrpositive #nextchat #culture #HRBooks https://t.co/GdjJc3hKUM",307,0,1.55e+18,BurntheBoxPod,1.61e+18,Wed Jan 11 12:45:03 +0000 2023,2023/1/11 12:45,0,2,0,https://twitter.com/BurntheBoxPod/status/1613155024309190658,2,9047
19477,"WAKE UP! a?????

AI generates art, music, and literature...
...We are living in a new RENAISSANCE! e??  e??-

...and this one will blow the other out of the water!

#art #music #film #poetry #theater #culture #ai #artificialintelligence #openai #chatgpt",260,0,1.61e+18,AIProfitInsider,1.62e+18,Thu Jan 19 20:11:09 +0000 2023,2023/1/19 20:11,2,0,0,https://twitter.com/AIProfitInsider/status/1616166393690607616,2,19478
22786,#Microsoft Invests $10 Billion in #ChatGPT Maker #OpenAI https://t.co/G3NNY2sRJI #AI #artificialIntelligence #machineLearning #software #tech #science #society #culture #work #jobs,180,0,205109688.0,sang_alertboot,1.62e+18,Wed Jan 25 08:01:20 +0000 2023,2023/1/25 8:01,1,0,0,https://twitter.com/sang_alertboot/status/1618157053184299008,1,22787
25855,"Bas les masques, apr?  s avoir connu la BAU, r?av?? de tirer un coup (#vieuxfusil), @R_Bachelot fait le casse, et nous r??gale, sans langue de bois #culture #ChatGPT free",170,1,10328532.0,dpa787,1.62e+18,Fri Jan 27 07:03:19 +0000 2023,2023/1/27 7:03,0,0,0,https://twitter.com/dpa787/status/1618867228916711425,0,25856
26196,"Thanks to everyone who came out and made the post-hackathon celebration a success!

We can't wait for our next hackathon!

Follow @zipyai for more updates

#Hackathon #fun #games #Cricket #teambuilding #culture #ChatGPT #SaaS #startups",241,1,1.32e+18,zipyai,1.62e+18,Fri Jan 27 09:25:36 +0000 2023,2023/1/27 9:25,1,0,0,https://twitter.com/zipyai/status/1618903035333472257,1,26197
27097,"Si vous ?ates ?? la recherche de la technologie d'intelligence artificielle la plus r??cente, ChatGPT est la solution qu'il vous faut
#chatGPT #culture #google #ia #intelligenceartificielle #OpenAI #science #technologie

https://t.co/5KBWs0EJpf https://t.co/4ZbKbR07Ht",271,0,2543059542.0,omagazinefr,1.62e+18,Fri Jan 27 14:52:08 +0000 2023,2023/1/27 14:52,0,0,0,https://twitter.com/omagazinefr/status/1618985213387804672,0,27098
65870,"#Conseil A lire : ""Dossiers de la semaine a?? Connexion culturelle"", cf. https://t.co/fgnLFok26z via @thot #ChatGPT #culture #??tudiants #IA #num??rique https://t.co/liQSjbdImj",176,1,1883266122.0,ArtMedNumerique,1.62e+18,Sat Feb 11 14:44:20 +0000 2023,2023/2/11 14:44,1,1,0,https://twitter.com/ArtMedNumerique/status/1624419065178558464,2,65871
71439,"""A modern and thriving district known for its scenic beauty, rich cultural heritage and position as a hub of #innovation and #technology""! #ChatGPT really knows a lot about #Hangzhou's #Binjiang! e?    e?    e?    #Asiangames #culture #talents #sports https://t.co/UJunRPToyV",275,0,1.44e+18,binjiangfeel,1.63e+18,Mon Feb 13 12:12:11 +0000 2023,2023/2/13 12:12,8,15,1,https://twitter.com/binjiangfeel/status/1625105555122708481,24,71440
94056,"#arts #culture #painting #painter #chatgpt #ArtificialIntelligence
https://t.co/xACmfaTNHI",91,0,1.3e+18,Culturepointgr,1.63e+18,Mon Feb 27 12:16:43 +0000 2023,2023/2/27 12:16,0,0,0,https://twitter.com/Culturepointgr/status/1630180124774522880,0,94057
97081,China's Ministry of Science and Technology says ChatGPT-like tech has the potential to be applied in many industries and fields https://t.co/pntEvcp1fL via @pingwest #technology #scienceandtechnology #economy #china #culture #AI #generativeai #chatgpt,251,1,7425482.0,aVg,1.63e+18,Mon Feb 27 21:42:15 +0000 2023,2023/2/27 21:42,0,0,0,https://twitter.com/aVg/status/1630322444572524544,0,97082
