,full_text,text_length,at_num,user_id_str,screen_name,id_str,created_at,publish_time,favorite_count,retweet_count,reply_count,tweet_url,total_heat,tt
11187,"I just published 3 Ways to Make Money with ChatGPT 
https://t.co/cd4MZfCvXo

#MoneyMaker #ChatGPT #AI #SoftwareDeveloper #SoftwareEngineer #bots #PassiveIncome #sidehustle #business #BusinessPlan",198,0,1.61e+18,TwainChesterr,1.61e+18,Fri Jan 13 07:31:56 +0000 2023,2023/1/13 7:31,0,0,0,https://twitter.com/TwainChesterr/status/1613801001126969345,0,11188
17353,"This is the right time for you to utilize the existing tools including ChatGPT to increase your efficiency as a content creator and start making passive income online 
#chatGPT #PassiveIncome #ContentCreator",208,0,1.43e+18,_alphatrix,1.62e+18,Tue Jan 17 18:30:00 +0000 2023,2023/1/17 18:30,0,0,0,https://twitter.com/_alphatrix/status/1615416160542986242,0,17354
30229,#PassiveIncome #ChatGPT #ArtificialIntelligence #OpenAI #courses,64,0,1.49e+18,enno9ta,1.62e+18,Sun Jan 29 20:04:48 +0000 2023,2023/1/29 20:04,0,0,0,https://twitter.com/enno9ta/status/1619788671280091136,0,30230
46028,"Say goodbye to writer's block! With #ChatGPT, you can easily generate an ebook filled with creative, high-quality content. #WritingTips #PassiveIncome #AI https://t.co/DGbJZvNs01",178,0,1.62e+18,AIInsights2023,1.62e+18,Fri Feb 03 16:52:42 +0000 2023,2023/2/3 16:52,1,1,0,https://twitter.com/AIInsights2023/status/1621552268226039816,2,46029
80628,"""Unlock the potential of ChatGPT &amp; Midjourney AI to generate passive income and maximize your earnings! Discover how AI technology can help you streamline processes and create sustainable income. #PassiveIncome #AI #ChatGPT #MidjourneyAI""
https://t.co/goDTMXVZno via @YouTube",280,1,1.57e+18,Jahirul19644715,1.63e+18,Wed Feb 15 18:46:39 +0000 2023,2023/2/15 18:46,1,0,0,https://twitter.com/Jahirul19644715/status/1625929600294612992,1,80629
81978,#PassiveIncome #SpeedEarnings #ChatGPT to do it for YOU https://t.co/WEO7vc9UkB,79,0,1.6e+18,bear_crusher,1.63e+18,Wed Feb 15 23:44:12 +0000 2023,2023/2/15 23:44,0,0,0,https://twitter.com/bear_crusher/status/1626004481220530177,0,81979
