,full_text,text_length,at_num,user_id_str,screen_name,id_str,created_at,publish_time,favorite_count,retweet_count,reply_count,tweet_url,total_heat,tt
20826,You won't believe the results of our new AI-powered photo shoot! Multicultural models and concept hats = perfection! #ChatGPT #openai #aiphotography #AIart #blackownedbusiness #hats https://t.co/tCnarA4hub,205,0,1.6e+18,nubianlanehatco,1.62e+18,Sat Jan 21 20:00:21 +0000 2023,2023/1/21 20:00,1,2,0,https://twitter.com/nubianlanehatco/status/1616888448404852741,3,20827
84889,"  ????  ??    ?a??  ??????  ?2???????????  ??3??????

?  ????????  ??????????????????  ???  ?a???????????  ?????o????????1???????? 悒????  ?????????e???
#Chilloutmix #stablediffusion #AIart #aiphotography #OpenAI #ChatGPT https://t.co/RGhKWZFwYa",247,0,3528311119.0,AI_Angels_,1.63e+18,Thu Feb 23 03:56:17 +0000 2023,2023/2/23 3:56,2560,229,5,https://twitter.com/AI_Angels_/status/1628604633244643331,2794,84890
84909,"  ????  ??    ?a??  ??????  ?2???????????  ??3??????

?  ????????  ??????????????????  ???  ?a???????????  ?????o????????1???????? 悒????  ?????????e???
#Chilloutmix #stablediffusion #AIart #aiphotography #OpenAI #ChatGPT https://t.co/PB44mrxieS
 #chatgpt 
https://t.co/Z25OSHdFlc",284,0,1.16e+18,translation_ja,1.63e+18,Thu Feb 23 04:00:28 +0000 2023,2023/2/23 4:00,95,6,0,https://twitter.com/translation_ja/status/1628605686849626112,101,84910
85308,"???????????  ??-??????????  ????  ?????????????  ?????????AI??????????? 悒?a???????????????????????  ??-?????????  ????  ??  ???????????  ?????????????????????e?|?
????????????????????????????????????????????  ????????  ??  ?????  ??????

#Chilloutmix #stablediffusion #AIart #aiphotography #OpenAI #ChatGPT https://t.co/I5YuJLQsNS",333,0,3528311119.0,AI_Angels_,1.63e+18,Thu Feb 23 05:56:08 +0000 2023,2023/2/23 5:56,903,91,1,https://twitter.com/AI_Angels_/status/1628634796099514368,995,85309
85328,"???????????  ??-??????????  ????  ?????????????  ?????????AI??????????? 悒?a???????????????????????  ??-?????????  ????  ??  ???????????  ?????????????????????e?|?
????????????????????????????????????????????  ????????  ??  ?????  ??????

#Chilloutmix #stablediffusion #AIart #aiphotography #OpenAI #ChatGPT https://t.co/nrsIhQdqQH
 #chatgpt 
https://t.co/M0QBkGPVSc",370,0,1.16e+18,translation_ja,1.63e+18,Thu Feb 23 06:00:27 +0000 2023,2023/2/23 6:00,17,3,0,https://twitter.com/translation_ja/status/1628635881035923457,20,85329
85813,"F??  ?  ????????????3??o???????????-??3???????????  ?????????????????  ????  歙???????  ?????????e???
?????3??o??o?????  ???????????  ??3?????  ?????  ??????????????|??|  ??e???

#Chilloutmix #stablediffusion #AIart #aiphotography #OpenAI #ChatGPT https://t.co/xi01uVd3x9",273,0,3528311119.0,AI_Angels_,1.63e+18,Thu Feb 23 07:45:14 +0000 2023,2023/2/23 7:45,663,52,3,https://twitter.com/AI_Angels_/status/1628662253376667648,718,85814
86283,"DM  ???????????????????  ?????????????????|???????????????

?????  ??  ????????  @TASUKU2023 ?????????ChiiloutMix???99%??  ??????

??????LORA??  Korean / Japanese / Taiwanese Doll Likeness????  ??????  ???????????  ??  ?????-??3????????  ??  ?????  ??  ?????  ??????????????  ??????

#Chilloutmix #stablediffusion #AIart #aiphotography #OpenAI #ChatGPT https://t.co/1V9jC9K7pO",382,1,3528311119.0,AI_Angels_,1.63e+18,Thu Feb 23 09:11:36 +0000 2023,2023/2/23 9:11,2334,245,7,https://twitter.com/AI_Angels_/status/1628683986385137664,2586,86284
87586,"?????  ?????????????????  ?????????????????  ????????????e???
#Chilloutmix #stablediffusion #AIart #aiphotography #OpenAI #ChatGPT https://t.co/dALfgv9dhw",155,0,3528311119.0,AI_Angels_,1.63e+18,Thu Feb 23 12:52:34 +0000 2023,2023/2/23 12:52,742,59,2,https://twitter.com/AI_Angels_/status/1628739594274631680,803,87587
88010,"?????  ????????? 獭 ???Part1e???

#Chilloutmix #stablediffusion #AIart #aiphotography #OpenAI #ChatGPT https://t.co/TvqnFzzlSI",127,0,1.59e+18,ai_sexyy,1.63e+18,Thu Feb 23 13:58:43 +0000 2023,2023/2/23 13:58,4,3,0,https://twitter.com/ai_sexyy/status/1628756243346255873,7,88011
88053,"?????  ????????? 獭 ???Part2e???

#Chilloutmix #stablediffusion #AIart #aiphotography #OpenAI #ChatGPT https://t.co/Zvf22WvDDm",127,0,1.59e+18,ai_sexyy,1.63e+18,Thu Feb 23 14:02:28 +0000 2023,2023/2/23 14:02,3,1,0,https://twitter.com/ai_sexyy/status/1628757186225795072,4,88054
88058,"?????  ????????? 獭 ???Part3e???

#Chilloutmix #stablediffusion #AIart #aiphotography #OpenAI #ChatGPT https://t.co/DUWFro5rQT",127,0,1.59e+18,ai_sexyy,1.63e+18,Thu Feb 23 14:03:12 +0000 2023,2023/2/23 14:03,7,1,0,https://twitter.com/ai_sexyy/status/1628757369047121920,8,88059
88119,"?  ??????????????  ???????e???

#Chilloutmix #stablediffusion #AIart #aiphotography #OpenAI #ChatGPT https://t.co/uqdqTDytgX",126,0,1.59e+18,ai_sexyy,1.63e+18,Thu Feb 23 14:11:18 +0000 2023,2023/2/23 14:11,1,0,0,https://twitter.com/ai_sexyy/status/1628759406702919682,1,88120
88751,"?????  ???????????????????  ???  ?  ??????  ?????????
?  ???  ?  ??????  ???e???a??a?????
#Chilloutmix #stablediffusion #AIart #aiphotography #OpenAI #ChatGPT https://t.co/eLC3Xy1AEK",184,0,3528311119.0,AI_Angels_,1.63e+18,Thu Feb 23 15:46:12 +0000 2023,2023/2/23 15:46,1131,97,3,https://twitter.com/AI_Angels_/status/1628783288860147714,1231,88752
89982,"?????  ??  ????   ???e???

#Chilloutmix #stablediffusion #AIart #aiphotography #OpenAI #ChatGPT https://t.co/GUDMssPml7",121,0,1.59e+18,ai_sexyy,1.63e+18,Thu Feb 23 19:14:31 +0000 2023,2023/2/23 19:14,2,0,0,https://twitter.com/ai_sexyy/status/1628835714136944641,2,89983
90442,"?    ? 獭 ?  ??  3 -deep sea girl-

#stablediffusion #AIart #aiphotography #AI #AI??  ?????1??? #cosplay #HatsuneMiku #???  ?3?????   #??3??1?????? #OpenAI #ChatGPT https://t.co/G1pspcW9lY",189,0,1.61e+18,aizart_,1.63e+18,Thu Feb 23 21:03:29 +0000 2023,2023/2/23 21:03,4,1,0,https://twitter.com/aizart_/status/1628863136479739907,5,90443
90636,"?    ? 獭 ?  ??  3 -deep sea girl- 2

#stablediffusion #AIart #aiphotography #AI #AI??  ?????1??? #cosplay #HatsuneMiku #???  ?3?????   #??3??1?????? #OpenAI #ChatGPT #AI??  ?????1????  ????????????  ?1????????????? #Chilloutmix https://t.co/9Uk2RRig03",253,0,1.61e+18,aizart_,1.63e+18,Thu Feb 23 22:00:02 +0000 2023,2023/2/23 22:00,1,0,0,https://twitter.com/aizart_/status/1628877367145041921,1,90637
90902,"?    ? 獭 ?  ??  3 -deep sea girl- 3

#stablediffusion #AIart #aiphotography #AI #AI??  ?????1??? #cosplay #HatsuneMiku #???  ?3?????   #??3??1?????? #OpenAI #ChatGPT #AI??  ?????1????  ????????????  ?1????????????? #Chilloutmix https://t.co/Hapqz2VsBb",253,0,1.61e+18,aizart_,1.63e+18,Thu Feb 23 23:06:00 +0000 2023,2023/2/23 23:06,4,0,0,https://twitter.com/aizart_/status/1628893970091724809,4,90903
91428,"Thank you for 1000 followers???e?    e???a?   Thank you for your likes! I'll try to improve the quality and fun of the images! e??ae?|?
#Chilloutmix #stablediffusion #AIart #aiphotography #OpenAI #ChatGPT
#AI #AIArtwork #AI??  ?????1??? #???????????  ????????  ??? #BlueArchive #  ??  ????  ??? #??  ??-??? #cosplay https://t.co/llqK1ke9KE",341,0,2257827463.0,arujlee,1.63e+18,Sat Feb 25 23:37:47 +0000 2023,2023/2/25 23:37,32,1,0,https://twitter.com/arujlee/status/1629626743136071681,33,91429
94575,"?  ???????????  ???????Latent couple&amp;Composable LoRA test #Chilloutmix #stablediffusion #AIart #aiphotography #OpenAI #ChatGPT
#AI #AIArtwork #AI??  ?????1??? #aigirls https://t.co/YXarhJFJbK",196,0,2257827463.0,arujlee,1.63e+18,Mon Feb 27 14:01:35 +0000 2023,2023/2/27 14:01,466,37,3,https://twitter.com/arujlee/status/1630206513360035845,506,94576
97407,"e?  1e??? #AIArt #AI??  ?????1??? #stablediffusion #AIart #aiphotography #OpenAI #ChatGPT
#AI #AIArtwork #AI??  ?????1??? https://t.co/uLJ0EL8P5b",146,0,2257827463.0,arujlee,1.63e+18,Mon Feb 27 23:11:55 +0000 2023,2023/2/27 23:11,71,6,0,https://twitter.com/arujlee/status/1630345009047425027,77,97408
