,full_text,text_length,at_num,user_id_str,screen_name,id_str,created_at,publish_time,favorite_count,retweet_count,reply_count,tweet_url,total_heat,tt
37764,Top 5 Entertainment Stories of the Week! #mrbeast #mando #ChatGPT #lastofus https://t.co/f3ZtQE2076,99,0,1.02e+18,EntmtDudes,1.62e+18,Wed Feb 01 14:35:39 +0000 2023,2023/2/1 14:35,0,0,0,https://twitter.com/EntmtDudes/status/1620793003966365696,0,37765
44001,"#Salute les Terriens.
#ufology #ukraine #ufo #SpaceX #ovnise??? #ChatGPT #mastodon #listenbourg #twitch #abduction #NASA #usa #China #ufosighting #mrbeast #extraterrestre #PAN #spy #ufolep #geipan #mufon #extraterrestrials #UFOsighting #skies #planete #space #TwitterBlue #alien https://t.co/6m314Kp6QJ",303,0,1.31e+18,RoswellVan,1.62e+18,Fri Feb 03 12:10:23 +0000 2023,2023/2/3 12:10,1,1,1,https://twitter.com/RoswellVan/status/1621481221854306308,3,44002
44002,"Un #t??moin aurait pris un #ballon #espion pour un #Ovni.
https://t.co/CAjE2avSmF

#ufology #ukraine #ufo #SpaceX #ovnise??? #ChatGPT #mastodon #listenbourg #abduction #NASA #usa #China #ufosighting #mrbeast #PAN #spy #ufolep #geipan #mufon #extraterrestrials #UFOsighting #twitch",283,0,1.31e+18,RoswellVan,1.62e+18,Fri Feb 03 12:10:24 +0000 2023,2023/2/3 12:10,1,1,0,https://twitter.com/RoswellVan/status/1621481224232378369,2,44003
44054,"Il existerait une #application qui permettrait de spotter les #ovnis.
https://t.co/s2Frhlzwjh

#ufology #ukraine #chasse #ufo #SpaceX #ChatGPT #mastodon #listenbourg #appli #abduction #NASA #ufosighting #mrbeast #pokemongo #extraterrestrials #UFOsighting #TwitterBlue #twitch",278,0,1.31e+18,RoswellVan,1.62e+18,Fri Feb 03 12:18:23 +0000 2023,2023/2/3 12:18,2,1,0,https://twitter.com/RoswellVan/status/1621483235401252865,3,44055
46283,"U got mail e???

#ai #ChatGPT #mrbeast #nomofomo https://t.co/aafd8wbOEJ",74,0,1.29e+18,nomofomo_se,1.62e+18,Fri Feb 03 17:35:17 +0000 2023,2023/2/3 17:35,0,0,0,https://twitter.com/nomofomo_se/status/1621562986438459392,0,46284
57227,"Une #??trange sph?  re aurait ??t?? aper?  u au-dessus des #USA, et cela inqui??terait le #pentagone.
https://t.co/hGqv1Jnafr

#ufology #ukraine #twitch #SpaceX #ovnise??? #ChatGPT #mastodon #abduction #NASA #ufosighting #mrbeast #extraterrestre #PAN #ufolep #geipan #mufon #greve11fevrier",292,0,1.31e+18,RoswellVan,1.62e+18,Tue Feb 07 17:14:16 +0000 2023,2023/2/7 17:14,2,1,0,https://twitter.com/RoswellVan/status/1623007247100936192,3,57228
57275,"Durant un discours de Vladimir #Poutine, un Ovni ce serait taper l'incruste.
https://t.co/mg9FwQoSCI

#ufology #ukraine #SpaceX #twitch #ovnise???#ChatGPT #mastodon #kremlin #abduction #NASA #ufosighting #mrbeast #ufolep #mufon #extraterrestrials #UFOsighting #skies #space #Russian https://t.co/iBqvPjcDnh",309,0,1.31e+18,RoswellVan,1.62e+18,Tue Feb 07 17:19:49 +0000 2023,2023/2/7 17:19,3,2,0,https://twitter.com/RoswellVan/status/1623008643137384496,5,57276
57304,"Une #IA d??tecte un ??trange signal provenant de l'espace.
https://t.co/8WoDxPvKSY

#ufology #ukraine #SpaceX #ovnise???#ChatGPT #mastodon #twitch #abduction #NASA #ufosighting #mrbeast #ufolep #geipan #mufon #bonjour #extraterrestrials #UFOsighting #skies #planete #greve11fevrier",284,0,1.31e+18,RoswellVan,1.62e+18,Tue Feb 07 17:24:35 +0000 2023,2023/2/7 17:24,3,3,0,https://twitter.com/RoswellVan/status/1623009843341627392,6,57305
