,full_text,text_length,at_num,user_id_str,screen_name,id_str,created_at,publish_time,favorite_count,retweet_count,reply_count,tweet_url,total_heat,tt
35082,"Concept : Letter U + H with tech vibe

Related Hashtag :
#logo #logodesigner #logos #logomark #developers #nft #Saas #business #fiverr #software #freelancer #Graphic #Marketing #linkedin #art #CodeBreaker #upwork #illustration #CGA #bigdata #ChatGPT https://t.co/1EZI3FBA3M",276,0,1.19e+18,vectplus7,1.62e+18,Wed Feb 01 05:47:59 +0000 2023,2023/2/1 5:47,56,4,5,https://twitter.com/vectplus7/status/1620660211194134528,65,35083
36399,"Concept : Letter U + H with tech vibe

#logo #logodesigner #logos #logomark #developers #nft #Saas #business #fiverr #software #freelancer #Graphic #Marketing #linkedin #art #CodeBreaker #upwork #illustration #CGA #bigdata #ChatGPT https://t.co/4jPuXJGWTU",257,0,1.19e+18,vectplus7,1.62e+18,Wed Feb 01 10:44:37 +0000 2023,2023/2/1 10:44,47,0,5,https://twitter.com/vectplus7/status/1620734861777719297,52,36400
65267,"Concept : Letter V + Love

#logo #logodesigner #logos #logomark #developers #nft #Saas #business #fiverr #software #freelancer #Graphic #Marketing #linkedin #art #CodeBreaker #upwork #illustration #CGA #bigdata #ChatGPT https://t.co/ozLH3qqBSI",245,0,1.19e+18,vectplus7,1.62e+18,Sat Feb 11 13:08:21 +0000 2023,2023/2/11 13:08,73,1,5,https://twitter.com/vectplus7/status/1624394911536779269,79,65268
68221,"Chatvertiser logo

#logo #logodesigner #logos #logomark #developers #nft #Saas #business #fiverr #software #freelancer #Graphic #Marketing #linkedin #art #CodeBreaker #upwork #illustration #CGA #bigdata #ChatGPT https://t.co/fKZWv3mW3l",237,0,1.32e+18,Logodt5,1.62e+18,Sat Feb 11 23:26:41 +0000 2023,2023/2/11 23:26,3,0,0,https://twitter.com/Logodt5/status/1624550520181645312,3,68222
78865,"Timing Techni - Digital Marketing Agency Logo Design

#logo #logodesigner #logos #logomark #developers #nft #digital #business #agency  #fiverr #software #freelancer #Graphic #Marketing #linkedin #art #CodeBreaker #upwork #illustration #CGA #bigdata #ChatGPT #100DaysOfCode https://t.co/uNTYrXsqN5",299,0,1.39e+18,TeamAlp72636142,1.63e+18,Wed Feb 15 14:03:56 +0000 2023,2023/2/15 14:03,8,1,1,https://twitter.com/TeamAlp72636142/status/1625858451418271747,10,78866
83916,"Tennis Sports e??1e???e??  e??? e??  e??2e???e???e??  e???

e??ae???e???e???e??? e???e???e??? e???e???e???e???:  https://t.co/q43GRYBOYr

#logo #logodesigner #logos #logomark #developers #nft #Saas #business #fiverr #software #freelancer #Graphic #Marketing #linkedin #art #CodeBreaker #illustration #CGA #bigdata #ChatGPT https://t.co/GeZER3o8TG",350,0,1.05e+18,CancerWarrior5,1.63e+18,Tue Feb 21 21:09:00 +0000 2023,2023/2/21 21:09,5,0,1,https://twitter.com/CancerWarrior5/status/1628139749109076015,6,83917
92540,"Concept : Art Sailer Studio logo 
e??  Whatsapp Me:+8801328057585
e??  Email: vectstudio11@gmail.com
#logo #logodesigner #logos #logomark #developers #artsailer #fiverr #software #freelancer #Graphic #Marketing #linkedin #art #CodeBreaker #upwork #illustration #CGA #bigdata #ChatGPT https://t.co/xRo1aodDIC",310,1,1.63e+18,logo_dex,1.63e+18,Mon Feb 27 06:22:50 +0000 2023,2023/2/27 6:22,6,1,0,https://twitter.com/logo_dex/status/1630091067159904256,7,92541
92549,"Concept : V letter mark logo
#logo #logodesign #logotype #logomaker #logomark #logodesinger #logomarca #logoolshop #logomurah #logodaily #logogrid #vlettermark  #fiverr #software #freelancer #Graphic #Marketing #linkedin #CodeBreaker #upwork #illustration #CGA #bigdata #ChatGPT https://t.co/YgZnqFFftA",303,0,1.63e+18,logo_dex,1.63e+18,Mon Feb 27 06:26:46 +0000 2023,2023/2/27 6:26,6,1,0,https://twitter.com/logo_dex/status/1630092056357117953,7,92550
