,full_text,text_length,at_num,user_id_str,screen_name,id_str,created_at,publish_time,favorite_count,retweet_count,reply_count,tweet_url,total_heat,tt
7138,"Can #ChatGPT revolutionise #cybersecurity a?? for good and bad? 

#AI cc @mclynd @fogle_shane  

https://t.co/jxXCaaD79l via @TechTarget https://t.co/zuFwIWRi77",164,3,2908107542.0,psb_dc,1.61e+18,Mon Jan 09 18:01:26 +0000 2023,2023/1/9 18:01,3,2,1,https://twitter.com/psb_dc/status/1612509869298302976,6,7139
8274,"Can #ChatGPT revolutionise #cybersecurity for good and bad? 
https://t.co/5p395YAUJF

#cryptocurrencies #MachineLearning #AI #Python #DeepLearning #100DaysOfCode #fintech #nocode #bitcoin #cybersecurity #cybersecurite #inSurTech #ChatGPT https://t.co/pdIESUAHIY",264,0,1.27e+18,VeilleCyber3,1.61e+18,Wed Jan 11 06:45:00 +0000 2023,2023/1/11 6:45,3,3,0,https://twitter.com/VeilleCyber3/status/1613064413388455937,6,8275
8588,Can #ChatGPT revolutionise #cybersecurity a?? for good and bad? | TechTarget https://t.co/3k0DFyaU2n @TechTarget @SearchSecurity https://t.co/LF7eb3weTM,152,2,35203319.0,EvanKirstel,1.61e+18,Wed Jan 11 09:20:01 +0000 2023,2023/1/11 9:20,3,4,0,https://twitter.com/EvanKirstel/status/1613103427390771202,7,8589
40835,"Can #ChatGPT revolutionise #cybersecurity  

for good and bad? 

https://t.co/GVQxWrP2aD #fintech #AI #ArtificialIntelligence #MachineLearning #DeepLearning @channelnews @TechTarget @ComputerWeekly via @SpirosMargaris https://t.co/mil2KJ95Ym",245,4,15394723.0,bestavbyssg,1.62e+18,Wed Feb 01 22:41:03 +0000 2023,2023/2/1 22:41,1,2,0,https://twitter.com/bestavbyssg/status/1620915159978971138,3,40836
45880,Can #ChatGPT revolutionise #cybersecurity a?? for good and bad? | TechTarget https://t.co/GVQxWrP2aD @TechTarget @SearchSecurity via @EvanKirstel https://t.co/mDg2NNCbM8,169,3,15394723.0,bestavbyssg,1.62e+18,Fri Feb 03 16:26:03 +0000 2023,2023/2/3 16:26,0,0,0,https://twitter.com/bestavbyssg/status/1621545562431430656,0,45881
