,full_text,text_length,at_num,user_id_str,screen_name,id_str,created_at,publish_time,favorite_count,retweet_count,reply_count,tweet_url,total_heat,tt
36631,"  ?    ?????ChatGPT???  ?|?????|??????????????????????????  ???????????  ??  ???  a???????????????????????????  ??1??  ??  ??  ?????-????????    ?????????????3??a?????????????????  ??????????????|??????????????????????????  ?????  ??|??????????????????
#?1???? #  ?????  ????  ??? #  ?????  ?? #???  ?? #ChatGPT https://t.co/mbkhBLa7nr",336,0,1.57e+18,emo_shochu1705,1.62e+18,Wed Feb 01 11:34:44 +0000 2023,2023/2/1 11:34,3,1,0,https://twitter.com/emo_shochu1705/status/1620747473450049538,4,36632
60029,"I miss Clippy... The vision of a blank page is nauseating and paralyzing, and in that moment of weakness, I think of asking #chatGPT to write the essay on Chi no Wadachi. I wonder if cheating with an AI tool could keep my brain from frying....

#  ?????  ?? #ChiNoWadachi #blogpost https://t.co/GLLJoWcvwU",307,0,3205809981.0,memoryecho1,1.62e+18,Tue Feb 07 22:40:23 +0000 2023,2023/2/7 22:40,1,0,1,https://twitter.com/memoryecho1/status/1623089315738800129,2,60030
60356,"What heresy is this? #ChatGPT doesn't know anything about Chi no Wadachi, which means I'm doomed forever. e??  e??-

Maybe I should just wait for the #BardAI... 

#???  |????  ?? #Sh??z??Oshimi #  ?????  ?? #ChiNoWadachi #BloodOnTheTracks #SeiichiOsabe #SeikoOsabe #PsychologicalAnalysis #blogpost https://t.co/Kg5kTFo126",325,0,3205809981.0,memoryecho1,1.62e+18,Tue Feb 07 23:34:39 +0000 2023,2023/2/7 23:34,0,0,0,https://twitter.com/memoryecho1/status/1623102973172764672,0,60357
81411,"2023??? 2  ??15  ?? ?  ?  ??  ?     ?? ???  ?  ??? ?  ?  ??     ?  ??
#ChatGPT #  ? 悒? ? #  ?????  ?? #?1?  2?  ? 洙?? #  ??  ??    ?  ?   #  ??    ?    -  ?  ?  ? #A10  ?????    ???   https://t.co/8SETXvsL5x",208,0,1.6e+18,himalayamos_kr,1.63e+18,Wed Feb 15 21:30:53 +0000 2023,2023/2/15 21:30,5,5,4,https://twitter.com/himalayamos_kr/status/1625970928394928168,14,81412
81470,"  ?-??????2023?1  2???15??  ??  ??-?|?  |????  ??    -?????  4  ?  ???
2023??? 2  ??15  ?? ?  ?  ??  ?     ?? ???  ?  ??? ?  ?  ??     ?  ??
#ChatGPT #  ? 悒? ? #  ?????  ?? #?1?  2?  ? 洙?? #  ??  ??    ?  ?   #  ??    ?    -  ?  ?  ? #A10  ?????    ???   https://t.co/gnUJs64LKC",280,0,1.55e+18,MultiExpress64,1.63e+18,Wed Feb 15 21:42:37 +0000 2023,2023/2/15 21:42,7,6,2,https://twitter.com/MultiExpress64/status/1625973882376028160,15,81471
