,full_text,text_length,at_num,user_id_str,screen_name,id_str,created_at,publish_time,favorite_count,retweet_count,reply_count,tweet_url,total_heat,tt
10078,LaMDA speaks in general terms #ai #aichat #google #googleai #lamda #chatgpt #openai #bltvideos #bluelighttechnology https://t.co/mHLgvtcNzJ,139,0,1.24e+18,BluelighttechYT,1.61e+18,Wed Jan 11 18:57:04 +0000 2023,2023/1/11 18:57,0,0,0,https://twitter.com/BluelighttechYT/status/1613248643913646080,0,10079
89158,AI generative art #aiart #generativeart #midjourney #openai #ainews #technews #chatgpt #dalle2 #bltvideos #bluelighttechnology https://t.co/7pw4p14oIb,150,0,1.24e+18,BluelighttechYT,1.63e+18,Thu Feb 23 16:51:04 +0000 2023,2023/2/23 16:51,1,0,0,https://twitter.com/BluelighttechYT/status/1628799615427571714,1,89159
89302,Potential of AI Art #aiart #generativeart #midjourney #openai #ainews #technews #chatgpt #dalle2 #bltvideos #bluelighttechnology https://t.co/ay4zC8MHS4,152,0,1.24e+18,BluelighttechYT,1.63e+18,Thu Feb 23 17:13:45 +0000 2023,2023/2/23 17:13,1,0,0,https://twitter.com/BluelighttechYT/status/1628805324236001280,1,89303
89372,Anadol AI Artwork #aiart #generativeart #midjourney #openai #ainews #technews #chatgpt #dalle2 #bltvideos #bluelighttechnology https://t.co/lkbKgTAvR0,150,0,1.24e+18,BluelighttechYT,1.63e+18,Thu Feb 23 17:29:52 +0000 2023,2023/2/23 17:29,1,0,0,https://twitter.com/BluelighttechYT/status/1628809377326202880,1,89373
89464,Art made from memories #aiart #generativeart #midjourney #openai #ainews #technews #chatgpt #dalle2 #bltvideos #bluelighttechnology https://t.co/OD3CVu9Ix8,155,0,1.24e+18,BluelighttechYT,1.63e+18,Thu Feb 23 17:46:20 +0000 2023,2023/2/23 17:46,1,0,0,https://twitter.com/BluelighttechYT/status/1628813523672530944,1,89465
91687,AI Neural Network similar to brain #ainews #openai #technews #chatgpt #bltvideos #bluelighttechnology https://t.co/5XXo9WZ2Uz,125,0,1.24e+18,BluelighttechYT,1.63e+18,Mon Feb 27 01:15:36 +0000 2023,2023/2/27 1:15,1,0,0,https://twitter.com/BluelighttechYT/status/1630013746533003264,1,91688
