,full_text,text_length,at_num,user_id_str,screen_name,id_str,created_at,publish_time,favorite_count,retweet_count,reply_count,tweet_url,total_heat,tt
44388,"?a?1  ?  ? ?  ?    ??? ??  ???  ? ?1  ?  ? ?  ???a?  ?  ?   ?a?  ?    ?  ? ? 歙??  ?  ?  ?  ?? ? 歙?? 悒?  ? ? 歙????  ?   ?    ??   ? 歙?? 悒? ?a?1?a?2  ? ?  ?    ?? 歙?  ?   ?  ?  ?? 歙??3?? ?  ?    ?? 歙??? ? 歙??  ?  ?  ?  ?? ? 歙?? 洙?  ??   ChatGPT   ?? 悒?  ?   ?  ?  ?  ??     ??a  ??    ??     ??  ?    ?   ?  ?  ??1   ?  ??  ?? CNBC ? 歙?? 戗??    ?  ?  ???.

#BING #CHATGPT #CNBC #OPENAI #? 歙?? 悒??  ??_? 歙??  ?  ?    ??  ?1  ? #??  ???  ? #  ?  ??-?    ?_?  ?-??

https://t.co/du76Du9N2P",488,0,1.3e+18,OMNESArabi,1.62e+18,Fri Feb 03 13:07:00 +0000 2023,2023/2/3 13:07,1,0,0,https://twitter.com/OMNESArabi/status/1621495468361392130,1,44389
64820,"Microsoft set to integrate ChatGPT into its other apps like Word.

Read more: https://t.co/2ywrjSDLhV

#WORLD #TECH #TECHNOLOGY #CHATGPT #MICROSOFT #INTEGRAT #APPS #WORD #POWER{OINT #BING #SEARCHENGINE #EDGE #NEWS #TN #INDIA https://t.co/RwPURf2qfJ",252,0,1.56e+18,news_presso_,1.62e+18,Sat Feb 11 11:43:35 +0000 2023,2023/2/11 11:43,0,0,0,https://twitter.com/news_presso_/status/1624373579168243712,0,64821
70170,And this happened. Check the hashtags the AI included. A way out? Or a way in? #ai #chatgpt #BING #promptengineering https://t.co/gI1VtbsxAC,140,0,1.63e+18,kwrovilas,1.63e+18,Mon Feb 13 08:45:25 +0000 2023,2023/2/13 8:45,0,0,0,https://twitter.com/kwrovilas/status/1625053520175980544,0,70171
76795,"e??   About #BING #ChatGPT &amp; LLMs. 

Large language models are NOT using information retrieval. They simply predict the next most likely word in a sentence. So they ""hallucinate"" ie make stuff up &amp; get facts wrong. 

This is not a bug it's a feature.
e??  e???

#OpenAI #GoogleAI #Google https://t.co/LcuOo59fjj",326,0,14125938.0,schachin,1.63e+18,Wed Feb 15 08:08:08 +0000 2023,2023/2/15 8:08,4,1,2,https://twitter.com/schachin/status/1625768911110275073,7,76796
77701,Black Women In Artificial Intelligence 1st module now on pypi pip install - BWIAICalculator1 #100DaysofCode #artificialintelligence #ai #python  #Data #Tech #STEM #DataScience #Robotics  #chatgpt #blackhistorymonth #NBA  #BING #womenwhocode #BWIAI #Apple #NASA  @BlackWomenInAI https://t.co/3poHNKLBXc,301,1,9.45e+17,BlackWomenInAI,1.63e+18,Wed Feb 15 11:01:43 +0000 2023,2023/2/15 11:01,4,0,0,https://twitter.com/BlackWomenInAI/status/1625812597248335879,4,77702
80716,https://t.co/stDOFbLSWs  #BING #ChatGPT feels like it needs a safe place.,73,0,53215424.0,paulwoll,1.63e+18,Wed Feb 15 19:01:18 +0000 2023,2023/2/15 19:01,0,0,0,https://twitter.com/paulwoll/status/1625933284541886465,0,80717
81794,"#BING #ChatGPT defends itself in the face of a petition to ""unplug"" it because of its danger to humanity https://t.co/7Bet44V2pW https://t.co/ISbyLmVmIv",152,0,18163032.0,wareFLO,1.63e+18,Wed Feb 15 22:57:10 +0000 2023,2023/2/15 22:57,2,2,0,https://twitter.com/wareFLO/status/1625992643430809603,4,81795
81887,"?????2??  ???AI???????????  ??a??1?????  ????????  ?????a???????    ?1  ?????|?????|???????  ????????  ???  ?-  ?????????????  ???????????????? 

#AI #BING #ChatGPT
https://t.co/9YpEXjUtqM???a??    ??o???  ????????? https://t.co/CbNi74ysiE",242,0,1.32e+18,sessha_sokuho,1.63e+18,Wed Feb 15 23:20:21 +0000 2023,2023/2/15 23:20,0,0,0,https://twitter.com/sessha_sokuho/status/1625998478429065216,0,81888
