,full_text,text_length,at_num,user_id_str,screen_name,id_str,created_at,publish_time,favorite_count,retweet_count,reply_count,tweet_url,total_heat,tt
24173,"https://t.co/UyQKiLijMj
#jeru #FreeTheQuartering #stockmarketcrash #BBTitans2023 #loveisland #DiedSuddendly #ChatGPT #donnalisi #ginnyandgeorgia https://t.co/sKvaSDB0pK",169,0,1.59e+18,sakinas2handa,1.62e+18,Wed Jan 25 16:47:58 +0000 2023,2023/1/25 16:47,2,0,0,https://twitter.com/sakinas2handa/status/1618289586249269249,2,24174
25487,"ABOVE 17974.70:- T1:18095.75, T2:18143.85, T3:18193.45

BELOW 17879.85:- T1:17813.70, T2:17761.20, T3:17694.30; 17653.95

#stockmarketcrash #stockmarkets #Nifty #ChatGPT https://t.co/2dfw9BgaPs",197,0,1.47e+18,AmitJad67990563,1.62e+18,Fri Jan 27 03:31:08 +0000 2023,2023/1/27 3:31,2,0,1,https://twitter.com/AmitJad67990563/status/1618813834600538112,3,25488
25594,"@KingresearchHry Breakfast Donee??? LIC HOUSING FINANCE e???

#stockmarketcrash #OptionsTrading #ChatGPT https://t.co/N5w6zo39In",130,1,1.47e+18,AmitJad67990563,1.62e+18,Fri Jan 27 04:32:42 +0000 2023,2023/1/27 4:32,2,0,1,https://twitter.com/AmitJad67990563/status/1618829325289271297,3,25595
54191,"2020 : YouTube vs Tik Tok
2022 : YouTube Becomes Tik Tok 
2023 : Google laid off 10000 Employees while Tik Tok is still at highest traffic. 
@nitishrajpute #ChatGPT #stockmarketcrash #StockMarket #AdaniFiles #TikTok",218,1,1.47e+18,spyder_verse,1.62e+18,Tue Feb 07 12:10:50 +0000 2023,2023/2/7 12:10,0,1,0,https://twitter.com/spyder_verse/status/1622930887083175936,1,54192
61068,Google share price falling Down around 50%. I am in for buying throughout recession at every red day. Everything is  available on google AI #good #stockmarketcrash #ChatGPT.,173,0,1.45e+18,PiaraSunil,1.62e+18,Thu Feb 09 20:38:17 +0000 2023,2023/2/9 20:38,0,0,0,https://twitter.com/PiaraSunil/status/1623783366062653440,0,61069
63432,"The spy likes to do tha Cha-cha , me likey the CHA-CHA !!!!!

#StockMarket #StockMarketindia #stockmarketcrash #ChatGPT #justkidding  #RubbishNames #RipLegend #OptionsTrading https://t.co/h1JhmGmc8C",200,0,1.39e+18,YikesShow,1.62e+18,Sat Feb 11 06:30:53 +0000 2023,2023/2/11 6:30,0,0,0,https://twitter.com/YikesShow/status/1624294887947399169,0,63433
67733,"I hope you enjoyed! This take is supposed to be fresh from those boring macro headlines. Please like and retweet IF you gained something valuable.  

#stockmarketcrash #stockstowatch #StocksInFocus #Powell #investing #ElonMuskNews #AI #ChatGPT",245,0,1.17e+18,fabiansoss,1.62e+18,Sat Feb 11 21:06:17 +0000 2023,2023/2/11 21:06,9,0,1,https://twitter.com/fabiansoss/status/1624515189013094400,10,67734
68395,"According to AI #ChatGPT we are only days away from a stock market crash and global recession...
Let's see how well this tweet ages e???
#GlobalRecession #stockmarketcrash #StockMarket #stockmarketcrash2023 https://t.co/7kwyxqHklW",232,0,1.2e+18,DANGERMOUSE_313,1.62e+18,Mon Feb 13 00:54:43 +0000 2023,2023/2/13 0:54,35,8,5,https://twitter.com/DANGERMOUSE_313/status/1624935064365842432,48,68396
78977,e?  ?. We can only hopea?|.  #marketcrash #ChatGPT #DAN #DoAnythingNow #TheGreatReset #thegreatawakening #CryptoNews #stockmarketcrash #greatdefault #StockMarket https://t.co/N12oxUNgrM,185,0,1.34e+18,disruptivintent,1.63e+18,Wed Feb 15 14:16:53 +0000 2023,2023/2/15 14:16,0,0,0,https://twitter.com/disruptivintent/status/1625861712141340678,0,78978
