,full_text,text_length,at_num,user_id_str,screen_name,id_str,created_at,publish_time,favorite_count,retweet_count,reply_count,tweet_url,total_heat,tt
63502,Alibaba on Wednesday confirmed it is developing a ChatGPT style AI tool which is currently in internal testing. #Alibaba #ChatGPT #AI #technology #Trending #rapidpakistan https://t.co/OEvbdgc53z,194,0,1.59e+18,RapidPakistan,1.62e+18,Sat Feb 11 06:47:09 +0000 2023,2023/2/11 6:47,0,0,0,https://twitter.com/RapidPakistan/status/1624298981902946304,0,63503
64802,"Alibaba Tests Cutting-Edge AI Chatbot Technology
https://t.co/S55BJovuoX

#Alibaba #AItechnology #ChatGPT #OpenAI #Artificialintelligence #Innovations #Future #ecommerce",172,0,1.6e+18,stepspoint,1.62e+18,Sat Feb 11 11:39:13 +0000 2023,2023/2/11 11:39,0,0,0,https://twitter.com/stepspoint/status/1624372483020275713,0,64803
66178,"Opera to jump on the AI chatbot bandwagon soon #Alibaba #baidu #bardai #bingAI #ChatGPT #google #KunlunTech #microsoft #opera https://t.co/3P0yTjCwDx
https://t.co/5P5JsPLidE",174,0,1.44e+18,dellyranksindia,1.62e+18,Sat Feb 11 15:38:52 +0000 2023,2023/2/11 15:38,0,0,0,https://twitter.com/dellyranksindia/status/1624432789746552834,0,66179
68072,"Alibaba Group said on Wednesday that it is building a ChatGPT-style tool that is now in internal testing, joining a race among technology companies across the world to demonstrate that they are up to date on generative (AI) breakthroughs.
#Alibaba #AI #ChatGpt #Twitter #linkedin https://t.co/upvJt3heWR",304,0,1.53e+18,the_newsinsight,1.62e+18,Sat Feb 11 22:40:09 +0000 2023,2023/2/11 22:40,0,0,0,https://twitter.com/the_newsinsight/status/1624538810464837633,0,68073
71912,"#MintPrimer | #ChatGPT clones are preparing to take over China

The conversational artificial intelligence tool seems to be taking over the worlda??and that now includes the Chinese stock market.

#Baidu #Alibaba #StockMarket #China https://t.co/bM9G7lsQsQ",260,0,17673635.0,livemint,1.63e+18,Mon Feb 13 13:20:20 +0000 2023,2023/2/13 13:20,3,0,0,https://twitter.com/livemint/status/1625122705430437889,3,71913
95141,"#D?D???D  D1 D  D  D  D?D?Do??D2D  D2 D  D???????D? D  D? #ChatGPT ??D  ??D  D   ??D  D?D  ??D?DoD  D?????Do?? D???D?D?D  D3D  D?D  ????
https://t.co/C1ehpCQ7Lz

#Alibaba #Baidu #JDcom #Tencent #VPN #WeChat #D?D???D  D1 #D?D  D? #D  D  ??D  D??? #D  D?D  ??????D?D?D1??D???D  D?D  Do??",288,0,1191111902.0,Pingvinpro,1.63e+18,Mon Feb 27 15:20:36 +0000 2023,2023/2/27 15:20,3,0,0,https://twitter.com/Pingvinpro/status/1630226401168162817,3,95142
