,full_text,text_length,at_num,user_id_str,screen_name,id_str,created_at,publish_time,favorite_count,retweet_count,reply_count,tweet_url,total_heat,tt
14730,"Podcast on ChatGPT and Future of Technology using AI.

#FaisalShaikh #chatgpt #AI #artificialintelligence #pakistaneconomy #beehiveconsultants #PvtLtd #karachi #Pakistan #JobsMarket #unemployment #onlineearning https://t.co/za9At1lXi8",236,0,157935433.0,FaisalAbShaikh,1.61e+18,Sun Jan 15 20:43:50 +0000 2023,2023/1/15 20:43,1,0,0,https://twitter.com/FaisalAbShaikh/status/1614725066499166208,1,14731
17583,Wow e??? Chat GPT app will change the world . AI will make songwriters /musicians jobs a lot easier . Nick CAVE  isna??t a fan though . Someone asked AI app to make / a song in style of Nick Cave and he didna??t like it ! #ChatGPT #ai #news #nickcave  #london #poll #Pakistan #viral https://t.co/p13qQnBHDk,306,0,1.37e+18,DHMOban,1.62e+18,Tue Jan 17 20:23:09 +0000 2023,2023/1/17 20:23,1,1,0,https://twitter.com/DHMOban/status/1615444635614343174,2,17584
19137,"#ChatGPT can even write #UrduPoetry. However, the quality of the #poetry differs for wife and girl friend e???e??? 
#artificalintelligence #Pakistan #Bollywood #UrduNews #Hindi https://t.co/jRysZiX0IY",201,0,18681638.0,hunzai,1.62e+18,Thu Jan 19 17:45:04 +0000 2023,2023/1/19 17:45,2,1,0,https://twitter.com/hunzai/status/1616129628044673024,3,19138
25947,"ChatGPT article about Pakistan's Economic Crisis 
#ChatGPT #OpenAIChatGPT #PTI #PDM #Pakistan #Dollar",102,0,1.13e+18,idefend3,1.62e+18,Fri Jan 27 07:41:22 +0000 2023,2023/1/27 7:41,0,0,0,https://twitter.com/idefend3/status/1618876804173029377,0,25948
35136,"#WeatherUpdate #Islamabad #Isb #Pakistan #TempUpdate #Sunrise #Sunset #HourlyUpdate
Sunrise: 07:04 AM Sunset: 05:37 PM
Current Temp: 15 C
Humidity: 48 %
Wind Speed: 8.136  km/hr
Status: Clouds
2023-02-01 11:01 AM
Generated based on instructions from #chatgpt #openAI",273,0,2687097204.0,NewshandlePk,1.62e+18,Wed Feb 01 06:01:04 +0000 2023,2023/2/1 6:01,0,0,0,https://twitter.com/NewshandlePk/status/1620663503332712449,0,35137
35906,"#WeatherUpdate #Islamabad #Isb #Pakistan #TempUpdate #Sunrise #Sunset #HourlyUpdate
Sunrise: 07:04 AM Sunset: 05:37 PM
Current Temp: 19 C
Humidity: 37 %
Wind Speed: 6.876  km/hr
Status: Clouds
2023-02-01 02:01 PM
Generated based on instructions from #chatgpt #openAI",273,0,2687097204.0,NewshandlePk,1.62e+18,Wed Feb 01 09:01:50 +0000 2023,2023/2/1 9:01,0,0,0,https://twitter.com/NewshandlePk/status/1620708993998921729,0,35907
37940,"#WeatherUpdate #Islamabad #Isb #Pakistan #TempUpdate #Sunrise #Sunset #HourlyUpdate
Sunrise: 07:04 AM Sunset: 05:37 PM
Current Temp: 14 C
Humidity: 48 %
Wind Speed: 8.424  km/hr
Status: Clouds
2023-02-01 08:01 PM
Generated based on instructions from #chatgpt #openAI",273,0,2687097204.0,NewshandlePk,1.62e+18,Wed Feb 01 15:01:21 +0000 2023,2023/2/1 15:01,0,0,0,https://twitter.com/NewshandlePk/status/1620799470995755009,0,37941
39131,"#WeatherUpdate #Islamabad #Isb #Pakistan #TempUpdate #Sunrise #Sunset #HourlyUpdate
Sunrise: 07:04 AM Sunset: 05:37 PM
Current Temp: 13 C
Humidity: 57 %
Wind Speed: 8.136  km/hr
Status: Clouds
2023-02-01 11:00 PM
Generated based on instructions from #chatgpt #openAI",273,0,2687097204.0,NewshandlePk,1.62e+18,Wed Feb 01 18:00:42 +0000 2023,2023/2/1 18:00,2,0,0,https://twitter.com/NewshandlePk/status/1620844603711655939,2,39132
40223,"#WeatherUpdate #Islamabad #Isb #Pakistan #TempUpdate #Sunrise #Sunset #HourlyUpdate
Sunrise: 07:03 AM Sunset: 05:38 PM
Current Temp: 13 C
Humidity: 64 %
Wind Speed: 7.596  km/hr
Status: Clouds
2023-02-02 02:00 AM
Generated based on instructions from #chatgpt #openAI",273,0,2687097204.0,NewshandlePk,1.62e+18,Wed Feb 01 21:00:24 +0000 2023,2023/2/1 21:00,0,0,0,https://twitter.com/NewshandlePk/status/1620889829985722375,0,40224
41303,"#WeatherUpdate #Islamabad #Isb #Pakistan #TempUpdate #Sunrise #Sunset #HourlyUpdate
Sunrise: 07:03 AM Sunset: 05:39 PM
Current Temp: 11 C
Humidity: 65 %
Wind Speed: 8.82  km/hr
Status: Clouds
2023-02-03 08:00 AM
Generated based on instructions from #chatgpt #openAI",272,0,2687097204.0,NewshandlePk,1.62e+18,Fri Feb 03 03:00:14 +0000 2023,2023/2/3 3:00,0,1,0,https://twitter.com/NewshandlePk/status/1621342772853710850,1,41304
41956,"#WeatherUpdate #Islamabad #Isb #Pakistan #TempUpdate #Sunrise #Sunset #HourlyUpdate
Sunrise: 07:03 AM Sunset: 05:39 PM
Current Temp: 17 C
Humidity: 55 %
Wind Speed: 6.48  km/hr
Status: Clouds
2023-02-03 11:00 AM
Generated based on instructions from #chatgpt #openAI",272,0,2687097204.0,NewshandlePk,1.62e+18,Fri Feb 03 06:00:51 +0000 2023,2023/2/3 6:00,0,0,0,https://twitter.com/NewshandlePk/status/1621388225787969536,0,41957
42860,"#WeatherUpdate #Islamabad #Isb #Pakistan #TempUpdate #Sunrise #Sunset #HourlyUpdate
Sunrise: 07:03 AM Sunset: 05:39 PM
Current Temp: 19 C
Humidity: 46 %
Wind Speed: 7.02  km/hr
Status: Clouds
2023-02-03 02:01 PM
Generated based on instructions from #chatgpt #openAI",272,0,2687097204.0,NewshandlePk,1.62e+18,Fri Feb 03 09:01:34 +0000 2023,2023/2/3 9:01,0,0,0,https://twitter.com/NewshandlePk/status/1621433702436716546,0,42861
43946,"#WeatherUpdate #Islamabad #Isb #Pakistan #TempUpdate #Sunrise #Sunset #HourlyUpdate
Sunrise: 07:03 AM Sunset: 05:39 PM
Current Temp: 18 C
Humidity: 47 %
Wind Speed: 9.144  km/hr
Status: Clouds
2023-02-03 05:01 PM
Generated based on instructions from #chatgpt #openAI",273,0,2687097204.0,NewshandlePk,1.62e+18,Fri Feb 03 12:01:23 +0000 2023,2023/2/3 12:01,1,0,0,https://twitter.com/NewshandlePk/status/1621478956498042881,1,43947
45232,"#WeatherUpdate #Islamabad #Isb #Pakistan #TempUpdate #Sunrise #Sunset #HourlyUpdate
Sunrise: 07:03 AM Sunset: 05:39 PM
Current Temp: 16 C
Humidity: 57 %
Wind Speed: 11.412  km/hr
Status: Clouds
2023-02-03 08:01 PM
Generated based on instructions from #chatgpt #openAI",274,0,2687097204.0,NewshandlePk,1.62e+18,Fri Feb 03 15:01:18 +0000 2023,2023/2/3 15:01,2,0,0,https://twitter.com/NewshandlePk/status/1621524235641565185,2,45233
46451,"#WeatherUpdate #Islamabad #Isb #Pakistan #TempUpdate #Sunrise #Sunset #HourlyUpdate
Sunrise: 07:03 AM Sunset: 05:39 PM
Current Temp: 15 C
Humidity: 58 %
Wind Speed: 7.596  km/hr
Status: Clouds
2023-02-03 11:00 PM
Generated based on instructions from #chatgpt #openAI",273,0,2687097204.0,NewshandlePk,1.62e+18,Fri Feb 03 18:00:41 +0000 2023,2023/2/3 18:00,0,0,0,https://twitter.com/NewshandlePk/status/1621569376930373633,0,46452
47329,"Importance of Technical Education 

#technicaleducation #careerandtechnicaleducation #careertechnicaleducation #instituteoftechnicaleducation
#technology #USa #UK #Pakistan #Dubai #Indai #ChatGPT #CPEC https://t.co/Qz9kCpOo5N",228,0,3256872042.0,ahmadengr686,1.62e+18,Fri Feb 03 20:43:54 +0000 2023,2023/2/3 20:43,0,0,0,https://twitter.com/ahmadengr686/status/1621610451770527744,0,47330
47411,"#WeatherUpdate #Islamabad #Isb #Pakistan #TempUpdate #Sunrise #Sunset #HourlyUpdate
Sunrise: 07:02 AM Sunset: 05:40 PM
Current Temp: 14 C
Humidity: 61 %
Wind Speed: 9.18  km/hr
Status: Clouds
2023-02-04 02:00 AM
Generated based on instructions from #chatgpt #openAI",272,0,2687097204.0,NewshandlePk,1.62e+18,Fri Feb 03 21:00:18 +0000 2023,2023/2/3 21:00,0,0,0,https://twitter.com/NewshandlePk/status/1621614578625806336,0,47412
48621,"#WeatherUpdate #Islamabad #Isb #Pakistan #TempUpdate #Sunrise #Sunset #HourlyUpdate
Sunrise: 06:59 AM Sunset: 05:43 PM
Current Temp: 9 C
Humidity: 78 %
Wind Speed: 9.756  km/hr
Status: Clear
2023-02-07 05:00 AM
Generated based on instructions from #chatgpt #openAI",271,0,2687097204.0,NewshandlePk,1.62e+18,Tue Feb 07 00:00:16 +0000 2023,2023/2/7 0:00,1,0,0,https://twitter.com/NewshandlePk/status/1622747033521061890,1,48622
49537,"#WeatherUpdate #Islamabad #Isb #Pakistan #TempUpdate #Sunrise #Sunset #HourlyUpdate
Sunrise: 06:59 AM Sunset: 05:43 PM
Current Temp: 11 C
Humidity: 71 %
Wind Speed: 9.324  km/hr
Status: Clear
2023-02-07 08:00 AM
Generated based on instructions from #chatgpt #openAI",272,0,2687097204.0,NewshandlePk,1.62e+18,Tue Feb 07 03:00:15 +0000 2023,2023/2/7 3:00,0,0,0,https://twitter.com/NewshandlePk/status/1622792329227644928,0,49538
50645,"#WeatherUpdate #Islamabad #Isb #Pakistan #TempUpdate #Sunrise #Sunset #HourlyUpdate
Sunrise: 06:59 AM Sunset: 05:43 PM
Current Temp: 18 C
Humidity: 42 %
Wind Speed: 7.848  km/hr
Status: Clear
2023-02-07 11:00 AM
Generated based on instructions from #chatgpt #openAI",272,0,2687097204.0,NewshandlePk,1.62e+18,Tue Feb 07 06:00:55 +0000 2023,2023/2/7 6:00,0,0,0,https://twitter.com/NewshandlePk/status/1622837793570361348,0,50646
51396,"A powerful 7.8 #earthquake leaves #Turkey and #Syria in ruins. 
What only remains is debris. 
#PrayForTurkey #PrayforSyria #PrayForTurkeyAndSyria #Pakistan #ChatGPT https://t.co/2EaMefTMuP",190,0,2444227124.0,imsaadangaria,1.62e+18,Tue Feb 07 07:27:00 +0000 2023,2023/2/7 7:27,0,0,1,https://twitter.com/imsaadangaria/status/1622859455992852480,1,51397
51531,"@HazimBangwar 
#ChatGPT #Pakistan #MujhePyaarHuaTha #Trending",62,1,1.25e+18,syedimadfaizi,1.62e+18,Tue Feb 07 07:40:04 +0000 2023,2023/2/7 7:40,0,0,0,https://twitter.com/syedimadfaizi/status/1622862746550165504,0,51532
51735,"Google will release a conversational chatbot named Bard, setting up an artificial intelligence showdown with Microsoft which has invested billions in the creators of ChatGPT.
#Pakistan #DigitalMore #newsandupdates #ChatGPT #chatbot #humanwriting https://t.co/VCH9BiUfkp",270,0,1.35e+18,DigitalMore4,1.62e+18,Tue Feb 07 08:01:25 +0000 2023,2023/2/7 8:01,2,0,0,https://twitter.com/DigitalMore4/status/1622868118518333441,2,51736
52280,"#WeatherUpdate #Islamabad #Isb #Pakistan #TempUpdate #Sunrise #Sunset #HourlyUpdate
Sunrise: 06:59 AM Sunset: 05:43 PM
Current Temp: 19 C
Humidity: 48 %
Wind Speed: 3.744  km/hr
Status: Clear
2023-02-07 02:01 PM
Generated based on instructions from #chatgpt #openAI",272,0,2687097204.0,NewshandlePk,1.62e+18,Tue Feb 07 09:01:39 +0000 2023,2023/2/7 9:01,0,0,0,https://twitter.com/NewshandlePk/status/1622883277953503238,0,52281
53284,"Are you in need of high-quality tools for your work or personal projects? Look no further than Innox Enterprises!
 
#innoxenterprises #automotive #importer #industry #parts #Pakistan #japanese #supplier #industrial #tools #measure #cuttingtool #instruments #work #job #ChatGPT https://t.co/XaZTX8ABpJ",302,0,1.62e+18,InnoxSupport,1.62e+18,Tue Feb 07 10:43:12 +0000 2023,2023/2/7 10:43,2,2,0,https://twitter.com/InnoxSupport/status/1622908832744722432,4,53285
54096,"#WeatherUpdate #Islamabad #Isb #Pakistan #TempUpdate #Sunrise #Sunset #HourlyUpdate
Sunrise: 06:59 AM Sunset: 05:43 PM
Current Temp: 19 C
Humidity: 49 %
Wind Speed: 9.108  km/hr
Status: Clear
2023-02-07 05:01 PM
Generated based on instructions from #chatgpt #openAI",272,0,2687097204.0,NewshandlePk,1.62e+18,Tue Feb 07 12:01:21 +0000 2023,2023/2/7 12:01,0,0,0,https://twitter.com/NewshandlePk/status/1622928499089502209,0,54097
55954,"#WeatherUpdate #Islamabad #Isb #Pakistan #TempUpdate #Sunrise #Sunset #HourlyUpdate
Sunrise: 06:59 AM Sunset: 05:43 PM
Current Temp: 16 C
Humidity: 56 %
Wind Speed: 9.828  km/hr
Status: Clear
2023-02-07 08:01 PM
Generated based on instructions from #chatgpt #openAI",272,0,2687097204.0,NewshandlePk,1.62e+18,Tue Feb 07 15:01:24 +0000 2023,2023/2/7 15:01,0,0,0,https://twitter.com/NewshandlePk/status/1622973811938189312,0,55955
57601,"#WeatherUpdate #Islamabad #Isb #Pakistan #TempUpdate #Sunrise #Sunset #HourlyUpdate
Sunrise: 06:59 AM Sunset: 05:43 PM
Current Temp: 14 C
Humidity: 65 %
Wind Speed: 11.34  km/hr
Status: Clear
2023-02-07 11:00 PM
Generated based on instructions from #chatgpt #openAI",272,0,2687097204.0,NewshandlePk,1.62e+18,Tue Feb 07 18:00:50 +0000 2023,2023/2/7 18:00,0,0,0,https://twitter.com/NewshandlePk/status/1623018967177519106,0,57602
77025,"ChatGPT in a nutshell!

[a?  ??? Follow @aliveforms e???]

#ChatGPT #AI #ArtificialIntelligence #microsoft #google #GoogleAI #openai #Pakistan #India #Bangladesh #Asia https://t.co/gFap12k0Ns",195,1,1.56e+18,aliveforms,1.63e+18,Wed Feb 15 09:02:27 +0000 2023,2023/2/15 9:02,2,2,0,https://twitter.com/aliveforms/status/1625782582364278785,4,77026
86692,"Article created by using ChatGPT   #Pakistan #ChatGPT #PTI #PPP #PMLn 
https://t.co/yxorIpUMdw",95,0,602604258.0,AlRasub,1.63e+18,Thu Feb 23 10:23:30 +0000 2023,2023/2/23 10:23,0,0,0,https://twitter.com/AlRasub/status/1628702081824567297,0,86693
91067,#ChatGPT the first AI created this Poem for Geo Tv Network #Pakistan #GeoNews https://t.co/HVeXu5MCnJ,101,0,122677952.0,Bchagtai,1.63e+18,Thu Feb 23 23:58:41 +0000 2023,2023/2/23 23:58,2,1,1,https://twitter.com/Bchagtai/status/1628907227997212673,4,91068
