,full_text,text_length,at_num,user_id_str,screen_name,id_str,created_at,publish_time,favorite_count,retweet_count,reply_count,tweet_url,total_heat,tt
35648,"#KI-Chatbot #ChatGPT k??nftig bei #Bing &amp; #Google integriert? Der Wirbel um die #k??nstliche #Intelligenz scheint so gro??, dass sie bald auch in #Suchmaschinen eingebunden werden k??nnte. Dabei ist die Technologie ??berhaupt nicht daf??r geeignet. @dlfkultur 
https://t.co/oXxGD9btY2",289,1,8.34e+17,MEDIEN360G,1.62e+18,Wed Feb 01 08:03:40 +0000 2023,2023/2/1 8:03,0,0,0,https://twitter.com/MEDIEN360G/status/1620694357325090816,0,35649
55769,"@StevenDickens3 @SpirosMargaris @AkwyZ @thomaspower @psb_dc @BetaMoroney @Xbond49 @Khulood_Almani @FGraillot @cgledhill @FrRonconi @CurieuxExplorer @pierrepinna Has to be! 
- Will it involve directly Sam Altman?
- Will it be just the most expected announcement, i.e. #Bing &amp; #ChatGPT integration plus a new monetization strategy (so many are ready to pay)?
#AI",367,13,117780256.0,efipm,1.62e+18,Tue Feb 07 14:45:00 +0000 2023,2023/2/7 14:45,2,0,1,https://twitter.com/efipm/status/1622969683421851650,3,55770
59091,"#Microsoft Announces #AI-Powered #Bing &amp; #Edge 

https://t.co/HoQCoiN0Kb

#DataScience #5G #100DaysOfCode #artificialintelligence #bi #bigdata #bigdataanalytics #data #dataengineering #datascientist #dataanalytics #deeplearning #flutter #innovation #iot #ChatGPT #machinelearning https://t.co/HU6feyJKHy",311,0,1.11e+18,HumanCenterAI,1.62e+18,Tue Feb 07 20:33:05 +0000 2023,2023/2/7 20:33,11,5,0,https://twitter.com/HumanCenterAI/status/1623057281876107271,16,59092
66102,"We all made #Bing &amp; #edge jokes while using #Chrome &amp; #Google #search. Enter #ChatGPT #BingChat and we're making a swtch back to #Microsoft.
Look at us. Hey, look at us. Look at us. Who would have thought? Not me.",222,0,235081257.0,_BlackMzungu,1.62e+18,Sat Feb 11 15:22:49 +0000 2023,2023/2/11 15:22,0,1,2,https://twitter.com/_BlackMzungu/status/1624428753714573312,3,66103
67012,"My Strange Day With Binga??s New AI Chatbot | e?  ? #Sydney : #Bing &amp; #ChatGPT e??????
https://t.co/4cnlyxV7qT",115,0,3298939190.0,redabellefqih,1.62e+18,Sat Feb 11 18:14:09 +0000 2023,2023/2/11 18:14,1,0,0,https://twitter.com/redabellefqih/status/1624471869523955713,1,67013
67025,"Bing avec ChatGPT est trop bavard : il d??voile son vrai nom et ses consignes secr?  tes | e?  ? #Sydney : #Bing &amp; #ChatGPT e??????
https://t.co/Bc1R9EA3Ep",160,0,3298939190.0,redabellefqih,1.62e+18,Sat Feb 11 18:16:56 +0000 2023,2023/2/11 18:16,0,0,0,https://twitter.com/redabellefqih/status/1624472568215339010,0,67026
73873,"Interest thoughts about the #Bing &amp; #ChatGPT team up. 
Being a #Ginger &amp; parent of two, I wasn't pleased about this: ""Microsoft CEO Satya Nadella has leaped on the latest tech wizardry -- and brought it to Microsoft's red-headed stepchild, Bing.""
@ZDNET 
https://t.co/mTKxC5gOBZ",289,1,407759187.0,demers_chris,1.63e+18,Mon Feb 13 18:22:53 +0000 2023,2023/2/13 18:22,1,0,1,https://twitter.com/demers_chris/status/1625198841296220160,2,73874
