,full_text,text_length,at_num,user_id_str,screen_name,id_str,created_at,publish_time,favorite_count,retweet_count,reply_count,tweet_url,total_heat,tt
6822,"Poem about mesh decimation, written by AI.

Part 1.

#gamedev #ChatGPT https://t.co/yrapdxZGNk",98,0,73405314.0,simplygon,1.61e+18,Mon Jan 09 15:30:43 +0000 2023,2023/1/9 15:30,4,0,0,https://twitter.com/simplygon/status/1612471939632594949,4,6823
8472,"First automated video on #Ethereum Shanghai by Vavajakaza, one of the virtual influencers from #brainslum.

This video had minimal human efforts, generated mostly by our AI-assisted and procedural tech.

2023, it's time for #NewYearExecution
#ChatGPT #gamedev #madewithunity https://t.co/5BojxX9fC9",303,0,9.68e+17,brain_slum,1.61e+18,Wed Jan 11 08:21:22 +0000 2023,2023/1/11 8:21,34,33,102,https://twitter.com/brain_slum/status/1613088665688760321,169,8473
9473,"Poem about mesh decimation, written by AI.

Part 2/4.

#gamedev #ChatGPT https://t.co/inWoDgr7y1",100,0,73405314.0,simplygon,1.61e+18,Wed Jan 11 15:30:01 +0000 2023,2023/1/11 15:30,1,0,0,https://twitter.com/simplygon/status/1613196538318143490,1,9474
10740,Unfamiliar Territory is using #ai to bring NPCs to life! #gaming #gamedev #ChatGPT #IMX https://t.co/8rlxdUtX3l,111,0,1.43e+18,Unfam_territory,1.61e+18,Fri Jan 13 01:12:46 +0000 2023,2023/1/13 1:12,7,7,0,https://twitter.com/Unfam_territory/status/1613705580065218560,14,10741
12105,Just created an @UnrealEngine plugin with @OpenAI's #chatGPT for sentiment analysis using #Azure! This plugin allows developers to easily analyze the sentiment of in-game text and make real-time adjustments to improve player engagement. #gamedev #UE5 #indiegamedev #UnrealEngine5 https://t.co/g1XBLA8Ury,303,2,9.05e+17,TREE_Industries,1.61e+18,Fri Jan 13 14:58:15 +0000 2023,2023/1/13 14:58,16,10,0,https://twitter.com/TREE_Industries/status/1613913319718387714,26,12106
13502,"Finally ChatGPT Game is ready and out to be played.
Link:
https://t.co/OtnWskVeN8
Also, remember that this game is entirely made using AI, so it has its flaws.

#gamedev #ChatGPT #AI #gamer #unity3d https://t.co/CWpr3LvMsT",227,0,1.09e+18,ColossalMonk,1.61e+18,Sun Jan 15 05:38:53 +0000 2023,2023/1/15 5:38,2,2,1,https://twitter.com/ColossalMonk/status/1614497329670914053,5,13503
14355,Writers are going to lose their job over this.   I can actually use #ChatGPT to generate interactive dialog for my npcs.   #gamedev #indiedev #indegamedev  #rpggame #gamedesign https://t.co/fGyygIjgMU,200,0,8.97e+17,ProjectXSYS,1.61e+18,Sun Jan 15 16:24:59 +0000 2023,2023/1/15 16:24,3,0,0,https://twitter.com/ProjectXSYS/status/1614659922729525248,3,14356
17608,"Made a video, small talking about AI feat Gamedev.

https://t.co/vKRMiAENX4

#gamedev #ai #gamedeveloper #chatgpt #unity #unreal #vlog #vlogs #vlogger",154,0,3303581475.0,MichoSchmidt,1.62e+18,Tue Jan 17 20:36:44 +0000 2023,2023/1/17 20:36,0,0,0,https://twitter.com/MichoSchmidt/status/1615448053078450180,0,17609
19071,"Game development can be a challenging process, but with the help of advanced language models like ChatGPT, it can become a lot more manageable. #gamedev #gpt3 #ChatGPT",167,0,1.59e+18,erisvirtual,1.62e+18,Thu Jan 19 17:18:53 +0000 2023,2023/1/19 17:18,2,0,1,https://twitter.com/erisvirtual/status/1616123041255243792,3,19072
29293,"What happens when ChatGPT can find bugs in computer code? https://t.co/h2TxpaRVQ4

#gamedev #gamedevelopment #programming #ChatGPT https://t.co/PddZp1UTG2",156,0,1.5e+18,fronkongames,1.62e+18,Sun Jan 29 12:16:29 +0000 2023,2023/1/29 12:16,3,2,0,https://twitter.com/fronkongames/status/1619670816182136833,5,29294
31630,"#ChatGPT is incredibly cool. I can ask it broad questions and have it generate an answer that I can then build upon.

I know what content I want in the text but have a hard time artic.. articul ... ... ticulat.... e???e???

make it sound smart with words e??  e??  

#gamedev #IndieGameDev https://t.co/MxNu21PULS",319,0,2878293409.0,GisliKonradsson,1.62e+18,Tue Jan 31 09:54:09 +0000 2023,2023/1/31 9:54,7,4,0,https://twitter.com/GisliKonradsson/status/1620359775367368704,11,31631
34710,"Ia??m not saying #AI will replace programmers, but Ia??ve been asking questions like this one for a #Godot 2D project Ia??ve been working on and ita??s given me some really nice snippets of code to work from. #gamedev #indiedev #ChatGPT @OpenAI https://t.co/46iARfke8s",268,1,96671761.0,jasonkries,1.62e+18,Wed Feb 01 04:10:40 +0000 2023,2023/2/1 4:10,7,2,2,https://twitter.com/jasonkries/status/1620635721655799808,11,34711
35551,I'm gonna farm this thing for knowledge #ChatGPT #gamer #gamedev #gamedevelopment https://t.co/0gNdbEwhHp,105,0,431343710.0,Laidbackmarco,1.62e+18,Wed Feb 01 07:44:12 +0000 2023,2023/2/1 7:44,2,1,0,https://twitter.com/Laidbackmarco/status/1620689459347066880,3,35552
38130,"January was suppose to be a fresh start after not so successful 2022 (to say the least) - I cana??t say we did all what we wanted, since we didna??t (flu season is still on), but we did some of that.

https://t.co/yxvBDkMxGP

#gamedev #gamedevjs @Gamedevjs @mypoint13k #ChatGPT https://t.co/NrtBlA0ntY",305,2,813380059.0,EnclaveGames,1.62e+18,Wed Feb 01 15:28:58 +0000 2023,2023/2/1 15:28,4,4,0,https://twitter.com/EnclaveGames/status/1620806419338461188,8,38131
38821,"Asked ChatGPT to write a theme song for our game studio.  Its fucking STRAIGHT UP FIRE!!! e??  e??  e??  e??  
#chatGPT #gamestudiothemesong #gamedev #gameindie #indiedev https://t.co/rMMw8efUQ5",195,0,1.58e+18,FallingState,1.62e+18,Wed Feb 01 17:08:37 +0000 2023,2023/2/1 17:08,1,2,0,https://twitter.com/FallingState/status/1620831498604785674,3,38822
42349,"However, choosing the correct activation function for a given task can be a challenge, as each activation function has its own strengths and weaknesses.

#programming #rustlang #neuralnetworks #Web3 #gamedev #Robotics #computervision #javascript #ChatGPT #NLP #NLProc #NLU",274,0,122825872.0,ashishlijhara,1.62e+18,Fri Feb 03 07:24:53 +0000 2023,2023/2/3 7:24,2,3,0,https://twitter.com/ashishlijhara/status/1621409374769123328,5,42350
42569,"RT @ashishlijhara: However, choosing the correct activation function for a given task can be a challenge, as each activation function has its own strengths and weaknesses. #programming #rustlang #neuralnetworks #Web3 #gamedev #Robotics #computervision #javascript #ChatGPT #Na?|",278,1,2165227813.0,WoodstockPro,1.62e+18,Fri Feb 03 08:07:40 +0000 2023,2023/2/3 8:07,0,1,0,https://twitter.com/WoodstockPro/status/1621420139164868610,1,42570
42823,"RT @ashishlijhara: However, choosing the correct activation function for a given task can be a challenge, as each activation function has its own strengths and weaknesses.

#programming #rustlang #neuralnetworks #Web3 #gamedev #Robotics #computervision #javascript #ChatGPT #a?|",280,1,260583107.0,ericnofsinger,1.62e+18,Fri Feb 03 08:56:33 +0000 2023,2023/2/3 8:56,1,1,0,https://twitter.com/ericnofsinger/status/1621432442925064192,2,42824
46515,"Ihr k??nnt mit #ChatGPT Textadventures spielen, DIE NICHT EXISTIEREN und die nur ein einziges Mal und nur f??r euch in Echtzeit generiert werden. Melde mich dann mal f??rs Wochenende ab. #gamedev #KI

(CC @martinlindner, @RobertLepenies, @NicoNolden, @Felix_Felixson &amp; @JohannaDaher) https://t.co/Fyi2Tq9czS",313,5,17187345.0,reinboth,1.62e+18,Fri Feb 03 18:11:35 +0000 2023,2023/2/3 18:11,156,20,7,https://twitter.com/reinboth/status/1621572118482767872,183,46516
48184,this is how #ChatGPT describes #Jupiter3D a #Doom-clone #gamedev #indiegames #retroshooter #AI https://t.co/4oSuXCRuj2,118,0,8.59e+17,BrickJovian,1.62e+18,Sun Feb 05 21:48:21 +0000 2023,2023/2/5 21:48,3,1,0,https://twitter.com/BrickJovian/status/1622351445860225025,4,48185
54700,"What is OpenAI and ChatGPT? Today I'm introducing the Marketing AI integration series sharing what I learn.

#dalle2 #openai #chatgpt #gpt #aimarketing #aitips #aitools #gamingindustry #gamedev #marketingtips #socialmediatips #contentmarketing #contentmarketingtips #content https://t.co/Xpr8KbjuZ7",300,0,1.29e+18,TwinsticksNTies,1.62e+18,Tue Feb 07 13:05:01 +0000 2023,2023/2/7 13:05,2,0,0,https://twitter.com/TwinsticksNTies/status/1622944523629232129,2,54701
59149,"AI APPROVED e???

#gamedev #indiedev #gamedevelopment #indiegamedev #game #gaming #chatgpt #programming https://t.co/rVkH3jaTBH",129,0,1.5e+18,GameEditor_2,1.62e+18,Tue Feb 07 20:38:25 +0000 2023,2023/2/7 20:38,4,1,0,https://twitter.com/GameEditor_2/status/1623058625618116612,5,59150
60838,"https://t.co/kMBatWTSIc
I made chatGPT tell me a jumpscare for my Indie Horror Game!

#ChatGPT #indiegame #indiegamedev #horrorgame #horrorgames #gameplay #ue4 #ue5 #indiegames #gamedev #indiedev #HorrorCommunity #screenshotsaturday #gameplay #steam #horror #horrorgameplay https://t.co/eEpDYsWyXD",300,0,1.52e+18,FanisFlam,1.62e+18,Thu Feb 09 19:59:24 +0000 2023,2023/2/9 19:59,11,13,1,https://twitter.com/FanisFlam/status/1623773579216027649,25,60839
75259,"Upcoming project prior to game development transition: Implement ChatGPT's api for a chat bot in second life--code architecture is already in place for it.

#indiedev #gamedev #gamedevelopment #chatgpt #chatbot #secondlife #screenshot #snapshot #chat #indiegamedev #100daysofcodea?| https://t.co/V1x26VZqo2",308,0,1.57e+18,Arch_Hyena,1.63e+18,Mon Feb 13 22:59:35 +0000 2023,2023/2/13 22:59,7,1,0,https://twitter.com/Arch_Hyena/status/1625268478470148097,8,75260
75379,"Just used #ChatGPT to work on some grapple mechanics in my game and I'm blown away by its ability to understand and interpret my concept in just a few sentences. It's a game-changer for coding! 
#gamedev #AI #codingassistant https://t.co/Fv3OK2coI3",249,0,4375290914.0,AndreSargeant,1.63e+18,Mon Feb 13 23:32:30 +0000 2023,2023/2/13 23:32,898,103,24,https://twitter.com/AndreSargeant/status/1625276761666879488,1025,75380
78000,"Almost a whole day to spend in the queue at the immigration office. No coding or art today, but I still can brainstorm game ideas with #ChatGPT or create some concepts with #midjourney. Both are amazing tools with their full potential yet to be discovered! #gamedev #indiedev https://t.co/XeF1jA3lAZ",299,0,13578402.0,dekart1234,1.63e+18,Wed Feb 15 12:00:16 +0000 2023,2023/2/15 12:00,3,0,0,https://twitter.com/dekart1234/status/1625827330705747969,3,78001
78237,"MarioGPT uses AI to generate endless Super Mario Levels https://t.co/ryIa48yT2O

#gamedev #gamedevelopment #indiedev #gamedesign #ChatGPT https://t.co/wtkJdwM8oL",163,0,1.5e+18,fronkongames,1.63e+18,Wed Feb 15 12:38:16 +0000 2023,2023/2/15 12:38,11,4,1,https://twitter.com/fronkongames/status/1625836893840474112,16,78238
84941,I Made available on free download for 23 hours my new album: https://t.co/4UpDEpMHX7 #indiedev #gamedev #ChatGPT #indie #ambient #SoundCloud #Videogame https://t.co/M0DazO3t0x,175,0,309371689.0,TurelCaccese,1.63e+18,Thu Feb 23 04:07:54 +0000 2023,2023/2/23 4:07,7,5,0,https://twitter.com/TurelCaccese/status/1628607558897356800,12,84942
85414,"Assault Knights 2: Ski and Drone Test https://t.co/aI0MEFaRc3 via @YouTube 
Everything #code wise was created with #ChatGPT 
#unity3d #gamedev #gamedevelopment #unitygameengine #shareYourGames #shareit #mapdesign #leveldesign 
#tellyourfriends #spreadtheword #lowpoly #videogames",282,1,383396441.0,AK_Night_Hawk,1.63e+18,Thu Feb 23 06:18:12 +0000 2023,2023/2/23 6:18,7,7,0,https://twitter.com/AK_Night_Hawk/status/1628640349793951748,14,85415
