,full_text,text_length,at_num,user_id_str,screen_name,id_str,created_at,publish_time,favorite_count,retweet_count,reply_count,tweet_url,total_heat,tt
45653,"a??NEW RELEASE : Editor GTe???

#3D #CHATGPT #THESIMS5 #SIMS5 #PARALIVES #DEV #DEVLOG #WEB3 #CRYPTO #RTX #INNOVATON https://t.co/9ZlaA5Yk3R",141,0,1543674968.0,ceometaversegt,1.62e+18,Fri Feb 03 15:58:30 +0000 2023,2023/2/3 15:58,4,0,0,https://twitter.com/ceometaversegt/status/1621538629700014080,4,45654
52074,"??C?3mo comparar manazas con fresas? ??Qu?? tan dulce son?

#ChatGPT #BARD #WEB3 #BLOCKCHAIN #BFT https://t.co/zD1jN9UnDU",123,0,1.49e+18,plexoio,1.62e+18,Tue Feb 07 08:40:52 +0000 2023,2023/2/7 8:40,2,1,0,https://twitter.com/plexoio/status/1622878044246491137,3,52075
52409,"Google launches #ChatGPT rival e???e???

#AI #WEB3 #FetchAI #OceanProtocol #Chirpley #SingularityNET https://t.co/FtGZ0eGc9z",126,0,1.34e+18,BitIndiaYT,1.62e+18,Tue Feb 07 09:13:57 +0000 2023,2023/2/7 9:13,19,2,1,https://twitter.com/BitIndiaYT/status/1622886373924675585,22,52410
93191,"@gomezidao Done
0x89eE35d80a8E657b4dc043ABcD170A2d8CF8bc30

#AI #ChatGPT  #Cryptocurency  #Ethereum #WEB3 #Airdrop",117,1,1.62e+18,smiththompsonjr,1.63e+18,Mon Feb 27 09:12:31 +0000 2023,2023/2/27 9:12,1,0,1,https://twitter.com/smiththompsonjr/status/1630133768504905729,2,93192
93599,"@gomezidao 0x13E7F7CC9E51595a2bc96f7988f58B104226935f

#AI #ChatGPT  #Cryptocurency  #Ethereum #WEB3 #Airdrop",111,1,1.15e+18,tozo611,1.63e+18,Mon Feb 27 10:44:16 +0000 2023,2023/2/27 10:44,0,0,0,https://twitter.com/tozo611/status/1630156858446213120,0,93600
93602,"@gomezidao 0x457f906e2aA73dC419b3dCfC755a96A4bd2CB174

Thank you

#AI #ChatGPT  #Cryptocurency  #Ethereum #WEB3 #Airdrop",124,1,9.08e+17,Iei25781794,1.63e+18,Mon Feb 27 10:45:33 +0000 2023,2023/2/27 10:45,3,0,0,https://twitter.com/Iei25781794/status/1630157180191264771,3,93603
94269,#AI #ChatGPT  #Cryptocurency  #Ethereum #WEB3 #Airdrop,54,0,1.6e+18,Itzmeraz07,1.63e+18,Mon Feb 27 13:01:52 +0000 2023,2023/2/27 13:01,1,0,1,https://twitter.com/Itzmeraz07/status/1630191486133501955,2,94270
94978,"@gomezidao Done sir.. e???e???e???

0xAEEab40d8Fddcbc6A8300E10B02f734b8f34910b

#AI #ChatGPT  #Cryptocurency  #Ethereum #WEB3 #Airdrop",138,1,1.37e+18,AhmadFauziF7,1.63e+18,Mon Feb 27 15:06:01 +0000 2023,2023/2/27 15:06,0,0,0,https://twitter.com/AhmadFauziF7/status/1630222730443493376,0,94979
