,full_text,text_length,at_num,user_id_str,screen_name,id_str,created_at,publish_time,favorite_count,retweet_count,reply_count,tweet_url,total_heat,tt
19892,"Watch: #Microsoft CEO Satya Nadella supports #Blockchain and #Metaverse

https://t.co/nRZukINaT2

#Innovation #MWC2023 #MWC23 #FutureOfWork #Fintech #JavaScript #AI #NLP #ChatGPT #Bot #Coding #DataScience #Web3 #BigData #Analytics #Marketing #Flutter",254,0,243568454.0,stratorob,1.62e+18,Sat Jan 21 12:00:10 +0000 2023,2023/1/21 12:00,3,2,0,https://twitter.com/stratorob/status/1616767609059385344,5,19893
51987,Update on $FET. $0.50 is gone. $1 is target. $5 is destination. #Artificial_Intelligence will be the technology of this decade. The battle between e??oe??? and e??  e??3 will be over #AI. #Microsoft #ChatGPT #Baidu #Google. But on #Blockchain and #cryptocurrencies we have #FetchAI @Fetch_ai. https://t.co/riC8Ps06F5,316,1,38253942.0,Foing_BbB,1.62e+18,Tue Feb 07 08:29:51 +0000 2023,2023/2/7 8:29,5,1,0,https://twitter.com/Foing_BbB/status/1622875273547943936,6,51988
52003,@100xAltcoinGems That's $FET. $0.50 is gone. $1 is target. $5 is destination. #Artificial_Intelligence will be the technology of this decade. The battle between e??oe??? and e??  e??3 will be over #AI. #Microsoft #ChatGPT #Baidu #Google. But on #Blockchain and #cryptocurrencies we have #FetchAI @Fetch_ai. https://t.co/vgHq4u819u,330,2,38253942.0,Foing_BbB,1.62e+18,Tue Feb 07 08:31:37 +0000 2023,2023/2/7 8:31,1,0,2,https://twitter.com/Foing_BbB/status/1622875718790131712,3,52004
53190,@im_goomba $FET's destination is $5! $0.50 is gone. $1 is target. $5 is destination. #Artificial_Intelligence will be the technology of this decade. The battle between e??oe??? and e??  e??3 will be over #AI. #Microsoft #ChatGPT #Baidu #Google. But on #Blockchain and #cryptocurrencies we have #FetchAI. https://t.co/hT8LiBb010,327,1,38253942.0,Foing_BbB,1.62e+18,Tue Feb 07 10:32:48 +0000 2023,2023/2/7 10:32,0,0,0,https://twitter.com/Foing_BbB/status/1622906216249802752,0,53191
55530,@Phoenix_Ash3s It's far from over. $1 is the pit stop. $5 is the destination. #Artificial_Intelligence will be 2023 technology. The battle between e??oe??? and e??  e??3 will be over #AI. #Microsoft #ChatGPT #Baidu #Google. But on #Blockchain and #cryptocurrencies we have #FetchAI.,282,1,38253942.0,Foing_BbB,1.62e+18,Tue Feb 07 14:23:57 +0000 2023,2023/2/7 14:23,2,0,0,https://twitter.com/Foing_BbB/status/1622964385453834249,2,55531
57670,@100xAltcoinGems $FET @Fetch_ai. $1 is a pit stop. $5 is destination. #Artificial_Intelligence will be the technology of this decade. The battle between e??oe??? and e??  e??3 will be over #AI. #Microsoft #ChatGPT #Baidu #Google. But on #Blockchain and #cryptocurrencies we have #FetchAI. https://t.co/5Y5FIIxk3k,312,2,38253942.0,Foing_BbB,1.62e+18,Tue Feb 07 18:08:15 +0000 2023,2023/2/7 18:08,5,0,0,https://twitter.com/Foing_BbB/status/1623020833315717123,5,57671
