,full_text,text_length,at_num,user_id_str,screen_name,id_str,created_at,publish_time,favorite_count,retweet_count,reply_count,tweet_url,total_heat,tt
14137,"Interesting feed browsing IG had to laugh e??? #ChatGPT #Australian #universities #aibot #OpenAIChatGPT #OpenAI don't hate the player, hate the game e???e???e??? https://t.co/JIp7jzpsfL",185,0,462035698.0,tonylab_net,1.61e+18,Sun Jan 15 14:16:28 +0000 2023,2023/1/15 14:16,0,0,0,https://twitter.com/tonylab_net/status/1614627583911464960,0,14138
23640,"Jasper vs ChatGPT - Which One is the Best AI Chatbot?

Share your thoughts in the below poll.

#artificialintelligence #chatgpt #chatgptai #chatgptbot #chatbot #aibot #jasperai #jasper #artificialintelligencetechnology #artificialintelligenceai #poll #polltime #polloftheday",278,0,579074006.0,AddWebSolution,1.62e+18,Wed Jan 25 13:43:44 +0000 2023,2023/1/25 13:43,0,0,0,https://twitter.com/AddWebSolution/status/1618243224405180417,0,23641
32198,"The term ""Chat GPT"" is currently a hot topic among us.

How effective is ChatGPT as a language model AI, in your opinion?
#chatgpt #chatgptai #chatgptbot #gptchat #ai #business #aibot #bots #technology #trendingnow #trendingtopic",232,0,3266889673.0,colan_infotch,1.62e+18,Tue Jan 31 13:17:03 +0000 2023,2023/1/31 13:17,1,0,0,https://twitter.com/colan_infotch/status/1620410835981176832,1,32199
51308,"e???e???e???e??   e???e??? a??e???e???e??  e???a??e??? e??  e???e??   e??? e???e???e??  ? e??? https://t.co/9qOQLzjdgZ 
If anyone was wondering, CatGPT is here to answer.

#chatgpt #cat #bot #aibot #qa #developer #education #openai https://t.co/Uzeq21INxK",258,0,2965577340.0,kanhasoft,1.62e+18,Tue Feb 07 07:16:28 +0000 2023,2023/2/7 7:16,1,0,0,https://twitter.com/kanhasoft/status/1622856808107851776,1,51309
73090,@iambroots @HEX_TAngent @CrimsonEco #crimsonguard #ai #aibot #ChatGPT,69,3,1.43e+18,DangerousCrypt0,1.63e+18,Mon Feb 13 16:10:17 +0000 2023,2023/2/13 16:10,0,0,0,https://twitter.com/DangerousCrypt0/status/1625165474039300099,0,73091
74813,"Our AI imaging models are breathtaking. I dare you to go compare our models to the other brands. 

We are not looking at competing with others but enhancing the space with our tech and leading the rise to AI to Public adoption!

#midjourney #ChatGPT #ai $nowai #nowai #aibot #defi https://t.co/GuNLoaF8jS",308,0,1.59e+18,nowaiAI,1.63e+18,Mon Feb 13 21:21:50 +0000 2023,2023/2/13 21:21,20,9,4,https://twitter.com/nowaiAI/status/1625243877904093184,33,74814
75714,"NOWAI UPDATE | AI TECH &amp; MORE | 100x GEM?
https://t.co/ilMUgxTJfL

#nowai #ai #aibot #crypto #defi #midjourney #chatgpt 
$SHI $WOOF $TSUKA $VOLT $TYRANT $NOWAI $IMGNAI https://t.co/NB4LeexWRr",199,0,1.59e+18,nowaiAI,1.63e+18,Wed Feb 15 03:34:03 +0000 2023,2023/2/15 3:34,17,9,6,https://twitter.com/nowaiAI/status/1625699937777520642,32,75715
75833,"@nowaiAI @nowaiai is the one!

#nowai #ai #aibot #crypto #defi #midjourney #chatgpt 
$SHI $WOOF $TSUKA $VOLT $TYRANT $NOWAI $IMGNAI https://t.co/HSXgQ9IwoO",158,2,1.45e+18,escalantemj86,1.63e+18,Wed Feb 15 04:03:36 +0000 2023,2023/2/15 4:03,3,1,0,https://twitter.com/escalantemj86/status/1625707370876911616,4,75834
76335,"ChatGPT is the new trend that is making a wave in the industry. Find the top keywords that you can use to find your content.
.
Follow for more interesting content.
.
.
.
#chatgpt #ai #artificialintelligence #digitalmarketing #digitaltransformation #digitaledify #aibot #Trending https://t.co/A7FTupmkXB",308,0,8.45e+17,DigitalEdify,1.63e+18,Wed Feb 15 06:25:54 +0000 2023,2023/2/15 6:25,1,0,0,https://twitter.com/DigitalEdify/status/1625743184948240385,1,76336
77327,"  ??  ?3  ??    ?  ??  ?3  ??  ??    ?   ??  ??  ??    ?   ??  ? 台 ? 悒? ?  ?      ?  ?     ??  ? 瑷??  ? 瑷? ?  ?    ??   ??  ?    ? 悒? ? -   ?    ??  ? 悒? ?   ??  ? 台 ? 悒? ??
#chatgpt #ai #aibot #valentinesday #newsSense #newssensetn
https://t.co/GonR0en9Fq",258,0,1.48e+18,newssensetn,1.63e+18,Wed Feb 15 10:00:12 +0000 2023,2023/2/15 10:00,0,0,0,https://twitter.com/newssensetn/status/1625797113345937408,0,77328
78749,"Unleash the beast of #AI till whenever you can..
The one of the best #AI is already in market..

1st voice #AI already launched.....

#pixiaAi @nowaiai is the one!

#nowai #ai #aibot #crypto #defi #midjourney #chatgpt 
$SHI $WOOF $TSUKA $VOLT $TYRANT $NOWAI $IMGNAI https://t.co/az5CiKZMmr",297,1,1.62e+18,highgunrug,1.63e+18,Wed Feb 15 13:47:26 +0000 2023,2023/2/15 13:47,2,0,0,https://twitter.com/highgunrug/status/1625854299585806336,2,78750
79088,"Thought we will not keep you all waiting! Website is livea?| leta??s begin our defi footprint.

https://t.co/8dZdvNG0rY

#nowai #ai #aibot #crypto #defi #midjourney #chatgpt 
$SHI $WOOF $TSUKA $VOLT $TYRANT $NOWAI $IMGNAI https://t.co/3SKzsua8LL",250,0,1.59e+18,nowaiAI,1.63e+18,Wed Feb 15 14:34:14 +0000 2023,2023/2/15 14:34,21,12,7,https://twitter.com/nowaiAI/status/1625866076004454402,40,79089
82342,"Friends!! I'm using Merlin, a premium ChatGPT extension, that works on all websites and in most countries. I love using it!
#merlin #foyer

Help me win their Merlin Pro Plan! 
 https://t.co/kOusZD7V2e 

#AI #ChatGPT #aibot #GPT #Chrome",241,0,1.53e+18,Col_Gate_ML,1.63e+18,Fri Feb 17 23:20:22 +0000 2023,2023/2/17 23:20,1,1,0,https://twitter.com/Col_Gate_ML/status/1626723258392363008,2,82343
82574,"@jamiekingston Maybe considering a #NOWAI bag would be wise!
Top tier AI project!
600k mc organically!
In house ML and AI engineers making pristine results!
Check for yourself at https://t.co/xppNUeOtSy
 #ai #aibot #crypto #defi #midjourney #chatgpt 
$SHI $WOOF $TSUKA $VOLT $NOWAI $IMGNAI https://t.co/qZBKUhO7fp",319,1,22268447.0,carmada,1.63e+18,Sun Feb 19 23:41:36 +0000 2023,2023/2/19 23:41,8,4,5,https://twitter.com/carmada/status/1627453379063545858,17,82575
83660,"@cryptojourneyrs #NOWAI for sure... the capabilities of #AI models created by this team are simply amazing!

+ videoAI released for beta testing - Making it a first mover in this area!

Partnership with @OceanFundeth 

Fading this may not be wise.

 #ai #aibot #crypto #defi #midjourney #chatgpt https://t.co/Zzze0lgahO",327,2,22268447.0,carmada,1.63e+18,Tue Feb 21 20:08:29 +0000 2023,2023/2/21 20:08,11,5,2,https://twitter.com/carmada/status/1628124521554186245,18,83661
83738,"@carmada @cryptojourneyrs @OceanFundeth @nowaiai is the one!

#nowai #ai #aibot #crypto #defi #midjourney #chatgpt 
$SHI $WOOF $TSUKA $VOLT $TYRANT $NOWAI $IMGNAI https://t.co/WKzLK7l3sp",189,4,1.45e+18,escalantemj86,1.63e+18,Tue Feb 21 20:23:33 +0000 2023,2023/2/21 20:23,3,0,0,https://twitter.com/escalantemj86/status/1628128313561739264,3,83739
83855,Oh wow how cool is this! It generated the image in like 10 seconds e? 琛?@DegenAI2 #DegenAI $imgnAI  $IMGNAI  #ai #aibot #crypto $CAI  #CryptoAI $EVOAI  #ChatGPT https://t.co/FiOU6ibIaU,184,1,237873276.0,crypto_clark,1.63e+18,Tue Feb 21 20:56:14 +0000 2023,2023/2/21 20:56,1,0,0,https://twitter.com/crypto_clark/status/1628136535634636802,1,83856
84229,"Cute 
Id : iche dalnim

@DegenAI2 #DegenAI $imgnAI  $IMGNAI  #ai #aibot #crypto $CAI  #CryptoAI $EVOAI  #ChatGPT https://t.co/b6e4fw1mWN",139,1,1.26e+18,izza_sapphire,1.63e+18,Tue Feb 21 22:32:04 +0000 2023,2023/2/21 22:32,1,0,0,https://twitter.com/izza_sapphire/status/1628160655286231042,1,84230
85038,"https://t.co/6TOyauo4Ek 

@nowaiai is the one!

#nowai #ai #aibot #crypto #defi #midjourney #chatgpt 
$SHI $WOOF $TSUKA $VOLT $TYRANT $NOWAI $IMGNAI https://t.co/N6M3MkYxDj",177,1,1.45e+18,escalantemj86,1.63e+18,Thu Feb 23 04:40:30 +0000 2023,2023/2/23 4:40,0,0,0,https://twitter.com/escalantemj86/status/1628615763295862784,0,85039
85069,"Building the most complete list of AI tools at https://t.co/lLeIYjFKE8

#ai #artificialintelligence #machinelearning #neuralnetworks #ml #chatgpt #midjourney #lensa #stablediffusion #aibot #aichat #aitools #aitips #deeplearning #computervision #nlp #bigdata #art  #writing https://t.co/o1ei6XQFS2",298,0,1.63e+18,aisearchio,1.63e+18,Thu Feb 23 04:51:02 +0000 2023,2023/2/23 4:51,13,2,0,https://twitter.com/aisearchio/status/1628618411537494016,15,85070
85119,"According to you, ""Which one will be the biggest helping hand""?
Give your opinion in the comment box.e???

#chatgpt #googlebard #digitalmarketing #aibot #alchat #techangouts #ai #productivity #Google",202,0,1.05e+18,tecHangouts,1.63e+18,Thu Feb 23 05:00:46 +0000 2023,2023/2/23 5:00,0,0,0,https://twitter.com/tecHangouts/status/1628620862479020032,0,85120
85339,"Cute anime

@DegenAI2 #DegenAI $imgnAI  $IMGNAI  #ai #aibot #crypto $CAI  #CryptoAI $EVOAI  #ChatGPT https://t.co/luqJQNFDr8",126,1,1.18e+18,makeawin,1.63e+18,Thu Feb 23 06:02:44 +0000 2023,2023/2/23 6:02,1,0,0,https://twitter.com/makeawin/status/1628636455252951040,1,85340
85446,"@AdamEShelton @nowaiAI @nowaiai taking AI to the next level.  Let the tech talk 

#nowai #ai #aibot #crypto #defi #midjourney #chatgpt 
$SHI $WOOF $TSUKA $VOLT $TYRANT $NOWAI $IMGNAI https://t.co/hX3bQ53DdG",209,3,1.59e+18,tha_grape_ape,1.63e+18,Thu Feb 23 06:25:46 +0000 2023,2023/2/23 6:25,3,0,0,https://twitter.com/tha_grape_ape/status/1628642253542653954,3,85447
85460,"@highgunrug @papa_woody21 @imgnai @nowaiai game changer.  Look around and compare MCa??s.  Grossly undervalued.  

#nowai #ai #aibot #crypto #defi #midjourney #chatgpt 
$SHI $WOOF $TSUKA $VOLT $TYRANT $NOWAI $IMGNAI https://t.co/L4g7SLFwOw",242,4,1.59e+18,tha_grape_ape,1.63e+18,Thu Feb 23 06:28:30 +0000 2023,2023/2/23 6:28,1,0,0,https://twitter.com/tha_grape_ape/status/1628642942750711808,1,85461
86245,"@ChiniGives @DegenAI2 e??  a??e??  a??e??  a??e??  a??e???a?? e??2  e???a??e??2a??e??  a?? e???
 
@DegenAI2 #DegenAI $imgnAI  $IMGNAI  #ai #aibot #crypto $CAI  #CryptoAI $EVOAI  #ChatGPT https://t.co/kA1HoUHqYu",212,3,112940680.0,MaujadiJihan,1.63e+18,Thu Feb 23 09:05:01 +0000 2023,2023/2/23 9:05,0,0,0,https://twitter.com/MaujadiJihan/status/1628682328540344320,0,86246
87176,"Shill me some gems

e??  e??  e??  e??  e??  e??  e??  e??  

#nowai #ai #aibot #crypto #defi #midjourney #chatgpt 
$SHI $WOOF $TSUKA $VOLT $TYRANT $NOWAI $IMGNAI",167,0,1.62e+18,highgunrug,1.63e+18,Thu Feb 23 11:49:34 +0000 2023,2023/2/23 11:49,2,0,7,https://twitter.com/highgunrug/status/1628723738236825604,9,87177
87606,"Listed in Coin Gecko! e?|? $NOWAI

#nowai #ai #aibot #crypto #defi #midjourney #chatgpt 
$SHI $WOOF $TSUKA $VOLT $TYRANT $NOWAI $IMGNAI https://t.co/74KJNtUXno",162,0,1.59e+18,nowaiAI,1.63e+18,Thu Feb 23 12:57:03 +0000 2023,2023/2/23 12:57,14,5,5,https://twitter.com/nowaiAI/status/1628740720889843713,24,87607
88137,"Many crypto Influencers with verified badge wants to collab with $NOWAI ! i already know why! If u know u know e???

@nowaiai is the one!

#nowai #ai #aibot #crypto #defi #midjourney #chatgpt
$SHIB $NOWAI $IMGNAI https://t.co/PfTXWYLrxC",241,1,7.45e+17,CryptoMadZy,1.63e+18,Thu Feb 23 14:13:59 +0000 2023,2023/2/23 14:13,6,2,1,https://twitter.com/CryptoMadZy/status/1628760082212339717,9,88138
88806,"e??? 

@DegenAI2 #DegenAI $imgnAI  $IMGNAI  #ai #aibot #crypto $CAI  #CryptoAI $EVOAI  #ChatGPT https://t.co/dY2Xgakvu0",121,1,4764819541.0,Christin_myles,1.63e+18,Thu Feb 23 15:54:18 +0000 2023,2023/2/23 15:54,0,0,0,https://twitter.com/Christin_myles/status/1628785327312879616,0,88807
88873,@DegenAI2 #DegenAI $imgnAI  $IMGNAI  #ai #aibot #crypto $CAI  #CryptoAI $EVOAI  #ChatGPT https://t.co/mGsehBj2kw,112,1,1.62e+18,Ox_win17,1.63e+18,Thu Feb 23 16:03:57 +0000 2023,2023/2/23 16:03,1,0,1,https://twitter.com/Ox_win17/status/1628787757089984512,2,88874
89400,@DegenAI2 #DegenAI $imgnAI  $IMGNAI  #ai #aibot #crypto $CAI  #CryptoAI $EVOAI  #ChatGPT https://t.co/12Y9P1dVl3,112,1,9.97e+17,SulaimanShah99,1.63e+18,Thu Feb 23 17:34:26 +0000 2023,2023/2/23 17:34,0,0,2,https://twitter.com/SulaimanShah99/status/1628810526967885824,2,89401
89476,@DegenAI2 #DegenAI $imgnAI  $IMGNAI  #ai #aibot #crypto $CAI  #CryptoAI $EVOAI  #ChatGPT https://t.co/I4hLIdfhQj,112,1,1.14e+18,pickwindinava,1.63e+18,Thu Feb 23 17:47:38 +0000 2023,2023/2/23 17:47,0,0,0,https://twitter.com/pickwindinava/status/1628813848718512128,0,89477
89625,@DegenAI2 #DegenAI $imgnAI  $IMGNAI  #ai #aibot #crypto $CAI  #CryptoAI $EVOAI  #ChatGPT https://t.co/q0mdxRErl2,112,1,1.6e+18,strvr1ss,1.63e+18,Thu Feb 23 18:10:36 +0000 2023,2023/2/23 18:10,0,0,4,https://twitter.com/strvr1ss/status/1628819630868549633,4,89626
89641,@DegenAI2 #DegenAI $imgnAI  $IMGNAI  #ai #aibot #crypto $CAI  #CryptoAI $EVOAI  #ChatGPT https://t.co/Lrn7kC0UZL,112,1,1.4e+18,AzZahraXone,1.63e+18,Thu Feb 23 18:13:33 +0000 2023,2023/2/23 18:13,1,0,1,https://twitter.com/AzZahraXone/status/1628820372270518272,2,89642
89731,"gorgeus!

@DegenAI2
 #DegenAI $imgnAI  $IMGNAI  #ai #aibot #crypto $CAI  #CryptoAI $EVOAI  #ChatGPT https://t.co/lEKNOS1eRO",126,1,7.1e+17,LUcKiwYw,1.63e+18,Thu Feb 23 18:27:36 +0000 2023,2023/2/23 18:27,0,0,1,https://twitter.com/LUcKiwYw/status/1628823906458173440,1,89732
89821,"look at my AI generated (: 

@DegenAI2 #DegenAI $imgnAI  $IMGNAI  #ai #aibot #crypto $CAI #CryptoAI $EVOAI  #ChatGPT https://t.co/6ognNusJmi",142,1,1.54e+18,avgmoomoo,1.63e+18,Thu Feb 23 18:46:17 +0000 2023,2023/2/23 18:46,0,0,0,https://twitter.com/avgmoomoo/status/1628828609770139648,0,89822
89834,@DegenAI2 #DegenAI $imgnAI  $IMGNAI  #ai #aibot #crypto $CAI  #CryptoAI $EVOAI  #ChatGPT https://t.co/omOdbGpqdE,112,1,1.41e+18,wankentuzz,1.63e+18,Thu Feb 23 18:48:06 +0000 2023,2023/2/23 18:48,0,0,0,https://twitter.com/wankentuzz/status/1628829068195164161,0,89835
90193,@DegenAI2 #DegenAI $imgnAI  $IMGNAI  #ai #aibot #crypto $CAI  #CryptoAI $EVOAI  #ChatGPT https://t.co/9MysSBC37E,112,1,1.41e+18,Picko1st,1.63e+18,Thu Feb 23 20:03:01 +0000 2023,2023/2/23 20:03,2,0,0,https://twitter.com/Picko1st/status/1628847922056921089,2,90194
90537,@DegenAI2 #DegenAI $imgnAI  $IMGNAI  #ai #aibot #crypto $CAI  #CryptoAI $EVOAI  #ChatGPT https://t.co/03L7cE8ySd,112,1,1.55e+18,DyanAstutik,1.63e+18,Thu Feb 23 21:36:04 +0000 2023,2023/2/23 21:36,0,0,0,https://twitter.com/DyanAstutik/status/1628871339301023744,0,90538
90952,@DegenAI2 #DegenAI $imgnAI  $IMGNAI  #ai #aibot #crypto $CAI  #CryptoAI $EVOAI  #ChatGPT https://t.co/3m2KepQKH8,112,1,1.14e+18,BeBrave889,1.63e+18,Thu Feb 23 23:19:38 +0000 2023,2023/2/23 23:19,0,0,0,https://twitter.com/BeBrave889/status/1628897401527504897,0,90953
91016,"@carmada @crypto_TomTom @nowaiAI @nowaiai is the one!

#nowai #ai #aibot #crypto #defi #midjourney #chatgpt 
$SHI $WOOF $TSUKA $VOLT $TYRANT $NOWAI $IMGNAI https://t.co/vM7jrimkpm",182,4,1.45e+18,escalantemj86,1.63e+18,Thu Feb 23 23:41:04 +0000 2023,2023/2/23 23:41,1,1,0,https://twitter.com/escalantemj86/status/1628902794332876801,2,91017
91069,@DegenAI2 #DegenAI $imgnAI  $IMGNAI  #ai #aibot #crypto $CAI  #CryptoAI $EVOAI  #ChatGPT https://t.co/Bt9JP6sGiH,112,1,1.48e+18,_Fyracute,1.63e+18,Thu Feb 23 23:58:55 +0000 2023,2023/2/23 23:58,0,0,0,https://twitter.com/_Fyracute/status/1628907284951711745,0,91070
92952,"A powerful AI bot that engages in human-like dialogue based on a prompt.
#chatgpt #ai #artificialintelligence #aiforbusiness #aibot #aidriven #artificialintelligencetechnology #techinnovations #technologyinnovation #technologytransformation #Claritus https://t.co/xGjTgdN71q",275,0,1319941124.0,consultclaritus,1.63e+18,Mon Feb 27 08:18:31 +0000 2023,2023/2/27 8:18,0,0,0,https://twitter.com/consultclaritus/status/1630120180557795328,0,92953
96746,"What are your thoughts on the metaverse?

#meta #facebook #oculus #metaverse #ai #artificialintelligence #machinelearning #neuralnetworks #ml #chatgpt #midjourney #lensa #stablediffusion #aibot #aichat #aitools #aitips #deeplearning #computervision #nlp #bigdata https://t.co/1aH2Ipd2xq",288,0,1.63e+18,aisearchio,1.63e+18,Mon Feb 27 20:10:26 +0000 2023,2023/2/27 20:10,16,2,0,https://twitter.com/aisearchio/status/1630299338642702336,18,96747
97103,"Random AI Tools to Kill Time
Watch the full video:
https://t.co/A29u6tiTn4

#ai #artificialintelligence #machinelearning #neuralnetworks #ml #chatgpt #midjourney #lensa #stablediffusion #aibot #aichat #aitools #aitips #deeplearning #computervision #nlp #bigdata #art #bored #lazy",283,0,1.63e+18,aisearchio,1.63e+18,Mon Feb 27 21:51:03 +0000 2023,2023/2/27 21:51,5,1,0,https://twitter.com/aisearchio/status/1630324660259938304,6,97104
