,full_text,text_length,at_num,user_id_str,screen_name,id_str,created_at,publish_time,favorite_count,retweet_count,reply_count,tweet_url,total_heat,tt
75470,"24H??  ???VX???gaofen911e??? e??? #ChatGPT 
??  ??? ?? 戗?? #???    ???  ??? #  ??    ??? 戗?? #  ?o?????  ??? #essay??  ??? https://t.co/78vr8ILPUx",147,0,1.59E+18,AhhHQLHqlfaHqac,1.63E+18,Wed Feb 15 02:29:23 +0000 2023,2023/2/15 2:29,8,1,1,https://twitter.com/AhhHQLHqlfaHqac/status/1625683661218791425,10,75471
75490,"e???e???e???24H??  ???VX???ukwriter100
??  ??? ?? 戗?? #???    ???  ??? #  ??    ??? 戗?? #  ?o?????  ??? #essay??  ??? #ChatGPT #dissertation??  ??? https://t.co/qpTvjDSVNk",172,0,1.59E+18,WyJWtV9ANHUP4Bd,1.63E+18,Wed Feb 15 02:33:28 +0000 2023,2023/2/15 2:33,8,1,0,https://twitter.com/WyJWtV9ANHUP4Bd/status/1625684690329014272,9,75491
75493,"e???e???24H??  ???VX???ukwriter100
??  ??? ?? 戗?? #???    ???  ??? #  ??    ??? 戗?? #  ?o?????  ??? #essay??  ??? #ChatGPT #dissertation??  ??? https://t.co/rSAcArLiFl",168,0,1.59E+18,CxbiEUXWYSWZT3I,1.63E+18,Wed Feb 15 02:34:22 +0000 2023,2023/2/15 2:34,9,1,0,https://twitter.com/CxbiEUXWYSWZT3I/status/1625684915756081153,10,75494
75517,"e???24H??  ???VX???ukwriter100
??  ??? ?? 戗?? #???    ???  ??? #  ??    ??? 戗?? #  ?o?????  ??? #essay??  ??? #ChatGPT #dissertation??  ??? https://t.co/vSSzJuwsD7",164,0,1.59E+18,Rf1lJCjSKiecEYr,1.63E+18,Wed Feb 15 02:41:59 +0000 2023,2023/2/15 2:41,7,1,0,https://twitter.com/Rf1lJCjSKiecEYr/status/1625686832590749697,8,75518
75826,"24H??  ???VX???ukwriter100e??? e??? #ChatGPT 
??  ??? ?? 戗?? #???    ???  ??? #  ??    ??? 戗?? #  ?o?????  ??? #essay??  ??? https://t.co/tayyspmyo8",149,0,1.59E+18,aU9n8RcDi3W5LYP,1.63E+18,Wed Feb 15 04:02:00 +0000 2023,2023/2/15 4:02,9,1,0,https://twitter.com/aU9n8RcDi3W5LYP/status/1625706970320875522,10,75827
76025,"24H??  ???VX???ukessay6689e??? e??? #ChatGPT 
??  ??? ?? 戗?? #???    ???  ??? #  ??    ??? 戗?? #  ?o?????  ??? #essay??  ??? https://t.co/I7DnUmoZ5J",149,0,1.56E+18,xueba019,1.63E+18,Wed Feb 15 05:04:48 +0000 2023,2023/2/15 5:04,5,0,1,https://twitter.com/xueba019/status/1625722774475116544,6,76026
76102,"    ??    ?? 楱??
24H??  ???VX???ukwriter100e??? e??? #ChatGPT 
??  ??? ?? 戗?? #???    ???  ??? #  ??    ??? 戗?? #  ?o?????  ??? #essay??  ??? https://t.co/vkcWo3pVcY",167,0,1.59E+18,ukZNWoy21906N3S,1.63E+18,Wed Feb 15 05:25:59 +0000 2023,2023/2/15 5:25,7,1,0,https://twitter.com/ukZNWoy21906N3S/status/1625728103350964224,8,76103
76498,"24H??  ???VX???ukwriter100e???a?  a?????
??  ??? ?? 戗?? #???    ???  ??? #  ??    ??? 戗?? #  ?o?????  ??? #essay??  ??? #  ??????????? #?  ????  ?o??? #ChatGPT https://t.co/KTG4cpM0qs",184,0,1.59E+18,rxONU9nn9hz1fcl,1.63E+18,Wed Feb 15 07:08:46 +0000 2023,2023/2/15 7:08,7,1,0,https://twitter.com/rxONU9nn9hz1fcl/status/1625753973264388099,8,76499
76703,"e???e???24H??  ???VX???ukwriter100
??  ??? ?? 戗?? #???    ???  ??? #  ??    ??? 戗?? #  ?o?????  ??? #essay??  ??? #ChatGPT #dissertation??  ??? https://t.co/LRqTpyVsJd",168,0,1.59E+18,7aInbzcmu31zPy3,1.63E+18,Wed Feb 15 07:46:06 +0000 2023,2023/2/15 7:46,4,1,0,https://twitter.com/7aInbzcmu31zPy3/status/1625763364688519168,5,76704
77286,"24H??  ???VX???ukessay6689e??? e??? #ChatGPT 
??  ??? ?? 戗?? #???    ???  ??? #  ??    ??? 戗?? #  ?o?????  ??? #essay??  ??? https://t.co/l7duJArd1f",149,0,1.56E+18,xueba020,1.63E+18,Wed Feb 15 09:54:40 +0000 2023,2023/2/15 9:54,4,1,0,https://twitter.com/xueba020/status/1625795721663516676,5,77287
77287,"24H??  ???VX???ukessay6689e??? e??? #ChatGPT 
??  ??? ?? 戗?? #???    ???  ??? #  ??    ??? 戗?? #  ?o?????  ??? #essay??  ??? https://t.co/7MtJIHKVPT",149,0,1.56E+18,xueba019,1.63E+18,Wed Feb 15 09:54:42 +0000 2023,2023/2/15 9:54,4,1,1,https://twitter.com/xueba019/status/1625795729355837442,6,77288
77309,"24H??  ???VX???ukwriter100e???a?  a?????
??  ??? ?? 戗?? #???    ???  ??? #  ??    ??? 戗?? #  ?o?????  ??? #essay??  ??? #  ??????????? #?  ????  ?o??? #ChatGPT #??  ??? https://t.co/PUKmS7yx5F",193,0,1.59E+18,tqisNQi7bxvNfLv,1.63E+18,Wed Feb 15 09:59:13 +0000 2023,2023/2/15 9:59,8,1,0,https://twitter.com/tqisNQi7bxvNfLv/status/1625796864783306752,9,77310
77349,"24H??  ???VX???ukessay6689e???a?  a?????
??  ??? ?? 戗?? #???    ???  ??? #  ??    ??? 戗?? #  ?o?????  ??? #essay??  ??? #  ??????????? #?  ????  ?o??? #ChatGPT #??  ??? https://t.co/Rg7fpPS6Vo",193,0,1.57E+18,xueba026,1.63E+18,Wed Feb 15 10:01:54 +0000 2023,2023/2/15 10:01,4,1,0,https://twitter.com/xueba026/status/1625797539940438017,5,77350
77352,"24H??  ???VX???ukessay6689e???a?  a?????
??  ??? ?? 戗?? #???    ???  ??? #  ??    ??? 戗?? #  ?o?????  ??? #essay??  ??? #  ??????????? #?  ????  ?o??? #ChatGPT #??  ??? https://t.co/OkV7t56v0f",193,0,1.57E+18,xueba028,1.63E+18,Wed Feb 15 10:02:04 +0000 2023,2023/2/15 10:02,5,1,0,https://twitter.com/xueba028/status/1625797582072221697,6,77353
77433,"e???e???24H??  ???VX???gaofen911
??  ??? ?? 戗?? #???    ???  ??? #  ??    ??? 戗?? #  ?o?????  ??? #essay??  ??? #ChatGPT #dissertation??  ??? https://t.co/js4ONISwY8",166,0,1.59E+18,jWVEyougqurnIsl,1.63E+18,Wed Feb 15 10:13:01 +0000 2023,2023/2/15 10:13,8,1,1,https://twitter.com/jWVEyougqurnIsl/status/1625800340137480192,10,77434
77442,"24H??  ???VX???gaofen911e??? e??? #ChatGPT 
??  ??? ?? 戗?? #???    ???  ??? #  ??    ??? 戗?? #  ?o?????  ??? #essay??  ??? https://t.co/kcddssLKQp",147,0,1.59E+18,cRZ5vUjPXCuFPHy,1.63E+18,Wed Feb 15 10:15:11 +0000 2023,2023/2/15 10:15,8,1,1,https://twitter.com/cRZ5vUjPXCuFPHy/status/1625800884776210432,10,77443
77528,"e???e???24H??  ???VX???gaofen911
??  ??? ?? 戗?? #???    ???  ??? #  ??    ??? 戗?? #  ?o?????  ??? #essay??  ??? #ChatGPT #dissertation??  ??? https://t.co/IoakSpjVqo",166,0,1.59E+18,YE6J4ZFdweujP0I,1.63E+18,Wed Feb 15 10:29:09 +0000 2023,2023/2/15 10:29,8,1,1,https://twitter.com/YE6J4ZFdweujP0I/status/1625804400613806080,10,77529
77788,"24H??  ???VX???gaofen911e??? e??? #ChatGPT 
??  ??? ?? 戗?? #???    ???  ??? #  ??    ??? 戗?? #  ?o?????  ??? #essay??  ??? https://t.co/bLodGKOU1z",147,0,1.59E+18,is4VndfHKWpTAeo,1.63E+18,Wed Feb 15 11:20:43 +0000 2023,2023/2/15 11:20,6,1,1,https://twitter.com/is4VndfHKWpTAeo/status/1625817375718375424,8,77789
77944,"24H??  ???VX???ukwriter100e???a?  a?????
??  ??? ?? 戗?? #???    ???  ??? #  ??    ??? 戗?? #  ?o?????  ??? #essay??  ??? #  ??????????? #?  ????  ?o??? #ChatGPT https://t.co/Ex53rSjxmf",184,0,1.59E+18,oZHUYyVwzVpWaQ8,1.63E+18,Wed Feb 15 11:50:45 +0000 2023,2023/2/15 11:50,3,1,1,https://twitter.com/oZHUYyVwzVpWaQ8/status/1625824932864344066,5,77945
77957,"e???e???24H??  ???VX???ukwriter100
??  ??? ?? 戗?? #???    ???  ??? #  ??    ??? 戗?? #  ?o?????  ??? #essay??  ??? #ChatGPT #dissertation??  ??? https://t.co/xnMGoz8BZZ",168,0,1.59E+18,vBWXKMf7AnVTnIM,1.63E+18,Wed Feb 15 11:52:11 +0000 2023,2023/2/15 11:52,2,1,1,https://twitter.com/vBWXKMf7AnVTnIM/status/1625825296585990154,4,77958
78063,"e???e???24H??  ???VX???ukessay8899
??  ??? ?? 戗?? #???    ???  ??? #  ??    ??? 戗?? #  ?o?????  ??? #essay??  ??? #ChatGPT #dissertation??  ??? https://t.co/wYUM6NtTgD",168,0,1.56E+18,yhZVnnvu8gJ9xVd,1.63E+18,Wed Feb 15 12:10:21 +0000 2023,2023/2/15 12:10,0,0,0,https://twitter.com/yhZVnnvu8gJ9xVd/status/1625829868184424448,0,78064
78088,"e???e???24H??  ???VX???ukessay8899
??  ??? ?? 戗?? #???    ???  ??? #  ??    ??? 戗?? #  ?o?????  ??? #essay??  ??? #ChatGPT #dissertation??  ??? https://t.co/lHttH7MdoW",168,0,1.56E+18,rxVoncLbqBgXUOS,1.63E+18,Wed Feb 15 12:15:27 +0000 2023,2023/2/15 12:15,0,0,0,https://twitter.com/rxVoncLbqBgXUOS/status/1625831152165724160,0,78089
80225,"24H??  ???VX???ukessay8899e???a?  a?????
??  ??? ?? 戗?? #???    ???  ??? #  ??    ??? 戗?? #  ?o?????  ??? #essay??  ??? #  ??????????? #?  ????  ?o??? #ChatGPT #??  ??? https://t.co/3MvcNVd8Nn",193,0,1.54E+18,YYMfk9XUxVVuK1W,1.63E+18,Wed Feb 15 17:29:51 +0000 2023,2023/2/15 17:29,0,0,0,https://twitter.com/YYMfk9XUxVVuK1W/status/1625910271402455041,0,80226
80496,"24H??  ???VX???ukessay8899e???a?  a?????
??  ??? ?? 戗?? #???    ???  ??? #  ??    ??? 戗?? #  ?o?????  ??? #essay??  ??? #  ??????????? #?  ????  ?o??? #ChatGPT #??  ??? https://t.co/wXPrFSPBNj",193,0,1.56E+18,fn3hqwWComYUQO0,1.63E+18,Wed Feb 15 18:19:01 +0000 2023,2023/2/15 18:19,0,0,0,https://twitter.com/fn3hqwWComYUQO0/status/1625922644188217345,0,80497
80501,"e???e???24H??  ???VX???ukessay8899
??  ??? ?? 戗?? #???    ???  ??? #  ??    ??? 戗?? #  ?o?????  ??? #essay??  ??? #ChatGPT #dissertation??  ??? https://t.co/LfcvYJXEGb",168,0,1.56E+18,rxVoncLbqBgXUOS,1.63E+18,Wed Feb 15 18:19:57 +0000 2023,2023/2/15 18:19,0,0,0,https://twitter.com/rxVoncLbqBgXUOS/status/1625922881694896128,0,80502
82338,"24H??  ???VX???gaofen911e???a?  a?????
??  ??? ?? 戗?? #???    ???  ??? #  ??    ??? 戗?? #  ?o?????  ??? #essay??  ??? #  ??????????? #?  ????  ?o??? #ChatGPT #??  ??? https://t.co/gHH3bKq5Ta",191,0,1.59E+18,c75aji5Hr9easi0,1.63E+18,Fri Feb 17 23:18:56 +0000 2023,2023/2/17 23:18,5,0,1,https://twitter.com/c75aji5Hr9easi0/status/1626722899448180736,6,82339
91867,"24H??  ???VX???ukessay6689e?|?e?|?e?|?
??  ??? ?? 戗?? #???    ???  ??? #  ??    ??? 戗?? #  ?o?????  ??? #essay??  ??? #  ??????????? #?  ????  ?o??? #ChatGPT #??  ??? https://t.co/Sny6GNISLs",191,0,1.57E+18,xueba023,1.63E+18,Mon Feb 27 02:22:23 +0000 2023,2023/2/27 2:22,5,1,1,https://twitter.com/xueba023/status/1630030557202759680,7,91868
91933,"24H??  ???VX???ukwriter100e?|?e?|?e?|?
??  ??? ?? 戗?? #???    ???  ??? #  ??    ??? 戗?? #  ?o?????  ??? #essay??  ??? #  ??????????? #?  ????  ?o??? #ChatGPT #??  ???",167,0,1.59E+18,tqisNQi7bxvNfLv,1.63E+18,Mon Feb 27 02:49:19 +0000 2023,2023/2/27 2:49,0,0,0,https://twitter.com/tqisNQi7bxvNfLv/status/1630037334354956288,0,91934
92497,"24H??  ???VX???ukessay567e?|?e?|?e?|?
??  ??? ?? 戗?? #???    ???  ??? #  ??    ??? 戗?? #  ?o?????  ??? #essay??  ??? #  ??????????? #?  ????  ?o??? #ChatGPT #??  ??? https://t.co/3JXx6OkUD4",190,0,1.57E+18,wzC7AIvw2EzmkSb,1.63E+18,Mon Feb 27 06:06:03 +0000 2023,2023/2/27 6:06,6,0,1,https://twitter.com/wzC7AIvw2EzmkSb/status/1630086843420254210,7,92498
92764,"24H??  ???VX???ukessay567e?|?e?|?e?|?
??  ??? ?? 戗?? #???    ???  ??? #  ??    ??? 戗?? #  ?o?????  ??? #essay??  ??? #  ??????????? #?  ????  ?o??? #ChatGPT #??  ??? https://t.co/Zbt660LZpI",190,0,1.57E+18,aVDCgxFR3ktsElF,1.63E+18,Mon Feb 27 07:29:32 +0000 2023,2023/2/27 7:29,6,0,1,https://twitter.com/aVDCgxFR3ktsElF/status/1630107852051447814,7,92765
