,full_text,text_length,at_num,user_id_str,screen_name,id_str,created_at,publish_time,favorite_count,retweet_count,reply_count,tweet_url,total_heat,tt
72864,ChatGPT and Plagiarism: Student Cheating Concerns May Be Overblown https://t.co/ZYqNsWPxfj #college #collegetalk #essayhelp #collegeessay #highschool #ChatGPT #Plagiarism #education https://t.co/T4LESIK7YB,205,0,106211314.0,College_Experts,1.63e+18,Mon Feb 13 15:36:30 +0000 2023,2023/2/13 15:36,3,0,0,https://twitter.com/College_Experts/status/1625156972533145600,3,72865
73094,ChatGPT and Plagiarism: Student Cheating Concerns May Be Overblown https://t.co/8MHXfDRRAs #college #collegetalk #essayhelp #collegeessay #highschool #ChatGPT #Plagiarism #education...,184,0,8.53e+17,Grnwoodutd,1.63e+18,Mon Feb 13 16:11:13 +0000 2023,2023/2/13 16:11,0,0,0,https://twitter.com/Grnwoodutd/status/1625165708739878918,0,73095
74003,ChatGPT and Plagiarism: Student Cheating Concerns May Be Overblown https://t.co/ZYqNsWPxfj #college #collegetalk #essayhelp #collegeessay #highschool #ChatGPT #education #Plagiarism https://t.co/PkEnFcS00F,205,0,106211314.0,College_Experts,1.63e+18,Mon Feb 13 18:45:13 +0000 2023,2023/2/13 18:45,0,0,0,https://twitter.com/College_Experts/status/1625204464255701005,0,74004
75186,ChatGPT and Plagiarism: Student Cheating Concerns May Be Overblown https://t.co/ZYqNsWPxfj #college #collegetalk #essayhelp #collegeessay #highschool#education  #ChatGPT #Plagiarism https://t.co/Y41AZErjYO,205,0,106211314.0,College_Experts,1.63e+18,Mon Feb 13 22:45:12 +0000 2023,2023/2/13 22:45,0,0,0,https://twitter.com/College_Experts/status/1625264855019028480,0,75187
75509,ChatGPT and Plagiarism: Student Cheating Concerns May Be Overblown https://t.co/ZYqNsWPxfj #college #collegetalk #essayhelp #collegeessay #education  #highschool #ChatGPT #Plagiarism https://t.co/U7BMHItwXw,206,0,106211314.0,College_Experts,1.63e+18,Wed Feb 15 02:40:11 +0000 2023,2023/2/15 2:40,0,0,0,https://twitter.com/College_Experts/status/1625686379236655105,0,75510
