,full_text,text_length,at_num,user_id_str,screen_name,id_str,created_at,publish_time,favorite_count,retweet_count,reply_count,tweet_url,total_heat,tt
35628,"Make-A-Video #AI: #ChatGPT, But For Videos

https://t.co/PF2s6TPOGZ

#AIEthics #MachineLearning #ArtificialIntelligence #LUNC #Tech
#100DaysOfCode #LunaClassic #DeepLearning #Innovation #AI",194,0,243568454.0,stratorob,1.62e+18,Wed Feb 01 08:00:11 +0000 2023,2023/2/1 8:00,0,0,0,https://twitter.com/stratorob/status/1620693480363233280,0,35629
45007,Lavori tecnologici a rischio di sostituzione da parte di #AI: #ChatGPT - Chat Gtp Italia https://t.co/th0806o4oL,112,0,1.62e+18,ChatGptItalia,1.62e+18,Fri Feb 03 14:33:53 +0000 2023,2023/2/3 14:33,0,0,0,https://twitter.com/ChatGptItalia/status/1621517333981466626,0,45008
62151,"Age of #AI: #ChatGPT, Bard and How Money Advice Might Evolve

#chatgpt #advice #answer #money #debt #bot 

https://t.co/cMxVrv8kls",134,0,140618811.0,richardkimphd,1.62e+18,Sat Feb 11 00:47:55 +0000 2023,2023/2/11 0:47,0,0,0,https://twitter.com/richardkimphd/status/1624208578017124352,0,62152
65039,"Der Hype um #AI: #Krypto und Artificial Intelligence hoch im #Trend! e???

#AI #Token verzeichneten in den letzten 60 Tagen Kurszuw?  chse von bis zu 730 % vorallem durch #Hype durch #ChatGPT.

Zum Beitrag a?????

https://t.co/8HPxvN2xTW",243,0,1.22e+18,Beincrypto_DE,1.62e+18,Sat Feb 11 12:28:50 +0000 2023,2023/2/11 12:28,0,0,0,https://twitter.com/Beincrypto_DE/status/1624384967403765762,0,65040
91731,"#AI: #ChatGPT: 3bingSearch: Same old salesmanship with the guise of a  ""trust-the-science"" relationship: garbage in, garbage out. @ThadMcCotter @theamgreatness https://t.co/kJpwzXcUgb via @Audioboom #AI",202,3,32772630.0,batchelorshow,1.63e+18,Mon Feb 27 01:33:27 +0000 2023,2023/2/27 1:33,5,1,1,https://twitter.com/batchelorshow/status/1630018238686941188,7,91732
