,full_text,text_length,at_num,user_id_str,screen_name,id_str,created_at,publish_time,favorite_count,retweet_count,reply_count,tweet_url,total_heat,tt
63232,#ChatGPT: l'#IntelligenzaArtificiale al #Servizio della #Comunicazione! Ecco come #funziona e cosa potete farci! https://t.co/dyRCQKCO9v https://t.co/QVfilCysO1,160,0,1.35e+18,viaggrego,1.62e+18,Sat Feb 11 05:40:30 +0000 2023,2023/2/11 5:40,0,1,0,https://twitter.com/viaggrego/status/1624282205966020609,1,63233
69058,#ChatGPT: l'#IntelligenzaArtificiale al #Servizio della #Comunicazione! Ecco come #funziona e cosa potete farci! https://t.co/dyRCQKCO9v https://t.co/XjbTL7bQhR,160,0,1.35e+18,viaggrego,1.62e+18,Mon Feb 13 04:21:15 +0000 2023,2023/2/13 4:21,3,2,0,https://twitter.com/viaggrego/status/1624987038545068034,5,69059
75849,#ChatGPT: l'#IntelligenzaArtificiale al #Servizio della #Comunicazione! Ecco come #funziona e cosa potete farci! https://t.co/dyRCQKCO9v https://t.co/LG5EHGf1SG,160,0,1.35e+18,viaggrego,1.63e+18,Wed Feb 15 04:10:01 +0000 2023,2023/2/15 4:10,0,1,0,https://twitter.com/viaggrego/status/1625708985625071617,1,75850
85000,#ChatGPT: l'#IntelligenzaArtificiale al #Servizio della #Comunicazione! Ecco come #funziona e cosa potete farci!  https://t.co/dyRCQKCO9v https://t.co/CaglaCwbVl,161,0,1.35e+18,viaggrego,1.63e+18,Thu Feb 23 04:29:11 +0000 2023,2023/2/23 4:29,0,1,1,https://twitter.com/viaggrego/status/1628612912100016128,2,85001
96540,#ChatGPT: l'#IntelligenzaArtificiale al #Servizio della #Comunicazione! Ecco come #funziona e cosa potete farci!  https://t.co/dyRCQKCO9v https://t.co/52R43J0ZsI,161,0,1.35e+18,viaggrego,1.63e+18,Mon Feb 27 19:20:33 +0000 2023,2023/2/27 19:20,0,1,0,https://twitter.com/viaggrego/status/1630286785082212353,1,96541
