,full_text,text_length,at_num,user_id_str,screen_name,id_str,created_at,publish_time,favorite_count,retweet_count,reply_count,tweet_url,total_heat,tt
7452,"I truly believe this tool should be part of nearly every classroom.  This learning tool gives students a chance to show their learning, expand on ideas, and take a report they might have done with #chatgpt and show their ideas. 

#edtech @bookcreatorapp #tcea https://t.co/V7va0mDuiu",285,1,408961347.0,HollyClarkEdu,1.61e+18,Mon Jan 09 21:05:12 +0000 2023,2023/1/9 21:05,13,4,0,https://twitter.com/HollyClarkEdu/status/1612556114062725137,17,7453
10479,"I truly believe this tool should be part of nearly every classroom.  This learning tool gives students a chance to show their learning, expand on ideas, and take a report they might have done with #chatgpt and show their ideas. 

#edtech @bookcreatorapp #tcea https://t.co/aKPLunLGGq",285,1,408961347.0,HollyClarkEdu,1.61e+18,Wed Jan 11 22:01:26 +0000 2023,2023/1/11 22:01,23,2,0,https://twitter.com/HollyClarkEdu/status/1613295042659065862,25,10480
27318,"I truly believe this tool should be part of nearly every classroom.  This learning tool gives students a chance to show their learning, expand on ideas, and take a report they might have done with #chatgpt and show their ideas. 

#edtech @bookcreatorapp #tcea https://t.co/M9EfrMI8mj",285,1,408961347.0,HollyClarkEdu,1.62e+18,Fri Jan 27 16:03:45 +0000 2023,2023/1/27 16:03,10,6,0,https://twitter.com/HollyClarkEdu/status/1619003233686388736,16,27319
27946,"I truly believe this tool should be part of nearly every classroom.  This learning tool gives students a chance to show their learning, expand on ideas, and take a report they might have done with #chatgpt and show their ideas. 

#edtech @bookcreatorapp #tcea https://t.co/65GMgfCeUv",285,1,408961347.0,HollyClarkEdu,1.62e+18,Fri Jan 27 20:02:11 +0000 2023,2023/1/27 20:02,1,0,0,https://twitter.com/HollyClarkEdu/status/1619063238116708357,1,27947
29995,"I truly believe this tool should be part of nearly every classroom.  This learning tool gives students a chance to show their learning, expand on ideas, and take a report they might have done with #chatgpt and show their ideas. 

#edtech @bookcreatorapp #tcea https://t.co/uPjYaXYgpn",285,1,408961347.0,HollyClarkEdu,1.62e+18,Sun Jan 29 18:01:17 +0000 2023,2023/1/29 18:01,10,1,0,https://twitter.com/HollyClarkEdu/status/1619757587251040256,11,29996
