,full_text,text_length,at_num,user_id_str,screen_name,id_str,created_at,publish_time,favorite_count,retweet_count,reply_count,tweet_url,total_heat,tt
6022,"Researchers noted that the #cybercriminal community is already showing significant interest in this latest trend to generate malicious #code. https://t.co/Yqp9uq84vP

#OpenAI #threatactors #ChatGPT #ai #python #Ransomeware #cybersecurity #malware #darkweb #cyberattack #cyber",277,0,1.55e+18,TheCyberExpress,1.61e+18,Mon Jan 09 07:39:43 +0000 2023,2023/1/9 7:39,3,0,0,https://twitter.com/TheCyberExpress/status/1612353408094339072,3,6023
7644,"Per @jaivijayan, researchers at @_CPResearch_  spotted at least 3 instances where black hat hackers demonstrated, in underground forums, how they had leveraged #ChatGPT's #AI-smarts for malicious purposes. e??? #artificialintelligence #malware #phishing #encryption",265,2,23112477.0,lizsf,1.61e+18,Mon Jan 09 23:33:14 +0000 2023,2023/1/9 23:33,3,0,2,https://twitter.com/lizsf/status/1612593370391805952,5,7645
10592,"Malicious hackers are already using??the flashy new??AI chatbot, ChatGPT, to create new low-level cyber tools, including malware and encryption scripts #hacking #chatgpt #chatgpt3 #ai #malware #cyber #cyberattack #cybercrime #infosec #malicious https://t.co/DicMpbwN0O",268,0,29044795.0,bartgrover,1.61e+18,Wed Jan 11 23:09:14 +0000 2023,2023/1/11 23:09,2,3,6,https://twitter.com/bartgrover/status/1613312106753036288,11,10593
12769,"ChatGPT is enabling script kiddies to write functional malware: For a beta, ChatGPT isn't all that bad at writing fairly decent malware.

I guess it was just a matter of time... :-( 

?? 

#malware #chatgpt https://t.co/AgwkF21fsM",236,0,10053692.0,arsphysica,1.61e+18,Fri Jan 13 19:42:30 +0000 2023,2023/1/13 19:42,0,0,0,https://twitter.com/arsphysica/status/1613984853527072768,0,12770
17299,"While many discussions center around its potential impact on various jobs, ita??s crucial to also consider the potential consequences for #cybersecurity. Read more: https://t.co/XlfH8OiDkM

#ChatGPT #phishing #malware #cyberthreats #cyberattack #networksecurity https://t.co/eL3kpmVsH3",287,0,1426242408.0,MixModeAI,1.62e+18,Tue Jan 17 18:05:26 +0000 2023,2023/1/17 18:05,1,3,0,https://twitter.com/MixModeAI/status/1615409977195401217,4,17300
18776,Creating malware with ChatGPT. Interesting read: https://t.co/4mZFc8eBxB #malware #AI #chatgpt,94,0,1.52e+18,MattFagala,1.62e+18,Thu Jan 19 15:15:01 +0000 2023,2023/1/19 15:15,0,0,0,https://twitter.com/MattFagala/status/1616091866528612352,0,18777
19990,"Researchers use #ChatGPT to make new malware

@JimHarris @JolaBurnett 

#chatgpt #code #malware #researchers #program #time #programs #filters #response 

https://t.co/hAu0VyjdnO",184,2,140618811.0,richardkimphd,1.62e+18,Sat Jan 21 12:56:14 +0000 2023,2023/1/21 12:56,1,2,0,https://twitter.com/richardkimphd/status/1616781716785614849,3,19991
22846,"#ChatGPT puede ayudarnos a hacer muchas cosas buenasa?| pero parece que a??los malosa?? ya est??n haciendo de las suyas utilizando esta herramienta.

https://t.co/dIsjRrErGc

#ciberseguridad #cibersecurity #malware #phishing #tecnolog?-a #IA #IA #generativeAI #privacidad #seguridad",286,0,168438071.0,iCanizares,1.62e+18,Wed Jan 25 08:29:43 +0000 2023,2023/1/25 8:29,0,0,0,https://twitter.com/iCanizares/status/1618164198529269761,0,22847
23745,Nieuws:  In de afgelopen weken heeft ChatGPT enorm veel (social) media-aandacht gekregen in Infosec-kringen. Dit nadat meerdere tweets lieten zien hoe ChatGPT van OpenAI kan worden gebruikt om verschillendea?| https://t.co/1BOCjtwNLo #Security #ChatGPT #malware #SentinelOne,274,0,22253131.0,Techzine,1.62e+18,Wed Jan 25 14:22:05 +0000 2023,2023/1/25 14:22,0,0,0,https://twitter.com/Techzine/status/1618252874986946560,0,23746
25126,"RT @GlenGilmore 

6 scary things #ChatGPT can do

e??   job a??applications written by ChatGPT beat out 80% of humansa??

https://t.co/8EE0D6tHUo by 
@timmarcin
 
@mashable
 #AI #AIEthics #malware #CyberSec #ArtificialIntelligence",240,3,2362482211.0,tweetreinoud,1.62e+18,Wed Jan 25 23:30:01 +0000 2023,2023/1/25 23:30,0,0,0,https://twitter.com/tweetreinoud/status/1618390763913547776,0,25127
37257,"Reality check: #ChatGPT is not a malware-writing savant and much of the hype around it obscures just how much expertise is required to output quality code.
#CyberSecurity #InfoSec #malware #ransomware https://t.co/6hK6IbVbeL",225,0,1.46e+18,MichaelGouldCRI,1.62e+18,Wed Feb 01 13:23:24 +0000 2023,2023/2/1 13:23,1,1,0,https://twitter.com/MichaelGouldCRI/status/1620774820060307456,2,37258
39219,Enhancing Malware Analysis with Machine Learning and Artificial Intelligence in Python https://t.co/8g1LVZdoTR #ai #chatgpt #infosec #machinelearning #malware #nlp #python,171,0,92149105.0,nigroeneveld,1.62e+18,Wed Feb 01 18:14:22 +0000 2023,2023/2/1 18:14,2,2,0,https://twitter.com/nigroeneveld/status/1620848046270722048,4,39220
54529,"Reality check: Is #ChatGPT really the next big #cybersecurity threat? via @CyberScoopNews
https://t.co/yhqCKo78HO
#cyberaware #security #IT #CyberSec #ransomware #malware #phishing #data #technology #cloud #cybersmart #managedIT #databreach #CTOs #CTO #cyberattack",266,1,12909342.0,bartmcd,1.62e+18,Tue Feb 07 12:50:00 +0000 2023,2023/2/7 12:50,0,1,0,https://twitter.com/bartmcd/status/1622940744397750274,1,54530
55547,"ChatGPT shows promise of using AI to write malware.

Is ChatGPT a boon or curse to cybersecurity?

What do you think? 

Comment your opinions below.

#chatgpt  #cybersecurity #ransomeware #tuesday #Intect #tech #cyberhub #malware #chatgptbot #chatgptnews #cybersecuritythreats #AI https://t.co/36ifvQz58G",312,0,1.34e+18,Intect6,1.62e+18,Tue Feb 07 14:25:04 +0000 2023,2023/2/7 14:25,0,0,0,https://twitter.com/Intect6/status/1622964665050603520,0,55548
56168,6 scary things ChatGPT has been used for already https://t.co/bHFP89vO7C #chatgpt #malware #spam #phishing #scamming,116,0,14059073.0,pnegoro,1.62e+18,Tue Feb 07 15:24:39 +0000 2023,2023/2/7 15:24,0,0,0,https://twitter.com/pnegoro/status/1622979660719198208,0,56169
56999,"Attackers Are Already Exploiting #ChatGPT to Write Malicious Code - 
https://t.co/mJQ5sfL32w #malware #security #AI #technology #cybersecurity https://t.co/LNAk1bR0PW",167,0,1727360394.0,vallumsoftware,1.62e+18,Tue Feb 07 16:51:01 +0000 2023,2023/2/7 16:51,1,1,0,https://twitter.com/vallumsoftware/status/1623001396583837704,2,57000
63292,"#ai #chatgpt #hackers #hacking #hacker #cybersecurity
#ethicalhacking #hack #kalilinux #linux
#ethicalhacker #programming #infosec
#technology #security #hackerman
#pentesting #hacked #malware #cybercrime
#cyberattack #coding #cyber Hey, Hacker BOsS go to descriptiona??a?   Love U https://t.co/ZZWT9Q0Kin",310,0,1.2e+18,mosaraf_babu,1.62e+18,Sat Feb 11 05:57:19 +0000 2023,2023/2/11 5:57,1,1,0,https://twitter.com/mosaraf_babu/status/1624286440174784513,2,63293
63902,"#ai #chatgpt #hackers #hacking #hacker #cybersecurity
#ethicalhacking #hack #kalilinux #linux
#ethicalhacker #programming #infosec
#technology #security #hackerman
#pentesting #hacked #malware #cybercrime
#cyberattack #coding #cyber #Metaverse
Hello, Hacker BoSS LOVE You..a??a?   https://t.co/3aicAlO2Ys",310,0,1.2e+18,mosaraf_babu,1.62e+18,Sat Feb 11 08:18:50 +0000 2023,2023/2/11 8:18,4,1,0,https://twitter.com/mosaraf_babu/status/1624322050822385664,5,63903
71865,"This is an expected use of #ChatGPT.

#informationsecurity #cybersecurity #datasecurity #linux #ransomware #phishing #ethicalhacking #cybersecuritytraining #cybersecurityawareness #malware #infosec

https://t.co/pXVmIYrObv",226,0,135505356.0,DennisLudena,1.63e+18,Mon Feb 13 13:12:13 +0000 2023,2023/2/13 13:12,0,0,0,https://twitter.com/DennisLudena/status/1625120660749180930,0,71866
79271,"ChatGPT is being used by hackers to build new strains of malware... here's how.

Fortinet Fortinet Partner #AI #chatgpt #malware #cybersecurity #cyberawareness https://t.co/0kn4myqV9B",185,0,1.08e+18,SoEngineered,1.63e+18,Wed Feb 15 15:00:16 +0000 2023,2023/2/15 15:00,0,0,0,https://twitter.com/SoEngineered/status/1625872626819428352,0,79272
83574,"Are you prepared for this? 

Worried like I am?

YouTube video: https://t.co/ll1MGYW5Lb

#SponsoredbyCisco #CiscoLiveEMEA 
#ai #chatgpt #hack #hacking #hacker #infosec #cybersecurity #cyber #cisco #Security #malware #ransomware @cisco @mlee_security https://t.co/0KNw5YHo2K",280,2,56191110.0,davidbombal,1.63e+18,Tue Feb 21 19:53:17 +0000 2023,2023/2/21 19:53,132,18,3,https://twitter.com/davidbombal/status/1628120695111663616,153,83575
84853,"#hackers use fake #ChatGPT apps to push #Windows, #Android #malware #cybersecurity #CyberSec https://t.co/os2uK3lL2c",116,0,37453039.0,michvictor,1.63e+18,Thu Feb 23 03:46:32 +0000 2023,2023/2/23 3:46,0,0,0,https://twitter.com/michvictor/status/1628602182571376642,0,84854
85068,"It doesna??t take long for hackers to take advantage of an event or news item to convert it to a phishing attack opportunity

Controlling excitement and watchful on every prompt while accessing interesting sites and services will help avoiding traps

#ai #malware #phishing #chatgpt",286,0,1.63e+18,cysdat,1.63e+18,Thu Feb 23 04:50:57 +0000 2023,2023/2/23 4:50,0,0,0,https://twitter.com/cysdat/status/1628618389655818240,0,85069
85761,This is something crazy #ChatGPT can do #Security #malware #cybersecurite #hacking https://t.co/ii2D3J7dcX,106,0,9.47e+17,jeyaseelaneth,1.63e+18,Thu Feb 23 07:30:08 +0000 2023,2023/2/23 7:30,3,0,0,https://twitter.com/jeyaseelaneth/status/1628658452632604673,3,85762
85888,Follow e??   Read More https://t.co/ky2Y9i0oBL C?3mo los piratas inform??ticos usan ChatGPT para crear malware para atacarlo | @butterwordblog #Spanish_News #atacarlo #ChatGPT #C?3mo #crear #inform??ticos #los #malware #para #piratas #usan https://t.co/SrJfod77tV,263,1,8.69e+17,butterwordblog,1.63e+18,Thu Feb 23 07:59:31 +0000 2023,2023/2/23 7:59,0,0,0,https://twitter.com/butterwordblog/status/1628665845902721024,0,85889
86537,"e?    2/2
In December 2022, USDoD admitted that he had never created a script before, raising concerns that the #chatbot would allow people without technical skills to create malware and cause significant damage.

#hackers #malware #Aigenerated #ChatGPT https://t.co/t5m1LjRHS7",280,0,1.02e+18,floyxcom,1.63e+18,Thu Feb 23 10:00:00 +0000 2023,2023/2/23 10:00,21,10,3,https://twitter.com/floyxcom/status/1628696167549702144,34,86538
86587,"Derzeit verbreiten Cyberkriminelle den Trojaner a??Foboa??, indem sie Gruppen in #Facebook erstellen, die den offiziellen #OpenAI-Konten zum Verwechseln ?  hnlich sehen, oder sich als Communities von #ChatGPT-Begeisterten ausgeben. https://t.co/YRRyJwZP0D

#malware #hacker #cybercrime",287,0,284489137.0,it__security,1.63e+18,Thu Feb 23 10:05:00 +0000 2023,2023/2/23 10:05,3,1,0,https://twitter.com/it__security/status/1628697424079331329,4,86588
86897,"???1 ?????o?  ?? ?????  ???1?????????1?????? ???  ?????1?o?  ?? ?  ???  ???????3?-?? ChatGPT ?3?1?   ???   ???????????????????? ?o?  ?o???2???????? ?????3?1?????1?o?? ???   Windows ?o?  ?1 ???   Android
#??ndroid #chatbot #ChatGPT #malware #phishing #Security #Windows 
--&gt;https://t.co/Gdsnvww0LH https://t.co/RCsJ02E4C2",325,0,1.03e+18,COREpliroforiki,1.63e+18,Thu Feb 23 11:01:49 +0000 2023,2023/2/23 11:01,1,1,0,https://twitter.com/COREpliroforiki/status/1628711724193832964,2,86898
87256,"O ChatGPT pode ser usado para ciberseguran?  a?

Nossa curiosidade levou a melhor e n?3s o colocamos ?? prova. Confira o desempenho da IA a??a??na detec?  ?  o de indicadores de comprometimento e???

#chatgpt #AI #ciberseguran?  a #malware #phishing #apt
https://t.co/3gEC7XWIyt",283,0,169613431.0,Kasperskybrasil,1.63e+18,Thu Feb 23 12:02:13 +0000 2023,2023/2/23 12:02,4,0,0,https://twitter.com/Kasperskybrasil/status/1628726923290415106,4,87257
88429,"Hackers use fake ChatGPT apps to push Windows, Android malware

#cybersecurity #cybersecuritytraining #cybersecuritynews #cybersecurityexpert #Lebanon #technology #hacking #hacker #chatgpt #openai #malware #windows #android #xyberpwn #pwned #cyber #Beirut #news https://t.co/339pNJWdzU",287,0,1.62e+18,xyberpwn,1.63e+18,Thu Feb 23 14:57:26 +0000 2023,2023/2/23 14:57,4,1,5,https://twitter.com/xyberpwn/status/1628771018939539457,10,88430
88712,Another reason why security awareness training must be constantly refreshed to remain current. Are you telling users about the risks of Chat GPT phishing sites and apps? #cybersecurityleadership #malware #chatgpt #cisos #securityawa?|https://t.co/sy7S0dXh3i https://t.co/qf1Qx2pkYa,281,0,235283765.0,SecurityFitz,1.63e+18,Thu Feb 23 15:38:20 +0000 2023,2023/2/23 15:38,2,1,1,https://twitter.com/SecurityFitz/status/1628781309605646337,4,88713
89021,"#Phishing attacks just got scarier with #ChatGPT-based scams on the rise! 
Details: https://t.co/F89K8DkHTa

#OpenAI #malware #infostealer #spyware #appsec #ASMP #Threatfeed #SecureBlink https://t.co/ApyA4UXRVr",213,0,1.19e+18,secure_blink,1.63e+18,Thu Feb 23 16:30:06 +0000 2023,2023/2/23 16:30,4,4,0,https://twitter.com/secure_blink/status/1628794338045034499,8,89022
89381,This is why we can't have nice things: Hackers are using #ChatGPT to create more effective malware. Full story:  https://t.co/lLBmZbLhvD via @TechTargetNews #malware #cybersecurity https://t.co/h21mm0deKS,204,1,8933022.0,TechNewsEditor,1.63e+18,Thu Feb 23 17:30:32 +0000 2023,2023/2/23 17:30,1,0,0,https://twitter.com/TechNewsEditor/status/1628809548445220867,1,89382
90373,"Nuevo malware roba credenciales de redes sociales haci??ndose pasar por app de ChatGPT #app #ChatGPT #Kaspersky #malware #redessociales #robacredenciales

https://t.co/fb7JNd1dKp https://t.co/K31EfOkk6n",204,0,186234123.0,gabybiondi,1.63e+18,Thu Feb 23 20:48:32 +0000 2023,2023/2/23 20:48,0,0,0,https://twitter.com/gabybiondi/status/1628859373328953347,0,90374
92078,"Security experts have developed a method for tricking #ChatGPT into creating #malware by using specific prompts and settings in #Python.  Stay informed and vigilant.

https://t.co/lyT7ef7Nfk

#AI #cybersecurity #malware #python #ciso https://t.co/qjlsstrakc",261,0,8.39e+17,YuHelenYu,1.63e+18,Mon Feb 27 03:34:50 +0000 2023,2023/2/27 3:34,21,24,1,https://twitter.com/YuHelenYu/status/1630048787560366081,46,92079
92500,El lado del mal - Weaponizar ChatGPT para robar contrase?  as WiFi y crear malware https://t.co/IZzHVhHVJh #ChatGPT #malware #WiFi #hacking #pentesting #PowerShell #Windows #pentest #pentester #RogueWiFi #MitM https://t.co/6zQAPtVKb9,233,0,109488608.0,chemaalonso,1.63e+18,Mon Feb 27 06:07:44 +0000 2023,2023/2/27 6:07,318,203,4,https://twitter.com/chemaalonso/status/1630087266335948802,525,92501
94316,"Atacurile phishing f??cute pe seama lui ChatGPT
https://t.co/akVVQyerAi
#ChatGPTmalware #CybersecurityAlert #PhishingScams #FakeChatGPTapps #StayVigilant
#ChatGPT #malware #securitatecibernetica #ChatGPT #malware #securitatecibernetica #hackeri #phishing https://t.co/xSvx6w8pwX",281,0,1.62e+18,intela777,1.63e+18,Mon Feb 27 13:12:55 +0000 2023,2023/2/27 13:12,0,0,0,https://twitter.com/intela777/status/1630194268504563715,0,94317
