,full_text,text_length,at_num,user_id_str,screen_name,id_str,created_at,publish_time,favorite_count,retweet_count,reply_count,tweet_url,total_heat,tt
27229,"Unlock the full potential of #AI with #ChatGPT 
Discover #OpenAI true capabilities For The #Cloud
This is Changing Everything!  Don't miss it! 

https://t.co/tP4RoavBVI

#GPT3 #CloudComputing #TheAzureAcademy https://t.co/35vTG92JMp",238,0,63201618.0,MSAzureAcademy,1.62e+18,Fri Jan 27 15:35:30 +0000 2023,2023/1/27 15:35,4,0,0,https://twitter.com/MSAzureAcademy/status/1618996124789997568,4,27230
51054,"If we incorporate #AI with #blockchain technology, numerous benefits can be reaped. 

e???Enhance the Augmentation, 
e???Automation, 
e???Authenticity, 
e???Trust, 
e???Efficiency, 
e???Storage, 
e???Management of the data

#blockchain #AI #ArtificialIntelligence #technology #techno #ChatGPT",302,0,1.24e+18,Icoclone1,1.62e+18,Tue Feb 07 06:48:10 +0000 2023,2023/2/7 6:48,3,1,1,https://twitter.com/Icoclone1/status/1622849684841852928,5,51055
55375,"Google is girding for a battle of wits in the field of #AI with #Bard,"" a conversational service aimed at countering the popularity of the #ChatGPT #Chatbot backed by #Microsoft.

#OpenAI #ChatGPTCreative #Creatives #BARDaicc https://t.co/3DU2gNW5HX",251,0,1.62e+18,ChatGPTCreative,1.62e+18,Tue Feb 07 14:10:20 +0000 2023,2023/2/7 14:10,1,1,0,https://twitter.com/ChatGPTCreative/status/1622960961085923329,2,55376
56533,"Exploring the power of #AI with #ChatGPT e??? e?  ? 

#JayMota #divorcefinancialplanning #TechTuesday #Innovation https://t.co/mu9eWYPoT4",139,0,400206404.0,Jay_Mota,1.62e+18,Tue Feb 07 16:00:50 +0000 2023,2023/2/7 16:00,0,0,0,https://twitter.com/Jay_Mota/status/1622988767161364483,0,56534
66412,"The name of the study is ""Social Scars and Self-esteem: The Properties of Self-Protection of Scars"" by Brenda Major and Jennifer Crooker in the United States in 1989.

This thread created with the help of #AI with #ChatGPT and #Midjourney https://t.co/zyPd4mr3AQ",264,0,1.1e+18,JuanMoreMedia,1.62e+18,Sat Feb 11 16:15:47 +0000 2023,2023/2/11 16:15,2,0,0,https://twitter.com/JuanMoreMedia/status/1624442082419961858,2,66413
