,full_text,text_length,at_num,user_id_str,screen_name,id_str,created_at,publish_time,favorite_count,retweet_count,reply_count,tweet_url,total_heat,tt
58483,Has anyone out there messed with Chat GPT? e??? #weird #ChatGPT,63,0,8.91e+17,HadToSharePod,1.62e+18,Tue Feb 07 19:25:06 +0000 2023,2023/2/7 19:25,1,0,0,https://twitter.com/HadToSharePod/status/1623040173637308434,1,58484
70095,"ChatGPT vs. #weird #tokens - @SoC_trilogy

Wow, that completely screws up the #AI's memory.e??  

It either spits out random words of the conversation; or claims that were no messages; or both.e? 琛?

#SolidGoldMagikarp #RandomRedditorWithNo #TheNitromeFan #ChatGPT #weirdness #token https://t.co/XglGJLDneH",311,1,1.55e+18,zer0int1,1.63e+18,Mon Feb 13 08:28:36 +0000 2023,2023/2/13 8:28,5,0,3,https://twitter.com/zer0int1/status/1625049286210641920,8,70096
71608,"#ChatGPT vs. #weird #tokens - @SoC_trilogy

#AI put ""SolidGoldMagikarp"" together after unicode right-to-left char injection &amp; undoing it as per its response, but FAILED for TheNitromeFan; maybe right-to-left inv. is no valid op for a number? e?  ?e?   

#SolidGoldMagikarp  #weirdness https://t.co/vJKgxGxQ9t",316,1,1.55e+18,zer0int1,1.63e+18,Mon Feb 13 12:36:42 +0000 2023,2023/2/13 12:36,0,0,2,https://twitter.com/zer0int1/status/1625111721995010048,2,71609
73105,"ChatGPT vs. #weird #tokens - @SoC_trilogy 

#ChatGPT #turbo model is completely immune to them.

I let the various #AI engage in #AIsplaining about the underlying reasons in #tokenization at various stages of ""you token to me?!""-confuzzlement.

#SolidGoldMagikarp #weirdness https://t.co/3IwEXA5MXy",304,1,1.55e+18,zer0int1,1.63e+18,Mon Feb 13 16:14:29 +0000 2023,2023/2/13 16:14,0,0,0,https://twitter.com/zer0int1/status/1625166529363865600,0,73106
73670,"@SoC_trilogy @JessicaRumbelow

I gave #ChatGPT #Turbo your 136 candidate ""#weird #tokens"" + one ex. ""weird token response"" by ChatGPT default.

#AI is simulating an AI inside an AI with a ""code"" formatted response now.e?  ?

API: Here's a #cliffhanger for too much spam in 1h.e??  a??e???

e??? https://t.co/HoL1e2I94N",326,2,1.55e+18,zer0int1,1.63e+18,Mon Feb 13 17:51:57 +0000 2023,2023/2/13 17:51,0,0,0,https://twitter.com/zer0int1/status/1625191056714211333,0,73671
80762,"Now they have renamed the #turbo #model of #ChatGPT to ""default"" &amp; made it that - while the #weird #token affected model is #legacy. e?  ?

""I do not view anybody as a '#glitch token'. But I am sorry to say, your name is meaningless. It's just a common EN word + a number."" ~#AI https://t.co/PBQGmyVdES",308,0,1.55e+18,zer0int1,1.63e+18,Wed Feb 15 19:09:14 +0000 2023,2023/2/15 19:09,1,0,0,https://twitter.com/zer0int1/status/1625935281235890179,1,80763
82653,"The #glitch #token #weird #party continues with #codex code-davinci-002 and #ChatGPT:

...Maybe? That's a bit weird. But it does occur together with other weird tokens in a ""cluster of the damned"", hmm.

jriwal  ~~  ""jriwal""

#AI #weirdness #petertodd #SolidGoldMagikarp https://t.co/mJyjA5ml19",300,0,1.55e+18,zer0int1,1.63e+18,Tue Feb 21 17:40:54 +0000 2023,2023/2/21 17:40,0,0,0,https://twitter.com/zer0int1/status/1628087381877305357,0,82654
