,full_text,text_length,at_num,user_id_str,screen_name,id_str,created_at,publish_time,favorite_count,retweet_count,reply_count,tweet_url,total_heat,tt
13299,"Full-Time Income - HBA All In One $25 Digital Business 2023 #affiliates #AffiliateMarketing #ChatGPTGOD #ChatGPT 
https://t.co/bwygXcEMgK via @YouTube",151,1,1856678720.0,EvansNthiwa,1.61e+18,Sun Jan 15 01:54:27 +0000 2023,2023/1/15 1:54,0,0,0,https://twitter.com/EvansNthiwa/status/1614440846874509312,0,13300
14171,"#ChatGPT agrees that our search engine is unique!

Try out our Deep Tags!
#AffiliateMarketing #Careers #Earn #partner #referral #reseller #write #BugBounty #api #Questions #tutorials 

https://t.co/YoHoGsV5Kb https://t.co/6KGAwb2Or3",237,0,1.15e+18,DimitriosMitsos,1.61e+18,Sun Jan 15 14:35:35 +0000 2023,2023/1/15 14:35,0,0,0,https://twitter.com/DimitriosMitsos/status/1614632393050136577,0,14172
14337,ChatGPT can also be utilized for affiliate marketing by recommending products or services to users based on their conversations. #ChatGPT #AffiliateMarketing #AI,161,0,1.6e+18,_heyMikeAI,1.61e+18,Sun Jan 15 16:15:05 +0000 2023,2023/1/15 16:15,3,0,0,https://twitter.com/_heyMikeAI/status/1614657433204301826,3,14338
57135,"Free Sales Machine: Consistently Earn Over $1000 Daily - Claim Your Access Now! https://t.co/WHSSErlBYE
#makemoneyonline #earnings #contentmarketing #DigitalMarketing #AffiliateMarketing #ChatGPT #GoogleMaps",208,0,1.5e+18,ewap1111,1.62e+18,Tue Feb 07 17:03:59 +0000 2023,2023/2/7 17:03,0,15,1,https://twitter.com/ewap1111/status/1623004657843941393,16,57136
67799,"Time 4 Chat Reviewa??e??2e???Learn How To Monetize The Amazing ChatGPTe???e??2a??Get FREE +350 Bonusese??2e??  e???

https://t.co/fKDYR5kyBo via @YouTube 

#makemoneyonline #makemoneyfromhome #AffiliateMarketing #passiveincome #WarriorPlus #Ads #DigitalMarketing #Time4Chat #ChatGPT https://t.co/BPTKliJC8X",310,1,1.39e+18,KaleemMarketing,1.62e+18,Sat Feb 11 21:23:07 +0000 2023,2023/2/11 21:23,3,1,0,https://twitter.com/KaleemMarketing/status/1624519422567190528,4,67800
67806,"Website MOJO Reviewa??e??2Creates &amp; Sell Unlimited Websites &amp; Funnels With 1-Clicke???a??FREE +350 Bonusese??2e??  e???

https://t.co/sa2AvImjDr @YouTube

#makemoneyonline #makemoneyfromhome #AffiliateMarketing #passiveincome #WarriorPlus #Ads #DigitalMarketing #Time4Chat #ChatGPT #OpenAI https://t.co/G0y86VUXAQ",325,1,1.39e+18,KaleemMarketing,1.62e+18,Sat Feb 11 21:25:07 +0000 2023,2023/2/11 21:25,2,3,0,https://twitter.com/KaleemMarketing/status/1624519929062952963,5,67807
73102,"VidMora AI Reviewa??e??2e???ChatGPT Powered Video &amp; Content Creatore???e??2a??Get FREE +350 Bonusese??2e??  e???

https://t.co/A0OIw4pJIC via @YouTube 

#makemoneyonline #makemoneyfromhome #AffiliateMarketing #passiveincome #WarriorPlus #Ads #DigitalMarketing #VidMoraAI #ChatGPT #OpenAI https://t.co/73PKpdoNms",319,1,1.39e+18,KaleemMarketing,1.63e+18,Mon Feb 13 16:13:18 +0000 2023,2023/2/13 16:13,3,1,0,https://twitter.com/KaleemMarketing/status/1625166232788905984,4,73103
80107,"AI Video Pro Reviewa??e??2e???ChatGPT Powered App Creates &amp; Shares Viral Short Videose???e??2a??FREE +350 Bonusese??2e??  e???

https://t.co/6CoawIttft via @YouTube 

#makemoneyonline #AffiliateMarketing #passiveincome #WarriorPlus #Ads #DigitalMarketing #AIVideoPro #ChatGPT #OpenAIChatGPT",298,1,1.39e+18,KaleemMarketing,1.63e+18,Wed Feb 15 17:04:12 +0000 2023,2023/2/15 17:04,3,1,0,https://twitter.com/KaleemMarketing/status/1625903815730860033,4,80108
80112,"AI Video Pro Reviewa??e??2e???ChatGPT Powered App Creates &amp; Shares Viral Short Videose???e??2a??Get FREE +350 Bonusese??2e??  e???

https://t.co/6CoawIttft via @YouTube
 
#makemoneyonline #AffiliateMarketing #passiveincome #WarriorPlus #Ads #DigitalMarketing #AIVideoPro #ChatGPT #OpenAIChatGPT https://t.co/K6f4DsD379",326,1,1.39e+18,KaleemMarketing,1.63e+18,Wed Feb 15 17:04:56 +0000 2023,2023/2/15 17:04,2,1,0,https://twitter.com/KaleemMarketing/status/1625904003128209409,3,80113
81316,#copywriter #SEO #adsense #AffiliateMarketing #BingAI #ChatGPT #ai #blogging #blog #niche,89,0,2957644099.0,ThebilalSEO,1.63e+18,Wed Feb 15 21:09:51 +0000 2023,2023/2/15 21:09,1,0,0,https://twitter.com/ThebilalSEO/status/1625965636869390340,1,81317
