,full_text,text_length,at_num,user_id_str,screen_name,id_str,created_at,publish_time,favorite_count,retweet_count,reply_count,tweet_url,total_heat,tt
74435,"World's First Cloud Based REAL #ChatGPT-Powered App That Generates High Quality Content &amp; Converts It To Scroll Stopping #Videos With Thousands Of DFY #Templates
https://t.co/nEpLhxmfA4

#videomaker #videocreator #animation #animations #ai #ArtificialIntelligence #Chatgpt3",280,0,1964994798.0,WealthXp,1.63e+18,Mon Feb 13 20:08:31 +0000 2023,2023/2/13 20:08,0,0,0,https://twitter.com/WealthXp/status/1625225427089502208,0,74436
74436,"World's First Cloud Based REAL #ChatGPT-Powered App That Generates High Quality Content &amp; Converts It To Scroll Stopping #Videos With Thousands Of DFY #Templates.
https://t.co/nEpLhxmfA4

#videomaker #videocreator #animation #animations #ai #ArtificialIntelligence #Chatgpt3",281,0,1964994798.0,WealthXp,1.63e+18,Mon Feb 13 20:08:48 +0000 2023,2023/2/13 20:08,1,0,0,https://twitter.com/WealthXp/status/1625225496761081856,1,74437
77035,"Next-Gen ChatGPT-Powered App Creates &amp; Automatically Shares Viral Short #Videos On #YouTube And Generates FREE Traffic In Less Than 30 Seconds!
=&gt;  https://t.co/7je1uYgxoM

#videomaker #videocreator #animation #animations #ai #ArtificialIntelligence #Chatgpt3 #ChatGPT #Templates",289,0,25059944.0,rodonet,1.63e+18,Wed Feb 15 09:03:55 +0000 2023,2023/2/15 9:03,0,0,0,https://twitter.com/rodonet/status/1625782948950839296,0,77036
77073,"Next-Gen ChatGPT-Powered App Creates &amp; Automatically Shares Viral Short #Videos On #YouTube And Generates FREE Traffic In Less Than 30 Seconds!
 =&gt;  https://t.co/7je1uYgxoM

#videomaker #videocreator #animation #animations #ai #ArtificialIntelligence #Chatgpt3 #ChatGPT #Templates",290,0,25059944.0,rodonet,1.63e+18,Wed Feb 15 09:11:15 +0000 2023,2023/2/15 9:11,0,0,0,https://twitter.com/rodonet/status/1625784794239090688,0,77074
78218,"Next-Gen ChatGPT-Powered App Creates &amp; Automatically Shares Viral Short #Videos On #YouTube And Generates FREE Traffic In Less Than 30 Seconds!
 =&gt;  https://t.co/Xn026fqaKQ

#videomaker #videocreator #animation #animations #ai #ArtificialIntelligence #Chatgpt3 #ChatGPT #Templates",290,0,1964994798.0,WealthXp,1.63e+18,Wed Feb 15 12:35:38 +0000 2023,2023/2/15 12:35,0,0,0,https://twitter.com/WealthXp/status/1625836231044235264,0,78219
84003,"Next-Gen ChatGPT-Powered App Creates &amp; Automatically Shares Viral Short #Videos On #YouTube And Generates FREE Traffic In Less Than 30 Seconds!
https://t.co/7je1uYgxoM

#videomaker #videocreator #animation #animations #ai #ArtificialIntelligence #Chatgpt3 #ChatGPT #Templates",282,0,25059944.0,rodonet,1.63e+18,Tue Feb 21 21:31:44 +0000 2023,2023/2/21 21:31,1,0,0,https://twitter.com/rodonet/status/1628145471175929864,1,84004
