,full_text,text_length,at_num,user_id_str,screen_name,id_str,created_at,publish_time,favorite_count,retweet_count,reply_count,tweet_url,total_heat,tt
16224,"Looking for opportunities in ML and Python related roles.
Twitter family help with this.

#Python #MachineLearning #hiring #DeveloperDirect #ArtificialIntelligence #ChatGPT",175,0,1.61e+18,Jatin_codes,1.62e+18,Tue Jan 17 11:05:20 +0000 2023,2023/1/17 11:05,0,0,0,https://twitter.com/Jatin_codes/status/1615304255312916480,0,16225
26865,"e??   JavaScript most asked questions 4 of 10.

#softwareengineer #career #coding #javascript #wtfjs #javascriptdeveloper #reactjs #reactjobs #frontendjobs #hiringdevelopers #hiring #interview #chatgpt #chatgpt3 https://t.co/Io8Gu1GTaE",237,0,1.62e+18,movistar_music,1.62e+18,Fri Jan 27 13:38:48 +0000 2023,2023/1/27 13:38,1,0,0,https://twitter.com/movistar_music/status/1618966755636019200,1,26866
43539,"Ita??s likely ChatGPT has already broken your traditional tech assessment. Now you need to rethink your approach to assessing developersa?? skills and making solid hiring decisions.

What do you think the future holds for tech assessments in the world of ChatGPT?

#hiring #chatgpt https://t.co/IbTsMqvmeR",309,0,3852578114.0,OfferZen,1.62e+18,Fri Feb 03 10:56:08 +0000 2023,2023/2/3 10:56,1,1,1,https://twitter.com/OfferZen/status/1621462534694764545,3,43540
44372,"Yesterday, We had the privilege of participating in the 12th Job Fair, hosted by the Punjab University College of Information Technology, Lahore.

#artificialintelligence #machinelearning #openai #chatgpt #hiring #jobfair #pucit #gsc #technology #innovation #techfest #opportunity https://t.co/s1QRhovQeE",306,0,1.53e+18,gsoftconsultng,1.62e+18,Fri Feb 03 13:04:57 +0000 2023,2023/2/3 13:04,0,1,0,https://twitter.com/gsoftconsultng/status/1621494954630565889,1,44373
46274,#microsoft #cloudcomputing https://t.co/9NMfG3ARrB https://t.co/FWrEHoASDp https://t.co/d4OXWiAwVG #azure #chatgpt #google #apple #cloud #hr #startup #data4good #salesforce #iot #ai #hrtech #hiring #recruitment #jobs #job #datascience #recruiting #bigdata #analytics #python,274,0,7.8e+17,martinhoyes,1.62e+18,Fri Feb 03 17:34:30 +0000 2023,2023/2/3 17:34,4,3,0,https://twitter.com/martinhoyes/status/1621562788161421312,7,46275
46679,"#php #coding https://t.co/9NMfG3ARrB https://t.co/WrOlCdD4fE https://t.co/d4OXWiAwVG #javascript #python #java #microsoft #azure #chatgpt #google #apple #cloud #hr #startup #data4good #salesforce #iot #ai #hrtech #hiring #recruitment #jobs #job #datascience #recruiting  
#aws",277,0,7.8e+17,martinhoyes,1.62e+18,Fri Feb 03 18:39:14 +0000 2023,2023/2/3 18:39,2,2,0,https://twitter.com/martinhoyes/status/1621579078188032000,4,46680
46688,"#php #coding https://t.co/9NMfG3ARrB 
https://t.co/WrOlCdD4fE
https://t.co/d4OXWiAwVG #javascript #python #java #microsoft
#azure #chatgpt #google #apple #cloud #hr
#startup #data4good #salesforce #iot #ai #hrtech 
#hiring #recruitment #jobs #job #datascience #recruiting #aws",281,0,7.8e+17,martinhoyes,1.62e+18,Fri Feb 03 18:40:58 +0000 2023,2023/2/3 18:40,2,2,0,https://twitter.com/martinhoyes/status/1621579513317699587,4,46689
47256,#php #coding https://t.co/4Kqav6PA9W https://t.co/PrbRsueEkj https://t.co/8Z3qRRV45M #javascript #python #java #microsoft #azure #chatgpt #google #apple #cloud #hr #startup #data4good #salesforce #iot #ai #hrtech #hiring #recruitment #jobs #job #datascience #recruiting #aws,274,0,1.13e+18,hcm_tech,1.62e+18,Fri Feb 03 20:27:12 +0000 2023,2023/2/3 20:27,2,2,0,https://twitter.com/hcm_tech/status/1621606249786904576,4,47257
47266,#php #coding https://t.co/4Kqav6PA9W https://t.co/PrbRsueEkj https://t.co/8Z3qRRV45M #javascript #python #java #microsoft #azure #chatgpt #google #apple #cloud #hr #startup #data4good #salesforce #iot #ai #hrtech #hiring #recruitment #jobs #job #datascience #recruiting #aws,274,0,1.13e+18,hcm_tech,1.62e+18,Fri Feb 03 20:29:37 +0000 2023,2023/2/3 20:29,2,2,0,https://twitter.com/hcm_tech/status/1621606858753724416,4,47267
47308,#php #coding https://t.co/4Kqav6PA9W https://t.co/PrbRsueEkj https://t.co/8Z3qRRV45M #javascript #python #java #microsoft #azure #chatgpt #google #apple #cloud #hr #startup #data4good #salesforce #iot #ai #hrtech #hiring #recruitment #jobs #job #datascience #recruiting #aws,274,0,1.13e+18,hcm_tech,1.62e+18,Fri Feb 03 20:38:44 +0000 2023,2023/2/3 20:38,4,2,0,https://twitter.com/hcm_tech/status/1621609153168019456,6,47309
47914,It's taken me 40+ years to conclude that job descriptions are pretty much the cause of all hiring mistakes. #hiring #interviewing #chatgpt #jobs #recruiting  #greenhouse #icims #smartrecruiters #glassdoor #ziprecruiter #indeed https://t.co/9ndVcNnJy2 https://t.co/R96iJfor69 https://t.co/Eht5YzOieD,298,0,14276126.0,LouA,1.62e+18,Fri Feb 03 22:50:20 +0000 2023,2023/2/3 22:50,0,0,0,https://twitter.com/LouA/status/1621642270989602823,0,47915
48406,It's taken me 40+ years to conclude that job descriptions are pretty much the cause of all hiring mistakes. #hiring #interviewing #chatgpt #jobs #recruiting  #greenhouse #icims #smartrecruiters #glassdoor #ziprecruiter #indeed https://t.co/9ndVcNnJy2 https://t.co/R96iJfor69 https://t.co/U9A0Ig6ZNb,298,0,14276126.0,LouA,1.62e+18,Sun Feb 05 22:50:19 +0000 2023,2023/2/5 22:50,0,0,0,https://twitter.com/LouA/status/1622367040718651393,0,48407
56951,https://t.co/4JRAZLXeu4 #AI #artificialintelligence #chatgpt #chatgptai #layoff #layoffs #hiring #hiring20223 #career #careers #careeropportunities,147,0,19262130.0,awspiegel,1.62e+18,Tue Feb 07 16:45:25 +0000 2023,2023/2/7 16:45,0,0,0,https://twitter.com/awspiegel/status/1622999988572921856,0,56952
57503,#data4good #datascience https://t.co/hwRfoXl2T9 https://t.co/5GxKm1cFkd https://t.co/d4OXWiAwVG #microsoft #chatgpt #data #ai #bigdata #javascript #python #java #azure #google #apple #cloud #hr #startup #salesforce #iot #hrtech #hiring #recruitment #jobs #recruiting #startups,276,0,7.8e+17,martinhoyes,1.62e+18,Tue Feb 07 17:49:48 +0000 2023,2023/2/7 17:49,3,3,0,https://twitter.com/martinhoyes/status/1623016189927763969,6,57504
60084,It's taken me 40+ years to conclude that job descriptions are pretty much the cause of all hiring mistakes. #hiring #interviewing #chatgpt #jobs #recruiting  #greenhouse #icims #smartrecruiters #glassdoor #ziprecruiter #indeed https://t.co/9ndVcNnJy2 https://t.co/R96iJfor69 https://t.co/1Jw6IJyRIf,298,0,14276126.0,LouA,1.62e+18,Tue Feb 07 22:50:21 +0000 2023,2023/2/7 22:50,3,0,0,https://twitter.com/LouA/status/1623091827803815938,3,60085
61681,It's taken me 40+ years to conclude that job descriptions are pretty much the cause of all hiring mistakes. #hiring #interviewing #chatgpt #jobs #recruiting  #greenhouse #icims #smartrecruiters #glassdoor #ziprecruiter #indeed https://t.co/9ndVcNnJy2 https://t.co/R96iJfor69 https://t.co/JygsPj1NnX,298,0,14276126.0,LouA,1.62e+18,Thu Feb 09 22:50:20 +0000 2023,2023/2/9 22:50,0,0,0,https://twitter.com/LouA/status/1623816598418034689,0,61682
68104,It's taken me 40+ years to conclude that job descriptions are pretty much the cause of all hiring mistakes. #hiring #interviewing #chatgpt #jobs #recruiting  #greenhouse #icims #smartrecruiters #glassdoor #ziprecruiter #indeed https://t.co/9ndVcNnJy2 https://t.co/R96iJfor69 https://t.co/JBsfkV7TZE,298,0,14276126.0,LouA,1.62e+18,Sat Feb 11 22:50:25 +0000 2023,2023/2/11 22:50,0,1,0,https://twitter.com/LouA/status/1624541395422683136,1,68105
75206,It's taken me 40+ years to conclude that job descriptions are pretty much the cause of all hiring mistakes. #hiring #interviewing #chatgpt #jobs #recruiting  #greenhouse #icims #smartrecruiters #glassdoor #ziprecruiter #indeed https://t.co/9ndVcNnJy2 https://t.co/R96iJfor69 https://t.co/un0jweEuYu,298,0,14276126.0,LouA,1.63e+18,Mon Feb 13 22:50:19 +0000 2023,2023/2/13 22:50,0,0,0,https://twitter.com/LouA/status/1625266145975476224,0,75207
81762,It's taken me 40+ years to conclude that job descriptions are pretty much the cause of all hiring mistakes. #hiring #interviewing #chatgpt #jobs #recruiting  #greenhouse #icims #smartrecruiters #glassdoor #ziprecruiter #indeed https://t.co/9ndVcNnJy2 https://t.co/R96iJfor69 https://t.co/nF1NQB0VRu,298,0,14276126.0,LouA,1.63e+18,Wed Feb 15 22:50:22 +0000 2023,2023/2/15 22:50,1,0,0,https://twitter.com/LouA/status/1625990931152355330,1,81763
82254,It's taken me 40+ years to conclude that job descriptions are pretty much the cause of all hiring mistakes. #hiring #interviewing #chatgpt #jobs #recruiting  #greenhouse #icims #smartrecruiters #glassdoor #ziprecruiter #indeed https://t.co/9ndVcNnJy2 https://t.co/R96iJfor69 https://t.co/8b4GLzj0ei,298,0,14276126.0,LouA,1.63e+18,Fri Feb 17 22:50:22 +0000 2023,2023/2/17 22:50,0,0,0,https://twitter.com/LouA/status/1626715708292796423,0,82255
84310,It's taken me 40+ years to conclude that job descriptions are pretty much the cause of all hiring mistakes. #hiring #interviewing #chatgpt #jobs #recruiting  #greenhouse #icims #smartrecruiters #glassdoor #ziprecruiter #indeed https://t.co/9ndVcNnJy2 https://t.co/R96iJfor69 https://t.co/Sokh69Bfxy,298,0,14276126.0,LouA,1.63e+18,Tue Feb 21 22:50:19 +0000 2023,2023/2/21 22:50,0,0,0,https://twitter.com/LouA/status/1628165248527003650,0,84311
90843,It's taken me 40+ years to conclude that job descriptions are pretty much the cause of all hiring mistakes. #hiring #interviewing #chatgpt #jobs #recruiting  #greenhouse #icims #smartrecruiters #glassdoor #ziprecruiter #indeed https://t.co/9ndVcNnJy2 https://t.co/R96iJfor69 https://t.co/WqRaFTBmXH,298,0,14276126.0,LouA,1.63e+18,Thu Feb 23 22:50:21 +0000 2023,2023/2/23 22:50,2,0,0,https://twitter.com/LouA/status/1628890030985945088,2,90844
91299,It's taken me 40+ years to conclude that job descriptions are pretty much the cause of all hiring mistakes. #hiring #interviewing #chatgpt #jobs #recruiting  #greenhouse #icims #smartrecruiters #glassdoor #ziprecruiter #indeed https://t.co/9ndVcNohnA https://t.co/R96iJfoYVH https://t.co/w0a12rMXHr,298,0,14276126.0,LouA,1.63e+18,Sat Feb 25 22:50:11 +0000 2023,2023/2/25 22:50,0,1,0,https://twitter.com/LouA/status/1629614766422622208,1,91300
97329,It's taken me 40+ years to conclude that job descriptions are pretty much the cause of all hiring mistakes. #hiring #interviewing #chatgpt #jobs #recruiting  #greenhouse #icims #smartrecruiters #glassdoor #ziprecruiter #indeed https://t.co/9ndVcNnJy2 https://t.co/R96iJfor69 https://t.co/edBCxqBQ9h,298,0,14276126.0,LouA,1.63e+18,Mon Feb 27 22:50:10 +0000 2023,2023/2/27 22:50,1,0,0,https://twitter.com/LouA/status/1630339536348643328,1,97330
