,full_text,text_length,at_num,user_id_str,screen_name,id_str,created_at,publish_time,favorite_count,retweet_count,reply_count,tweet_url,total_heat,tt
18810,"Full Episode 470 a??  https://t.co/wK5Sall0nC

We Can't Imagine How Fast AI Will Take Over

#ai #chatgpt #MBTI #artificialintelligence #openai #MyersBriggs #16personalities #personalitytypes #PersonalGrowth #SelfHelp #cognitivefunctions #personalitytypes #infp #infj #intj #intp https://t.co/NuG7pPlK64",306,0,262795624.0,PersonalityHack,1.62e+18,Thu Jan 19 15:30:07 +0000 2023,2023/1/19 15:30,0,0,0,https://twitter.com/PersonalityHack/status/1616095669839609856,0,18811
19060,"From Ep 470: https://t.co/wK5Sall0nC

a??AI is growing so fast that we can't imagine how fast it's going to grow."" ~ @WillGLancaster 

#ai #chatgpt #MBTI #artificialintelligence #openai #MyersBriggs #16personalities #personalitytypes #cognitivefunctions #personalitytypes #intp https://t.co/v0qZiQT9j8",305,1,262795624.0,PersonalityHack,1.62e+18,Thu Jan 19 17:15:18 +0000 2023,2023/1/19 17:15,1,0,0,https://twitter.com/PersonalityHack/status/1616122136493424640,1,19061
19484,"Full Episode 470 a??  https://t.co/wK5Sall0nC

ChatGPT &amp; AI is Simply Pattern Recognition

#ai #chatgpt #MBTI #artificialintelligence #openai #MyersBriggs #16personalities #personalitytypes #PersonalGrowth #SelfHelp #cognitivefunctions #personalitytypes #infp #infj #intj #intp https://t.co/7Q0Yy1E7Ma",309,0,262795624.0,PersonalityHack,1.62e+18,Thu Jan 19 20:15:04 +0000 2023,2023/1/19 20:15,3,2,0,https://twitter.com/PersonalityHack/status/1616167377409802240,5,19485
38142,"Full Ep 470 a??  https://t.co/wK5Sall0nC

AI &amp; ChatGPT Accelerates Wisdom

#ai #chatgpt #MBTI #artificialintelligence #openai #MyersBriggs #16personalities #personalitytypes #PersonalGrowth #cognitivefunctions #personalitytypes #infp #infj #intj #intp https://t.co/vlVWIx9dCl",283,0,262795624.0,PersonalityHack,1.62e+18,Wed Feb 01 15:30:14 +0000 2023,2023/2/1 15:30,0,0,0,https://twitter.com/PersonalityHack/status/1620806741599330306,0,38143
47193,"Full Episode 470 a??  https://t.co/wK5Sall0nC

Falling in Love with ChatGPT &amp; AI

#ai #chatgpt #MBTI #artificialintelligence #openai #MyersBriggs #16personalities #personalitytypes #PersonalGrowth #SelfHelp #cognitivefunctions #personalitytypes #infp #infj #intj #intp https://t.co/EuSYekCqT1",300,0,262795624.0,PersonalityHack,1.62e+18,Fri Feb 03 20:15:04 +0000 2023,2023/2/3 20:15,0,0,0,https://twitter.com/PersonalityHack/status/1621603195331002371,0,47194
