,full_text,text_length,at_num,user_id_str,screen_name,id_str,created_at,publish_time,favorite_count,retweet_count,reply_count,tweet_url,total_heat,tt
40648,"Exciting news! Google is testing potential ChatGPT competitors, including a chatbot called ""Apprentice Bard."" Stay ahead of the curve with our latest update on the tech giant's competition strategy. #Google #ChatGPT #competition #chatbot #ApprenticeBard

https://t.co/UNYP7XPfUc",280,0,1.62e+18,Nikolin_eu,1.62e+18,Wed Feb 01 22:06:10 +0000 2023,2023/2/1 22:06,0,0,0,https://twitter.com/Nikolin_eu/status/1620906379757207554,0,40649
50534,"Google is all set to launch a ChatGPT competition called Bard

#Google #ChatGPT #competition #bard #AItools #aitrend

For details, click on the link https://t.co/3CQx5uTeXv https://t.co/0YsakSxND6",200,0,8.67e+17,bestkoditips,1.62e+18,Tue Feb 07 05:48:08 +0000 2023,2023/2/7 5:48,0,0,0,https://twitter.com/bestkoditips/status/1622834577600389120,0,50535
50960,"Bard Google: ChatGpt     ?    ?     ?    ?   琛?   ?    ?   琛?    台   ?    楱? 2    ?,     ?    ?    ?    2     2    台   ?    悒? ?     2    ?    ?   琛?   ?    ???    ?    悒? 戗? ?      '    ?    ?    悒? ?    ?'
https://t.co/ibUtDvMJjm
#tech #technews #google #chatbot #competition #chatgpt",288,0,491986148.0,LoksattaLive,1.62e+18,Tue Feb 07 06:37:03 +0000 2023,2023/2/7 6:37,1,0,0,https://twitter.com/LoksattaLive/status/1622846886318325760,1,50961
52391,"With advanced conversational capabilities, this model promises to revolutionize the way people interact with AI technology. 

https://t.co/Yjju1dUypR
#ChatGPT #technology #chat #googlereview #AI #artificialintelligence #chatbots #rival #competition #NewsUpdate #gotonews https://t.co/NCQCtZmrln",297,0,1.37e+18,Gotonewsdotcom,1.62e+18,Tue Feb 07 09:11:46 +0000 2023,2023/2/7 9:11,2,0,0,https://twitter.com/Gotonewsdotcom/status/1622885821744582661,2,52392
52752,"Apr?  s #chatgpt, #bard. 

plus on est de fou... 

war is declared 

#competition #openai #LaMDA 

Google lance sa version de ChatGPT, baptis??e Bard https://t.co/LQxZDrgi5C",181,0,1.3e+18,FVallee,1.62e+18,Tue Feb 07 09:48:42 +0000 2023,2023/2/7 9:48,0,0,0,https://twitter.com/FVallee/status/1622895118725394432,0,52753
53341,"Google Bard on ChatGPT: that's one helluva chatbot | The Gurkian

https://t.co/VeER3etdKc

#genAI #generative #conversational #AI #ChatGPT #chatbot #Google #Bard #tech #rivalry #competition #fight #DeepMind #OpenAI #Microsoft https://t.co/l7TL5WeHd9",253,0,4060071683.0,Kattenkopjes,1.62e+18,Tue Feb 07 10:48:16 +0000 2023,2023/2/7 10:48,1,1,0,https://twitter.com/Kattenkopjes/status/1622910106072489985,2,53342
94447,"Can Google Bard compete with ChatGPT, the popular AI platform? Who will come out on top? e???a?  

Let the AI showdown begin! e???

Keep following us to learn more about all the news and updates! e???e???e???
https://t.co/N8nWLDUrvg 

 #AI #competition #GoogleBard #ChatGPT https://t.co/izi2qwPbji",304,0,1.2e+18,dopingercom,1.63e+18,Mon Feb 27 13:40:02 +0000 2023,2023/2/27 13:40,2,0,0,https://twitter.com/dopingercom/status/1630201091672489984,2,94448
