,full_text,text_length,at_num,user_id_str,screen_name,id_str,created_at,publish_time,favorite_count,retweet_count,reply_count,tweet_url,total_heat,tt
79237,Everyone wants #ChatGPT to work for thema?? &amp; #automation enthusiasts are no exception. e??? We asked our own expert #RPA developers to share the ways they find it useful:,175,0,127708877.0,UiPath,1.63e+18,Wed Feb 15 14:55:55 +0000 2023,2023/2/15 14:55,41,11,0,https://twitter.com/UiPath/status/1625871533032742918,52,79238
80478,Everyone wants #ChatGPT to work for thema?? &amp; #automation enthusiasts are no exception.e??? @UiPath asked their own expert #RPA developers to share the ways they find it useful: https://t.co/ihUAyrDnEN https://t.co/8Wow5mZwkw,229,1,24214279.0,ColwellChris,1.63e+18,Wed Feb 15 18:16:43 +0000 2023,2023/2/15 18:16,2,1,0,https://twitter.com/ColwellChris/status/1625922065860526088,3,80479
80803,Everyone wants #ChatGPT to work for thema?? &amp; #automation enthusiasts are no exception.e??? @UiPath asked their own expert #RPA developers to share the ways they find it useful: https://t.co/0tuHI6iqxH https://t.co/1S7AQ1vSTT,229,1,7.68e+17,dawindycitytmc,1.63e+18,Wed Feb 15 19:17:46 +0000 2023,2023/2/15 19:17,1,0,0,https://twitter.com/dawindycitytmc/status/1625937430703443994,1,80804
82015,Everyone wants #ChatGPT to work for thema?? &amp; #automation enthusiasts are no exception. e??? We asked our own expert #RPA developers to share the ways they find it useful: https://t.co/B9pZ5ZqxYK,199,0,7.68e+17,dawindycitytmc,1.63e+18,Wed Feb 15 23:57:15 +0000 2023,2023/2/15 23:57,1,1,0,https://twitter.com/dawindycitytmc/status/1626007765897420802,2,82016
93860,Everyone wants #ChatGPT to work for thema?? &amp; #automation enthusiasts are no exception.e??? @UiPath asked their own expert #RPA developers to share the ways they find it useful: https://t.co/mmQZz75F3a https://t.co/7ZgETggPD5,229,1,1.52e+18,NiedMarcus,1.63e+18,Mon Feb 27 11:36:15 +0000 2023,2023/2/27 11:36,0,0,0,https://twitter.com/NiedMarcus/status/1630169940467539968,0,93861
