,full_text,text_length,at_num,user_id_str,screen_name,id_str,created_at,publish_time,favorite_count,retweet_count,reply_count,tweet_url,total_heat,tt
26341,"I THINK WE HAVE TO IMPLEMENT THE TERM "" Graceful degradation"" IN OUR LIFE RATHER THEN ONLY IN CODE ......

#Web3 #webdevelopment #Webdesign #web3community #Job #jobsearch #success #ChatGPT #FrontEnd #backnumber #React #Astros",227,0,1.62e+18,AdityaJha0001,1.62e+18,Fri Jan 27 10:27:48 +0000 2023,2023/1/27 10:27,2,1,0,https://twitter.com/AdityaJha0001/status/1618918691277791233,3,26342
30905,"Do check out my new blog on OpenAI API integration with React
#OpenAI #OpenAIChatGPT #React #ChatGPT

https://t.co/setzO6h3qj",128,0,372682531.0,baghel_ashish,1.62e+18,Tue Jan 31 03:47:17 +0000 2023,2023/1/31 3:47,1,2,1,https://twitter.com/baghel_ashish/status/1620267447264907264,4,30906
31555,"React??  ??3??3????????3????   ???????????  ??|???????????????????????  CSS??????????????  ?????  ??????  |??????  ???????????????????????a???????????  ??|????????????

 #OpenAI #ChatGPT #React #tailwindcss",208,0,1.57e+18,KyokaMisono,1.62e+18,Tue Jan 31 09:21:16 +0000 2023,2023/1/31 9:21,0,0,0,https://twitter.com/KyokaMisono/status/1620351497598025729,0,31556
34741,"The Complete ChatGPT with React Native - Mobile Application  
5 hours | 29 students  | January 2023 release 

e??? LINK =&gt; https://t.co/Hj35xaxqvJ 

#Udemy #JavaScript #Mobile #Development #React #Native #ChatGPT https://t.co/pLC5yPexdm",244,0,1.01e+18,comidoc,1.62e+18,Wed Feb 01 04:17:22 +0000 2023,2023/2/1 4:17,1,1,0,https://twitter.com/comidoc/status/1620637405253443586,2,34742
41244,"ChatGPT??  ??  ??????     ?  oe???

 #OpenAI #ChatGPT???
 #Nextjs #React #JavaScript???
 #?????-??  ????????3??   #?????-??  ????????3??  ?????  ??- #?????-??  ????????3??  ????-|  ?? https://t.co/UtjLZULGFo",211,0,1.57e+18,KyokaMisono,1.62e+18,Fri Feb 03 02:47:14 +0000 2023,2023/2/3 2:47,0,0,0,https://twitter.com/KyokaMisono/status/1621339499421929472,0,41245
46670,"Are you ready to take control of your future and become an entrepreneur?
Follow @AlbanBeluli 
https://t.co/UPXGdCofun e???

#AI #ChatGPT 
#webdev #html #css #javascript #developer #React #python #gatsby #BREAKING #dev #OpenAI #webdeveloper #code #coding #coder https://t.co/8CtBIpcDjS",289,1,4605439156.0,AlbanBeluli,1.62e+18,Fri Feb 03 18:38:11 +0000 2023,2023/2/3 18:38,1,4,0,https://twitter.com/AlbanBeluli/status/1621578815808888832,5,46671
46741,"Are you ready to create something new and become an entrepreneur?
Follow @AlbanBeluli 
https://t.co/UPXGdCofun e???

#AI #ChatGPT 
#webdev #html #css #javascript #developer #React #python #gatsby #BREAKING #dev #OpenAI #webdeveloper #code #coding #coder https://t.co/Xsi8Gm3eBJ",282,1,4605439156.0,AlbanBeluli,1.62e+18,Fri Feb 03 18:49:53 +0000 2023,2023/2/3 18:49,1,3,0,https://twitter.com/AlbanBeluli/status/1621581760596254721,4,46742
49662,"#100DaysOfCode have been coding non stop lately havena??t had time to be on here, but building an app with #React #Tailwind #ChatGPT #Yahoo #Finance https://t.co/8LefPEWJGG",172,0,7.38e+17,mannyaalonso,1.62e+18,Tue Feb 07 03:23:38 +0000 2023,2023/2/7 3:23,3,1,0,https://twitter.com/mannyaalonso/status/1622798210287734786,4,49663
60582,"GOOGLE LOST BILLIONS! | FEB 9, 2023 - https://t.co/piEuWEJxP1 

#Google #AI #ChatGPT #Bard #Tech #Chatbot #News #React #Reaction #Billions https://t.co/99WMD5Op8W",164,0,122845994.0,ChadGregersen,1.62e+18,Thu Feb 09 19:17:07 +0000 2023,2023/2/9 19:17,0,2,0,https://twitter.com/ChadGregersen/status/1623762941278568449,2,60583
65910,"e??   Attention all NLP enthusiasts! e?  ? The Battle of the Language Models is on! e??   

Who will come out on top? e?  ? ChatGPT or Google BARD? e?  ? Share your thoughts in the comments below! e??-
 
#BattleOfTheLanguageModels #ChatGPT #GoogleBard #React #NLP https://t.co/cR6vzpO1S0",291,0,1.55e+18,SenderoAgency,1.62e+18,Sat Feb 11 14:50:40 +0000 2023,2023/2/11 14:50,3,0,1,https://twitter.com/SenderoAgency/status/1624420660805267456,4,65911
65968,"Day 74 of  #100DaysOfCode :
a??Learned about Lifting State Up In ReactJS

e??1To share a state, the most common operation is to move it up to closest ancestor

 A threade?   

 #coding #javascript #programming #AI @developrec #FullStack #development  #Web3 #React #ChatGPT #technology https://t.co/JC9uLGkqxy",315,1,1.55e+18,Shreya_sri25,1.62e+18,Sat Feb 11 15:00:25 +0000 2023,2023/2/11 15:00,10,4,7,https://twitter.com/Shreya_sri25/status/1624423112598237186,21,65969
72828,"Day 76 of  #100DaysOfCode :
a??Learned about Lifting state In ReactJS

e??1A state is an object that keeps track of variable changes in components.
 A threade?   

 #Coding #javascript #programming #AI 
@developrec #FullStack #development  #Web3 #React #ChatGPT #technology https://t.co/18xmJZ4PfM",304,1,1.55e+18,Shreya_sri25,1.63e+18,Mon Feb 13 15:31:12 +0000 2023,2023/2/13 15:31,9,5,1,https://twitter.com/Shreya_sri25/status/1625155638816014336,15,72829
77625,"React is the best thing since jQuery. It makes everything easier and simpler. I can't imagine coding without it.
#reactjs #React #programming #AI #ChatGPT #technology",167,0,430515486.0,Qaiser_Abas,1.63e+18,Wed Feb 15 10:48:51 +0000 2023,2023/2/15 10:48,2,2,1,https://twitter.com/Qaiser_Abas/status/1625809355399475201,5,77626
79347,"Day 78 of  #100DaysOfCode :
a??Learned about Data Visualization with ReactJS
 
e??1Data Visualisation is vital for sharing onea??s research or deriving insights

 A threade?   

 #coding  #javascript #programming #AI
@developrec #FullStack #development  #Web3 #React #ChatGPT #technology https://t.co/YDJyOLh7ZX",319,1,1.55e+18,Shreya_sri25,1.63e+18,Wed Feb 15 15:09:08 +0000 2023,2023/2/15 15:09,9,3,1,https://twitter.com/Shreya_sri25/status/1625874859099303936,13,79348
93701,"a??Just published in @gitconnected Rust vs Haskell
#rust #haskell #programming #coding #codinglife #Python #flutter #dart #React #Angular #ChatGPT #chatgpt3 #ChatGPT    |??   #roboticsainews #ArtificialIntelligence #ai #tech #Trending #TrendingNow a?????e???

https://t.co/cA9eA3qbts",286,1,2759591486.0,mirzanoir,1.63e+18,Mon Feb 27 11:06:28 +0000 2023,2023/2/27 11:06,2,0,0,https://twitter.com/mirzanoir/status/1630162444411895810,2,93702
