,full_text,text_length,at_num,user_id_str,screen_name,id_str,created_at,publish_time,favorite_count,retweet_count,reply_count,tweet_url,total_heat,tt
62002,"Current concerns around the responses that ChatGPT may generate

#ChatGPT #AIEd #C3LAI #AIEd #ChatGPTC3L https://t.co/I9FIyZmIY7",130,0,1550340710.0,EmpiriEducator,1.62e+18,Sat Feb 11 00:03:25 +0000 2023,2023/2/11 0:03,1,0,0,https://twitter.com/EmpiriEducator/status/1624197377405108224,1,62003
62215,"Great panel by Dr Nick Jackson @largerama and Jarrod Johnson on impacts of ChatGPT

#ChatGPT #AIEd #C3LAI #AIEd #ChatGPTC3L https://t.co/MxkA9tIQo9",149,1,1550340710.0,EmpiriEducator,1.62e+18,Sat Feb 11 01:03:55 +0000 2023,2023/2/11 1:03,1,0,0,https://twitter.com/EmpiriEducator/status/1624212602841870336,1,62216
62658,"Trying to capture Nick's @largerama ChatGPT themed shirt while he demystifies how these new(ish) tools can be used inside and beyond schools

#ChatGPT #AIEd #C3LAI #AIEd #ChatGPTC3L https://t.co/70kFDOCTbA",207,1,1550340710.0,EmpiriEducator,1.62e+18,Sat Feb 11 03:16:39 +0000 2023,2023/2/11 3:16,2,0,0,https://twitter.com/EmpiriEducator/status/1624246003984633856,2,62659
62668,"@largerama showcasing the capabilities of ResearchRabbit - looks amazing and worth exploring

#ChatGPT #AIEd #C3LAI #AIEd #ChatGPTC3L https://t.co/55lXtsqFTN",159,1,1550340710.0,EmpiriEducator,1.62e+18,Sat Feb 11 03:19:39 +0000 2023,2023/2/11 3:19,2,0,0,https://twitter.com/EmpiriEducator/status/1624246758946795520,2,62669
62742,"When 'declining PISA performance' is mentioned in regards to Australia, this detail needs to be included in the conversation too

#ChatGPT #AIEd #C3LAI #AIEd #ChatGPTC3L",171,0,1550340710.0,EmpiriEducator,1.62e+18,Sat Feb 11 03:37:00 +0000 2023,2023/2/11 3:37,0,0,0,https://twitter.com/EmpiriEducator/status/1624251125577957376,0,62743
