,full_text,text_length,at_num,user_id_str,screen_name,id_str,created_at,publish_time,favorite_count,retweet_count,reply_count,tweet_url,total_heat,tt
32345,"Heart Pattern Tee And Cargo Pants 
19% off code: ZFTW18 @zaful_official 
SHOP&gt;&gt;https://t.co/BbX0WPUYcM

#AdaniGroup #BBB23 #ChatGPT #CutiePie2YouFinalEP #ENHYPEN_JAY #FACup #GoldenEye007 #KhosiTwalae??   #loveisland #MCIARS #nsfwtwt #oriele #RakulPreetSingh #WeRemember https://t.co/3rhNhdEgDC",303,1,8.18e+17,zaful_official,1.62e+18,Tue Jan 31 14:08:10 +0000 2023,2023/1/31 14:08,0,0,0,https://twitter.com/zaful_official/status/1620423699147915265,0,32346
44778,"Plants Print Short Sleeves
19% off code: ZFTW18 @zaful_official 
SHOP&gt;&gt;https://t.co/9XKOdYjXzz

#AdaniGroup #BBB23 #ChatGPT #CutiePie2YouFinalEP #ENHYPEN_JAY #FACup #GoldenEye007 #KhosiTwalae??   #loveisland #MCIARS #nsfwtwt #oriele #RakulPreetSingh #WeRemember #Crypto https://t.co/5ResiAbFTx",303,1,8.18e+17,zaful_official,1.62e+18,Fri Feb 03 14:00:52 +0000 2023,2023/2/3 14:00,2,0,1,https://twitter.com/zaful_official/status/1621509026055098369,3,44779
47114,"O Ring String Bikini 
19% off code: ZFTW18 @zaful_official 
SHOP&gt;&gt;https://t.co/dLMWNp8jom

#AdaniGroup #BBB23 #ChatGPT #CutiePie2YouFinalEP #ENHYPEN_JAY #FACup #GoldenEye007 #KhosiTwalae??   #loveisland #MCIARS #nsfwtwt #oriele #RakulPreetSingh #WeRemember #Crypto https://t.co/z47hiKwprw",298,1,8.18e+17,zaful_official,1.62e+18,Fri Feb 03 20:00:26 +0000 2023,2023/2/3 20:00,1,0,0,https://twitter.com/zaful_official/status/1621599511507263490,1,47115
48223,"Bralette String Bikini
19% off code: ZFTW18 @zaful_official 
SHOP&gt;&gt;https://t.co/nHH4fndfcm

#AdaniGroup #BBB23 #ChatGPT #CutiePie2YouFinalEP #ENHYPEN_JAY #FACup #GoldenEye007 #KhosiTwalae??   #loveisland #MCIARS #nsfwtwt #oriele #RakulPreetSingh #WeRemember #Crypto https://t.co/uW2AeLx7eo",299,1,8.18e+17,zaful_official,1.62e+18,Sun Feb 05 22:00:27 +0000 2023,2023/2/5 22:00,1,0,0,https://twitter.com/zaful_official/status/1622354490648141827,1,48224
51172,"Cami String Bikini 
19% off code: ZFTW18 @zaful_official 
SHOP&gt;&gt;https://t.co/tSuQvGW0vf

#AdaniGroup #BBB23 #ChatGPT #CutiePie2YouFinalEP #ENHYPEN_JAY #FACup #GoldenEye007 #KhosiTwalae??   #loveisland #MCIARS #nsfwtwt #oriele #RakulPreetSingh #WeRemember #Crypto https://t.co/qUnWKNYg8J",296,1,8.18e+17,zaful_official,1.62e+18,Tue Feb 07 07:00:33 +0000 2023,2023/2/7 7:00,0,0,0,https://twitter.com/zaful_official/status/1622852799586521089,0,51173
