,full_text,text_length,at_num,user_id_str,screen_name,id_str,created_at,publish_time,favorite_count,retweet_count,reply_count,tweet_url,total_heat,tt
28716,"#Generative #AI is indeed a hyper deflationary move

#ChatGPT",63,0,44951029.0,conanbr,1.62e+18,Sun Jan 29 05:30:23 +0000 2023,2023/1/29 5:30,0,1,0,https://twitter.com/conanbr/status/1619568618236428290,1,28717
31123,"How to use ChatGPT and Generative AI to help create content  
35 mins | 41 students  | January 2023 release 

e??? LINK =&gt; https://t.co/9eezK0uLEd 

#Udemy #ChatGPT #Generative #AI https://t.co/Goqf7dw0Fz",212,0,1.01e+18,comidoc,1.62e+18,Tue Jan 31 06:08:11 +0000 2023,2023/1/31 6:08,0,1,0,https://twitter.com/comidoc/status/1620302905701027840,1,31124
41009,Infographic: #Generative #AI explained by AI https://t.co/6weUT9ldcr @VisualCap  #ChatGPT @OpenAI #DeepMind @DeepMind,117,3,35550239.0,desota,1.62e+18,Wed Feb 01 23:23:42 +0000 2023,2023/2/1 23:23,0,0,0,https://twitter.com/desota/status/1620925890224947200,0,41010
50300,"Why I can't #trust #ChatGPT as #ChatGPT doesn't trust itself either: ""#Generative #AI #systems #weaknesses include: they can't distinguish #fact from #fiction, tend to make things up and can't tell you where they got their information."" https://t.co/WPYy5b18Si",260,0,1.51e+18,DrYogiMalhotra,1.62e+18,Tue Feb 07 05:14:14 +0000 2023,2023/2/7 5:14,0,0,0,https://twitter.com/DrYogiMalhotra/status/1622826045974929409,0,50301
58567,"Search + #Generative #AI + Chat in the new #Bing 
Finally have another reason besides #BingRewards and data privacy to use #MicrosoftBing over #Google 

#OpenAI #ChatGPT https://t.co/0mZtG4L4tC",196,0,20809212.0,CyberJMC66,1.62e+18,Tue Feb 07 19:33:40 +0000 2023,2023/2/7 19:33,1,0,0,https://twitter.com/CyberJMC66/status/1623042327530082304,1,58568
82075,"The cost and #Sustainability of #Generative #Ai

-- Technology | The ...: https://t.co/eEZDcC0s4o.

#Air #Amp #Approach #Arc #Architecture #Article #ArtificialIntelligence #Business #ChatGPT #Cloud #CloudComputing #CloudProviders #Clouds #Computing #Data #DataCenter ... https://t.co/Xkwte2f5f8",298,0,709947536.0,MrSkanner,1.63e+18,Fri Feb 17 22:04:04 +0000 2023,2023/2/17 22:04,0,0,0,https://twitter.com/MrSkanner/status/1626704057585762306,0,82076
82076,"The cost and #Sustainability of #Generative #Ai

-- Technology | The ...: https://t.co/uUdtwjrR2K.

#Air #Amp #Approach #Arc #Architecture #Article #ArtificialIntelligence #Business #ChatGPT #Cloud #CloudComputing #CloudProviders #Clouds #Computing #Data #DataCenter ... https://t.co/JKIFb05UlH",298,0,37716311.0,MrMarchi,1.63e+18,Fri Feb 17 22:04:20 +0000 2023,2023/2/17 22:04,1,1,0,https://twitter.com/MrMarchi/status/1626704123000152064,2,82077
95440,"#ChatGPT's Impact On #Business: 4 Applications For #Generative #AI

#Goglobal #GSD #GSDLabs #GaryFowler #Forbes #technology
 https://t.co/L00E9jp2UZ",151,0,1.33e+18,GaryFowlerGSD,1.63e+18,Mon Feb 27 16:01:30 +0000 2023,2023/2/27 16:01,0,0,0,https://twitter.com/GaryFowlerGSD/status/1630236691729358851,0,95441
