,full_text,text_length,at_num,user_id_str,screen_name,id_str,created_at,publish_time,favorite_count,retweet_count,reply_count,tweet_url,total_heat,tt
22973,"Tap Into The Explosive Power Of A.I
'Next-Gen A.I. App' Creates ""Viral Videos"" &amp; Blasts Them To 100+ Traffic Sources In Just One-Click!
Without Any Tech Skills, Video Creation Or Experience
https://t.co/ToMjin1qSw
#chatgpt #gpt #prompts #revolutionary #newtool #GPT #handbook #AI https://t.co/ynnyIh0NCe",311,0,1.33e+18,newstendances,1.62e+18,Wed Jan 25 09:30:14 +0000 2023,2023/1/25 9:30,1,0,0,https://twitter.com/newstendances/status/1618179429464694784,1,22974
36057,"Tap Into The Explosive Power Of A.I
'Next-Gen A.I. App' Creates ""Viral Videos"" &amp; Blasts Them To 100+ Traffic Sources In Just One-Click!
Without Any Tech Skills, Video Creation Or Experience
https://t.co/ToMjin1qSw
#chatgpt #gpt #prompts #revolutionary #newtool #GPT #handbook #AI https://t.co/IbkiXXfNgB",311,0,1.33e+18,newstendances,1.62e+18,Wed Feb 01 09:30:10 +0000 2023,2023/2/1 9:30,1,0,0,https://twitter.com/newstendances/status/1620716126098399232,1,36058
70448,"a??The Affiliate Product Creatora??s Handbook: A Comprehensive Guide to Success!a??
This groundbreaking book is the first of its kind to be created entirely using ChatGPT and AI generated artwork.
https://t.co/znpQLCAyKG
#chatgpt #gpt #prompts #revolutionary #newtool #GPT #handbook #AI https://t.co/N6Ah3drLy6",313,0,1.33e+18,newstendances,1.63e+18,Mon Feb 13 09:30:11 +0000 2023,2023/2/13 9:30,1,0,0,https://twitter.com/newstendances/status/1625064782675038209,1,70449
77168,"Tap Into The Explosive Power Of A.I
'Next-Gen A.I. App' Creates ""Viral Videos"" &amp; Blasts Them To 100+ Traffic Sources In Just One-Click!
Without Any Tech Skills, Video Creation Or Experience
https://t.co/ToMjin1qSw
#chatgpt #gpt #prompts #revolutionary #newtool #GPT #handbook #AI https://t.co/NpofdxWTd9",311,0,1.33e+18,newstendances,1.63e+18,Wed Feb 15 09:30:10 +0000 2023,2023/2/15 9:30,1,0,0,https://twitter.com/newstendances/status/1625789554073403392,1,77169
93265,"a??The Affiliate Product Creatora??s Handbook: A Comprehensive Guide to Success!a??
This groundbreaking book is the first of its kind to be created entirely using ChatGPT and AI generated artwork.
https://t.co/znpQLCAyKG
#chatgpt #gpt #prompts #revolutionary #newtool #GPT #handbook #AI https://t.co/vpzkrusiKr",313,0,1.33e+18,newstendances,1.63e+18,Mon Feb 27 09:30:11 +0000 2023,2023/2/27 9:30,1,0,0,https://twitter.com/newstendances/status/1630138213170806784,1,93266
