,full_text,text_length,at_num,user_id_str,screen_name,id_str,created_at,publish_time,favorite_count,retweet_count,reply_count,tweet_url,total_heat,tt
6485,"Everyone's raving about #ChatGPT and its ability to create almost any kind of written content. But there's no need to panic about your job!
https://t.co/Kpe1b67sN1
#AI #Blog #ContentWriting",191,0,29790017.0,SpotlerUK,1.61e+18,Mon Jan 09 12:30:07 +0000 2023,2023/1/9 12:30,0,0,0,https://twitter.com/SpotlerUK/status/1612426489307217920,0,6486
15053,"Follow Jet Black RLSH Publishing #Shorts #Blog #Superhero #Story #ChatGPT #StableDiffusion
https://t.co/a8kXXvgDpw",115,0,1.39e+18,NickabensonY,1.62e+18,Tue Jan 17 01:17:49 +0000 2023,2023/1/17 1:17,0,0,0,https://twitter.com/NickabensonY/status/1615156402648932353,0,15054
22793,On a test?? #ChatGPT pour ??crire un post pour #Blog #Storytelling : https://t.co/11eUDBvcnE,92,0,53007197.0,dangelstory,1.62e+18,Wed Jan 25 08:05:11 +0000 2023,2023/1/25 8:05,0,0,0,https://twitter.com/dangelstory/status/1618158022034964481,0,22794
23445,"@turai_niko ????????  ??  ????????????????????????

#?????-??   #?????-??  ??????  ?? #?????-??  ??????  ????  ?1????????????? #?????-??  ?????? #SEO #Blog #??  ????????3??1 #??a????   ?????  ?1????????????? #??  ?????  ??a??  ??  ?????????  ?? #?????-?????? #?????-??  ??2  ????  ?1????????????? #??  ?  - #??  ?????  ??a??  ??  ??? #  ??    ??????-??   #??1????????-??   #??a????    #ChatGPT #??a????   ???",410,1,885515557.0,ichinose_seo,1.62e+18,Wed Jan 25 12:34:33 +0000 2023,2023/1/25 12:34,5,0,0,https://twitter.com/ichinose_seo/status/1618225812737781760,5,23446
29711,"Curious to know how #ChatGPT for #SEO is faring in the present? Could it bring about revolutionary changes? Dive into our article to discover more, https://t.co/QpNy9CPQqQ
#DotComInfoway #Blog #Article #Trending #DigitalMarketing #Future #SearchEngineOptimization #ChatGPTbenefits https://t.co/VXLeaFT3ho",305,0,18717365.0,dotcominfoway,1.62e+18,Sun Jan 29 15:53:40 +0000 2023,2023/1/29 15:53,0,0,0,https://twitter.com/dotcominfoway/status/1619725473982074882,0,29712
32454,"Join the fight for good! Read our persuasive essay &amp; match your Marvel Snap season pass with a charitable donation. Be a real-life hero. #MarvelSnap #Blog #ChatGPT #StableDiffusion2 @onetreeplanted @FeedingAmerica @MARVELSNAP 
https://t.co/UFpS4VmkzX https://t.co/GuohbLv9Wn",279,3,1.39e+18,NickabensonY,1.62e+18,Tue Jan 31 14:45:45 +0000 2023,2023/1/31 14:45,0,0,0,https://twitter.com/NickabensonY/status/1620433157861576704,0,32455
43483,"OpenAIa?? is launching a premium #ChatGPT Plus service for $20/mo with faster response times and priority access.

#ad #ppcchat #marketing #AI #ML #Analytics #100DaysOfCode #SEO #Web3 #BigData #fintech #tech #DataScience #CloudComputing #community #websites #Blog #chathot",274,0,1.08e+18,Aniket97398350,1.62e+18,Fri Feb 03 10:45:27 +0000 2023,2023/2/3 10:45,5,1,0,https://twitter.com/Aniket97398350/status/1621459845139546112,6,43484
43940,"Are you well-versed in influencers, ChatGPT and CTV? No? e? 琛???a??a?????

Well, take a look at our latest blog detailing what we think will be some of the biggest trends of 2023! e???

Click here e???e??? https://t.co/eqaEIUuVav

#TopTrends #ChatGPT #ContentCreation #Blog #Marketing https://t.co/u9U5b0oE5C",315,0,60629335.0,Citizenccltd,1.62e+18,Fri Feb 03 12:00:43 +0000 2023,2023/2/3 12:00,0,0,0,https://twitter.com/Citizenccltd/status/1621478788331700228,0,43941
44453,"Unlock the Potential of #AI: Discover how #ChatGPT can help you generate #leads for your #business - https://t.co/rVbM497soP 

#DotComInfoway #SEO #AItools #LeadGeneration #Blog #Article #Trending #DigitalMarketing #Future #SearchEngineOptimization #ChatGPTbenefits #DigitalWorld https://t.co/6X7MkNg4pF",305,0,18717365.0,dotcominfoway,1.62e+18,Fri Feb 03 13:14:56 +0000 2023,2023/2/3 13:14,0,0,0,https://twitter.com/dotcominfoway/status/1621497465118789635,0,44454
45507,"Get ready for an epic showdown between an angelic basketball player &amp; a vengeful ghost in ""Destiny's Play"". A thrilling supernatural tale. #Blog #Story #Superhero #ChatGPT #StableDiffusion2 
https://t.co/b4O5YtYOlO https://t.co/9bPHTuS510",243,0,1.39e+18,NickabensonY,1.62e+18,Fri Feb 03 15:38:05 +0000 2023,2023/2/3 15:38,0,0,0,https://twitter.com/NickabensonY/status/1621533492881367040,0,45508
65705,The Next Level of Chatty AI: LaMDA Takes the Lead: https://t.co/X2zKcKtpEH #Chatgpt #OpenAI #ArtificialIntelligence #Blog #Technology,133,0,1.35e+18,AI_PlainEnglish,1.62e+18,Sat Feb 11 14:15:03 +0000 2023,2023/2/11 14:15,1,0,0,https://twitter.com/AI_PlainEnglish/status/1624411699561304064,1,65706
68552,"https://t.co/gmn3apuntp
#OpenAI has released an #AI Text Classifier tool to identify text generated by its AI, as part of belated efforts to curb potential abuses of #ChatGPT.

#CDOTrends #Blog #Microsoft #Education #business https://t.co/CWKJy0KP8I",252,0,9.72e+17,CDOTrends,1.62e+18,Mon Feb 13 01:43:05 +0000 2023,2023/2/13 1:43,1,0,0,https://twitter.com/CDOTrends/status/1624947235145281539,1,68553
83302,"https://t.co/cjpTYpHRbo 

#Content #Upwork #SEO #YouTube #Script #TikTok #Reels #Shorts #VideoViral #Marketing #PancakeDay #Website #Blog #Shorts #Hire #Upwork #Surferseo #AI #ChatGPT #Jasper",193,0,1.27e+18,desiseoexpert,1.63e+18,Tue Feb 21 19:02:27 +0000 2023,2023/2/21 19:02,1,1,0,https://twitter.com/desiseoexpert/status/1628107901993615378,2,83303
83694,50 Ways to Make Money Using ChatGPT: Unlock Your Earning Potential Today!: https://t.co/XVqvXKvaPX #ArtificialIntelligence #Chatgpt #Blog #Technology #Robotics,159,0,1.35e+18,AI_PlainEnglish,1.63e+18,Tue Feb 21 20:15:04 +0000 2023,2023/2/21 20:15,0,0,0,https://twitter.com/AI_PlainEnglish/status/1628126175502471171,0,83695
86973,"Time, Faith, and the Clockmaker: A Fantasy Superhero Story 
#Story #Blog #Superhero #Fantasy #ChatGPT #AI 
https://t.co/B3XxYTeRtR https://t.co/nLtbQoDgGL",156,0,1.39e+18,NickabensonY,1.63e+18,Thu Feb 23 11:14:55 +0000 2023,2023/2/23 11:14,0,0,0,https://twitter.com/NickabensonY/status/1628715019574599680,0,86974
91617,"A Hero's Journey at the Superhumans Center: Jack's Encounter with the Mischievous Alux
#Superhero #AI #SciFi #Fantasy #Blog #Story #Action #ChatGPT
https://t.co/Aa0CVrwUdQ https://t.co/YZr21CUkYm",197,0,1.39e+18,NickabensonY,1.63e+18,Mon Feb 27 00:52:09 +0000 2023,2023/2/27 0:52,0,0,0,https://twitter.com/NickabensonY/status/1630007845470052353,0,91618
