,full_text,text_length,at_num,user_id_str,screen_name,id_str,created_at,publish_time,favorite_count,retweet_count,reply_count,tweet_url,total_heat,tt
10821,"#AI bot as a therapist: US mental health platform using #ChatGPT in counselling leads to controversy

@nigewillson @JimHarris @DrJDrooghaag @BetaMoroney 

#experiment #koko #health #ai #platform #people #consent 

https://t.co/eVmQ4MPYQm",243,4,140618811.0,richardkimphd,1.61e+18,Fri Jan 13 02:31:11 +0000 2023,2023/1/13 2:31,1,1,1,https://twitter.com/richardkimphd/status/1613725316291375106,3,10822
19943,"#ChatGPT, like DALL-E, takes text-based inputs, but differs in that it generates text-based outputs, as opposed to images.

@GlenGilmore 

#chatgpt #ai #dalle #marketers #platform #year 

https://t.co/a6bEm3imYK",217,1,140618811.0,richardkimphd,1.62e+18,Sat Jan 21 12:31:16 +0000 2023,2023/1/21 12:31,0,0,0,https://twitter.com/richardkimphd/status/1616775436171882497,0,19944
28338,"#ChatGPT Powers Nice Platform, Gainsight and Productboard Announce Partnership, More News

#customer #data #ai #cx #company #experience #solutions #platform #officials 

https://t.co/Dod5byp2L9",197,0,140618811.0,richardkimphd,1.62e+18,Fri Jan 27 23:47:01 +0000 2023,2023/1/27 23:47,1,0,0,https://twitter.com/richardkimphd/status/1619119818912710656,1,28339
34721,"Firms adopt #ChatGPT to develop solutions

@ronald_vanloon 

#chatgpt #chatbot #chatbots #platform #january #openai #entropik 

https://t.co/pvLtExVEWK",157,1,140618811.0,richardkimphd,1.62e+18,Wed Feb 01 04:11:57 +0000 2023,2023/2/1 4:11,1,0,0,https://twitter.com/richardkimphd/status/1620636043480563712,1,34722
41553,"Taboola Beta Tests Integration of Generative #AI, Including #ChatGPT ...

@LindaGrass0 

#ai #advertisers #ads #ad #chatgpt #platform #application #technology 

https://t.co/X2hxQlUS9e",190,1,140618811.0,richardkimphd,1.62e+18,Fri Feb 03 04:16:55 +0000 2023,2023/2/3 4:16,2,1,0,https://twitter.com/richardkimphd/status/1621362068619407361,3,41554
56078,"Q&amp;A #platform #Quora has opened up #public #access to its #new #AI chatbot app, #Poe, which lets users ask questions and get answers from a range of AI #chatbots, including those from #ChatGPT maker, #OpenAI, and other companies like #Anthropic.
https://t.co/mGEqaZN3pN",274,0,295125390.0,LBCI_News_EN,1.62e+18,Tue Feb 07 15:14:22 +0000 2023,2023/2/7 15:14,0,0,0,https://twitter.com/LBCI_News_EN/status/1622977073592532993,0,56079
69360,#energetic #cosmopolitan #cities #ValentinesDay #ChatGPT #Millions #capabilities #target #channel #Data  #celebration  #Digital #travel #platform #Agoda #revealed #lovebirds,173,0,114752673.0,ITVNewz,1.63e+18,Mon Feb 13 05:43:52 +0000 2023,2023/2/13 5:43,0,0,0,https://twitter.com/ITVNewz/status/1625007829534019585,0,69361
70568,"#China-based #ecommerce #platform #JDcom has announced that it will launch an industrial version of #ChatGPT dubbed ChatJD on JD Cloud's #AI application platform, #Yanxi. https://t.co/maH9zUQ5MW",194,0,18425738.0,carlesdijous,1.63e+18,Mon Feb 13 09:55:03 +0000 2023,2023/2/13 9:55,0,0,0,https://twitter.com/carlesdijous/status/1625071041058856960,0,70569
87314,"See what @ChatGPTNFTs  and AI write about @shipnextcom ! Amazing how accurate it is!

#AI #chatgpt #shipping #freight #platform #markets #commodities #trade #freightplatform https://t.co/DePuIZNTwu",199,2,1.62e+18,SalesShipnext,1.63e+18,Thu Feb 23 12:11:15 +0000 2023,2023/2/23 12:11,1,0,0,https://twitter.com/SalesShipnext/status/1628729198754889730,1,87315
