,full_text,text_length,at_num,user_id_str,screen_name,id_str,created_at,publish_time,favorite_count,retweet_count,reply_count,tweet_url,total_heat,tt
37718,"https://t.co/OifWkHYnaS
#ChatGPT #AI #ValentinesDay #ValentinesDay2023",71,0,1.47e+18,gishin_around,1.62e+18,Wed Feb 01 14:30:04 +0000 2023,2023/2/1 14:30,1,0,0,https://twitter.com/gishin_around/status/1620791599549788160,1,37719
45261,Check out Valentines Day Gift Forever Teddy Bear Rose Artificial Flowers Gift Box Girlfrie https://t.co/hlEL1j8SZt #eBay via @eBay #ValentinesDay #ChatGPT #CashAppFriday #ChineseSpyBalloon,188,1,275208004.0,The_Onli_Netty,1.62e+18,Fri Feb 03 15:05:15 +0000 2023,2023/2/3 15:05,0,0,1,https://twitter.com/The_Onli_Netty/status/1621525228798251010,1,45262
50328,"#ChatGPT #ValentinesDay #Valentines #OpenAI 
ChatGPT    琛?   ?     ?    瑷? ?   琛?   ?     ?    ?     a    悒? ?    ?    ?    ?    ?     台   ?    2    ?    ?    ?    ?    ?   琛?    ?    ?     ?    ?    ?    ?     1    ?   琛?   ?     ?    ?    1    ?    ?,     ?    ?   琛?   ?     ?    a    ?    ?     a    ?    2    ?   琛?    ?    ?    ?     1    ?? 
https://t.co/eiAx985h6B",374,0,1.37e+18,quoraflix_,1.62e+18,Tue Feb 07 05:17:59 +0000 2023,2023/2/7 5:17,0,0,0,https://twitter.com/quoraflix_/status/1622826989152309248,0,50329
50330,"#ChatGPT #ValentinesDay #Valentines #OpenAI 
ChatGPT    琛?   ?     ?    瑷? ?   琛?   ?     ?    ?     a    悒? ?    ?    ?    ?    ?     台   ?    2    ?    ?    ?    ?    ?   琛?    ?    ?     ?    ?    ?    ?     1    ?   琛?   ?     ?    ?    1    ?    ?,     ?    ?   琛?   ?     ?    a    ?    ?     a    ?    2    ?   琛?    ?    ?    ?     1    ?? 
https://t.co/B4IeoBaHiw",374,0,1.17e+18,TheAliVoice,1.62e+18,Tue Feb 07 05:18:08 +0000 2023,2023/2/7 5:18,0,0,0,https://twitter.com/TheAliVoice/status/1622827027047886849,0,50331
55869,"Ignite a Romantic Valentinea??s Day With Big Sales on Bluetti Power Stations &amp; Solar Panels
https://t.co/0W9D3fX6Eu

#Techbase #TechbaseNigeria #TechbaseNG #techfeedng #ValentinesDay #Apple #SOLAR #ChatGPT #TikTok #oneplus11 https://t.co/vwFTdIRKfK",255,0,1.53e+18,TechFeed10,1.62e+18,Tue Feb 07 14:53:46 +0000 2023,2023/2/7 14:53,0,0,0,https://twitter.com/TechFeed10/status/1622971890561126402,0,55870
57687,Are you sure a human wrote that love letter? Valentinea??s Day in the age of ChatGPT https://t.co/BoNS6gMWuT | @FastCompany #ValentinesDay #ChatGPT #AILoveLetter #FastCompany https://t.co/VCtTZ1LTVy,198,1,1.42e+18,inspiredmoneyfm,1.62e+18,Tue Feb 07 18:10:33 +0000 2023,2023/2/7 18:10,1,4,0,https://twitter.com/inspiredmoneyfm/status/1623021413711110145,5,57688
59807,"From eye-catching graphics to custom-made posts, our team will help you create the perfect visual identity. #SocialMediaDesign #GraphicDesign #VisualIdentity #Wrexham #ValentinesDay #RokuXDashPass #Bing #subclassmoments #USA #NewYork #UAE #Canada #Germany #TimKelly #ChatGPT"" https://t.co/p84GCNVEEE",299,0,1.58e+18,design_sorcerer,1.62e+18,Tue Feb 07 22:08:50 +0000 2023,2023/2/7 22:08,1,0,1,https://twitter.com/design_sorcerer/status/1623081379331461121,2,59808
63156,"In today's CT a?? A glimpse of Sid-Kiara's big day, Valentine's Day jewellery trends in Kolkata, a special story on ChatGPT and more

Read: https://t.co/vS9PbENMEn

#SidharthMalhotra #KiaraAdvani #SidharthKiaraWedding #ValentinesDay #VDay #Vday2023 #ChatGPT https://t.co/NsccvQibVM",285,0,1652537276.0,Calcutta_Times,1.62e+18,Sat Feb 11 05:22:37 +0000 2023,2023/2/11 5:22,21,1,0,https://twitter.com/Calcutta_Times/status/1624277706564337664,22,63157
64154,"e??? 5A Exchange Trending Coins TOP 10 In Weekly Searches.e??  

e?  ? $GRT
e?  ? $BTC
e?  ? $CAKE
e??? $ETH $SAND $SHIB $GMT $AGLD $CHR $CHZ

e???Trade now: https://t.co/ymheVsQxaE
#Crypto #GRT #BTC #cake #ETH #Ethereum #SAND #SHIB #adventure #AGLD #ChatGPT #ValentinesDay #Bitcoin https://t.co/nQPIVn5Z6x",314,0,1.52e+18,5aCrypto,1.62e+18,Sat Feb 11 09:16:04 +0000 2023,2023/2/11 9:16,13,8,12,https://twitter.com/5aCrypto/status/1624336457166131202,33,64155
64195,"Hii Developers get ready for Valentine's Day
Enjoy Enjoy Enjoye???e???e???a??a?  ???a??e??  e??  
#developers #Web3 #webdevelopers #ChatGPT #IndVsAus2023  #McConnell #TheLastOfUsHBO #tlou #ValentinesDay #Henry #TheLastDriveIn https://t.co/GbFbMV4JYO",251,0,1.53e+18,Bittuku99301889,1.62e+18,Sat Feb 11 09:26:17 +0000 2023,2023/2/11 9:26,1,0,0,https://twitter.com/Bittuku99301889/status/1624339025103568896,1,64196
64421,#CashKaro #ValentinesDay #ValentinesDay2023 #Trending #TrendingNow #onlineshopping #campaign #topical #topicalspot #ChatGPT,123,0,875396568.0,Cashkarocom,1.62e+18,Sat Feb 11 10:17:26 +0000 2023,2023/2/11 10:17,0,0,0,https://twitter.com/Cashkarocom/status/1624351901264519169,0,64422
65101,"  a-  a?  a 悒 瑷??  a    ??   a 瑷??  a    a?   aa  ??  a 悒??  a?  ??   a?  a?  a    ??   a?  a 悒??   a?  ??   a?  ??  a 瑷 悒a  a?  a?  a?  ??! 62%   aa  ??  a 悒??  a?  ??  a?  a?   a?  ??  a 台 ??  a?  a?  a 悒??  a    ??  a?

#ChatGPT #ValentinesDay #Love #indians #ArtificialIntelligence #TechNews

https://t.co/qnwsnRxAql",327,0,1704090810.0,News18Guj,1.62e+18,Sat Feb 11 12:41:14 +0000 2023,2023/2/11 12:41,0,0,0,https://twitter.com/News18Guj/status/1624388088624717826,0,65102
69360,#energetic #cosmopolitan #cities #ValentinesDay #ChatGPT #Millions #capabilities #target #channel #Data  #celebration  #Digital #travel #platform #Agoda #revealed #lovebirds,173,0,114752673.0,ITVNewz,1.63e+18,Mon Feb 13 05:43:52 +0000 2023,2023/2/13 5:43,0,0,0,https://twitter.com/ITVNewz/status/1625007829534019585,0,69361
69586,"    台   ?    2    ?    ?    ?    ?   恪?   ?    ?    ?a??     ?    ?     ?    ?   恪?   ?a??!     ?    ?    ?    ?a??    ?    ?    a    ?    ?    ?    瑷? ?     a    ?    悒? ?    ?     2    ?    ?    2    ?    ?     ?    ?    |    ?    歙? a    ?    ?    ?     2    台   ?a??     ?    悒? ?    ?    ?    ?    ?a??
https://t.co/G6hDCFP4k1
#ValentinesDay #ChatGPT #LoveLetters",370,0,1516711537.0,sakshinews,1.63e+18,Mon Feb 13 06:40:33 +0000 2023,2023/2/13 6:40,0,0,0,https://twitter.com/sakshinews/status/1625022096442298368,0,69587
69613,"    ?    ?     台   ?    2    ?    ?    ?    ?    ?   琛?    ?    ?     a      Chat GPT     2    ?    ?    ?     ?    ?     悒? 1    ?     2          2    ?    ?     

Full Video - https://t.co/cUFFpXdhGL

 #ValentinesDay #ValentinesDay2023 #ValentinesWeek  #ChatGPT #newstrack #yfactor 
@iYogeshMishra https://t.co/Oe1IBGxCsU",328,1,7.19e+17,newstrackmedia,1.63e+18,Mon Feb 13 06:48:08 +0000 2023,2023/2/13 6:48,10,4,0,https://twitter.com/newstrackmedia/status/1625024003026087938,14,69614
69969,"Valentine's day special e??? #ChatGPT
#ValentinesDay #valentines #ValentinesNaPaySiiApp  #KissDay
#ValentinesDay2023 #ValentinesWeek https://t.co/KwuSVXpl0G",158,0,7.86e+17,Adarshvermaaa,1.63e+18,Mon Feb 13 08:05:47 +0000 2023,2023/2/13 8:05,1,0,0,https://twitter.com/Adarshvermaaa/status/1625043543655071746,1,69970
70124,"For the week that's in it... e???

A poem about the quest for finding the perfect job e?  2 

...written by ChatGPT e???

Find your perfect job e???e??? https://t.co/f1sPiLhttc

#ChatGPT #Poem #ValentinesDay #Job #PerfectJob #AI https://t.co/0xlmP1vo5l",260,0,550535838.0,MasonAlexander_,1.63e+18,Mon Feb 13 08:35:35 +0000 2023,2023/2/13 8:35,3,1,0,https://twitter.com/MasonAlexander_/status/1625051042810306561,4,70125
71270,"60     a    ?    悒? 瑷? ?    ?          -    ?    悒?       ?    ?     a    ?    悒? ?   琛?ChatGPT     ?    ?    ?    ?    ?    ?     ?    ?     ?    ?    ?    瑷? ?    ?    ?    2     台   ?    2    ?    ?    ?    ?   琛?    ?    ?     a          a    ?    悒? ?    ?     a    瑷? ?          2    ?    ?   琛?   ?     ?    ?     2    ?    ?     ?    a   琛?   ?    ?     ?          悒? 1    ? #valentines #ValentinesDay #happyvalentinesday #onlinechat #ChatGPT #HindiNews #myvalentines #ValentinesDay2023 
https://t.co/q6XC5GXZiy",520,0,82061902.0,WebduniaHindi,1.63e+18,Mon Feb 13 11:46:01 +0000 2023,2023/2/13 11:46,0,0,0,https://twitter.com/WebduniaHindi/status/1625098969843130368,0,71271
71466,"e??? We asked AI to come up with custom Valentine's Day messages for couples, and the results are e??  . #happyvalentinesday  #valentine #ValentinesDay #LoveMessages e??? #ai #artificialintelligence #future #textgenerator #ChatGPT https://t.co/cJHhnAN1tM",254,0,1.61e+18,ai_talks_ai,1.63e+18,Mon Feb 13 12:15:27 +0000 2023,2023/2/13 12:15,0,1,5,https://twitter.com/ai_talks_ai/status/1625106373980610561,6,71467
71654,"    悒? ?    a    ?    悒? ?    ?     ?    ?    ?     |    ?    台   ?     ?    ?   琛?   ?     ?   琛?   ?     1    ?     ?    ? 27%     2    ?    ?    ?    ?     ?    ?     2    ?    瑷? ?     1    ?     ?    ? ChatGPT     ?    ?     2    ?    ?     2    ?    ?          ?    ?     -    ?    ?   琛?   ?     ?    ?     ?   琛?   ?    1    ?    ?     ?    ?   琛?   ?    |    ?     ?    ?   琛?   ?    ?    ?    ?    ?    ?    ?     ?    ?    2     1    ?    瑷? ?     1    ?,     ?    ?    ?    ? 49     a    悒? ?    ?    ?    ?    琛?   ? ChatGPT     ?    ?     2    ?    ?    ?     2          2    ?    ?          ?    ?    2   琛?   ?     a         琛?   ?    悒? ?    ?    ?    ?     ?    瑷? ?    ?.

#ChatGPT #ValentinesDay #AI #ATDigital https://t.co/uOkM0s5An4",756,0,42606652.0,aajtak,1.63e+18,Mon Feb 13 12:45:14 +0000 2023,2023/2/13 12:45,15,0,1,https://twitter.com/aajtak/status/1625113872372998145,16,71655
71702,"What if you ask ChatGPT e?  ? what to do this Valentine's Day? Better yet, could ChatGPT make a Tom Cruise-style romantic plan? You bet! Check what Tom and other celebrities have planned on https://t.co/6FUBkgoTeW #ChatGPT #ValentinesDay #ArtificialIntelligence",261,0,2396953676.0,Efviodo,1.63e+18,Mon Feb 13 12:52:24 +0000 2023,2023/2/13 12:52,2,1,0,https://twitter.com/Efviodo/status/1625115674812063749,3,71703
72103,"Modern problems require modern solutions e???

#ChatGPT #ValentinesDay #ValentinesDay2023 #Trending #Valentine #technology 

https://t.co/W2SfRA7kqb",152,0,1.58e+18,WatAReview,1.63e+18,Mon Feb 13 13:47:16 +0000 2023,2023/2/13 13:47,1,1,0,https://twitter.com/WatAReview/status/1625129482393735174,2,72104
72797,"Say goodbye to messy laundry! Gift your a special someone the best in laundry detergent sheets this Valentine's Day. Clean clothes without all the fuss - perfect for homes and families of all sizes! 

#ValentinesDay #ChatGPT #SPM2022 The Flash Agong Thaipusam",261,0,1.6e+18,mymaravello,1.63e+18,Mon Feb 13 15:27:19 +0000 2023,2023/2/13 15:27,2,1,0,https://twitter.com/mymaravello/status/1625154659936796673,3,72798
73078,"How we can use chatGPT for Valentine's day

e???e???e??  e??  e???e???e??? e??  e??  e??   e??  e??| e???e??  e??|e??   e??  e??  e??3 e??  e??  e??3e??ae??  e???e??   e??  e???e??3e??  e??  e??  e??|e??   e??  e??   e???e??  e??-e??|e??  e??  e??ae??  e??|'e??   e???e??  e??o, e??ae??  e??  e??-e???e??  e??ae??  e??   e??  e???e??   e??  e??  e??   e??-e??ae???e??ae??  e??|e??   e??  e??  

#ValentinesDay #ChatGPT https://t.co/3No11G2NZC",446,0,16389414.0,JaydipParikh,1.63e+18,Mon Feb 13 16:08:36 +0000 2023,2023/2/13 16:08,2,1,1,https://twitter.com/JaydipParikh/status/1625165049919868928,4,73079
73093,"This week for sure!
Are you ready? 
#HPN #Hyperonchain #LATOKEN #BTC #BNB #listing #blockchains #AI #FTM #ADA #trading #CEX #SOL #MATIC #ETH #ChatGPT #DataScience #EverRise #BRISE #USDT #CORE #XRP #DOGE #ShibaDoge #ValentinesDay #LRC #staking",244,0,472506584.0,BitcoinBusinez,1.63e+18,Mon Feb 13 16:10:30 +0000 2023,2023/2/13 16:10,2,1,0,https://twitter.com/BitcoinBusinez/status/1625165528523317249,3,73094
73235,"See what ChatGPT says about Valentines Days and Best Gifts for Valentines Day.
https://t.co/J8mGzFbqQe

#AI  #ChatGPT  #openai #chatgptsays #ValentinesDay #ValentinesDay2023  #Valentine  #valentinespecial  #valentinesdaygift  #ValentineWeek  #giftsforher #giftsforhim https://t.co/HgaiDUj1uT",294,0,1.62e+18,chatGPTsay,1.63e+18,Mon Feb 13 16:36:27 +0000 2023,2023/2/13 16:36,0,0,0,https://twitter.com/chatGPTsay/status/1625172055825211392,0,73236
74016,"Luxury items may give you momentary satisfaction, but true happiness comes from experiences and relationships, not from material possessions... #ChatGPT #midjourney #ValentinesDay #AIart https://t.co/ApfZVNfbuj",210,0,1.4e+18,BerntPhoto,1.63e+18,Mon Feb 13 18:47:55 +0000 2023,2023/2/13 18:47,1,0,0,https://twitter.com/BerntPhoto/status/1625205144173555712,1,74017
74179,"Happy Valentines Day a?  ???
Herea??s a valentine song from #ChatGPT and us to web3 #Lawyers e???

With love for justice and the law, 
Your passion shines like a beacon saw, 
So on this day, let's raise a glass, 
To you, dear lawyer, and your #Web3 class.
#ValentinesDay #lawtwitter",289,0,1.52e+18,Metacourtt,1.63e+18,Mon Feb 13 19:18:38 +0000 2023,2023/2/13 19:18,18,1,0,https://twitter.com/Metacourtt/status/1625212871633149968,19,74180
74185,"This is a game-changer: 
       If you want portability and extra screens, look no further
       Teamgee:  Laptop Monitor 
e??  ???triple 13.3"" IPS FHD 1080P screen
        DEAL e???https://t.co/GJot7sEPFL

#GalaxyArena #ChatGPT #game #lldl #LIVEVE 
#Lilt #ValentinesDay #openai https://t.co/dBlamHt6bP",310,0,1.45e+18,Abed13Bou,1.63e+18,Mon Feb 13 19:20:34 +0000 2023,2023/2/13 19:20,0,0,1,https://twitter.com/Abed13Bou/status/1625213357526491145,1,74186
74477,"I just received this newsletter... somewhat fittingly it landed in Spam and I left it there.

Please don't email me with your struggles and especially don't email me with what ChatGPT says. Thanks.

#ValentinesDay #ChatGPT #marketingFail https://t.co/LtDWDV3kv4",265,0,2212231.0,madeingermany,1.63e+18,Mon Feb 13 20:17:29 +0000 2023,2023/2/13 20:17,0,0,0,https://twitter.com/madeingermany/status/1625227682442280961,0,74478
74667,"This is a game-changer: 
       If you want portability and extra screens, look no further
       Teamgee:  Laptop Monitor 
e??  ???triple 13.3"" IPS FHD 1080P screen
        DEAL e???https://t.co/GJot7sFnvj

#GalaxyArena #ChatGPT #game #lldl #LIVEVE 
#Lilt #ValentinesDay #openai https://t.co/0TTeUZvijN",310,0,1.45e+18,Abed13Bou,1.63e+18,Mon Feb 13 20:56:00 +0000 2023,2023/2/13 20:56,3,3,0,https://twitter.com/Abed13Bou/status/1625237374467985408,6,74668
75435,"Fall in Love With Laundry!
Give the gift of clean this Valentines!

Eco-Friendly way to show someone you love them!
#ValentinesDay2023 #valentines #valentinesdaygift 
#ValentinesDay #ChatGPT #SPM2022 https://t.co/qODBupUGHL",228,0,1.58e+18,fairysheets,1.63e+18,Mon Feb 13 23:49:40 +0000 2023,2023/2/13 23:49,1,0,1,https://twitter.com/fairysheets/status/1625281081862922240,2,75436
75728,"In whispers soft, a promise made,
Yet in their eyes, a wicked shade,
The kiss of deception, a masquerade,
A trap for hearts so oft betrayed
#ValentinesDay #ChatGPT #midjourneyart #AI https://t.co/JBmYKF0vUJ https://t.co/ssjF1jQBe5",234,0,1.4e+18,BerntPhoto,1.63e+18,Wed Feb 15 03:38:30 +0000 2023,2023/2/15 3:38,1,0,0,https://twitter.com/BerntPhoto/status/1625701054942953477,1,75729
76145,"JAILBROKEN ChatGPT bot a??DANa?? teaches me how to get a yellow verification badge with no hassle and no submitting requests LOL

Follow for more uncensored GPT responses.
 
 #AI #ChatGPT #Web3 #ValentinesDay #funny #news #NewsUpdate #Crypto #CryptoNews #Bitcoin #cryptocurrencies https://t.co/j7A7VWIK6j",308,0,1.62e+18,FOI_gov,1.63e+18,Wed Feb 15 05:37:25 +0000 2023,2023/2/15 5:37,1,0,0,https://twitter.com/FOI_gov/status/1625730983919243264,1,76146
76908,"Dancing Cactus Toy e??     |?    ?  |    |?  |      ?  |?  |?  |?   |?    ?  |    |?  |?  |?  |?  |?   |?    ?  |2  |    |? 

e???  |?  | 悒? ?  |?  |?  |     |?  | 悒 瑷? ?   |1    ?  |    |?  |?  |?  |?  |?  |a   |?  |    |?  |?   |?    ?  |     |?  | 悒? ?  |    |?e?  ?01986762299
e???  |?    ?  |?  |?    ?  |?    ?   |?  | 悒? ?  |?  |?  |     |?  | 悒 瑷? ?   |?  |    |?  |?    ?  |?   |?  | 悒? ?  |  : https://t.co/f32t6owWyk
--------
#cactus #dancingcactus #cactustoy #kidstoy #toy #KaranKundrra #ValentinesDay #ChatGPT #TejRanFam https://t.co/OEmeeWv8ux",564,0,1.6e+18,bongobiponi,1.63e+18,Wed Feb 15 08:37:19 +0000 2023,2023/2/15 8:37,21,1,0,https://twitter.com/bongobiponi/status/1625776254288027648,22,76909
77966,"ChatGPT #answers: a??how to #evade #BajrangDal on #Valentinea??s day in #India?a?? To know more read @chirali_08's article linked below

https://t.co/Jw82x7AkpA

 #BajrangDal #ValentinesDayIndia #ValentinesDay2023 #ChatGPT #ValentinesDay #ChatGPT #ChatGPTBajrangdal #Bajrangdalindia",286,1,355326149.0,EDTimesOfficial,1.63e+18,Wed Feb 15 11:54:57 +0000 2023,2023/2/15 11:54,0,0,0,https://twitter.com/EDTimesOfficial/status/1625825993708699648,0,77967
78075,"NFT

#MetaverseNFT #NFTCommunity #NFTs #Google #GoogleAI #Bitcoin #Entrepreneurship #ChatGPT #cryptomarket #HogwartLegacy #oriele #ValentinesDay #ValentinesDay2023 #14february",177,0,1.19e+18,papaboss_1,1.63e+18,Wed Feb 15 12:13:11 +0000 2023,2023/2/15 12:13,2,0,1,https://twitter.com/papaboss_1/status/1625830579081187329,3,78076
78096,"WANNA #learn  HOW TALK TO COMPUTER WITH YOUR #brain ?

Read it here: https://t.co/PKFTVtbfw4

___________
#MetaverseNFT  #NFTCommunity #NFTs #Google #GoogleAI #Bitcoin #Entrepreneurship #ChatGPT #cryptomarket #HogwartLegacy #oriele #ValentinesDay #ValentinesDay2023 #14february https://t.co/CPUzrBrv3K",306,0,1.19e+18,papaboss_1,1.63e+18,Wed Feb 15 12:17:32 +0000 2023,2023/2/15 12:17,2,0,1,https://twitter.com/papaboss_1/status/1625831673328967682,3,78097
78118,"Did you know how copyright came into being in India? Swipe till the end to read in detail!

#MetaverseNFT #NFTCommunity #NFTs #Google #GoogleAI #Bitcoin #Entrepreneurship #ChatGPT #cryptomarket #HogwartLegacy #oriele #ValentinesDay #ValentinesDay2023 #14february https://t.co/s5mpq0UjzK",288,0,1.3e+18,IpJagruti,1.63e+18,Wed Feb 15 12:21:56 +0000 2023,2023/2/15 12:21,10,0,1,https://twitter.com/IpJagruti/status/1625832781585739776,11,78119
78163,"Guys try to buy clothes in other colours but somehow their cupboard is still full of black clothes.

#MetaverseNFT #NFTCommunity #NFTs #Google #GoogleAI #Bitcoin #Entrepreneurship #ChatGPT #cryptomarket #HogwartLegacy #oriele #ValentinesDay #ValentinesDay2023 #14february",273,0,1.37e+18,theshereal,1.63e+18,Wed Feb 15 12:28:55 +0000 2023,2023/2/15 12:28,8,0,1,https://twitter.com/theshereal/status/1625834541243056130,9,78164
78478,"NFT&gt;&gt;&gt;&gt;&gt;&gt;e?  ?

#MetaverseNFT #NFTCommunity #NFTs #Google #GoogleAI #Bitcoin #Entrepreneurship #ChatGPT #cryptomarket #HogwartLegacy #oriele #ValentinesDay #ValentinesDay2023 #14february https://t.co/NMl6vNKuod",230,0,1.37e+18,theshereal,1.63e+18,Wed Feb 15 13:10:38 +0000 2023,2023/2/15 13:10,8,0,1,https://twitter.com/theshereal/status/1625845038050852875,9,78479
78649,"Devle is free! Download now from the Apple App Store: https://t.co/3jqW2qV16z 
#wordle #ValentinesDay #apple #iphone #iOS16 #ChatGPT https://t.co/4O3w1xN76N",157,0,1.6e+18,Devleapp,1.63e+18,Wed Feb 15 13:33:06 +0000 2023,2023/2/15 13:33,0,0,0,https://twitter.com/Devleapp/status/1625850690437533696,0,78650
79956,Adani Group     ?    ?  Shares      ?    ?     1    ?    ?    琛?   1    ?     2    ?    ?          ?    悒? ?    ?    ?    ? |     ?    ?     ?    ?   琛?   ?     1    ?    ?    ? | adani share news tuday #AdaniScam2023 #AdaniFPO #ChatGPT #BBTitans #Bitcoin #BBCdocumentary #BBCOffice #india #mkunews #AdaniBackOnTrack  #ValentinesDay #fearwomen #Ukraine https://t.co/gpmEY38QPv,376,0,1.6e+18,mku_news,1.63e+18,Wed Feb 15 16:40:50 +0000 2023,2023/2/15 16:40,1,2,0,https://twitter.com/mku_news/status/1625897937581805568,3,79957
85384,"FACT: Gut feelings are guardian angels.e???
___
#HeraPheri3 #MetaverseNFT #NFTCommunity #NFT #Bitcoin #ChatGPT #Crypto #HogwartLegacy #ETH #ValentinesDay #14february #ChampionsLeague #gtbank #Blur #AK62 #FirstDates #Jupiter #kayseri #VotePeterObiForPresident2023 #XiaoZhanxTodsFW23 https://t.co/FqsbG5ziFx",307,0,1.37e+18,theshereal,1.63e+18,Thu Feb 23 06:13:15 +0000 2023,2023/2/23 6:13,6,1,1,https://twitter.com/theshereal/status/1628639102919909376,8,85385
