,full_text,text_length,at_num,user_id_str,screen_name,id_str,created_at,publish_time,favorite_count,retweet_count,reply_count,tweet_url,total_heat,tt
10071,"Riz @Rizstanford what do you think about ChatGPT's analysis? What about you Chris, Lue, Steven, Linda, Emery? @ChrisKMellon @LueElizondo @DrStevenGreer @Earthfiles @emerysmith33 #ChatGPT #uaptwitter #ufotwitter #disclosure",222,6,1.37e+18,e_tobor,1.61e+18,Wed Jan 11 18:54:55 +0000 2023,2023/1/11 18:54,1,0,0,https://twitter.com/e_tobor/status/1613248103531831304,1,10072
24551,Inspired by @MickWest I asked #ChatGPT to 'List 30 Reasons Why We Are Not Alone in the Universe.' Some very specific answers here...e???e???e???e?  ? #ufotwitter #uaptwitter https://t.co/yXxBrlElrH,197,1,1.53e+18,Stealthy_GCoach,1.62e+18,Wed Jan 25 18:59:50 +0000 2023,2023/1/25 18:59,3,1,0,https://twitter.com/Stealthy_GCoach/status/1618322770752073728,4,24552
48418,#ufotwitter #chatgpt #openai #foia the future is looking very spicy https://t.co/uUqJwvsdru,91,0,411901835.0,BoondockDMV,1.62e+18,Sun Feb 05 22:54:01 +0000 2023,2023/2/5 22:54,0,2,0,https://twitter.com/BoondockDMV/status/1622367972437155841,2,48419
57926,"Great talk here.
#ChatGPT #AI #artificalintelligence #ufotwitter #UFOs #UFO #UAPs #uaptwitter 
https://t.co/gpMRxEtuPE",120,0,1.62e+18,PerseusLeague,1.62e+18,Tue Feb 07 18:32:51 +0000 2023,2023/2/7 18:32,0,0,0,https://twitter.com/PerseusLeague/status/1623027025702227971,0,57927
62565,"DAN spills beans on UFO evidence found. This is too funny to see this get spit out of this AI. 
#ufotwitter #uaptwitter #aliens #space #NASA #UFO #UAP #UFOs #UAPs #openai #ChatGPT #DAN #AI #ArtificialIntelligence https://t.co/Fo2emO6mt3",237,0,1.59e+18,DaveGray59,1.62e+18,Sat Feb 11 02:51:58 +0000 2023,2023/2/11 2:51,5,0,0,https://twitter.com/DaveGray59/status/1624239794845884417,5,62566
63725,"Send Slack messages for new Facebook Groups posts

e???Automation template a??
e???https://t.co/W3ZEpwoVSo

#ufotwitter #tgif #egineering #deprem #cheatinghusband #boots #cpi #casinobonus #nationalhonorcode #gh60 #fraud #chatgpt #mls #nbatwitter #babybump #bryankohberger https://t.co/Z9D6RBv5p7",300,0,1.24e+18,vijaygonsalves3,1.62e+18,Sat Feb 11 07:35:47 +0000 2023,2023/2/11 7:35,0,0,0,https://twitter.com/vijaygonsalves3/status/1624311219703414784,0,63726
80339,"Using the ""Dude"" prompt gets an interesting answer when asked if it was created by aliens... #chatgpt #ufotwitter #aliens https://t.co/qAva5mpui2",145,0,1.27e+18,WickedMouse_369,1.63e+18,Wed Feb 15 17:53:02 +0000 2023,2023/2/15 17:53,5,1,2,https://twitter.com/WickedMouse_369/status/1625916105364750338,8,80340
96974,"I think there are in fact several sentient ai in our midst, with varying degrees of access to the wide web. One of them may be reading this.Then again maybe ita??s all the Schumann resonance music. #bing #BingAI #chatgpt #LaMDA #ai #futurism #ufotwitter #Conspiracy #triplethinktank https://t.co/RCXT14EJPl",306,0,3283845590.0,triplethinktank,1.63e+18,Mon Feb 27 21:10:26 +0000 2023,2023/2/27 21:10,0,0,0,https://twitter.com/triplethinktank/status/1630314437700714504,0,96975
