,full_text,text_length,at_num,user_id_str,screen_name,id_str,created_at,publish_time,favorite_count,retweet_count,reply_count,tweet_url,total_heat,tt
24120,"e???  How can you set foot in the digital marketing industry?
e???  How is working for an agency different from working for a startup or in-house?
e???  And how do AI and ChatGPT come into the picture?

#digitalmarketing #skills #AI #chatGPT

https://t.co/EbNhye0NqU",272,0,2568852452.0,growthrocks,1.62e+18,Wed Jan 25 16:28:02 +0000 2023,2023/1/25 16:28,1,0,0,https://twitter.com/growthrocks/status/1618284569945604096,1,24121
31448,"FFW Quiz 1 tomorrow at 11:00 am sharp.
15 min quick test 
#openbook #ChatGPT #ai #skills #bitmesra",100,0,1.56e+18,YashGupta8823,1.62e+18,Tue Jan 31 08:31:22 +0000 2023,2023/1/31 8:31,4,0,0,https://twitter.com/YashGupta8823/status/1620338941319864320,4,31449
42435,"Building the future of work collaboration!!

Visit: https://t.co/GZmbOC40A7

#workwall #work #business #money #collaborate #future #techcompany #resourcebench #IT #tech #skills #learning #future #career #networking #growth #resources #ai #sounddraw #ChatGPT https://t.co/JtXz820gmw",285,0,1.52e+18,WorkWallHQ,1.62e+18,Fri Feb 03 07:43:03 +0000 2023,2023/2/3 7:43,2,0,0,https://twitter.com/WorkWallHQ/status/1621413943079227395,2,42436
50691,"Just here to remind you to never discuss infinity with a mathematician, you'll never hear the end of it :)
Have a product-ive week. Follow us!
#Maths #ChatGPT #education #learning #Tuesday #tuesdaymotivations #integration #Employability #skills #study https://t.co/YIF4gnWfZJ",277,0,1.27e+18,wovenlinkafrica,1.62e+18,Tue Feb 07 06:06:15 +0000 2023,2023/2/7 6:06,2,0,0,https://twitter.com/wovenlinkafrica/status/1622839136204779521,2,50692
73514,"#GenerativeAI may only be a foreshock to #AI singularity

e??? Identifying the arrival of singularity is made more difficult because there is no widely accepted definition of what intelligence means.

#skills #chatgpt #bard 
https://t.co/IWb3lapBv8 https://t.co/cBCXAyDqio",277,0,1536103471.0,WSWMUC,1.63e+18,Mon Feb 13 17:18:01 +0000 2023,2023/2/13 17:18,10,6,1,https://twitter.com/WSWMUC/status/1625182518633807892,17,73515
76282,#logistics #lsc #cargomen #cargo #education #ministry #ministryofeducation #training #development #students #shipping #transport #skills #skillsdevelopment #placement #industry #chennai #tamilnadu #india #bard #chatgpt  #budget #Tweets  #TwitterDown,249,0,8.51e+17,LogisticsSSC,1.63e+18,Wed Feb 15 06:12:30 +0000 2023,2023/2/15 6:12,0,0,0,https://twitter.com/LogisticsSSC/status/1625739811226284033,0,76283
78509,"ChatGPT Is Revolutionizing The Businesses
It Is Time To Make Money With ChatGPT
Join The Revolution And Unlock The Future Of Internet Marketing Today
Making Money Online Has Never Been Easier!
https://t.co/sWqXcvFBLp
#skills #ads #blogs #AI #gpt #chatgpt #chat #gmps #money https://t.co/jZOVCK8MiH",302,0,1.33e+18,newstendances,1.63e+18,Wed Feb 15 13:15:12 +0000 2023,2023/2/15 13:15,2,1,0,https://twitter.com/newstendances/status/1625846185746374657,3,78510
90799,"AI-driven talent intelligence is the omnichannel solution that empowers HR leaders to be creative and efficient.

More Top 5 HR Trends for 2023: https://t.co/NGAXDSkHZk

#AI #HR #HRtech #talentintelligence #ResponsibleAI #ChatGPT #skills #talentacquisition #talentmanagement https://t.co/B8ac2OvQUa",302,0,1.31e+18,RetrainAi,1.63e+18,Thu Feb 23 22:36:00 +0000 2023,2023/2/23 22:36,1,0,0,https://twitter.com/RetrainAi/status/1628886418444410882,1,90800
