,full_text,text_length,at_num,user_id_str,screen_name,id_str,created_at,publish_time,favorite_count,retweet_count,reply_count,tweet_url,total_heat,tt
23535,"Join the Environmental Justice STEM Cohort - Register Today - https://t.co/PFJfk1yMywa?|a?| #chatgpt #openai #ai #artificialintelligence #environmentaljustice #STEM #TECH #environment #BlackTechTwitter #BWIAI #justice 
@CMUniversity @NOAA_GLERL",245,2,9.45e+17,BlackWomenInAI,1.62e+18,Wed Jan 25 13:04:44 +0000 2023,2023/1/25 13:04,1,0,0,https://twitter.com/BlackWomenInAI/status/1618233408290971648,1,23536
35007,"Happy &amp; blessed #BlackHistoryMonth &amp; #BlackFutureMonth! 

a?  ??? Web: https://t.co/agEBCqc0Z2
a?  ??? Mstdn: https://t.co/wljxWtDq5I

#uxdesign #productdesign #graphicdesign #uxresearch #webdesign #webdev #ai #art #nft #web3 #chatgpt #BlackDesignTwitter #BlackTechTwitter #DesignTwitter https://t.co/rCYlEEHegj",324,0,105009063.0,BlackDesignTw,1.62e+18,Wed Feb 01 05:25:17 +0000 2023,2023/2/1 5:25,8,4,1,https://twitter.com/BlackDesignTw/status/1620654498317484032,13,35008
40599,Now This... @IndianaUniv Indiana University - The Power of Artificial Intelligence - Navigating The Future #ChatGPT #AI #BlackTechTwitter #BWIAI #Tech #STEM https://t.co/GqYhGaUF7J,180,1,9.45e+17,BlackWomenInAI,1.62e+18,Wed Feb 01 22:00:49 +0000 2023,2023/2/1 22:00,4,1,0,https://twitter.com/BlackWomenInAI/status/1620905032102068225,5,40600
49841,"What's your best piece of advice for upcoming and junior developers ?

#javascript #programming #100DaysOfCode #BlackTechTwitter #js #developers #TechIsHiring  #ChatGPT",170,0,7.86e+17,excel_bill,1.62e+18,Tue Feb 07 03:57:46 +0000 2023,2023/2/7 3:57,7,3,4,https://twitter.com/excel_bill/status/1622806803036901379,14,49842
68918,What are you doing after the Super Bowl? Join Black Women In Artificial Intelligence-  Membership is Now open https://t.co/BgmISZJbEN #SuperBowl #RhiannaBowl #RhiRhi #KCvsPHI  #SuperBowlCommercials @NFL #AppleMusicHalftime #SuperBowl #TECH #ChatGPT #STEM  #BlackTechTwitter #BWIAI https://t.co/Y1FzrgxvUb,304,1,9.45e+17,BlackWomenInAI,1.62e+18,Mon Feb 13 03:33:00 +0000 2023,2023/2/13 3:33,7,1,0,https://twitter.com/BlackWomenInAI/status/1624974895573499904,8,68919
74795,"Join the Environmental Justice STEM Cohort - Register Today -  Part 2 of 4 - February 14, 2023 https://t.co/PFJfk1yeIYa?|a?| #chatgpt #openai #ai #artificialintelligence #environmentaljustice #STEM #TECH #environment #BlackTechTwitter #BWIAI #justice 
@CMUniversity",266,1,9.45e+17,BlackWomenInAI,1.63e+18,Mon Feb 13 21:18:29 +0000 2023,2023/2/13 21:18,0,0,0,https://twitter.com/BlackWomenInAI/status/1625243033003257869,0,74796
