,full_text,text_length,at_num,user_id_str,screen_name,id_str,created_at,publish_time,favorite_count,retweet_count,reply_count,tweet_url,total_heat,tt
12363,"update: creating a distinct start and endpoint allows the progress animations to be really simple. user can now clear out request / response. waiting animation needed.

next up: make a view to store history, and then add the ability to save an exchange.

#iosdev #chatgpt #ai https://t.co/2HlTgtxgHi",303,0,1.01e+18,bodhichristian,1.61e+18,Fri Jan 13 16:39:35 +0000 2023,2023/1/13 16:39,3,0,2,https://twitter.com/bodhichristian/status/1613938821984391176,5,12364
20593,"This is an iOS application for interacting with ChatGPT using Swift.
https://t.co/BFY2sLggPp

#ios #iosdev #Swift #SwiftUI #chatgpt3 #chatGPT #OpenAI #OpenAIChatGPT 
@OpenAI",177,1,8.05e+17,patelmeet_12,1.62e+18,Sat Jan 21 17:36:16 +0000 2023,2023/1/21 17:36,1,0,0,https://twitter.com/patelmeet_12/status/1616852190835924992,1,20594
25815,"i once again have lost some sleep. user now has the ability to interact with each of #ChatGPT's 4 engines: davinci, curie, babbage, and ada.

i'll have to spend a whole day refactoring what i've done this evening e?  ?

#iosdev #swiftui #openai #ai #buildinpublic https://t.co/SO5p1obx9s",291,0,1.01e+18,bodhichristian,1.62e+18,Fri Jan 27 06:45:52 +0000 2023,2023/1/27 6:45,6,0,2,https://twitter.com/bodhichristian/status/1618862838751301644,8,25816
49754,"I just published a new YouTube video https://t.co/C4AdsBPQpc

Wea??re going to build an ChatGPT watchOS independent app  using SwiftUI e??  

#SwiftUI #ChatGPT #iosdev #AppleWatchultra https://t.co/0yKGNJyvX9",212,0,19017819.0,alfianlosari,1.62e+18,Tue Feb 07 03:38:44 +0000 2023,2023/2/7 3:38,28,4,2,https://twitter.com/alfianlosari/status/1622802011044610049,34,49755
64057,"I created a playlist for all ChatGPT tutorial that i have published this week.
https://t.co/qYvEyBImOm 

Hope it helps the community to learn together!

#SwiftUI #ChatGPT #iosdev #openai https://t.co/1c7fOjYaIS",215,0,19017819.0,alfianlosari,1.62e+18,Sat Feb 11 08:56:51 +0000 2023,2023/2/11 8:56,94,9,1,https://twitter.com/alfianlosari/status/1624331618696699904,104,64058
85849,"It took me over 10+ years to be able to write a fully testable Swift login in 1 day.

Now it takes me 15 minutes to do the same by using ChatGPT.

But there are some caveats.

Here's how I've done it by using 13 simple prompts e???

#chatgpt #iosdev #swiftlang #swiftui https://t.co/eyZ0BsaI5m",301,0,1.55e+18,cpatrascudev,1.63e+18,Thu Feb 23 07:51:32 +0000 2023,2023/2/23 7:51,25,2,1,https://twitter.com/cpatrascudev/status/1628663834910097410,28,85850
94416,"Wohoo - Just noticed that the first subscription went over the counter since the latest update for #SupermindAI went online yesterday! How do you celebrate? Feels like dancing and cheering today! #chatgpt #iosdev #buildinpublic 
https://t.co/dGVBNdpSE6",253,0,165009590.0,brilliantvision,1.63e+18,Mon Feb 27 13:33:12 +0000 2023,2023/2/27 13:33,2,0,0,https://twitter.com/brilliantvision/status/1630199372339380231,2,94417
