,full_text,text_length,at_num,user_id_str,screen_name,id_str,created_at,publish_time,favorite_count,retweet_count,reply_count,tweet_url,total_heat,tt
6918,"#ContentMarketing: perch?   #ChatGPT non potr?? mai sostituire un #copywriter umano, nel post a cura di @Cristka83 per @popup_2015 di @fraasco85! #Digital #DigitalMarketing https://t.co/jG9D48GQSl",196,3,9.31e+17,startupmag17,1.61e+18,Mon Jan 09 16:20:25 +0000 2023,2023/1/9 16:20,7,6,0,https://twitter.com/startupmag17/status/1612484449412710401,13,6919
6919,"#ContentMarketing: perch?   #ChatGPT non potr?? mai sostituire un #copywriter umano, nel post a cura di @Cristka83 per @popup_2015 di @fraasco85! #Digital #DigitalMarketing https://t.co/51jMmh7QUJ",196,3,8.91e+17,popupcomunica,1.61e+18,Mon Jan 09 16:20:25 +0000 2023,2023/1/9 16:20,7,6,0,https://twitter.com/popupcomunica/status/1612484448292929537,13,6920
6920,"#ContentMarketing: perch?   #ChatGPT non potr?? mai sostituire un #copywriter umano, nel post a cura di @Cristka83 per Pop Up di @fraasco85! #Digital #DigitalMarketing https://t.co/u1ML8TsCm1",191,2,3514082596.0,popup_2015,1.61e+18,Mon Jan 09 16:20:25 +0000 2023,2023/1/9 16:20,7,6,0,https://twitter.com/popup_2015/status/1612484447189798912,13,6921
7051,#Blogging: avete mai pensato di fare il vostro calendario editoriale con #ChatGPT? Su @MktNotizie vi spieghiamo come fare a trovare idee utili per il vostro progetto utilizzando l'AI! #AI #Digital #ContentMarketing https://t.co/oPjvMBHqhy,238,1,293390282.0,fraasco85,1.61e+18,Mon Jan 09 17:20:17 +0000 2023,2023/1/9 17:20,6,6,0,https://twitter.com/fraasco85/status/1612499514631327747,12,7052
7052,#Blogging: avete mai pensato di fare il vostro calendario editoriale con #ChatGPT? Su @MktNotizie di @fraasco85 vi spieghiamo come fare a trovare idee utili per il vostro progetto utilizzando l'AI! #AI #Digital #ContentMarketing https://t.co/WPgeu9moUC,252,2,8.91e+17,popupcomunica,1.61e+18,Mon Jan 09 17:20:17 +0000 2023,2023/1/9 17:20,6,6,0,https://twitter.com/popupcomunica/status/1612499513473699844,12,7053
7053,#Blogging: avete mai pensato di fare il vostro calendario editoriale con #ChatGPT? Su @MktNotizie di @fraasco85 vi spieghiamo come fare a trovare idee utili per il vostro progetto utilizzando l'AI! #AI #Digital #ContentMarketing https://t.co/3y1FGCtRAJ,252,2,3514082596.0,popup_2015,1.61e+18,Mon Jan 09 17:20:17 +0000 2023,2023/1/9 17:20,6,6,0,https://twitter.com/popup_2015/status/1612499512303489039,12,7054
10427,"e??? Des #??tudiants utilisent l'#intelligenceartificielle #ChatGPT pour r??diger leur devoir.

@VincentMontet @ArnaultChatel
@wtaranoff
#iA #Digital #MBADMB #Lyon",167,3,1.07e+18,Louisdorgeville,1.61e+18,Wed Jan 11 21:36:38 +0000 2023,2023/1/11 21:36,1,0,0,https://twitter.com/Louisdorgeville/status/1613288800796708864,1,10428
12579,"e??   Grandfather of #ChatGPT is @Microsoft
v/
@STEMLearningUK

#futureofwork #Innovation #DataAnalytics #technology #Programming #coding #Digital #Robotics #web3 #blockchain #MWC2023 #AI #Python #DataScience #Bigdata #cloud #Fintech #bot #IoT #100DaysOfCode #Flutter https://t.co/gcm5m23rGL",295,2,1.59e+18,IamAritraG,1.61e+18,Fri Jan 13 18:07:09 +0000 2023,2023/1/13 18:07,2,2,0,https://twitter.com/IamAritraG/status/1613960858434179072,4,12580
13279,"#OpenAI, Creator Of #ChatGPT, Casts Spell On #Microsoft

https://t.co/SfWlST5lI9

#Innovation #BusinessTransformation #ITStrategy #EntArch #EntepriseArchitecture #DigitalTransformation #Digital #Technology #TOGAF #ArtificialIntelligence #MachineLearning

- https://t.co/uZWcumTLSG",286,0,1.55e+18,EntArchRadio,1.61e+18,Sun Jan 15 01:30:31 +0000 2023,2023/1/15 1:30,0,0,0,https://twitter.com/EntArchRadio/status/1614434825296814081,0,13280
16879,"Chatbots are important digital touchpoints &amp; essential to an organizationa??s digitalization journeye???

#ChatGPT #artificalintelligence #AI #Digital #DigitalTransformation #digitalization #technology #Trending #Topic #TrendingNow #technology #tech #techtwitter #chatbot #developers",289,0,8.7e+17,GeitplTech,1.62e+18,Tue Jan 17 15:20:57 +0000 2023,2023/1/17 15:20,4,1,1,https://twitter.com/GeitplTech/status/1615368584590684160,6,16880
24170,"#DigiNews | #ChatGPT rentre dans la??histoire en battant le record du million d'utilisateurs en seulement 5 jours.

#IA #Digital #IntelligenceArtificielle #RobotConversationnel https://t.co/K2q2jsgOyI",202,0,251124031.0,JeanCyrilleBado,1.62e+18,Wed Jan 25 16:47:26 +0000 2023,2023/1/25 16:47,2,0,0,https://twitter.com/JeanCyrilleBado/status/1618289452169986048,2,24171
24282,#ChatGPT : Comment la??utiliser dans le #MarketingDigital ? https://t.co/CQ505P3XUD via @webmarketingcom #Marketing #Digital #DigitalMarketing,142,1,47330308.0,AurelieCoudouel,1.62e+18,Wed Jan 25 17:22:33 +0000 2023,2023/1/25 17:22,2,0,0,https://twitter.com/AurelieCoudouel/status/1618298290537394176,2,24283
29601,"7 Common Use-Cases for ChatGPT in Digital Marketing
a??
Click the link to read the complete news:a??
https://t.co/eOu9sVFrM2
a??
 #codestudio #codestudiopak #programmers #startup #inovation  #programminglanguage #webdevelopment #tech #technology #ChatGPT #common #Digital #useful https://t.co/X45NzrcPf2",308,0,1.39e+18,codestudiopak,1.62e+18,Sun Jan 29 15:00:31 +0000 2023,2023/1/29 15:00,0,0,0,https://twitter.com/codestudiopak/status/1619712098996551683,0,29602
32173,"Does #ChatGPT is helping your business? 

#OpenAI #ChatGPT #business #Digital #AI",83,0,1.02e+18,Creatz2,1.62e+18,Tue Jan 31 13:09:36 +0000 2023,2023/1/31 13:09,0,2,0,https://twitter.com/Creatz2/status/1620408958166118402,2,32174
33830,"#ChatGPT: Massive Disruption

https://t.co/01gBbso5Nr

#Innovation #BusinessTransformation #ITStrategy #Strategy #Leadership #EntArch #EntepriseArchitecture #DigitalTransformation #Digital #Technology #TOGAF #ArtificialIntelligence #MachineLearning

- https://t.co/uZWcumTLSG",281,0,1.55e+18,EntArchRadio,1.62e+18,Tue Jan 31 23:30:27 +0000 2023,2023/1/31 23:30,2,4,0,https://twitter.com/EntArchRadio/status/1620565204227465216,6,33831
38035,#AI: nuovo tool per #OpenAI che ti consente di analizzare i testi e capire se sono scritti da un umano o da una macchina. Info su Pop Up di @fraasco85! #IntelligenzaArtificiale #IA #Digital #ChatGPT https://t.co/WZ56dT4It7,222,1,3514082596.0,popup_2015,1.62e+18,Wed Feb 01 15:14:47 +0000 2023,2023/2/1 15:14,6,6,0,https://twitter.com/popup_2015/status/1620802851722215424,12,38036
38039,#AI: nuovo tool per #OpenAI che ti consente di analizzare i testi e capire se sono scritti da un umano o da una macchina. Info su @popup_2015 di @fraasco85! #IntelligenzaArtificiale #IA #Digital #ChatGPT https://t.co/7lrGQzsan7,227,2,7.38e+17,fashionaut,1.62e+18,Wed Feb 01 15:15:23 +0000 2023,2023/2/1 15:15,6,8,0,https://twitter.com/fashionaut/status/1620803000380887041,14,38040
38042,#AI: nuovo tool per #OpenAI che ti consente di analizzare i testi e capire se sono scritti da un umano o da una macchina. Info su @popup_2015 di @fraasco85! #IntelligenzaArtificiale #IA #Digital #ChatGPT https://t.co/8rvl5n1ucH,227,2,8.91e+17,popupcomunica,1.62e+18,Wed Feb 01 15:15:46 +0000 2023,2023/2/1 15:15,6,7,0,https://twitter.com/popupcomunica/status/1620803098389233667,13,38043
38046,#AI: nuovo tool per #OpenAI che ti consente di analizzare i testi e capire se sono scritti da un umano o da una macchina. Info su @popup_2015 di @fraasco85! #IntelligenzaArtificiale #IA #Digital #ChatGPT https://t.co/tuQwFZWvkZ,227,2,1.45e+18,MktNotizie,1.62e+18,Wed Feb 01 15:16:21 +0000 2023,2023/2/1 15:16,6,7,0,https://twitter.com/MktNotizie/status/1620803246917828608,13,38047
38051,#AI: nuovo tool per #OpenAI che ti consente di analizzare i testi e capire se sono scritti da un umano o da una macchina. Info su @popup_2015 di @fraasco85! #IntelligenzaArtificiale #IA #Digital #ChatGPT https://t.co/URCmdePXnC,227,2,9.31e+17,startupmag17,1.62e+18,Wed Feb 01 15:16:45 +0000 2023,2023/2/1 15:16,6,7,0,https://twitter.com/startupmag17/status/1620803345244905474,13,38052
38055,#AI: nuovo tool per #OpenAI che ti consente di analizzare i testi e capire se sono scritti da un umano o da una macchina. Info su @popup_2015! #IntelligenzaArtificiale #IA #Digital #ChatGPT https://t.co/h66uFYIJJh,213,1,293390282.0,fraasco85,1.62e+18,Wed Feb 01 15:17:20 +0000 2023,2023/2/1 15:17,6,7,0,https://twitter.com/fraasco85/status/1620803493849071625,13,38056
46276,"#Leaders #AI #Digital #transformation
#GK #PDT #GKPath #DT
e???The #gfNewWorld News (2/3/2023, 4)
e?  ?The ""Positive #Disruption: AI Revolution"" has accelerated

a??""genioux fact"": #NYT: How #ChatGPT Kicked Off an A.I. Arms Race
https://t.co/tamFgZi4Md
https://t.co/kNaL7xZ2iE",283,0,8.15e+17,gfernandoamb,1.62e+18,Fri Feb 03 17:34:34 +0000 2023,2023/2/3 17:34,0,0,1,https://twitter.com/gfernandoamb/status/1621562806234390528,1,46277
46587,"#Leaders #AI #Digital #transformation #Business
e??  The support of a ""genioux fact"" is based on golden #knowledge (#GK) and #information.

e??  February 3, 2023 , #Bloomberg, Isabelle Lee, #ETF Seizes on #ChatGPT Buzz With a Focus on a??Conversationala?? #AI
https://t.co/JARW5dKnMq",287,0,8.15e+17,gfernandoamb,1.62e+18,Fri Feb 03 18:23:45 +0000 2023,2023/2/3 18:23,0,0,1,https://twitter.com/gfernandoamb/status/1621575182916665349,1,46588
46824,"https://t.co/iPHahznfKo

*Embrace The #AI #Web3 #NFT &amp; #blockchain Movement!

#web3community #Web3Domain #NFTs #NFTCommunity #nftdomain #Crypto #AiDomain #startups #IoT #ML #Digital #Robot #Robot #Robotic #ETH #ArtificialIntelligence #VCS #VC #XR #VentureCapital #ChatGPT #Health https://t.co/2VAgx2ZXtG",311,0,1.53e+18,SoldXyz,1.62e+18,Fri Feb 03 19:03:08 +0000 2023,2023/2/3 19:03,7,0,1,https://twitter.com/SoldXyz/status/1621585093230993410,8,46825
47749,Que signifie la??arriv??e de #ChatGPT pour le #Marketing #Digital ? https://t.co/gw2ShgqlXg via @AgoraPulseFR #DigitalMarketing #Digital #Marketing,147,1,47330308.0,AurelieCoudouel,1.62e+18,Fri Feb 03 22:12:09 +0000 2023,2023/2/3 22:12,1,0,0,https://twitter.com/AurelieCoudouel/status/1621632662002622469,1,47750
50380,"Finally, #ChatGPT has a competitor now. 

Welcome, #Google ""Bard"", an experimental conversational AI service, in the market.

#Trending #Digital #AI #technology #tuesdayvibe",177,0,1.59e+18,ozair_imran,1.62e+18,Tue Feb 07 05:26:28 +0000 2023,2023/2/7 5:26,1,0,0,https://twitter.com/ozair_imran/status/1622829123050811392,1,50381
50596,https://t.co/KyTLUKVuyb @FT @Google #AI #MachineLearning #technology #data #Digital #privacy #ChatGPT,101,2,1057602751.0,stefregoni,1.62e+18,Tue Feb 07 05:55:47 +0000 2023,2023/2/7 5:55,0,0,0,https://twitter.com/stefregoni/status/1622836500290207745,0,50597
51605,"Google officially unveiled an AI program - #Bard  
An answer to #ChatGPT 

Let's see how it goes !! e???
#BardAI #Google #GoogleAI #SundarPichai #gptchat #AI #AITOOLS #Digital #technology #future #FutureOfWork #news #technology #TrendingNow",244,0,8.17e+17,Zimbola_Simi,1.62e+18,Tue Feb 07 07:47:55 +0000 2023,2023/2/7 7:47,0,0,0,https://twitter.com/Zimbola_Simi/status/1622864718900920322,0,51606
52742,"Increase your Social Media Engagement with our Best Social Media Marketing Strategies, Know more
.
Visit:- https://t.co/1IS9rcrcIy
.
e???Call Us +91-9540890123
. 

#socialmedia #SEO #technology #Digital #business #INDvsAUS #ChatGPT #uedeveloper https://t.co/x8AgSaTP2H",275,0,3680389694.0,uedeveloper,1.62e+18,Tue Feb 07 09:47:09 +0000 2023,2023/2/7 9:47,1,0,0,https://twitter.com/uedeveloper/status/1622894725987725312,1,52743
55838,"Big #ideas 2023. Thoughts?
#ArtificialIntelligence #Digital #wallets #blockchain #Bitcoin #NFT #PrecisionMedicine #healthcare #Health #digitalhealth #AutonomousVehicles #automation #ChatGPT #5G #IoT #Robotics #3Dprinting #technology #innovation #Genetics #openai #AGI #healthTech https://t.co/o5cIC6UR6J",304,0,1.03e+18,sonu_monika,1.62e+18,Tue Feb 07 14:51:25 +0000 2023,2023/2/7 14:51,54,43,37,https://twitter.com/sonu_monika/status/1622971296975052805,134,55839
56446,"RT @sonu_monika: Big #ideas 2023. Thoughts?
#ArtificialIntelligence #Digital #wallets #blockchain #Bitcoin #NFT #PrecisionMedicine #healthcare #Health #digitalhealth #AutonomousVehicles #automation #ChatGPT #5G #IoT #Robotics #3Dprinting #technology #inna?| https://t.co/iTBfuKAZgD",282,1,9.81e+17,AlanMuttonUK,1.62e+18,Tue Feb 07 15:53:11 +0000 2023,2023/2/7 15:53,11,5,1,https://twitter.com/AlanMuttonUK/status/1622986840889237506,17,56447
58837,"RT @sonu_monika: #ChatGPT by Yogesh Kulkarni via Steve Nouri
#openai #ArtificialIntelligence #Digital #healthcare #Health #digitalhealth #automation #5G #IoT #technology #innovation #AGI #healthTech #Prompts #chatbot #education #AI #models #Algorithms #Da?| https://t.co/PxpDj97ZcR",282,1,9.81e+17,AlanMuttonUK,1.62e+18,Tue Feb 07 20:04:15 +0000 2023,2023/2/7 20:04,8,6,0,https://twitter.com/AlanMuttonUK/status/1623050026912980995,14,58838
59896,"https://t.co/mfXFuzTfUw

*Embrace #AI

#Bot #Robot #Robots #Robotics #ArtificialIntelligence #Web3 #web3community #Web3domain #blockchain #Crypto #NFT #NFTCommunity #NFT #startup #streaming  #startups #IoT #VR  #ChatGPT #VentureCapital #gpt #VCS #payment #Metaverse #Digital #GPT https://t.co/AeBwcSSS5h",307,0,1.53e+18,SoldXyz,1.62e+18,Tue Feb 07 22:21:25 +0000 2023,2023/2/7 22:21,10,0,1,https://twitter.com/SoldXyz/status/1623084545364090880,11,59897
64267,"@agoda uses #ChatGPT to serenade Valentinea??s Day hotspots

#ChatGPT #ArtificialIntelligence #ValentinesDay2023  #Digital #brandwagon

https://t.co/sgKnQKXbPJ",163,1,245719674.0,FEBrandWagon,1.62e+18,Sat Feb 11 09:40:47 +0000 2023,2023/2/11 9:40,0,1,0,https://twitter.com/FEBrandWagon/status/1624342674773004290,1,64268
67596,#ChatGPT insights and more: Next disruption is on its way. #Digital #Strategy #impact  https://t.co/gpMGWHI7Ik,110,0,514329103.0,DOCFTWEET,1.62e+18,Sat Feb 11 20:30:06 +0000 2023,2023/2/11 20:30,0,0,0,https://twitter.com/DOCFTWEET/status/1624506080700030976,0,67597
68782,"Beyond #ChatGPT: Human-Centered #AI, Human-Centered #Digital #Search and Human-Centered Digital #Networks Pioneer Asks to Advance #Human-Centered World Wide #Web: https://t.co/RqEjn4ECIj",186,0,1.51e+18,DrYogiMalhotra,1.62e+18,Mon Feb 13 02:55:44 +0000 2023,2023/2/13 2:55,0,0,0,https://twitter.com/DrYogiMalhotra/status/1624965515830562819,0,68783
69360,#energetic #cosmopolitan #cities #ValentinesDay #ChatGPT #Millions #capabilities #target #channel #Data  #celebration  #Digital #travel #platform #Agoda #revealed #lovebirds,173,0,114752673.0,ITVNewz,1.63e+18,Mon Feb 13 05:43:52 +0000 2023,2023/2/13 5:43,0,0,0,https://twitter.com/ITVNewz/status/1625007829534019585,0,69361
73266,"Reasons Why #Tech Companies Are Firing Their #employees
https://t.co/Sq9gNKKJuv
.
.
.
#layoffs2023 #layoffs #firing #EconomicCrisis #recession #markets #business #technology #Amazon #Netflix #Metaverse #Digital #DigitalMarketing #socialmedia #Tesla #ChatGPT https://t.co/jKkmU0JW9y",286,0,1.44e+18,ideahooddebdeep,1.63e+18,Mon Feb 13 16:43:02 +0000 2023,2023/2/13 16:43,1,0,0,https://twitter.com/ideahooddebdeep/status/1625173716299829251,1,73267
74713,"https://t.co/MAxlaRFqW0
.
*Embrace #AI

#Bot #Robot #Robots #Robotics #ArtificialIntelligence #Web3 #web3community #Web3domain #blockchain #Crypto #NFT #NFTCommunity #NFT #Digital #streaming  #startups #IoT #VR  #ChatGPT #VentureCapital #gpt #GPT3  #VCS #Metaverse #Electrified https://t.co/YnSw0EvvwD",305,0,1.53e+18,SoldXyz,1.63e+18,Mon Feb 13 21:03:35 +0000 2023,2023/2/13 21:03,8,0,0,https://twitter.com/SoldXyz/status/1625239284256210945,8,74714
76760,"Vous vous int??ressez ?? la maturit?? digitale des entreprises e???e??   et au marketing digitale ? 

Ecoutez ce panel d'experts organis?? par @vismktg auquel a particip?? @emiliemarquois ! a   ???

#Digital #MarketingDigital #ChatGPT",238,2,19291908.0,Diateino,1.63e+18,Wed Feb 15 08:00:00 +0000 2023,2023/2/15 8:00,2,0,0,https://twitter.com/Diateino/status/1625766864109588482,2,76761
79958,"#SEO: come usare #ChatGPT per i tuoi contenuti, nel post a cura di @popup_2015 di @fraasco85! #Digital #DigitalMarketing #AI #IntelligenzaArtificiale #ContentMarketing https://t.co/y6cx1D9mA8",191,2,8.91e+17,popupcomunica,1.63e+18,Wed Feb 15 16:41:35 +0000 2023,2023/2/15 16:41,6,6,0,https://twitter.com/popupcomunica/status/1625898126916866050,12,79959
79959,"#SEO: come usare #ChatGPT per i tuoi contenuti, nel post a cura di @popup_2015 di @fraasco85! #Digital #DigitalMarketing #AI #IntelligenzaArtificiale #ContentMarketing https://t.co/kbJWZfU0u3",191,2,7.38e+17,fashionaut,1.63e+18,Wed Feb 15 16:41:35 +0000 2023,2023/2/15 16:41,6,6,0,https://twitter.com/fashionaut/status/1625898125603872768,12,79960
79960,"#SEO: come usare #ChatGPT per i tuoi contenuti, nel post a cura di Pop Up di @fraasco85! #Digital #DigitalMarketing #AI #IntelligenzaArtificiale #ContentMarketing https://t.co/gvwwBNjaTq",186,1,3514082596.0,popup_2015,1.63e+18,Wed Feb 15 16:41:35 +0000 2023,2023/2/15 16:41,6,6,0,https://twitter.com/popup_2015/status/1625898124064567301,12,79961
79961,"#SEO: come usare #ChatGPT per i tuoi contenuti, nel post a cura di @popup_2015! #Digital #DigitalMarketing #AI #IntelligenzaArtificiale #ContentMarketing https://t.co/i4btay2Ui8",177,1,293390282.0,fraasco85,1.63e+18,Wed Feb 15 16:41:36 +0000 2023,2023/2/15 16:41,6,6,0,https://twitter.com/fraasco85/status/1625898130498629652,12,79962
79962,"#SEO: come usare #ChatGPT per i tuoi contenuti, nel post a cura di @popup_2015 di @fraasco85! #Digital #DigitalMarketing #AI #IntelligenzaArtificiale #ContentMarketing https://t.co/tp07EvkPop",191,2,9.31e+17,startupmag17,1.63e+18,Wed Feb 15 16:41:36 +0000 2023,2023/2/15 16:41,6,6,0,https://twitter.com/startupmag17/status/1625898129315835909,12,79963
79963,"#SEO: come usare #ChatGPT per i tuoi contenuti, nel post a cura di @popup_2015 di @fraasco85! #Digital #DigitalMarketing #AI #IntelligenzaArtificiale #ContentMarketing https://t.co/eCYHCskdTn",191,2,1.45e+18,MktNotizie,1.63e+18,Wed Feb 15 16:41:36 +0000 2023,2023/2/15 16:41,6,6,0,https://twitter.com/MktNotizie/status/1625898128174989312,12,79964
80258,"In this new #podcast, Cat, Jen and Dom from @IoICNews chat with me @dansodergren to explore the impact of #Digital #technology a?? specifically #AI and #ChatGPT.

And what this means for how #internalcomms now will reach and connect with their audiences.

https://t.co/dZLCUTePdQ https://t.co/qNjzJvSqMA",307,2,61231283.0,dansodergren,1.63e+18,Wed Feb 15 17:34:55 +0000 2023,2023/2/15 17:34,2,1,0,https://twitter.com/dansodergren/status/1625911549041815564,3,80259
80261,"In this new #podcast, Cat, Jen and Dom from @IoICNews chat with me @dansodergren to explore the impact of #Digital #technology a?? specifically #AI and #ChatGPT.

And what this means for how #internalcomms now will reach and connect with their audiences.

https://t.co/oj73Sn3kkW https://t.co/pfzKtEziXg",307,2,61228579.0,ukmarketinghelp,1.63e+18,Wed Feb 15 17:35:22 +0000 2023,2023/2/15 17:35,6,3,5,https://twitter.com/ukmarketinghelp/status/1625911662288023570,14,80262
80293,"In this new #podcast, Cat, Jen and Dom from @IoICNews chat with me @dansodergren to explore the impact of #Digital #technology a?? specifically #AI and #ChatGPT.

And what this means for how #internalcomms now will reach and connect with their audiences.

https://t.co/Vjn5zg8fPm",283,2,9.32e+17,YourFlock,1.63e+18,Wed Feb 15 17:41:35 +0000 2023,2023/2/15 17:41,3,2,0,https://twitter.com/YourFlock/status/1625913225194635283,5,80294
80588,"In this new #podcast, Cat, Jen and Dom from @IoICNews chat with me @dansodergren to explore the impact of #Digital #technology a?? specifically #AI and #ChatGPT.

And what this means for how #internalcomms now will reach and connect with their audiences.

https://t.co/dZLCUTePdQ",283,2,61231283.0,dansodergren,1.63e+18,Wed Feb 15 18:38:30 +0000 2023,2023/2/15 18:38,1,0,0,https://twitter.com/dansodergren/status/1625927549984309256,1,80589
82703,"When it comes to AI, clients &amp; agencies need to remember that it is a helpful tool, but like digital, ita??s not 100% the answer for many companies. More in my latest blog e???

#FranksTake #AI #Automation #ChatGPT #Digital #Advertising #Marketing #OpenAI

https://t.co/WKl84TE6Hg",288,0,9.92e+17,Frank_Gussoni,1.63e+18,Tue Feb 21 17:50:13 +0000 2023,2023/2/21 17:50,2,0,0,https://twitter.com/Frank_Gussoni/status/1628089723339128832,2,82704
83697,"https://t.co/jq8RFBm9C7

** Embrace The #AI #Web3 #NFT &amp; #blockchain Movement! **

#web3community #Web3Domain #NFTs #NFTCommunity #nftdomain #Crypto #AiDomain #startups #IoT #ML #Digital #Robot #Robot #Robotic #ArtificialIntelligence #VCS #VC #VentureCapital #ChatGPT #Metaverse https://t.co/o29JkaVHbi",310,0,1.53e+18,SoldXyz,1.63e+18,Tue Feb 21 20:15:16 +0000 2023,2023/2/21 20:15,9,1,0,https://twitter.com/SoldXyz/status/1628126226786435073,10,83698
84734,"Most Popular Websites since 1993...@yu_angela

Like a?  ???  or  Retweet e??? 

#BBC #Amazon #Digital #FOMC #disruption #ChatGPT #Nifty50 #Hyderabad #Adani #ICCRankings #IPL #webdeveloper #webdesigner #100DaysOfCode #web3 #javascript 
https://t.co/eHoiFVZhSc",263,1,44834788.0,jayadevarao,1.63e+18,Thu Feb 23 03:17:13 +0000 2023,2023/2/23 3:17,3,2,0,https://twitter.com/jayadevarao/status/1628594804174245890,5,84735
85591,"Comment from our MD in @TheCitizen_News - ""How Talent Matters More In The Digital Age"".

#ManpowerGroupSA #ChatGPT #Digital #Technology #Work #futureofwork",157,1,284599907.0,ManpowerSAJobs,1.63e+18,Thu Feb 23 06:56:07 +0000 2023,2023/2/23 6:56,1,0,0,https://twitter.com/ManpowerSAJobs/status/1628649889088385025,1,85592
89195,"https://t.co/ic6TlWdVSv

** Embrace The #AI #Web3 #NFT &amp; #blockchain Movement! **

#web3community #Web3Domain #NFTs #NFTCommunity #nftdomain #Crypto #AiDomain #startups #IoT #ML #Digital #Robot #Robot #Robotic #ArtificialIntelligence #VCS #VC #VentureCapital #ChatGPT #Metaverse https://t.co/ABIE9AjmBY",310,0,1.53e+18,SoldXyz,1.63e+18,Thu Feb 23 16:58:16 +0000 2023,2023/2/23 16:58,3,0,0,https://twitter.com/SoldXyz/status/1628801428528697344,3,89196
90248,"https://t.co/MVaGDkmYh6

** Embrace The #AI #Web3 #NFT &amp; #blockchain Movement! **

#web3community #Web3Domain #NFTs #NFTCommunity #nftdomain #Crypto #AiDomain #startups #IoT #ML #Digital #Robot #Robot #Robotic #ArtificialIntelligence #VCS #VC #VentureCapital #ChatGPT #Metaverse https://t.co/KxOdufaXI4",310,0,1.53e+18,SoldXyz,1.63e+18,Thu Feb 23 20:17:22 +0000 2023,2023/2/23 20:17,7,0,1,https://twitter.com/SoldXyz/status/1628851530614083589,8,90249
91353,"https://t.co/suU9kGCNO8
.
* #VCS Investing in the NEW #AI

#Bot #Robot #Robots #Robotics #ArtificialIntelligence #Web3 #web3community #Web3domain #blockchain #Crypto #NFT #NFTCommunity #NFT #Digital #Startup  #startups #IoT #VR  #ChatGPT #VentureCapital #gpt  #Metaverse #Domain https://t.co/eDq6Mqe9Vb",306,0,1.53e+18,SoldXyz,1.63e+18,Sat Feb 25 23:10:52 +0000 2023,2023/2/25 23:10,11,1,0,https://twitter.com/SoldXyz/status/1629619971734274048,12,91354
92282,#ChatGPT #Metaverse #Digital #Resurrection #AI #Metaverse,57,0,1.3e+18,NeoPassport,1.63e+18,Mon Feb 27 04:51:26 +0000 2023,2023/2/27 4:51,1,0,0,https://twitter.com/NeoPassport/status/1630068065265410048,1,92283
93601,"#PMOfficers #Digital #Blog &amp; #News

#ChatGPT vs. #GoogleBard: estas son sus principales diferencias, ??cu??l es mejor?

#PMOXperience #IA #HardSkills #Liderazgo #PMOPowerSkills 
https://t.co/TnHUGcg4l3",210,0,9.37e+17,PMOfficers,1.63e+18,Mon Feb 27 10:45:10 +0000 2023,2023/2/27 10:45,2,1,1,https://twitter.com/PMOfficers/status/1630157083076165633,4,93602
95639,"Si tienes dudas o necesitas ayuda para levantar inversi?3n, nosotros estamos aqu?- para ayudarte.

Escr?-benos y trabajaremos juntos para llevar tu startup al siguiente nivel.

#StartUps #Tech #OnlineBusiness #Digital #tranformaci?3ndigital #DesdeLosOrigenes #ChatGPT",271,0,228096838.0,ImaginamosCo,1.63e+18,Mon Feb 27 16:32:21 +0000 2023,2023/2/27 16:32,0,0,0,https://twitter.com/ImaginamosCo/status/1630244458129235969,0,95640
95888,Great discussion with @UnitedLearning colleagues about AI and #ChatGPT this afternoon ably led by @brucewilson283 - largely positive about the future. Good for first drafts (even your #Digital #strategy) and could it be used for internal moderation?,249,2,158339827.0,jamesmgarnett,1.63e+18,Mon Feb 27 17:12:34 +0000 2023,2023/2/27 17:12,18,2,3,https://twitter.com/jamesmgarnett/status/1630254575117541378,23,95889
95969,"WORK SMARTER, NOT HARDER WITH AI SOLUTIONS!!

Check out the lastest examples of #ChatGPT integrations with SAS #CI360 #omnchannel #journeys, for real time #CX management scenarios. Video: 
https://t.co/sPWLJJ0GLc #CDP #Digital #AI https://t.co/eS2BltwCoj",257,0,1.56e+18,FJManchester,1.63e+18,Mon Feb 27 17:23:42 +0000 2023,2023/2/27 17:23,0,0,0,https://twitter.com/FJManchester/status/1630257377575411713,0,95970
96037,"https://t.co/sTZanuVT4T

#AI &amp; #GPT

#Bot #Robot #Robots #Robotics #ArtificialIntelligence #Web3 #web3community #Web3domain #blockchain #Crypto #NFT #NFTCommunity #startup #streaming  #startups #IoT #VR  #ChatGPT #VentureCapital #GPT3  #VCS #Stream #Metaverse #Digital #domain https://t.co/4ktcXOKIhM",308,0,1.53e+18,SoldXyz,1.63e+18,Mon Feb 27 17:35:54 +0000 2023,2023/2/27 17:35,7,1,2,https://twitter.com/SoldXyz/status/1630260449639018497,10,96038
96227,"https://t.co/4A9DBNAbQd

*Embrace The #AI #movement

#Bot #Robot #Robots #Robotics #ArtificialIntelligence #Web3 #web3community #Web3domain #blockchain #Crypto #NFTCommunity #NFT #Digital #domain #startup #IoT #VR  #ChatGPT #VentureCapital #gpt #VCS #Movement #Metaverse #vc #mvmt https://t.co/CYFbCsVeP5",308,0,1.53e+18,SoldXyz,1.63e+18,Mon Feb 27 18:01:38 +0000 2023,2023/2/27 18:01,4,0,0,https://twitter.com/SoldXyz/status/1630266926713933825,4,96228
97284,"#ChatGPT news

e?  ? Politicians will use #ChatGPT to push their agenda. It isn't as unbiased as it claims, but it's part of the #futuretech landscape. #Robots #AI #Digital #bing #Google #deepstate e?  ? https://t.co/16qxK4wCnL",229,0,1.54e+18,BigBudooDotCom,1.63e+18,Mon Feb 27 22:39:42 +0000 2023,2023/2/27 22:39,0,0,0,https://twitter.com/BigBudooDotCom/status/1630336901554241537,0,97285
