,full_text,text_length,at_num,user_id_str,screen_name,id_str,created_at,publish_time,favorite_count,retweet_count,reply_count,tweet_url,total_heat,tt
6272,5 Ways ChatGPT can help Primary Teachers https://t.co/TBPpdJ3MMb Some useful suggestions. #esl #efl #elt #tesol #eal #tefl #edtech #ChatGPT https://t.co/h4BIBgwHk4,163,0,14548913.0,NikPeachey,1.61e+18,Mon Jan 09 10:25:46 +0000 2023,2023/1/9 10:25,1,1,0,https://twitter.com/NikPeachey/status/1612395197303758849,2,6273
16503,Teaching Students to Write with AI: The SPACE Framework https://t.co/K218RUv3o8 #esl #efl #elt #tesol #eal #tefl #edtech #ChatGPT https://t.co/JV0wD3WMI6,153,0,14548913.0,NikPeachey,1.62e+18,Tue Jan 17 13:01:06 +0000 2023,2023/1/17 13:01,6,1,0,https://twitter.com/NikPeachey/status/1615333392240746500,7,16504
45224,ChatGPT is great a?? you're just using it wrong https://t.co/ly7LLF3xlF Interesting perspective from a creative writer. #esl #efl #elt #tesol #eal #tefl #edtech #ChatGPT https://t.co/JvejCY76T3,193,0,14548913.0,NikPeachey,1.62e+18,Fri Feb 03 15:00:45 +0000 2023,2023/2/3 15:00,2,0,0,https://twitter.com/NikPeachey/status/1621524095689957377,2,45225
46085,Chat GPT tutorial for teachers #chatgpt https://t.co/ZVlYIvV31m Ideas from Russell Stannard #esl #efl #elt #tesol #eal #tefl #edtech #AI https://t.co/tqXpFSwuC0,160,0,14548913.0,NikPeachey,1.62e+18,Fri Feb 03 17:01:14 +0000 2023,2023/2/3 17:01,31,19,1,https://twitter.com/NikPeachey/status/1621554417391501313,51,46086
50698,ChatGPT is great a?? you're just using it wrong https://t.co/CvsahGPHX3 Interesting perspective from a creative writer. #esl #efl #elt #tesol #eal #tefl #edtech #ChatGPT https://t.co/GXHE8jiyVJ,193,0,16947219.0,peacheypubs,1.62e+18,Tue Feb 07 06:07:01 +0000 2023,2023/2/7 6:07,0,0,0,https://twitter.com/peacheypubs/status/1622839326986969088,0,50699
52508,Chat GPT tutorial for teachers #chatgpt Video:https://t.co/1dUKpCPKP5 Ideas from Russell Stannard #esl #efl #elt #tesol #eal #tefl #edtech #AI https://t.co/rGRvyXhcW8,166,0,14796284.0,russell1955,1.62e+18,Tue Feb 07 09:24:06 +0000 2023,2023/2/7 9:24,13,4,0,https://twitter.com/russell1955/status/1622888928138207232,17,52509
52600,ChatGPT Advanced Teaching Ideas #chatgpt #ai #chatgpt #ai #iatefl #tefl #efl #edtech #esol #tesol #eal Video:https://t.co/mpcJMotZuD https://t.co/uOKFL9MU1Y,156,0,14796284.0,russell1955,1.62e+18,Tue Feb 07 09:32:36 +0000 2023,2023/2/7 9:32,8,8,0,https://twitter.com/russell1955/status/1622891064192380928,16,52601
55854,ChatGPT Advanced Teaching Ideas #chatgpt #ai #chatgpt #ai #iatefl #tefl #efl #edtech #esol #tesol #eal Video:https://t.co/mpcJMotZuD https://t.co/f4kkFYHYnH,156,0,14796284.0,russell1955,1.62e+18,Tue Feb 07 14:53:00 +0000 2023,2023/2/7 14:53,3,0,0,https://twitter.com/russell1955/status/1622971695429570561,3,55855
57099,ChatGPT Advanced Teaching Ideas  from Russell Stannard https://t.co/Xs7iJT88s7  #esl #efl #elt #tesol #eal #tefl #edtech #edtools #AI #ChatGPT https://t.co/ark9McsXaP,166,0,14548913.0,NikPeachey,1.62e+18,Tue Feb 07 17:00:43 +0000 2023,2023/2/7 17:00,7,4,1,https://twitter.com/NikPeachey/status/1623003838696370181,12,57100
58608,What Will ChatGPT Mean for Teaching? - EdSurge News https://t.co/3zEBpXp6IC Interesting podcast #esl #efl #elt #tesol #eal #tefl #edtech #edtools #ChatGPT https://t.co/7yos2PKiRI,178,0,14548913.0,NikPeachey,1.62e+18,Tue Feb 07 19:39:01 +0000 2023,2023/2/7 19:39,7,2,0,https://twitter.com/NikPeachey/status/1623043674870321160,9,58609
60714,Can Anti-Plagiarism Tools Detect When AI Chatbots Write Student Essays? - EdSurge News https://t.co/5z0OTD2AmL  #esl #efl #elt #tesol #eal #tefl #edtech #edtools #AI #ChatGPT https://t.co/MrWP5sPfhk,198,0,14548913.0,NikPeachey,1.62e+18,Thu Feb 09 19:39:00 +0000 2023,2023/2/9 19:39,2,2,1,https://twitter.com/NikPeachey/status/1623768448454082563,5,60715
60812,Chat GPT tutorial for teachers #chatgpt #ai #iatefl #tefl #efl #edtech Video:https://t.co/38VcqmMHEF https://t.co/X69QcDKame,124,0,14796284.0,russell1955,1.62e+18,Thu Feb 09 19:54:44 +0000 2023,2023/2/9 19:54,5,6,0,https://twitter.com/russell1955/status/1623772404617969668,11,60813
60820,ChatGPT Advanced tutorial for teachers   #chatgpt #ai #iatefl #tefl #efl #edtech Video:https://t.co/nlz3vhJ1FR https://t.co/aUEwMjSApG,134,0,14796284.0,russell1955,1.62e+18,Thu Feb 09 19:55:51 +0000 2023,2023/2/9 19:55,3,4,0,https://twitter.com/russell1955/status/1623772686634700801,7,60821
64344,"Modest title, but worth checking out  - The Ultimate Guide for Using ChatGPT for English Learning https://t.co/PZ4UAaJCsB  #esl #efl #elt #tesol #eal #tefl #edtech #edtools #AI #ChatGPT https://t.co/b3PPvG8br3",209,0,14548913.0,NikPeachey,1.62e+18,Sat Feb 11 10:00:01 +0000 2023,2023/2/11 10:00,16,5,2,https://twitter.com/NikPeachey/status/1624347516950003715,23,64345
85353,DALL?  E: An a??Intelligenta?? Illustrator for your Language Classroom - The FLTMAG https://t.co/JGDgoPbbn3 #esl #efl #elt #tesol #eal #tefl #edtech #edtools #AI #ChatGPT https://t.co/cCNkrA7Nln,194,0,16947219.0,peacheypubs,1.63e+18,Thu Feb 23 06:07:01 +0000 2023,2023/2/23 6:07,0,0,0,https://twitter.com/peacheypubs/status/1628637536133292035,0,85354
86333,How to Use ChatGPT as an Example Machine https://t.co/Xoz5goEKIp #esl #efl #elt #tesol #eal #tefl #edtech #edtools #AI #ChatGPT https://t.co/rN1KvMPp08,151,0,14548913.0,NikPeachey,1.63e+18,Thu Feb 23 09:21:53 +0000 2023,2023/2/23 9:21,0,1,0,https://twitter.com/NikPeachey/status/1628686574538969089,1,86334
86340,7 Clever Ways to Use ChatGPT to Learn a New Language Fast https://t.co/Wsz7pmZKkY #esl #efl #elt #tesol #eal #tefl #edtech #edtools #AI #ChatGPT https://t.co/7O4vvRydyJ,168,0,14548913.0,NikPeachey,1.63e+18,Thu Feb 23 09:22:46 +0000 2023,2023/2/23 9:22,3,0,2,https://twitter.com/NikPeachey/status/1628686798195986432,5,86341
86549,How to Use ChatGPT as an Example Machine | Cult of Pedagogy https://t.co/ztuAzspcsh #esl #efl #elt #tesol #eal #tefl #edtech #edtools #AI #ChatGPT https://t.co/csXoCYNKoW,170,0,14548913.0,NikPeachey,1.63e+18,Thu Feb 23 10:00:11 +0000 2023,2023/2/23 10:00,9,2,0,https://twitter.com/NikPeachey/status/1628696211292098561,11,86550
87241,Half of workers think ChatGPT will help them perform better https://t.co/SQwAxxZ1zW  #esl #efl #elt #tesol #eal #tefl #edtech #edtools #AI #ChatGPT https://t.co/eMfX1z6CX9,171,0,14548913.0,NikPeachey,1.63e+18,Thu Feb 23 12:00:35 +0000 2023,2023/2/23 12:00,0,0,0,https://twitter.com/NikPeachey/status/1628726513641168896,0,87242
87639,7 Clever Ways to Use ChatGPT to Learn a New Language Fast https://t.co/xvtLEEMEnS  #esl #efl #elt #tesol #eal #tefl #edtech #edtools #AI #ChatGPT https://t.co/ZblMmcuAWR,169,0,14548913.0,NikPeachey,1.63e+18,Thu Feb 23 13:00:04 +0000 2023,2023/2/23 13:00,2,0,0,https://twitter.com/NikPeachey/status/1628741483518894081,2,87640
