,full_text,text_length,at_num,user_id_str,screen_name,id_str,created_at,publish_time,favorite_count,retweet_count,reply_count,tweet_url,total_heat,tt
51039,"Gartmore Falls, Sri Lanka

Watch Full Length Videos in https://t.co/zTem9RYWbq
#MCStan #YaAllah #Adani #AdaniFiles #SimJews #SidKiara #Trending #TrendingNow #AllAmericanHomecoming #BBCDocumentary #CarabaoCup #ChatGPT #CriticsChoiceAwards #DeadlineDay #Floki https://t.co/zQo0tW7uWN",284,0,1.44e+18,Trendin25843381,1.62e+18,Tue Feb 07 06:46:11 +0000 2023,2023/2/7 6:46,1,0,0,https://twitter.com/Trendin25843381/status/1622849183547006978,1,51040
51085,"Mount Vernon Water Fall, Srilanka

Watch Full Length Videos in https://t.co/zTem9RYWbq
#MCStan #YaAllah #Adani #AdaniFiles #SimJews #SidKiara #Trending #TrendingNow #AllAmericanHomecoming #BBCDocumentary #CarabaoCup #ChatGPT #CriticsChoiceAwards #DeadlineDay #Floki https://t.co/23lCJ7fVA5",292,0,1.44e+18,Trendin25843381,1.62e+18,Tue Feb 07 06:51:42 +0000 2023,2023/2/7 6:51,1,0,0,https://twitter.com/Trendin25843381/status/1622850574231429120,1,51086
51114,"Sigiriya Lion's Rock, Srilanka

Watch Full Length Videos in https://t.co/zTem9RYWbq
#MCStan #YaAllah #Adani #AdaniFiles #SimJews #SidKiara #Trending #TrendingNow #AllAmericanHomecoming #BBCDocumentary #CarabaoCup #ChatGPT #CriticsChoiceAwards #DeadlineDay #Floki https://t.co/KvSQa8qMBO",289,0,1.44e+18,Trendin25843381,1.62e+18,Tue Feb 07 06:54:46 +0000 2023,2023/2/7 6:54,1,0,0,https://twitter.com/Trendin25843381/status/1622851346113368064,1,51115
51149,"Temple of the Tooth, Kandy, Srilanka
Watch Full Length Videos in https://t.co/zTem9RYWbq
#MCStan #YaAllah #Adani #AdaniFiles #SimJews #SidKiara #Trending #TrendingNow #AllAmericanHomecoming #BBCDocumentary #CarabaoCup #ChatGPT #CriticsChoiceAwards #DeadlineDay #Floki https://t.co/HWfiAxqUSA",293,0,1.44e+18,Trendin25843381,1.62e+18,Tue Feb 07 06:59:18 +0000 2023,2023/2/7 6:59,3,0,0,https://twitter.com/Trendin25843381/status/1622852487836479489,3,51150
51181,"Traditional Fisherman in Weligama, Srilanka
Watch Full Length Videos in https://t.co/zTem9RYWbq
#MCStan #YaAllah #Adani #AdaniFiles #SimJews #SidKiara #Trending #TrendingNow #AllAmericanHomecoming #BBCDocumentary #CarabaoCup #ChatGPT #CriticsChoiceAwards #DeadlineDay #Floki https://t.co/UQQXT0uyPj",300,0,1.44e+18,Trendin25843381,1.62e+18,Tue Feb 07 07:00:57 +0000 2023,2023/2/7 7:00,2,0,1,https://twitter.com/Trendin25843381/status/1622852902426656770,3,51182
