,full_text,text_length,at_num,user_id_str,screen_name,id_str,created_at,publish_time,favorite_count,retweet_count,reply_count,tweet_url,total_heat,tt
44053,"Thanks for giving us such a great opportunity.I am supporting it!

@HThiloka
@NFT_043
@MOHASINKOBIR2

#BotEngineering #protocol #OpenAI #ChatGPT #bnba?  a?  a?   #future #technology",187,3,1.5e+18,Sagorhossainny,1.62e+18,Fri Feb 03 12:18:08 +0000 2023,2023/2/3 12:18,0,0,0,https://twitter.com/Sagorhossainny/status/1621483171031437313,0,44054
48766,"@bepaitoken Very brilliant &amp; interesting project at its early stage. I really excited for this  airdrop Its community is fast growing. This has definitely huge potential as well.

@Rohma0601 
@Zeltha4 
@PangestuMaryogi 

#BotEngineering #protocol #OpenAI #ChatGPT #bnba?  a?  a?   #technology",302,4,1.43e+18,DaniSatrianto,1.62e+18,Tue Feb 07 00:26:21 +0000 2023,2023/2/7 0:26,0,0,0,https://twitter.com/DaniSatrianto/status/1622753596210319361,0,48767
52659,"Very brilliant &amp; interesting project at its early stage. I really excited for this  airdrop Its community is fast growing. This has definitely huge potential as well.

@Rohma0601
 
@Zeltha4
 
@PangestuMaryogi

#BotEngineering #protocol #OpenAI #ChatGPT #bnba?  a?  a?   #technology",293,3,1.52e+18,HendarH32378393,1.62e+18,Tue Feb 07 09:38:20 +0000 2023,2023/2/7 9:38,1,0,0,https://twitter.com/HendarH32378393/status/1622892507683241984,1,52660
53565,"Awesome projeck,good idea projeck
@Yadanar124
@zarni_123
@ThuKhaA51556344
#BotEngineering #protocol #OpenAI #ChatGPT #bnba?  a?  a?   #future #technology",157,3,1.51e+18,WillGod166,1.62e+18,Tue Feb 07 11:10:28 +0000 2023,2023/2/7 11:10,0,0,1,https://twitter.com/WillGod166/status/1622915693497966607,1,53566
54249,@bepaitoken #BotEngineering #protocol #OpenAI #ChatGPT #bnba?  a?  a?   #future #technology,91,1,112623981.0,Wira_260488,1.62e+18,Tue Feb 07 12:19:20 +0000 2023,2023/2/7 12:19,1,1,0,https://twitter.com/Wira_260488/status/1622933025192574977,2,54250
54845,"High reputation and strong real name, I hope more friends will participate in the understand
@Nendar65067691
@peelekh
@Kusen37142731

#BotEngineering #protocol #OpenAI #ChatGPT #bnba?  a?  a?   #future #technology",218,3,1.41e+18,Gamant11,1.62e+18,Tue Feb 07 13:21:04 +0000 2023,2023/2/7 13:21,0,0,0,https://twitter.com/Gamant11/status/1622948562647781376,0,54846
