,full_text,text_length,at_num,user_id_str,screen_name,id_str,created_at,publish_time,favorite_count,retweet_count,reply_count,tweet_url,total_heat,tt
43111,#OpenAI comienza a monetizar su herramienta m??s popular con #ChatGPT Plus https://t.co/nIJnhiy28Y+ #inteligenciaartificial https://t.co/CcH0vdOHGt,147,0,249885988.0,Digital_Too,1.62e+18,Fri Feb 03 09:46:22 +0000 2023,2023/2/3 9:46,0,0,0,https://twitter.com/Digital_Too/status/1621444979565395968,0,43112
61664,#OpenAI comienza a monetizar su herramienta m??s popular con #ChatGPT Plus https://t.co/nIJnhiy28Y+ #inteligenciaartificial https://t.co/HN8kMymQ72,147,0,249885988.0,Digital_Too,1.62e+18,Thu Feb 09 22:46:20 +0000 2023,2023/2/9 22:46,0,0,0,https://twitter.com/Digital_Too/status/1623815591789314049,0,61665
70178,#OpenAI comienza a monetizar su herramienta m??s popular con #ChatGPT Plus https://t.co/tP0FnmjCk7+ #inteligenciaartificial https://t.co/URQNfxPPWt,147,0,249885988.0,Digital_Too,1.63e+18,Mon Feb 13 08:46:23 +0000 2023,2023/2/13 8:46,0,0,0,https://twitter.com/Digital_Too/status/1625053762040606720,0,70179
76704,#OpenAI comienza a monetizar su herramienta m??s popular con #ChatGPT Plus https://t.co/tP0FnmjCk7+ #inteligenciaartificial https://t.co/ETixxax9je,147,0,249885988.0,Digital_Too,1.63e+18,Wed Feb 15 07:46:22 +0000 2023,2023/2/15 7:46,0,0,0,https://twitter.com/Digital_Too/status/1625763432589819904,0,76705
81987,#OpenAI comienza a monetizar su herramienta m??s popular con #ChatGPT Plus https://t.co/tP0FnmjCk7+ #inteligenciaartificial https://t.co/MStBEeqA3I,147,0,249885988.0,Digital_Too,1.63e+18,Wed Feb 15 23:46:22 +0000 2023,2023/2/15 23:46,0,0,0,https://twitter.com/Digital_Too/status/1626005025309835266,0,81988
