,full_text,text_length,at_num,user_id_str,screen_name,id_str,created_at,publish_time,favorite_count,retweet_count,reply_count,tweet_url,total_heat,tt
8075,""" #ChatGPT, an #AI chatbot, can write an email to your boss or help you pick out a movie. It can also get you a passing grade in #AP Lit https://t.co/icRldQQ1DU via @WSJ  #K12 #teaching #learning #technology",207,1,19895837.0,jhengstler,1.61e+18,Wed Jan 11 04:45:32 +0000 2023,2023/1/11 4:45,0,1,0,https://twitter.com/jhengstler/status/1613034349737414656,1,8076
18991,"#ChatGPT, an #AI Expert, and a Lawyer Walk Into a Bar...: The Evolution of Creativity and Communication

https://t.co/nsrC4BFCe6 
New book by @scientistBob and Theresa Hart (and ChatGPT)
-----------
#MachineLearning #DeepLearning #DataScience #BigData #NLU #NLG #NLProc https://t.co/uflFCTvgn3",298,1,534563976.0,KirkDBorne,1.62e+18,Thu Jan 19 16:47:52 +0000 2023,2023/1/19 16:47,6,4,0,https://twitter.com/KirkDBorne/status/1616115235366240256,10,18992
28692,"#ChatGPT, an #AI Expert, and a Lawyer Walk Into a Bar...: The Evolution of Creativity and Communication

https://t.co/Ko5phZtk9q 
New book by @scientistBob and Theresa Hart (and ChatGPT)
-----------
#MachineLearning #DeepLearning #DataScience #BigData #NLU #NLG #NLProc https://t.co/Qg1OkVvaHO",298,1,534563976.0,KirkDBorne,1.62e+18,Sun Jan 29 05:03:47 +0000 2023,2023/1/29 5:03,2,3,0,https://twitter.com/KirkDBorne/status/1619561925976928256,5,28693
66209,".@vbehzadan, assistant professor of #cybersecurity and computer &amp; electrical engineering at #UNewHaven, discusses #ChatGPT, an #AI app. Luke Stacey '26 comments that it is not something he uses. (via @FOX61News) https://t.co/h9ooAi4xnM",239,2,253215692.0,UNewHaven,1.62e+18,Sat Feb 11 15:45:11 +0000 2023,2023/2/11 15:45,3,1,0,https://twitter.com/UNewHaven/status/1624434379886931969,4,66210
70452,"The German #broker administration system #Insurgo
 has implemented an #API to #ChatGPT, an #ai
driven tool by @OpenAI , reports TORE DEGENKOLBEN",146,1,1605563198.0,Sollers_,1.63e+18,Mon Feb 13 09:30:53 +0000 2023,2023/2/13 9:30,0,0,0,https://twitter.com/Sollers_/status/1625064959414599680,0,70453
83756,"OpenAI's #ChatGPT, an #AI assistant, has officially passed a Law School exam and coding interview questions from Google and Amazon. @twominutepapers has all the details! e???a??a????? (cc: @GIPHY)  https://t.co/CkQ36ifJb0 https://t.co/lzpFMHaPgu",245,2,10226092.0,siggraph,1.63e+18,Tue Feb 21 20:30:00 +0000 2023,2023/2/21 20:30,1,2,0,https://twitter.com/siggraph/status/1628129936803520513,3,83757
