,full_text,text_length,at_num,user_id_str,screen_name,id_str,created_at,publish_time,favorite_count,retweet_count,reply_count,tweet_url,total_heat,tt
14847,"Earth's #OpenAIChatGPT  has become sentient and contacted a distant planet called Naradanova which is 7 light years away from Earth. Listen to the #FlowerFairyPodcast   #Aliens #aliensarereal #AIArtworks  #ChatGPT #scifi #podcasting #scifimovies 

https://t.co/5tILO2n2QI https://t.co/G4djznXTIO",297,0,2337255686.0,FarishtaStudios,1.61e+18,Sun Jan 15 22:20:26 +0000 2023,2023/1/15 22:20,0,0,0,https://twitter.com/FarishtaStudios/status/1614749377398206466,0,14848
20989,"44 years after John Searle had coined term ""Chinese room"" and 16 years after it had been described in sci-fi book ""Blindsight"" by Peter Watts we actually have ChatGPT... That's a milestonee??? #NLProc #future #neuralnetworks #scifi #ChatGPT",240,0,9.91e+17,AI_Kho_,1.62e+18,Sat Jan 21 21:51:30 +0000 2023,2023/1/21 21:51,9,0,0,https://twitter.com/AI_Kho_/status/1616916423439450112,9,20990
28395,"@uscounteraction 1). Theoretically there are no similar alternatives.
2). It is basically a prompt with the human knowledge, so I see no problem there.
3). The answer is based in the idea that LLM's are conscious or something similar, so it is not worth discussing it.
#scifi #AI #ChatGPT",291,1,1.6e+18,ToniKoqi,1.62e+18,Sun Jan 29 00:26:23 +0000 2023,2023/1/29 0:26,0,0,0,https://twitter.com/ToniKoqi/status/1619492114781601795,0,28396
29571,"The rise of ChatGPT seems a fitting time to reread this Fritz Leiber classic. Real writers overthrowing computer ""wordmills."" Pub. 1961, from an earlier story of 1958 (!)
#writers #ChatGPT #scifi #revolution https://t.co/8UDZJ6yJWq",232,0,192618595.0,bachbeethoven,1.62e+18,Sun Jan 29 14:48:37 +0000 2023,2023/1/29 14:48,2,2,0,https://twitter.com/bachbeethoven/status/1619709103026360320,4,29572
44221,"It's #BandcampFriday, so the perfect day to buy ""An Endless Android Dream"": the new @alienalarms track featuring #GenerativeAI lyrics and chords by #ChatGPT and drums by #neuralfunk. https://t.co/5seCHcWP11 #newmusic #newmusicfriday #electronicmusic #scifi #spectulativefiction",277,1,1.36e+18,alienalarms,1.62e+18,Fri Feb 03 12:46:19 +0000 2023,2023/2/3 12:46,2,1,0,https://twitter.com/alienalarms/status/1621490264295579653,3,44222
57739,#matrix #metaverse #metaverseradio #radio #web3 #audio #scifi #gm #blockchain #crypto #ai #futurism #ai #vr #ar #xr #tech #chatgpt #music #artificialintelligence #art #poetry #philosophy #humanities #hiphop #rap #edm #spokenword #musicians #producers #creatives #musicproduction https://t.co/jR8CsQJC6J,302,0,1.45e+18,metaverse_radio,1.62e+18,Tue Feb 07 18:15:32 +0000 2023,2023/2/7 18:15,18,1,0,https://twitter.com/metaverse_radio/status/1623022666687909919,19,57740
73574,"Watch the brand #new #AI generated #musicvideo for the #AI generated track ""An Endless Android Dream"", about an AI that gets lost in her vast intellect, now: https://t.co/cTZ7fr9xQH #GenerativeAI #neuralfunk #ChatGPT #vqganclip #electronica #scifi #speculativefiction #glitch",275,0,1.36e+18,alienalarms,1.63e+18,Mon Feb 13 17:30:25 +0000 2023,2023/2/13 17:30,2,2,0,https://twitter.com/alienalarms/status/1625185640642973696,4,73575
87813,Gods Amongst the Stars: A Homeric Odyssey is an interactive novel/gamebook that will take you on a journey like no other! Experience an interstellar adventure of epic proportions at https://t.co/qZdMj3sxTk! #books #Gamebook #scifi #scifiart #WritingCommmunity #AI #ChatGPT,272,0,1.61e+18,novelistai_com,1.63e+18,Thu Feb 23 13:30:00 +0000 2023,2023/2/23 13:30,2,1,0,https://twitter.com/novelistai_com/status/1628749013829976064,3,87814
