,full_text,text_length,at_num,user_id_str,screen_name,id_str,created_at,publish_time,favorite_count,retweet_count,reply_count,tweet_url,total_heat,tt
8944,"Ice sports training camp organized by Khyber Pakhtunkhwa Culture and Tourism Authority.

#KPbuzz #SaudiArabia #MissionMajnu #rain  #PathaanTrailer #PakvsNZ #snowfall #? 歙??  ? 歙?_  ??  _?  ?  ?|??  ?? 歙?_?????a??_    ?   #ChatGPT #GoldenGlobes2023 #?  ?  _  ??  ?|  ??3_?a  ?_??  ?    ?? https://t.co/WhsCAyp7aO",313,0,1.59e+18,DrSajidDsk,1.61e+18,Wed Jan 11 12:01:39 +0000 2023,2023/1/11 12:01,6,1,0,https://twitter.com/DrSajidDsk/status/1613144102815539202,7,8945
9748,"  ??2???   ?  ?1  ??? ?????  ?     ????a  ?  ???  ??     ??   ? 楱???   ??? ? 台 ??  ?a?-? 歙?   ??? ?-  ?? 歙??? ?3?? ??? 台 ??  ??       ??a      ?!!!
  ?  ?      ?  o   ?  ?   ?  ? ?  ??  1   ??   ? 楱??     ??????     ??    ???   ???   ????? 35 ?  ?  ?   ?    ?  ??? ?3?  ?3  ??? ?  ?? ?  ???? ????  o ??

#KPbuzz #SaudiArabia #MissionMajnu #rain  #PathaanTrailer #PakvsNZ #snowfall #? 歙??  ? 歙?_  ??  _?  ?  ?|??  ?? 歙?_?????a??_    ?   #ChatGPT #GoldenGlobes2023 https://t.co/B8XSAPRVKd",489,0,1.59e+18,DrSajidDsk,1.61e+18,Wed Jan 11 16:53:58 +0000 2023,2023/1/11 16:53,10,1,1,https://twitter.com/DrSajidDsk/status/1613217664746328080,12,9749
15786,"It's not about #Qasim_Ali_Shah #GranHermano #ChatGPT #NepalPlaneCrash or JI and PTI but
e???
?????  ?     ????a  ?  ???  ??     ???  o   ?  ?  ???  ?   ???  ???
? 歙?  ???  ?    ?  ?  o   ?  ? ?1  ??   ?    ??     ???   ??1?2  ??  ?? ?3?? ?    ?? 歙???   ???  ????|?? ???   ?  ?  ?     ?  ?  ???  ?   ???   ??  ?  ?? ???    ??     ?  ?  ??  ?|??  o??
#KPbuzz #PolioFreeKp #AntiPolioCampaignKP https://t.co/61ABeU2UIb",418,0,1.54e+18,Nukhan2197,1.62e+18,Tue Jan 17 08:08:58 +0000 2023,2023/1/17 8:08,0,0,0,https://twitter.com/Nukhan2197/status/1615259874765545473,0,15787
51804,"?  ???3  ???  ?   1??  ? / ?a?    ????? ?2  ??2  ???   ??a?  ???  ??  ? 
  ?? 歙??3?a? 歙?   ??? ??? 歙??   ?3?? ?a?    ?????   ??a?  ???  ??  ?   ???  ??|?? 
?  ???3  ???  ?   1??  ?   ??? 7   1  ? ?  ???3  ???  ? ? 楱??  ?a ?3  ????a  ?a?    ?????   ??? ??? 歙??   ? 歙?? 歙? ?    ??    ???
#KPbuzz #Turkey #MujhePyaarHuaTha
#      ?  1???  _?  ?  ?2?  ? 歙?_  ??  ??  ?_  ?  ??  ?2
#ChatGPT

 #  ??  ?-  1?  ??  ??  ??  ? 洙? 歙??  ?    ??  ? 戗??  ?    ??  ??  1? #TereBin
#?2  ??2? 歙? https://t.co/5440ro0qsW",510,0,1.53e+18,BatmanAhmad1,1.62e+18,Tue Feb 07 08:09:05 +0000 2023,2023/2/7 8:09,5,1,0,https://twitter.com/BatmanAhmad1/status/1622870048883736576,6,51805
52619,"Aid from Pakistan to Turkey victims 

A fifty-one-member rescue team has left to help the earthquake victims.
The rescue team flew to Turkey with 7 tons of rescue equipment ...
#KPbuzz #Turkey #TurkeyEarthquake
#PrayForTurkey
#?a  ?_??  1?  ?  _??  ?_  ??  ?|??  ?    ??_?1  ??  ? 歙?
#ChatGPT https://t.co/Qd6SO4aHxm",323,0,1.54e+18,ZaheerK49527861,1.62e+18,Tue Feb 07 09:34:25 +0000 2023,2023/2/7 9:34,26,20,0,https://twitter.com/ZaheerK49527861/status/1622891522600435712,46,52620
