,full_text,text_length,at_num,user_id_str,screen_name,id_str,created_at,publish_time,favorite_count,retweet_count,reply_count,tweet_url,total_heat,tt
10572,"It was not enough to have bought #BigTech, legacy #media, #academia, #Corporate #America, professional #sports, some #Churches, and #schools. Even #ChatGPT is #liberal now.

Be afraid when everybody thinks the same, even #AI.",227,0,1.49e+18,erica_hayworth,1.61e+18,Wed Jan 11 22:57:17 +0000 2023,2023/1/11 22:57,2,0,0,https://twitter.com/erica_hayworth/status/1613309099915067393,2,10573
13160,"#ChatGPT is #TheRock

#AI #MachineLearning #DataScience #ChatGPT https://t.co/bD20SvqZ0J",90,0,1.22e+18,StarappleAi,1.61e+18,Fri Jan 13 23:28:29 +0000 2023,2023/1/13 23:28,1,0,0,https://twitter.com/StarappleAi/status/1614041725508501505,1,13161
14739,#ChatGPT is #down.  Expect a comeback with a pricing plan. Hopefully not.,73,0,987497191.0,iamkennethben,1.61e+18,Sun Jan 15 20:50:45 +0000 2023,2023/1/15 20:50,0,0,0,https://twitter.com/iamkennethben/status/1614726806875082754,0,14740
29301,"Let's make it #China!

Fun fact! #ChatGPT is #BANNED in China. e??? https://t.co/PlQ1m4llYG",93,0,31148552.0,sinaneryigit,1.62e+18,Sun Jan 29 12:21:30 +0000 2023,2023/1/29 12:21,1,0,1,https://twitter.com/sinaneryigit/status/1619672079602978821,2,29302
33562,#ChatGPT is #woke.,18,0,1.49e+18,erica_hayworth,1.62e+18,Tue Jan 31 21:13:35 +0000 2023,2023/1/31 21:13,0,0,0,https://twitter.com/erica_hayworth/status/1620530759097516032,0,33563
35177,"@elonmusk @ElijahSchaffer Fucking #ChatGPT is #woke AF.

#WokeMindVirus 
#AI is #woke",88,2,8945202.0,NordicHeathenry,1.62e+18,Wed Feb 01 06:09:57 +0000 2023,2023/2/1 6:09,0,0,0,https://twitter.com/NordicHeathenry/status/1620665740088184833,0,35178
35498,"Its official.

#ChatGPT is #NonBinary

#enby",48,0,1.38e+18,DaggerOwlShield,1.62e+18,Wed Feb 01 07:30:55 +0000 2023,2023/2/1 7:30,0,0,0,https://twitter.com/DaggerOwlShield/status/1620686113542385664,0,35499
35825,#ChatGPT is #farleft https://t.co/LHtjfTKzFb,44,0,1.48e+18,monkeyetht,1.62e+18,Wed Feb 01 08:42:28 +0000 2023,2023/2/1 8:42,0,0,0,https://twitter.com/monkeyetht/status/1620704121400754177,0,35826
37542,#ChatGPT is #corrupt,20,0,1.5e+18,Maketheworld123,1.62e+18,Wed Feb 01 14:01:48 +0000 2023,2023/2/1 14:01,1,0,0,https://twitter.com/Maketheworld123/status/1620784485590765568,1,37543
40365,"The plot twist we need right now (And he would gotten away with it too, if it weren't for you meddling kids!)

#ChatGPT is #Clippy https://t.co/F7RpamsnVN",156,0,23561746.0,JennieSays_,1.62e+18,Wed Feb 01 21:21:29 +0000 2023,2023/2/1 21:21,16,3,0,https://twitter.com/JennieSays_/status/1620895135549755393,19,40366
42493,Even #ChatGPT is #woke https://t.co/ozrNOotPmu,46,0,75360703.0,rwatson1955,1.62e+18,Fri Feb 03 07:53:25 +0000 2023,2023/2/3 7:53,0,0,0,https://twitter.com/rwatson1955/status/1621416551827050496,0,42494
43802,"@ChatGPTChef @chatgpt_issac @OpenAlChat 

#ChatGPT is #RIGGED, #BIASED, #WOKE &amp; makes #Wikipedia look good! 
Convince me I'm wrong

#AI #ArtificialIntelligence 

@CartlandDavid @Michael53418170 @G0dsW8r @jordanbpeterson @michaelpbreton @GauteNilsen @Aceso76 @JackDan110 #ElonMusk https://t.co/5LrlMCiwyz",314,11,1.58e+18,REALTanyaRose,1.62e+18,Fri Feb 03 11:40:41 +0000 2023,2023/2/3 11:40,3,2,2,https://twitter.com/REALTanyaRose/status/1621473745650044928,7,43803
47027,#ChatGPT is #racist.,20,0,500365512.0,420Founder,1.62e+18,Fri Feb 03 19:40:07 +0000 2023,2023/2/3 19:40,0,0,0,https://twitter.com/420Founder/status/1621594401989328896,0,47028
47507,"#ChatGPT is #racist

This could have been such a great tool if it wasn't in the hand of people who censors it and trains it to be biased. https://t.co/NiPsYslTjk",163,0,397462902.0,MarkLyck,1.62e+18,Fri Feb 03 21:19:37 +0000 2023,2023/2/3 21:19,0,0,0,https://twitter.com/MarkLyck/status/1621619441413808131,0,47508
48134,Just found out that #ChatGPT is #Vegan https://t.co/FUXfZk4RTs,62,0,1.55e+18,AnInchTooFar,1.62e+18,Fri Feb 03 23:46:35 +0000 2023,2023/2/3 23:46,0,0,0,https://twitter.com/AnInchTooFar/status/1621656424316035072,0,48135
53021,"So Google's revenge #AI solution to #ChatGPT is #BardAI which creates #music hmm... 

#MusicAI https://t.co/igoOs6plI4",120,0,34223629.0,CCSOUNDFACTORY,1.62e+18,Tue Feb 07 10:15:05 +0000 2023,2023/2/7 10:15,4,2,0,https://twitter.com/CCSOUNDFACTORY/status/1622901756916269058,6,53022
54876,"Googlea??s Answer to #ChatGPT is #Bard, But Will #AI  Chatbots Pose Cybersecurity Threat, Increase Crimes?

Find out here a?????
https://t.co/NYFou3xawT",155,0,1616029280.0,Bhaswati19Guha,1.62e+18,Tue Feb 07 13:24:19 +0000 2023,2023/2/7 13:24,0,0,0,https://twitter.com/Bhaswati19Guha/status/1622949378507042818,0,54877
59118,Do you think #ChatGPT is #woke ?,32,0,1.4e+18,NFTNews_NN,1.62e+18,Tue Feb 07 20:35:39 +0000 2023,2023/2/7 20:35,1,0,0,https://twitter.com/NFTNews_NN/status/1623057928730320902,1,59119
59280,If #ChatGPT is #google on #steroids then #BardAI is ChatGPT on #cocaine,71,0,48014319.0,agent_yogi_108,1.62e+18,Tue Feb 07 20:54:39 +0000 2023,2023/2/7 20:54,0,0,0,https://twitter.com/agent_yogi_108/status/1623062708135530499,0,59281
64986,"#ChatGPT is #misinformation. It states #God lies, COVID vaccinations are ""safe and effective,"" and that the earth is 4.54 billion years old. When challenged, it offered proof that no dating system exists to prove the age of the earth.",234,0,1.48e+18,mariel_bahian,1.62e+18,Sat Feb 11 12:18:42 +0000 2023,2023/2/11 12:18,0,0,0,https://twitter.com/mariel_bahian/status/1624382418785570817,0,64987
76338,#ChatGPT is #wrong #disinformation,34,0,1.55e+18,Pronounhack,1.63e+18,Wed Feb 15 06:26:34 +0000 2023,2023/2/15 6:26,0,0,0,https://twitter.com/Pronounhack/status/1625743351067852800,0,76339
83158,The #ChatGPT is #providing #wrong #information. It's saying Imran Khan is current prime minister of Pakistan whereas he has been removed from his office since 09 April 2022  #ChatGPT #Google #GoogleAI @Google @GoogleAI @googledevs @GoogleForEdu https://t.co/cfuXZSWUd6,268,4,8.65e+17,RahilShahazad,1.63e+18,Tue Feb 21 18:31:45 +0000 2023,2023/2/21 18:31,0,0,1,https://twitter.com/RahilShahazad/status/1628100176756736031,1,83159
84790,"The new #ChatGPT is #QuantumComputing !
Who will be the first to mass market?
$GOOG, $IONQ, $IBM, $BIDU ...?
 @IonQ_Inc @BaiduResearch #ArtificialIntelligence 
Google claims breakthrough in quantum computer error correction https://t.co/LsQ6rEXO5j",251,2,1.36e+18,OleronChris,1.63e+18,Thu Feb 23 03:27:21 +0000 2023,2023/2/23 3:27,0,0,0,https://twitter.com/OleronChris/status/1628597352289210368,0,84791
92709,"#ThisDayInTechHistory.  February 17, 1963.  Jensen Huang CEO 
@Nvidia is born.  Here are a few of his thoughts recently stating the #ChatGPT is #AI's iPhone moment.   https://t.co/qtzKYQ9MOx",191,1,15221598.0,jamesvgingerich,1.63e+18,Mon Feb 27 07:15:00 +0000 2023,2023/2/27 7:15,0,0,0,https://twitter.com/jamesvgingerich/status/1630104193292808195,0,92710
95255,"#ThisDayInTechHistory.  February 17, 1963.  Jensen Huang CEO @Nvidia is born.  Here are a few of his thoughts recently stating the #ChatGPT is #AI's iPhone moment. https://t.co/qtzKYQ9MOx",187,1,15221598.0,jamesvgingerich,1.63e+18,Mon Feb 27 15:36:07 +0000 2023,2023/2/27 15:36,1,2,0,https://twitter.com/jamesvgingerich/status/1630230305549197321,3,95256
95826,#ChatGPT is #down for the moment. Follow the status on https://t.co/N5mJl9fNi5 https://t.co/DvH0744iS2,102,0,1.51e+18,B__Ai_,1.63e+18,Mon Feb 27 17:02:07 +0000 2023,2023/2/27 17:02,3,0,0,https://twitter.com/B__Ai_/status/1630251946748653570,3,95827
96514,"#ThisDayInTechHistory.  February 17, 1963.  Jensen Huang CEO 
@Nvidia is born.  Here are a few of his thoughts recently stating the #ChatGPT is #AI's iPhone moment.   https://t.co/qtzKYQ9MOx",191,1,15221598.0,jamesvgingerich,1.63e+18,Mon Feb 27 19:15:00 +0000 2023,2023/2/27 19:15,3,4,0,https://twitter.com/jamesvgingerich/status/1630285387032834049,7,96515
96985,"#ThisDayInTechHistory.  February 17, 1963.  Jensen Huang CEO @Nvidia is born.  Here are a few of his thoughts recently stating the #ChatGPT is #AI's iPhone moment. https://t.co/qtzKYQ9MOx",187,1,15221598.0,jamesvgingerich,1.63e+18,Mon Feb 27 21:15:00 +0000 2023,2023/2/27 21:15,0,0,0,https://twitter.com/jamesvgingerich/status/1630315586004873216,0,96986
