,full_text,text_length,at_num,user_id_str,screen_name,id_str,created_at,publish_time,favorite_count,retweet_count,reply_count,tweet_url,total_heat,tt
41825,"Click to Play: https://t.co/7AV9V1FJpR !

#mmorpg #video #game
#space #starwars #eve #fortnite #startrek #AI #dalle #nasa #elite #ai #pubg #pc #nintendo #art #mmo #trippy #nft #fantasy #RPG #minecraft #vr #ar #xbox #Bitcoin #anime #steam #dbz #ChatGPT #future #hippy https://t.co/unWmwVJNuP",293,0,9.82e+17,StarfighterGen,1.62e+18,Fri Feb 03 05:24:45 +0000 2023,2023/2/3 5:24,6,0,0,https://twitter.com/StarfighterGen/status/1621379141466456064,6,41826
41826,"Click to Play: https://t.co/7AV9V1FJpR !

#mmorpg #video #game
#space #starwars #eve #fortnite #startrek #AI #dalle #nasa #elite #ai #pubg #pc #nintendo #art #mmo #trippy #nft #fantasy #RPG #minecraft #vr #ar #xbox #Bitcoin #anime #steam #dbz #ChatGPT #future #hippy #d12 https://t.co/ilImwmBQt2",298,0,9.82e+17,StarfighterGen,1.62e+18,Fri Feb 03 05:25:16 +0000 2023,2023/2/3 5:25,7,2,0,https://twitter.com/StarfighterGen/status/1621379270038667264,9,41827
41828,"Click to Play: https://t.co/7AV9V1FJpR !

#mmorpg #video #game
#space #starwars #eve #fortnite #startrek #AI #dalle #nasa #elite #ai #pubg #pc #nintendo #art #mmo #trippy #nft #fantasy #RPG #minecraft #vr #ar #xbox #Bitcoin #anime #steam #dbz #ChatGPT #future #hippy #d12 312 https://t.co/jMkSrWjTy7",302,0,9.82e+17,StarfighterGen,1.62e+18,Fri Feb 03 05:25:47 +0000 2023,2023/2/3 5:25,4,2,0,https://twitter.com/StarfighterGen/status/1621379399214895104,6,41829
41830,"Click to Play: https://t.co/7AV9V1FJpR !

#mmorpg #video #game
#space #starwars #eve #fortnite #startrek #AI #dalle #nasa #elite #ai #pubg #pc #nintendo #art #mmo #trippy #nft #fantasy #RPG #minecraft #vr #ar #xbox #Bitcoin #anime #steam #dbz #ChatGPT #future #hippy #d12 #ee https://t.co/DyX2TtGcsB",302,0,9.82e+17,StarfighterGen,1.62e+18,Fri Feb 03 05:26:26 +0000 2023,2023/2/3 5:26,5,0,0,https://twitter.com/StarfighterGen/status/1621379562926907392,5,41831
41841,"Click to Play: https://t.co/7AV9V1FJpR !

#mmorpg #video #game
#space #starwars #eve #fortnite #startrek #AI #dalle #nasa #elite #ai #pubg #pc #nintendo #art #mmo #trippy #nft #fantasy #RPG #minecraft #vr #ar #xbox #Bitcoin #anime #steam #dbz #ChatGPT #future #hippy #d123 https://t.co/9a9TZahhR4",299,0,9.82e+17,StarfighterGen,1.62e+18,Fri Feb 03 05:28:33 +0000 2023,2023/2/3 5:28,4,0,0,https://twitter.com/StarfighterGen/status/1621380096077488129,4,41842
41842,"Click to Play: https://t.co/7AV9V1FJpR !

#mmorpg #video #game
#space #starwars #eve #fortnite #startrek #AI #dalle #nasa #elite #ai #pubg #pc #nintendo #art #mmo #trippy #nft #fantasy #RPG #minecraft #vr #ar #xbox #Bitcoin #anime #steam #dbz #ChatGPT #future #hippy #elfgirl https://t.co/LZyYk0Es7o",302,0,9.82e+17,StarfighterGen,1.62e+18,Fri Feb 03 05:29:01 +0000 2023,2023/2/3 5:29,2,2,0,https://twitter.com/StarfighterGen/status/1621380214671433728,4,41843
41845,"Click to Play: https://t.co/7AV9V1FJpR !

#mmorpg #video #game
#space #starwars #eve #fortnite #startrek #AI #dalle #nasa #elite #ai #pubg #pc #nintendo #art #mmo #trippy #nft #fantasy #RPG #minecraft #vr #ar #xbox #Bitcoin #anime #steam #dbz #ChatGPT #future #hippy #elfgirl #d2 https://t.co/Ca7MqgOVUS",306,0,9.82e+17,StarfighterGen,1.62e+18,Fri Feb 03 05:29:35 +0000 2023,2023/2/3 5:29,3,2,1,https://twitter.com/StarfighterGen/status/1621380355126169603,6,41846
41852,"Click to Play: https://t.co/7AV9V1FJpR !

#mmorpg #video #game
#space #starwars #eve #fortnite #startrek #AI #dalle #nasa #elite #ai #pubg #pc #nintendo #art #mmo #trippy #nft #fantasy #RPG #minecraft #vr #ar #xbox #Bitcoin #anime #steam #dbz #ChatGPT #future #hippy #elfgirl #d23 https://t.co/1xI0FM7vKw",307,0,9.82e+17,StarfighterGen,1.62e+18,Fri Feb 03 05:30:12 +0000 2023,2023/2/3 5:30,4,0,0,https://twitter.com/StarfighterGen/status/1621380512072843264,4,41853
41856,"Click to Play: https://t.co/7AV9V1FJpR !

#mmorpg #video #game
#space #starwars #eve #fortnite #startrek #AI #dalle #nasa #elite #ai #pubg #pc #nintendo #art #mmo #trippy #nft #fantasy #RPG #minecraft #vr #ar #xbox #Bitcoin #anime #steam #dbz #ChatGPT #future #hippy #elfgirl #d2d https://t.co/3HZloPNuof",307,0,9.82e+17,StarfighterGen,1.62e+18,Fri Feb 03 05:30:27 +0000 2023,2023/2/3 5:30,7,3,2,https://twitter.com/StarfighterGen/status/1621380575075438593,12,41857
41865,"Click to Play: https://t.co/7AV9V1FJpR !

#mmorpg #video #game
#space #starwars #eve #fortnite #startrek #AI #dalle #nasa #elite #ai #pubg #pc #nintendo #art #mmo #trippy #nft #fantasy #RPG #minecraft #vr #ar #xbox #Bitcoin #anime #steam #dbz #ChatGPT #future #hippy #elfgirl #d2 https://t.co/9wIApZLFT7",306,0,9.82e+17,StarfighterGen,1.62e+18,Fri Feb 03 05:31:55 +0000 2023,2023/2/3 5:31,8,1,0,https://twitter.com/StarfighterGen/status/1621380945759584256,9,41866
41955,"Click to Play: https://t.co/7AV9V1FJpR !

#mmorpg #video #game
#space #starwars #eve #fortnite #startrek #AI #dalle #nasa #elite #ai #pubg #pc #nintendo #art #mmo #trippy #nft #fantasy #RPG #minecraft #vr #ar #xbox #Bitcoin #anime #steam #dbz #ChatGPT #future #hippy #elfgirl #d2 https://t.co/b5iF9bKBWk",306,0,9.82e+17,StarfighterGen,1.62e+18,Fri Feb 03 06:00:45 +0000 2023,2023/2/3 6:00,5,5,1,https://twitter.com/StarfighterGen/status/1621388198038355969,11,41956
41963,"Click to Play: https://t.co/7AV9V1FJpR !

#mmorpg #video #game
#space #starwars #eve #fortnite #startrek #AI #dalle #nasa #elite #ai #pubg #pc #nintendo #art #mmo #trippy #nft #fantasy #RPG #minecraft #vr #ar #xbox #Bitcoin #anime #steam #dbz #ChatGPT #future #hippy #elfgirl #d2d https://t.co/UPF3udqYsA",307,0,9.82e+17,StarfighterGen,1.62e+18,Fri Feb 03 06:02:00 +0000 2023,2023/2/3 6:02,6,1,1,https://twitter.com/StarfighterGen/status/1621388515471663105,8,41964
41970,"Click to Play: https://t.co/7AV9V1FJpR !

#mmorpg #video #game
#space #starwars #eve #fortnite #startrek #AI #dalle #nasa #elite #ai #pubg #pc #nintendo #art #mmo #trippy #nft #fantasy #RPG #minecraft #vr #ar #xbox #Bitcoin #anime #steam #dbz #ChatGPT #future #hippy #elfgirl #e https://t.co/K8QPwOOpjl",305,0,9.82e+17,StarfighterGen,1.62e+18,Fri Feb 03 06:02:41 +0000 2023,2023/2/3 6:02,2,0,1,https://twitter.com/StarfighterGen/status/1621388688176431104,3,41971
41972,"Click to Play: https://t.co/7AV9V1FJpR !

#mmorpg #video #game
#space #starwars #eve #fortnite #startrek #AI #dalle #nasa #elite #ai #pubg #pc #nintendo #art #mmo #trippy #nft #fantasy #RPG #minecraft #vr #ar #xbox #Bitcoin #anime #steam #dbz #ChatGPT #future #hippy #elfgirl # https://t.co/8A5CGbpTL0",304,0,9.82e+17,StarfighterGen,1.62e+18,Fri Feb 03 06:03:03 +0000 2023,2023/2/3 6:03,5,1,1,https://twitter.com/StarfighterGen/status/1621388777766748162,7,41973
41975,"Click to Play: https://t.co/7AV9V1FJpR !

#mmorpg #video #game
#space #starwars #eve #fortnite #startrek #AI #dalle #nasa #elite #ai #pubg #pc #nintendo #art #mmo #trippy #nft #fantasy #RPG #minecraft #vr #ar #xbox #Bitcoin #anime #steam #dbz #ChatGPT #future #hippy #elfgirl # https://t.co/FMHlI7kEIS",304,0,9.82e+17,StarfighterGen,1.62e+18,Fri Feb 03 06:03:29 +0000 2023,2023/2/3 6:03,2,2,1,https://twitter.com/StarfighterGen/status/1621388888391417856,5,41976
41978,"Click to Play: https://t.co/7AV9V1FJpR !

#mmorpg #video #game
#space #starwars #eve #fortnite #startrek #AI #dalle #nasa #elite #ai #pubg #pc #nintendo #art #mmo #trippy #nft #fantasy #RPG #minecraft #vr #ar #xbox #Bitcoin #anime #steam #dbz #ChatGPT #future #hippy #elfgirl #2e https://t.co/by6P13zglo",306,0,9.82e+17,StarfighterGen,1.62e+18,Fri Feb 03 06:04:12 +0000 2023,2023/2/3 6:04,2,1,1,https://twitter.com/StarfighterGen/status/1621389070373978112,4,41979
41979,"Click to Play: https://t.co/7AV9V1FJpR !

#mmorpg #video #game
#space #starwars #eve #fortnite #startrek #AI #dalle #nasa #elite #ai #pubg #pc #nintendo #art #mmo #trippy #nft #fantasy #RPG #minecraft #vr #ar #xbox #Bitcoin #anime #steam #dbz #ChatGPT #future #hippy #elfgirl #3d https://t.co/SrO3E8pL4n",306,0,9.82e+17,StarfighterGen,1.62e+18,Fri Feb 03 06:04:23 +0000 2023,2023/2/3 6:04,2,0,1,https://twitter.com/StarfighterGen/status/1621389113415942150,3,41980
41983,"Click to Play: https://t.co/7AV9V1FJpR !

#mmorpg #video #game
#space #starwars #eve #fortnite #startrek #AI #dalle #nasa #elite #ai #pubg #pc #nintendo #art #mmo #trippy #nft #fantasy #RPG #minecraft #vr #ar #xbox #Bitcoin #anime #steam #dbz #ChatGPT #future #hippy #elfgirl #r5 https://t.co/fg3oCTi58M",306,0,9.82e+17,StarfighterGen,1.62e+18,Fri Feb 03 06:05:13 +0000 2023,2023/2/3 6:05,3,3,1,https://twitter.com/StarfighterGen/status/1621389324859199489,7,41984
41987,"Click to Play: https://t.co/7AV9V1FJpR !

#mmorpg #video #game
#space #starwars #eve #fortnite #startrek #AI #dalle #nasa #elite #ai #pubg #pc #nintendo #art #mmo #trippy #nft #fantasy #RPG #minecraft #vr #ar #xbox #Bitcoin #anime #steam #dbz #ChatGPT #future #hippy #elfgirl #d2 https://t.co/UoFjmqeinB",306,0,9.82e+17,StarfighterGen,1.62e+18,Fri Feb 03 06:06:06 +0000 2023,2023/2/3 6:06,3,1,1,https://twitter.com/StarfighterGen/status/1621389548256100352,5,41988
41990,"Click to Play: https://t.co/7AV9V1FJpR !

#mmorpg #video #game
#space #starwars #eve #fortnite #startrek #AI #dalle #nasa #elite #ai #pubg #pc #nintendo #art #mmo #trippy #nft #fantasy #RPG #minecraft #vr #ar #xbox #Bitcoin #anime #steam #dbz #ChatGPT #future #hippy #elfgirl #f3 https://t.co/6IQtYOAxDN",306,0,9.82e+17,StarfighterGen,1.62e+18,Fri Feb 03 06:06:55 +0000 2023,2023/2/3 6:06,2,0,0,https://twitter.com/StarfighterGen/status/1621389753751928832,2,41991
41997,"Click to Play: https://t.co/7AV9V1FJpR !

#mmorpg #video #game
#space #starwars #eve #fortnite #startrek #AI #dalle #nasa #elite #ai #pubg #pc #nintendo #art #mmo #trippy #nft #fantasy #RPG #minecraft #vr #ar #xbox #Bitcoin #anime #steam #dbz #ChatGPT #future #hippy #elfgirl #d2 https://t.co/M8IVhPr0Cl",306,0,9.82e+17,StarfighterGen,1.62e+18,Fri Feb 03 06:07:32 +0000 2023,2023/2/3 6:07,2,1,0,https://twitter.com/StarfighterGen/status/1621389909159251975,3,41998
42011,"Click to Play: https://t.co/7AV9V1FJpR !

#mmorpg #video #game
#space #starwars #eve #fortnite #startrek #AI #dalle #nasa #elite #ai #pubg #pc #nintendo #art #mmo #trippy #nft #fantasy #RPG #minecraft #vr #ar #xbox #Bitcoin #anime #steam #dbz #ChatGPT #future #hippy #d2 https://t.co/svfqT70Yhi",297,0,9.82e+17,StarfighterGen,1.62e+18,Fri Feb 03 06:10:36 +0000 2023,2023/2/3 6:10,2,0,1,https://twitter.com/StarfighterGen/status/1621390679736713219,3,42012
42018,"Click to Play: https://t.co/7AV9V1FJpR !

#mmorpg #video #game
#space #starwars #eve #fortnite #startrek #AI #dalle #nasa #elite #ai #pubg #pc #nintendo #art #mmo #trippy #nft #fantasy #RPG #minecraft #vr #ar #xbox #Bitcoin #anime #steam #dbz #ChatGPT #future #hippy #t4 https://t.co/XkPOLSMamh",297,0,9.82e+17,StarfighterGen,1.62e+18,Fri Feb 03 06:11:12 +0000 2023,2023/2/3 6:11,2,0,1,https://twitter.com/StarfighterGen/status/1621390828454256640,3,42019
42705,"Click to Play: https://t.co/7AV9V1FJpR !

#mmorpg #video #game
#space #starwars #eve #fortnite #startrek #AI #dalle #nasa #elite #ai #pubg #pc #nintendo #art #mmo #trippy #nft #fantasy #RPG #minecraft #vr #ar #xbox #Bitcoin #anime #steam #dbz #ChatGPT #future #hippy #elfgirl #3 https://t.co/b3N8Lc0Naj",305,0,9.82e+17,StarfighterGen,1.62e+18,Fri Feb 03 08:28:44 +0000 2023,2023/2/3 8:28,2,2,0,https://twitter.com/StarfighterGen/status/1621425442254163969,4,42706
