,full_text,text_length,at_num,user_id_str,screen_name,id_str,created_at,publish_time,favorite_count,retweet_count,reply_count,tweet_url,total_heat,tt
44780,"#ChatGPT has done some amazing marketing to his this e?   

https://t.co/w0Rxshljhk

#NFFC #rudiger #piersmorgan #tanya #brunomars #tomholland #TheApprentice #bbcqr #shaq #dragonsden #zipzap #DragonsDenGR",208,0,1.56e+18,KrissBaileyWeb3,1.62e+18,Fri Feb 03 14:01:30 +0000 2023,2023/2/3 14:01,0,1,0,https://twitter.com/KrissBaileyWeb3/status/1621509183194660864,1,44781
44787,"#ChatGPT has done some amazing marketing to his this e?   

https://t.co/rwVEGrzvOOa?|

#NFFC #rudiger #piersmorgan #tanya #brunomars #tomholland #TheApprentice #bbcqr #shaq #dragonsden #zipzap #DragonsDenGR
#MUFC",218,0,1.56e+18,KrissBaileyWeb3,1.62e+18,Fri Feb 03 14:02:34 +0000 2023,2023/2/3 14:02,0,1,0,https://twitter.com/KrissBaileyWeb3/status/1621509453379149826,1,44788
44791,"#ChatGPT has done some amazing marketing to his this e?   

https://t.co/rwVEGrzvOOa?|

#NFFC #rudiger #piersmorgan #tanya #brunomars #tomholland #TheApprentice #bbcqr #shaq #dragonsden #zipzap #DragonsDenGR
#BandcampFriday",228,0,1.56e+18,KrissBaileyWeb3,1.62e+18,Fri Feb 03 14:02:51 +0000 2023,2023/2/3 14:02,0,1,0,https://twitter.com/KrissBaileyWeb3/status/1621509523176587264,1,44792
44796,"#ChatGPT has done some amazing marketing to his this e?   

https://t.co/rwVEGrzvOOa?|

#NFFC #rudiger #piersmorgan #tanya #brunomars #tomholland #TheApprentice #bbcqr #shaq #dragonsden #zipzap #DragonsDenGR
#TheApprentice",227,0,1.56e+18,KrissBaileyWeb3,1.62e+18,Fri Feb 03 14:03:05 +0000 2023,2023/2/3 14:03,0,1,0,https://twitter.com/KrissBaileyWeb3/status/1621509583792640003,1,44797
44797,"#ChatGPT has done some amazing marketing to his this e?   

https://t.co/rwVEGrzvOOa?|

#NFFC #rudiger #piersmorgan #tanya #brunomars #tomholland #TheApprentice #bbcqr #shaq #dragonsden #zipzap #DragonsDenGR
#bbcqt",219,0,1.56e+18,KrissBaileyWeb3,1.62e+18,Fri Feb 03 14:03:16 +0000 2023,2023/2/3 14:03,0,1,0,https://twitter.com/KrissBaileyWeb3/status/1621509629141487617,1,44798
46742,"#ChatGPT has done some amazing marketing to his this e?   
https://t.co/fVFqJZB4h6
https://t.co/WLO9nqnylv
https://t.co/rwVEGryXZg a?|

#NFFC #rudiger #piersmorgan #tanya #brunomars #tomholland #TheApprentice #bbcqr #shaq #dragonsden #zipzap #DragonsDenGR
#MUFC
#powerrangers",282,0,1.56e+18,KrissBaileyWeb3,1.62e+18,Fri Feb 03 18:49:56 +0000 2023,2023/2/3 18:49,0,1,0,https://twitter.com/KrissBaileyWeb3/status/1621581772969443328,1,46743
