,full_text,text_length,at_num,user_id_str,screen_name,id_str,created_at,publish_time,favorite_count,retweet_count,reply_count,tweet_url,total_heat,tt
6973,"https://t.co/PrigcKanDD

Double-edged Sword #stackoverflow #ChatGPT #AI #NLP @ChatGPTBot @StackOverflow @sama",111,3,1.57e+18,Manan300392,1.61e+18,Mon Jan 09 16:43:45 +0000 2023,2023/1/9 16:43,0,0,1,https://twitter.com/Manan300392/status/1612490319291121665,1,6974
10132,@OpenAI @StackOverflow #ChatGPT #javascript #python #java #documentation #stackoverflow #OpenAI #github https://t.co/Y9f7Kz6YtO,127,2,62469671.0,AlazTetik,1.61e+18,Wed Jan 11 19:20:32 +0000 2023,2023/1/11 19:20,0,0,0,https://twitter.com/AlazTetik/status/1613254551452147714,0,10133
12279,"Are you using ChatGPT or Stackoverflow?

#chatgpt #stackoverflow #dev #indiedev #developer #programmer #coding #code #computer #science #ai #machinelearning #artificialintelligence #business #devs #mobiledev #webdev #gamedev https://t.co/SOePMdT9Rt",250,0,8.46e+17,Devadrion,1.61e+18,Fri Jan 13 16:06:20 +0000 2023,2023/1/13 16:06,1,1,0,https://twitter.com/Devadrion/status/1613930455492923394,2,12280
14574,#ChatGPT #stackoverflow #documentation https://t.co/6XqFMYdAqf,62,0,27451438.0,DejanMajkic,1.61e+18,Sun Jan 15 18:33:29 +0000 2023,2023/1/15 18:33,0,0,1,https://twitter.com/DejanMajkic/status/1614692262734356480,1,14575
19552,Todo el mundo este 2023a?|.. #chatgpt #stackoverflow #coding https://t.co/5LQkla3bAx,84,0,1.44e+18,jonatanjimeneza,1.62e+18,Thu Jan 19 20:53:20 +0000 2023,2023/1/19 20:53,1,0,0,https://twitter.com/jonatanjimeneza/status/1616177006839988224,1,19553
39083,"Download Merlin now...

Still don't know merlin?

Merlin is a ChatGPT based browser extension that help you access #chatgpt on any website with just one command.

#merlin #merlinbyfoyer #openai 
#stackoverflow #programming #python #html #javascript #programmer #java #coding #css https://t.co/qjUk5hTsRn",310,0,1.46e+18,Soft_Junk,1.62e+18,Wed Feb 01 17:54:20 +0000 2023,2023/2/1 17:54,3,0,0,https://twitter.com/Soft_Junk/status/1620843002825687040,3,39084
56381,"#ChatGPT  #OpenAI #ChatGPTGOD #AI 
#codingmemes  #programmingmemes #developmentmemes #MEMES #funny #developmentmemes #stackoverflow #Google https://t.co/tDiMF3Xd9F",164,0,1.42e+18,AzimChy994,1.62e+18,Tue Feb 07 15:46:10 +0000 2023,2023/2/7 15:46,1,0,0,https://twitter.com/AzimChy994/status/1622985077851586561,1,56382
58328,"Oh man! The world seems to be coming to a standstill soon LOL!! e?  2

#vscode #stackoverflow #ChatGPT #reddit",112,0,3170837730.0,sbis04,1.62e+18,Tue Feb 07 19:09:33 +0000 2023,2023/2/7 19:09,4,0,0,https://twitter.com/sbis04/status/1623036259013914625,4,58329
87771,"N?  o tenham medo caros colegas....
?? o mesmo que o stackoverflow. 

S?3 que o chatGPT responde....

#Webdevlopment #ChatGPT #stackoverflow #designers #Webdesign https://t.co/arqrEVV0re",191,0,2570774741.0,Ribeiro89Rute,1.63e+18,Thu Feb 23 13:22:42 +0000 2023,2023/2/23 13:22,1,0,0,https://twitter.com/Ribeiro89Rute/status/1628747175973859329,1,87772
94727,"Ujung-ujungnya ChatGPT lagi 

e??  Follow @algobash_ 
e??  Follow @algobash_ 

------------------------------------------

#chatGPT #programmer #stackoverflow #coding #programming #programmingmemes #programmingjoke #programminghumor #codinglife #codingmeme #Memes #ngakakkocak https://t.co/TuTR4eadnW",307,2,1.36e+18,algobash_,1.63e+18,Mon Feb 27 14:28:07 +0000 2023,2023/2/27 14:28,3,2,0,https://twitter.com/algobash_/status/1630213192705261568,5,94728
95944,"Which one is best for developer
#chatgpt #chatgptdown #google #stackoverflow #git",82,0,1.44e+18,mayurskambariya,1.63e+18,Mon Feb 27 17:20:39 +0000 2023,2023/2/27 17:20,0,0,0,https://twitter.com/mayurskambariya/status/1630256610386878464,0,95945
