,full_text,text_length,at_num,user_id_str,screen_name,id_str,created_at,publish_time,favorite_count,retweet_count,reply_count,tweet_url,total_heat,tt
21365,"No dir??s mentiras #movie #reel #shorts #ChatGPT #IA #distopico #hollywood #terror #horror #suspenso #cienciaficcion #top #chat #chatting #skynet #genesis #argentina #mexico #japan #eeuu #brasil #colombia #top #viral 
https://t.co/PB9ThBfb6A",242,0,555462596.0,Asurcana,1.62e+18,Mon Jan 23 18:50:50 +0000 2023,2023/1/23 18:50,0,0,0,https://twitter.com/Asurcana/status/1617595731656704030,0,21366
27548,"Decidement.. ca??est le vrai #topTrends du moment ce #ChatGPT ..encore en #top #tweets du jour, mais aussi des journalistes, ( @Cyrilhanouna y compris.. qui en parlait r??cemmet e???) alors qua??en ferata??on ? _e?  ?_ #chatGPT #IntelligenceArtificielle",253,1,1.11e+18,myCoffeeMoment_,1.62e+18,Fri Jan 27 17:19:18 +0000 2023,2023/1/27 17:19,2,0,0,https://twitter.com/myCoffeeMoment_/status/1619022248253489153,2,27549
39253,"""Iris"" - Available on all platforms!
#asurcana #music #song #newsingle #single #guitar #top #spotify #youtube #tidal #argentina #mexico #eeuu #japan #chillwave #synthwave #anime #citypop #Iris #top #viral #ChatGPT #IA #bso 
https://t.co/gzRC0B0RA4",249,0,555462596.0,Asurcana,1.62e+18,Wed Feb 01 18:19:20 +0000 2023,2023/2/1 18:19,9,1,1,https://twitter.com/Asurcana/status/1620849294063583233,11,39254
70505,"ChatGPT (Generative Pre-trained Transformer)
#chatgpt #openai #techlover #technology #tech #technology #new #ai #artificialintelligence #trending #trend #instagram #reels #top #google #microsoft #india https://t.co/2BZhi9pMHC",226,0,1.62e+18,thetechthunders,1.63e+18,Mon Feb 13 09:40:55 +0000 2023,2023/2/13 9:40,1,1,0,https://twitter.com/thetechthunders/status/1625067486952697857,2,70506
86917,"CryptoGPT
Refer&amp;Earn
https://t.co/XC6inqc57O
#crypto #CryptoGPT #referral #Invite #CryptoCommunity #free #portugal #brasil #top #ChatGPT #ChampionsLeague #GH2022 https://t.co/UlM4scvKQH",192,0,33315263.0,Lusitaniae_Hab,1.63e+18,Thu Feb 23 11:05:01 +0000 2023,2023/2/23 11:05,1,0,0,https://twitter.com/Lusitaniae_Hab/status/1628712529911336961,1,86918
92883,"e??   #ViralRabbi #According #To #ChatGPT, #here #is #a #list #of #alleged #information #regarding #top #resources #on #Earth:
    1. Data
    2. Air
    3. Water
    4. Timber
    5. Oil
    6. Coal
    7. Iron
    8. Copper
    9. Gold
    10. Silver
    11. Platinum
    12.a?|",292,0,1.38e+18,BestRabbiEver,1.63e+18,Mon Feb 27 08:00:33 +0000 2023,2023/2/27 8:00,0,0,0,https://twitter.com/BestRabbiEver/status/1630115658947235841,0,92884
