,full_text,text_length,at_num,user_id_str,screen_name,id_str,created_at,publish_time,favorite_count,retweet_count,reply_count,tweet_url,total_heat,tt
11069,"When you spend 5 hours learning #AWS #CloudDevelopmentKit and you finally deploy your stack and it WORKS!

I fetching love #ChatGPT 

Guess I need to go learn #Flux as well. 

Does Flux do serverless? https://t.co/pUU4kNsPpm",230,0,2150023154.0,LuzzoticaLong,1.61e+18,Fri Jan 13 06:09:21 +0000 2023,2023/1/13 6:09,25,9,2,https://twitter.com/LuzzoticaLong/status/1613780220498309120,36,11070
14216,"#AWS #ChatGPT  #OpenAI #?????  ???????????????
CloudFormation????????3????????????????????????????????????Chat GPT???  ?|?????|??????https://t.co/RTethTdyMX",157,0,1.6e+18,SunnyCloud_IDS,1.61e+18,Sun Jan 15 15:04:44 +0000 2023,2023/1/15 15:04,10,0,0,https://twitter.com/SunnyCloud_IDS/status/1614639730603479041,10,14217
15289,"Learn how to use ChatGPT to prepare and study for Cloud DevOps AWS questions, and how it can easily generate CloudFormation, Python, Lambda, SQL, and more! https://t.co/gsE0U6alTG
#ChatGPT #AWS #WillchatGPTTakeOurJobs",218,0,1.45e+18,cloudwithraj,1.62e+18,Tue Jan 17 04:04:04 +0000 2023,2023/1/17 4:04,3,1,0,https://twitter.com/cloudwithraj/status/1615198243008151554,4,15290
20017,"If you are interested in creating a Serverless Rest API using AWS SAM and ChatGPT, check this out

https://t.co/uDqQfBHwo2

#AWS #ChatGPT #Serverless #Cloud #programming #softwaredevelopment #API",199,0,1.48e+18,marcosp87371869,1.62e+18,Sat Jan 21 13:07:17 +0000 2023,2023/1/21 13:07,2,1,0,https://twitter.com/marcosp87371869/status/1616784497000816642,3,20018
22581,"When everybody is talking &amp; posting about #ChatGPT, let me just post about #AWS #CodeWhiaperer.
#CodeWhisperer generates code recommendations based on your comments. It's a game changer for those who build solutions/applications on AWS.",241,0,3139765082.0,Abdul_QayyuMM,1.62e+18,Wed Jan 25 06:17:19 +0000 2023,2023/1/25 6:17,2,3,0,https://twitter.com/Abdul_QayyuMM/status/1618130876738727936,5,22582
92749,"The #news comes as an #Amazon #employee shared how #ChatGPT does a great #job #answering common #AWS #customer support #questions. The #AI #model was found to be proficient when it comes to ""answering difficult #support #questions.""",232,0,1.46e+18,ReddySalina,1.63e+18,Mon Feb 27 07:24:58 +0000 2023,2023/2/27 7:24,3,1,0,https://twitter.com/ReddySalina/status/1630106702011064320,4,92750
95315,Generative AI's money game https://t.co/Hwk00hSDKv #Microsoft #Google #AWS #AI #ChatGPT #BingAI,95,0,1.6e+18,spitzerlaw,1.63e+18,Mon Feb 27 15:40:23 +0000 2023,2023/2/27 15:40,0,0,0,https://twitter.com/spitzerlaw/status/1630231376732487682,0,95316
