,full_text,text_length,at_num,user_id_str,screen_name,id_str,created_at,publish_time,favorite_count,retweet_count,reply_count,tweet_url,total_heat,tt
25863,"Ethical Writing Tips. 

Why You Should Publish Less Than You Could.

https://t.co/wga5a9rr7J

#ContentCreator #contentcreators #contentwriter #ArtificialIntelligence #ChatGPT #ChatGPTPro #ChatGPTGOD #chatgpt3 #AI",218,0,4399571367.0,MarketingMammal,1.62e+18,Fri Jan 27 07:06:40 +0000 2023,2023/1/27 7:06,9,5,1,https://twitter.com/MarketingMammal/status/1618868075616698371,15,25864
25864,"How to Improve your Marketing with #AI in 2023

AI Marketing Copy Generator Use Cases

https://t.co/63ObXGftba

#ContentCreator #contentcreators #contentwriter #ArtificialIntelligence #ChatGPT #ChatGPTPro #ChatGPTGOD #chatgpt3",232,0,4399571367.0,MarketingMammal,1.62e+18,Fri Jan 27 07:07:18 +0000 2023,2023/1/27 7:07,8,7,1,https://twitter.com/MarketingMammal/status/1618868231082741761,16,25865
25944,"Ethical &amp; Responsible AI Storytelling

What does that mean in the age of #AI?

#ContentCreator #contentcreators #contentwriter #ArtificialIntelligence #ChatGPT #ChatGPTPro #ChatGPTGOD #chatgpt3 https://t.co/DskSzlj3iL RT @StoryLabAI",240,1,133178883.0,AmitVAngel,1.62e+18,Fri Jan 27 07:40:16 +0000 2023,2023/1/27 7:40,5,1,0,https://twitter.com/AmitVAngel/status/1618876528418250752,6,25945
25990,"Ethical &amp; Responsible AI Storytelling

What does that mean in the age of #AI?

#ContentCreator #contentcreators #contentwriter #ArtificialIntelligence #ChatGPT #ChatGPTPro #ChatGPTGOD #chatgpt3 https://t.co/BAX5SnEFs3 RT @StoryLabAI",240,1,22174087.0,DailySEO,1.62e+18,Fri Jan 27 08:00:13 +0000 2023,2023/1/27 8:00,6,2,0,https://twitter.com/DailySEO/status/1618881548593336320,8,25991
26035,"Ethical &amp; Responsible AI Storytelling

What does that mean in the age of #AI?

#ContentCreator #contentcreators #contentwriter #ArtificialIntelligence #ChatGPT #ChatGPTPro #ChatGPTGOD #chatgpt3 https://t.co/kar2pSmBvZ RT @StoryLabAI",240,1,724827451.0,austin_media,1.62e+18,Fri Jan 27 08:20:09 +0000 2023,2023/1/27 8:20,5,0,0,https://twitter.com/austin_media/status/1618886566625124353,5,26036
26092,"Ethical &amp; Responsible AI Storytelling

What does that mean in the age of #AI?

#ContentCreator #contentcreators #contentwriter #ArtificialIntelligence #ChatGPT #ChatGPTPro #ChatGPTGOD #chatgpt3 https://t.co/MwnqFP9mm2 RT @StoryLabAI",240,1,111350997.0,Obadeyemi,1.62e+18,Fri Jan 27 08:40:10 +0000 2023,2023/1/27 8:40,5,0,0,https://twitter.com/Obadeyemi/status/1618891605154340864,5,26093
26135,"Ethical &amp; Responsible AI Storytelling

What does that mean in the age of #AI?

#ContentCreator #contentcreators #contentwriter #ArtificialIntelligence #ChatGPT #ChatGPTPro #ChatGPTGOD #chatgpt3 https://t.co/y3Yk1mj3WY RT @StoryLabAI",240,1,2717845313.0,Nwamaky,1.62e+18,Fri Jan 27 09:00:10 +0000 2023,2023/1/27 9:00,6,6,0,https://twitter.com/Nwamaky/status/1618896636092071937,12,26136
26273,"Ethical &amp; Responsible AI Storytelling

What does that mean in the age of #AI?

#ContentCreator #contentcreators #contentwriter #ArtificialIntelligence #ChatGPT #ChatGPTPro #ChatGPTGOD #chatgpt3 https://t.co/9UWaDwz3VY RT @StoryLabAI",240,1,173118412.0,Anita_Clark,1.62e+18,Fri Jan 27 10:00:09 +0000 2023,2023/1/27 10:00,5,0,0,https://twitter.com/Anita_Clark/status/1618911733686435840,5,26274
26322,"Ethical &amp; Responsible AI Storytelling

What does that mean in the age of #AI?

#ContentCreator #contentcreators #contentwriter #ArtificialIntelligence #ChatGPT #ChatGPTPro #ChatGPTGOD #chatgpt3 https://t.co/uJRQCvQQsa RT @StoryLabAI",240,1,20160897.0,andynathan,1.62e+18,Fri Jan 27 10:20:09 +0000 2023,2023/1/27 10:20,5,0,0,https://twitter.com/andynathan/status/1618916764024184833,5,26323
26371,"Ethical &amp; Responsible AI Storytelling

What does that mean in the age of #AI?

#ContentCreator #contentcreators #contentwriter #ArtificialIntelligence #ChatGPT #ChatGPTPro #ChatGPTGOD #chatgpt3 https://t.co/tGHONpR29s RT @StoryLabAI",240,1,762399145.0,AboutFreelance,1.62e+18,Fri Jan 27 10:40:09 +0000 2023,2023/1/27 10:40,7,6,0,https://twitter.com/AboutFreelance/status/1618921800179634183,13,26372
26527,"Ethical &amp; Responsible AI Storytelling

What does that mean in the age of #AI?

#ContentCreator #contentcreators #contentwriter #ArtificialIntelligence #ChatGPT #ChatGPTPro #ChatGPTGOD #chatgpt3 https://t.co/4MtNJSSb8w RT @StoryLabAI",240,1,2489222034.0,marketingnsmnia,1.62e+18,Fri Jan 27 11:40:09 +0000 2023,2023/1/27 11:40,5,0,0,https://twitter.com/marketingnsmnia/status/1618936897945968641,5,26528
26575,"Ethical Writing Tips. 

Why You Should Publish Less Than You Could.

#ContentCreator #contentcreators #contentwriter #ArtificialIntelligence #ChatGPT #ChatGPTPro #ChatGPTGOD #chatgpt3 #AI https://t.co/HlruZUneUc RT @StoryLabAI",230,1,2489222034.0,marketingnsmnia,1.62e+18,Fri Jan 27 12:00:09 +0000 2023,2023/1/27 12:00,5,0,0,https://twitter.com/marketingnsmnia/status/1618941932373164033,5,26576
26642,"Ethical &amp; Responsible AI Storytelling

What does that mean in the age of #AI?

#ContentCreator #contentcreators #contentwriter #ArtificialIntelligence #ChatGPT #ChatGPTPro #ChatGPTGOD #chatgpt3 https://t.co/K5zBIwzTn1 RT @StoryLabAI",240,1,2508550544.0,WillB90210,1.62e+18,Fri Jan 27 12:20:09 +0000 2023,2023/1/27 12:20,4,0,0,https://twitter.com/WillB90210/status/1618946965055721473,4,26643
26697,"Ethical Writing Tips. 

Why You Should Publish Less Than You Could.

#ContentCreator #contentcreators #contentwriter #ArtificialIntelligence #ChatGPT #ChatGPTPro #ChatGPTGOD #chatgpt3 #AI https://t.co/DG94ofh1QX RT @StoryLabAI",230,1,2508550544.0,WillB90210,1.62e+18,Fri Jan 27 12:40:10 +0000 2023,2023/1/27 12:40,5,0,0,https://twitter.com/WillB90210/status/1618952001244610562,5,26698
26812,"Ethical &amp; Responsible AI Storytelling

What does that mean in the age of #AI?

#ContentCreator #contentcreators #contentwriter #ArtificialIntelligence #ChatGPT #ChatGPTPro #ChatGPTGOD #chatgpt3 https://t.co/rN0k5B9qyP RT @StoryLabAI",240,1,2426413352.0,stan_stewart,1.62e+18,Fri Jan 27 13:20:08 +0000 2023,2023/1/27 13:20,5,0,0,https://twitter.com/stan_stewart/status/1618962058967482370,5,26813
26870,"Ethical &amp; Responsible AI Storytelling

What does that mean in the age of #AI?

#ContentCreator #contentcreators #contentwriter #ArtificialIntelligence #ChatGPT #ChatGPTPro #ChatGPTGOD #chatgpt3 https://t.co/HqUhmna3Ga RT @StoryLabAI",240,1,94029076.0,NewHorizons123,1.62e+18,Fri Jan 27 13:40:10 +0000 2023,2023/1/27 13:40,5,0,0,https://twitter.com/NewHorizons123/status/1618967099476434945,5,26871
26928,"Ethical &amp; Responsible AI Storytelling

What does that mean in the age of #AI?

#ContentCreator #contentcreators #contentwriter #ArtificialIntelligence #ChatGPT #ChatGPTPro #ChatGPTGOD #chatgpt3 https://t.co/7Y8OVb06qE RT @StoryLabAI",240,1,7.42e+17,bizgenz,1.62e+18,Fri Jan 27 14:00:07 +0000 2023,2023/1/27 14:00,5,0,0,https://twitter.com/bizgenz/status/1618972123707445248,5,26929
26992,"Ethical Writing Tips. 

Why You Should Publish Less Than You Could.

#ContentCreator #contentcreators #contentwriter #ArtificialIntelligence #ChatGPT #ChatGPTPro #ChatGPTGOD #chatgpt3 #AI https://t.co/Di2WEq5Tmi RT @StoryLabAI",230,1,189019079.0,BreezyPuffs,1.62e+18,Fri Jan 27 14:20:07 +0000 2023,2023/1/27 14:20,6,0,0,https://twitter.com/BreezyPuffs/status/1618977156394094592,6,26993
27054,"Ethical &amp; Responsible AI Storytelling

What does that mean in the age of #AI?

#ContentCreator #contentcreators #contentwriter #ArtificialIntelligence #ChatGPT #ChatGPTPro #ChatGPTGOD #chatgpt3 https://t.co/hRCmEzO7kb RT @StoryLabAI",240,1,43993611.0,Sassy_Brit,1.62e+18,Fri Jan 27 14:40:09 +0000 2023,2023/1/27 14:40,5,0,0,https://twitter.com/Sassy_Brit/status/1618982195640639494,5,27055
27122,"Ethical Writing Tips. 

Why You Should Publish Less Than You Could.

#ContentCreator #contentcreators #contentwriter #ArtificialIntelligence #ChatGPT #ChatGPTPro #ChatGPTGOD #chatgpt3 #AI https://t.co/CNVC7T7M35 RT @StoryLabAI",230,1,43993611.0,Sassy_Brit,1.62e+18,Fri Jan 27 15:00:09 +0000 2023,2023/1/27 15:00,6,0,0,https://twitter.com/Sassy_Brit/status/1618987227819778049,6,27123
27188,"Ethical &amp; Responsible AI Storytelling

What does that mean in the age of #AI?

#ContentCreator #contentcreators #contentwriter #ArtificialIntelligence #ChatGPT #ChatGPTPro #ChatGPTGOD #chatgpt3 https://t.co/1dMOVlxUkt RT @StoryLabAI",240,1,812910.0,clickfire,1.62e+18,Fri Jan 27 15:20:06 +0000 2023,2023/1/27 15:20,5,0,0,https://twitter.com/clickfire/status/1618992251614404614,5,27189
27239,"Ethical &amp; Responsible AI Storytelling

What does that mean in the age of #AI?

#ContentCreator #contentcreators #contentwriter #ArtificialIntelligence #ChatGPT #ChatGPTPro #ChatGPTGOD #chatgpt3 https://t.co/VjFSs0xoe3 RT @StoryLabAI",240,1,144674243.0,penabook,1.62e+18,Fri Jan 27 15:40:06 +0000 2023,2023/1/27 15:40,5,0,0,https://twitter.com/penabook/status/1618997283479076867,5,27240
27305,"Ethical &amp; Responsible AI Storytelling

What does that mean in the age of #AI?

#ContentCreator #contentcreators #contentwriter #ArtificialIntelligence #ChatGPT #ChatGPTPro #ChatGPTGOD #chatgpt3 https://t.co/kUt7Y8SaaL RT @StoryLabAI",240,1,72076552.0,dkspeaks,1.62e+18,Fri Jan 27 16:00:06 +0000 2023,2023/1/27 16:00,5,0,0,https://twitter.com/dkspeaks/status/1619002315758780417,5,27306
27369,"Ethical Writing Tips. 

Why You Should Publish Less Than You Could.

#ContentCreator #contentcreators #contentwriter #ArtificialIntelligence #ChatGPT #ChatGPTPro #ChatGPTGOD #chatgpt3 #AI https://t.co/QQmELkgrZ8 RT @StoryLabAI",230,1,72076552.0,dkspeaks,1.62e+18,Fri Jan 27 16:20:06 +0000 2023,2023/1/27 16:20,5,0,0,https://twitter.com/dkspeaks/status/1619007347782713345,5,27370
27370,"Ethical &amp; Responsible AI Storytelling

What does that mean in the age of #AI?

#ContentCreator #contentcreators #contentwriter #ArtificialIntelligence #ChatGPT #ChatGPTPro #ChatGPTGOD #chatgpt3 https://t.co/D0ZvoZwhjk RT @StoryLabAI",240,1,2569282225.0,southsabre19,1.62e+18,Fri Jan 27 16:20:07 +0000 2023,2023/1/27 16:20,5,0,0,https://twitter.com/southsabre19/status/1619007353952636939,5,27371
27424,"Ethical Writing Tips. 

Why You Should Publish Less Than You Could.

#ContentCreator #contentcreators #contentwriter #ArtificialIntelligence #ChatGPT #ChatGPTPro #ChatGPTGOD #chatgpt3 #AI https://t.co/zXnzKvFwZl RT @StoryLabAI",230,1,110715764.0,NickChopperDigg,1.62e+18,Fri Jan 27 16:40:08 +0000 2023,2023/1/27 16:40,5,0,0,https://twitter.com/NickChopperDigg/status/1619012390044975104,5,27425
27425,"Ethical &amp; Responsible AI Storytelling

What does that mean in the age of #AI?

#ContentCreator #contentcreators #contentwriter #ArtificialIntelligence #ChatGPT #ChatGPTPro #ChatGPTGOD #chatgpt3 https://t.co/63I8ty0gFT RT @StoryLabAI",240,1,31690161.0,WalAguia,1.62e+18,Fri Jan 27 16:40:09 +0000 2023,2023/1/27 16:40,5,0,0,https://twitter.com/WalAguia/status/1619012396906942471,5,27426
27551,"Ethical Writing Tips. 

Why You Should Publish Less Than You Could.

#ContentCreator #contentcreators #contentwriter #ArtificialIntelligence #ChatGPT #ChatGPTPro #ChatGPTGOD #chatgpt3 #AI https://t.co/tEvYsXxy20 RT @StoryLabAI",230,1,31690161.0,WalAguia,1.62e+18,Fri Jan 27 17:20:08 +0000 2023,2023/1/27 17:20,5,0,0,https://twitter.com/WalAguia/status/1619022455376416776,5,27552
27604,"Ethical Writing Tips. 

Why You Should Publish Less Than You Could.

#ContentCreator #contentcreators #contentwriter #ArtificialIntelligence #ChatGPT #ChatGPTPro #ChatGPTGOD #chatgpt3 #AI https://t.co/SxP5gnsoZs RT @StoryLabAI",230,1,8.04e+17,Vlad221180,1.62e+18,Fri Jan 27 17:40:09 +0000 2023,2023/1/27 17:40,5,0,0,https://twitter.com/Vlad221180/status/1619027494065127426,5,27605
27705,"Ethical Writing Tips. 

Why You Should Publish Less Than You Could.

#ContentCreator #contentcreators #contentwriter #ArtificialIntelligence #ChatGPT #ChatGPTPro #ChatGPTGOD #chatgpt3 #AI https://t.co/N9XJqK1Bis RT @StoryLabAI",230,1,4059750855.0,ReviewznTipscom,1.62e+18,Fri Jan 27 18:20:16 +0000 2023,2023/1/27 18:20,5,0,0,https://twitter.com/ReviewznTipscom/status/1619037591411605526,5,27706
30081,"Writers of all industries, what are your thoughts on ChatGPT? Is AI going to be our new competition? #creatives #writer #contentwriter #playwright #theatre #creativewriting #AI #Automation #ChatGPT",197,0,87108092.0,rachb713,1.62e+18,Sun Jan 29 18:52:45 +0000 2023,2023/1/29 18:52,0,0,1,https://twitter.com/rachb713/status/1619770542315405312,1,30082
30708,"Here are six skills that make content writers and copywriters irreplaceable by AI writers. So, keep honing these skills, and you will survive.

#contentwriter #copywriter #aiwriter #chatgpt #digitalmarketing #contentmarketing #marketing #socialmedia #branding https://t.co/DlVKilnrJA",285,0,3055176331.0,ScriptSg,1.62e+18,Tue Jan 31 01:31:54 +0000 2023,2023/1/31 1:31,5,0,2,https://twitter.com/ScriptSg/status/1620233377113837568,7,30709
36448,"A must read for all the admirers of ChatGPT content.

Again, let me reiterate, human-written content can't be substituted if you're really concerned about your brand's image. Period. 

#seo #chatgpt #contentmarketing #copywriting #contentwriter #chatgpt4

https://t.co/A0BKOLCpOV",285,0,138545994.0,keywordrankers,1.62e+18,Wed Feb 01 10:57:39 +0000 2023,2023/2/1 10:57,0,0,0,https://twitter.com/keywordrankers/status/1620738142562299905,0,36449
41620,"What do you think about the Chat GPT? 

#chatgpt #chatgpt3 #ai #technology #writers #designers #developers #google #contentwriter #content #contentmarketing #future #startup #automation #community https://t.co/PhuV8NiVNc",222,0,187208418.0,lokeshshingh,1.62e+18,Fri Feb 03 04:33:41 +0000 2023,2023/2/3 4:33,2,0,1,https://twitter.com/lokeshshingh/status/1621366289598922752,3,41621
42097,"e???e??  e??? e???e??  e??? e???e??  e??  e??  ?e?  ?

#ChatGPT could become your new search enginea??

#contentwriter #ArtificialIntelligence #AI #facts #jamesonsinfosolutions https://t.co/1rUVKVTiWQ",204,0,1.49e+18,JamesonsJIS,1.62e+18,Fri Feb 03 06:30:02 +0000 2023,2023/2/3 6:30,4,0,0,https://twitter.com/JamesonsJIS/status/1621395570995892224,4,42098
69575,"Can AI Tools replace the digital marketing and content writer positions?

#chatgpt #jasperai #openai #ai #artificialintelligence #machinelearning #contentwriter #digitalmarketingagency",186,0,1.42e+18,360_mit,1.63e+18,Mon Feb 13 06:37:42 +0000 2023,2023/2/13 6:37,0,0,0,https://twitter.com/360_mit/status/1625021375558877184,0,69576
