,full_text,text_length,at_num,user_id_str,screen_name,id_str,created_at,publish_time,favorite_count,retweet_count,reply_count,tweet_url,total_heat,tt
68712,"@labordeolivier @enilev @CurieuxExplorer @sebbourguignon @HaroldSinnott @tobiaskintzel @GlenGilmore @kuriharan @JeroenBartelse @JimHarris @NevilleGaunt @mvollmer1 @mikeflache @AlbertoEMachado @rickhuckstep @MargaretSiegien @efipm @BetaMoroney @DimitriHommel @AnthonyRochand @baski_LA @RLDI_Lamy @segundoatdell @Hana_ElSayyed @jeancayeux @simonhodgkins #ChatGPT vs #Bard!
#OpenAI vs #Google #AI 
v/@CurieuxExplorer 

ThAnk  U
Mr @labordeolivier

#bigdata
#Twitter #MWC2023 #TeCh #AI #ViVE2023 #MWC23 #5G #DiGiTALhealth #HiMSS23 #TeleMedicine #SOciaLmediA 
e???",568,28,7.37e+17,chidambara09,1.62e+18,Mon Feb 13 02:36:00 +0000 2023,2023/2/13 2:36,6,0,0,https://twitter.com/chidambara09/status/1624960553792978944,6,68713
73809,"@jblefevre60 @OpenAI @StatistaCharts @MikeQuindazzi @PawlowskiMario @mvollmer1 @gvalan @ipfconline1 @LaurentAlaus @Shi4Tech @Fisher85M @kalydeoo @Ym78200 @Nicochan33 @Khulood_Almani @CurieuxExplorer @Analytics_659 @tewoz @nincoroby @jeancayeux @RLDI_Lamy @aure79lien @DimitriHommel e??  
Which sectors are 
working with @OpenAI
&amp; #ChatGPT?

ThAnk  U
Mr Jean b L @jblefevre60 
good evening

#bigdata
#Twitter #MWC2023 #TeCh #AI #ViVE2023 #MWC23 #5G #DiGiTALhealth #HiMSS23 #TeleMedicine #SOciaLmediA 
e???",519,25,7.37e+17,chidambara09,1.63e+18,Mon Feb 13 18:11:47 +0000 2023,2023/2/13 18:11,5,0,0,https://twitter.com/chidambara09/status/1625196048225538048,5,73810
80172,"@enricomolinari @wef @DrFerdowsi @Damien_CABADI @Chris_Skinner @Sharleneisenia @GersonRolim @barbmaclean @GlenGilmore @CyrilCoste @JagersbergKnut #Google just revealed 
its long-awaited #ChatGPT rival 
v/@wef

ThAnk  U
Mr @enricomolinari 

#bigdata
#Twitter #MWC2023 #TeCh #AI #ViVE2023 #MWC23 #5G #DiGiTALhealth #HiMSS23 #TeleMedicine #SOciaLmediA 
e???",363,13,7.37e+17,chidambara09,1.63e+18,Wed Feb 15 17:16:27 +0000 2023,2023/2/15 17:16,3,0,0,https://twitter.com/chidambara09/status/1625906900469714944,3,80173
87222,"@tobiaskintzel @RonAmadeo @arstechnica @labordeolivier @enricomolinari @RagusoSergio @Nicochan33 @IanLJones98 @JagersbergKnut @sonu_monika @Khulood_Almani @bimedotcom #CHATgpt -style Search represents a 10x cost increase for #Google, #Microsoft 
by 
@RonAmadeo
v/
@arstechnica 

ThAnk  U
Mr @tobiaskintzel 

#bigdata
#Twitter #MWC2023 #TeCh #AI #ViVE2023 #MWC23 #5G #DiGiTALhealth #HiMSS23 #TeleMedicine #ATA2023 #SOciaLmediA 
e???",442,15,7.37e+17,chidambara09,1.63e+18,Thu Feb 23 11:59:30 +0000 2023,2023/2/23 11:59,1,0,1,https://twitter.com/chidambara09/status/1628726241246445576,2,87223
89347,"@labordeolivier @sebbourguignon @enilev @Khulood_Almani @tobiaskintzel @CurieuxExplorer @JeroenBartelse @FrRonconi @NevilleGaunt @EvaSmartAI @HaroldSinnott @AlbertoEMachado @jeancayeux @RLDI_Lamy @Analytics_659 @anand_narang @AnthonyRochand @BetaMoroney @segundoatdell @DimitriHommel @baski_LA @TheAdityaPatro #ChatGPT: 
here are the jobs most at risk of a major replacement by #AI!
#Data

ThAnk  U
Mr @labordeolivier

#bigdata
#Twitter #MWC2023 #TeCh #AI #ViVE2023 #MWC23 #5G #DiGiTALhealth #HiMSS23 #TeleMedicine #ATA2023 #SOciaLmediA 
e???",551,23,7.37e+17,chidambara09,1.63e+18,Thu Feb 23 17:23:54 +0000 2023,2023/2/23 17:23,4,0,0,https://twitter.com/chidambara09/status/1628807876767793153,4,89348
92751,"@labordeolivier @adem_onar @sebbourguignon @enilev @GlenGilmore @tobiaskintzel @Shi4Tech @HaroldSinnott @JeroenBartelse @FrRonconi @NevilleGaunt @EvaSmartAI @mikeflache @AlbertoEMachado @mvollmer1 @MargaretSiegien @PawlowskiMario @JimHarris @DimitriHommel @AnthonyRochand @jeancayeux @RLDI_Lamy @baski_LA @Analytics_659 @TheAdityaPatro @BetaMoroney @anand_narang @segundoatdell #ChatGPT vs #Bard!
#AI #OpenAI #Google
v/@adem_onar

ThAnk  U
Mr @labordeolivier

#bigdata
#Twitter #MWC2023 #TeCh #AI #ViVE2023 #MWC23 #5G #DiGiTALhealth #HiMSS23 #TeleMedicine #ATA2023 #SOciaLmediA 
e???",592,30,7.37e+17,chidambara09,1.63e+18,Mon Feb 27 07:26:46 +0000 2023,2023/2/27 7:26,2,0,0,https://twitter.com/chidambara09/status/1630107157747347456,2,92752
