,full_text,text_length,at_num,user_id_str,screen_name,id_str,created_at,publish_time,favorite_count,retweet_count,reply_count,tweet_url,total_heat,tt
33249,"Actress and model, Sumbul Iqbal is having a blast in UAE as she took a private flight over Dubaia??s iconic skyline in a gyrocopter with SkyHub Dubai.

#Broadcast #Sumbaliqbal #Dubai #Dubaiskyline #UAE #PSL8 #ChatGPT #Pakistanis 
e??? Read More: https://t.co/bySRUwegWa https://t.co/U9mw3KE49E",296,0,1.56e+18,BcastRepublic,1.62e+18,Tue Jan 31 19:06:13 +0000 2023,2023/1/31 19:06,2,0,0,https://twitter.com/BcastRepublic/status/1620498706314436608,2,33250
38322,"EZ Wage, a financial wellness platform, has introduced a new feature that allows the user to transfer their earned wages directly into mutual funds. 

#Broadcast #ezwage #Financial #Mutualfunds #Investment #PSL8 #sajalaly #ChatGPT 
e??? Read More: https://t.co/bySRUwegWa https://t.co/7cRW2O0LeC",298,0,1.56e+18,BcastRepublic,1.62e+18,Wed Feb 01 15:56:48 +0000 2023,2023/2/1 15:56,2,0,0,https://twitter.com/BcastRepublic/status/1620813423532707840,2,38323
38740,"The Pakistan Telecommunication Authority (PTA) on Wednesday degraded Wikipedia services in the country on account of not blocking/removing ""sacrilegious content"".

#Broadcast #PTA #Wikipedia  #ImranKhanWasRight #COAS #PSL8 #ChatGPT 
e??? Read More: https://t.co/bySRUwegWa https://t.co/G1JtZz8A89",299,0,1.56e+18,BcastRepublic,1.62e+18,Wed Feb 01 16:59:09 +0000 2023,2023/2/1 16:59,0,0,1,https://twitter.com/BcastRepublic/status/1620829116504358914,1,38741
39679,"OpenAI today launched a new pilot subscription plan for ChatGPT, its text-generating AI that can write convincingly human-like essays, poems, emails, lyrics, and more. 

#Broadcast #ChatGPT #Monthly #Subscription #OpenAI #WhatsApp #LGBTQ #Mianwali #CSS2023 #GalaxyS23 #Black https://t.co/3CXklGK2Ef",300,0,1.56e+18,BcastRepublic,1.62e+18,Wed Feb 01 19:31:27 +0000 2023,2023/2/1 19:31,1,0,0,https://twitter.com/BcastRepublic/status/1620867445744627712,1,39680
53729,"Q&amp;A platform @Quora has opened up public access to its new AI chatbot app, Poe, which lets users ask questions and get answers from a range of AI chatbots, including those from ChatGPT maker, OpenAI, and other companies like Anthropic. 

#Broadcast #QuoraPoe  #ChatGPT #Quora https://t.co/PfNqbnrONZ",305,1,1.56e+18,BcastRepublic,1.62e+18,Tue Feb 07 11:25:29 +0000 2023,2023/2/7 11:25,0,0,0,https://twitter.com/BcastRepublic/status/1622919474083950594,0,53730
90171,"e??   Mark Cuban worried about @ChatGptApp 

#MarkCuban #CHATGPT #Streann #StreannNews #Streaming #Innovation #DigitalTransformation #Radio #Podcast #Media #Video #Broadcast #ContentCreators #MadeInMiami #Miami  

@Entrepreneur @TechHubFL @CNNent @MiamiHerald @SunSentinel @cnnbrk https://t.co/5fAFXHFuDr",308,7,81761876.0,StreannMedia,1.63e+18,Thu Feb 23 20:00:00 +0000 2023,2023/2/23 20:00,1,2,0,https://twitter.com/StreannMedia/status/1628847161319526401,3,90172
