,full_text,text_length,at_num,user_id_str,screen_name,id_str,created_at,publish_time,favorite_count,retweet_count,reply_count,tweet_url,total_heat,tt
6366,"Check out this Amazing Thread of my Experiments with writing Prompts !

#art #midjourney #midjourneyV4 #AI #ChatGPT  #AIart #ArtificialIntelligence #futuristic #Transformers #openai",183,0,1.54e+18,KenaazPatel,1.61e+18,Mon Jan 09 11:20:55 +0000 2023,2023/1/9 11:20,2,0,0,https://twitter.com/KenaazPatel/status/1612409076188696576,2,6367
6399,4 #AITrends You Cana??t Ignore in 2023 #FoundationModels #Transformers #BERT #ChatGPT #AITransparency #AIEfficiency #AIEthics,125,0,2240528131.0,cortical_io,1.61e+18,Mon Jan 09 11:40:57 +0000 2023,2023/1/9 11:40,0,0,0,https://twitter.com/cortical_io/status/1612414117167435779,0,6400
17386,Build your own #ChatGPT type model from scratch. Here is latest lecture from a?|@karpathya?? #GPT #Transformers #Attention_is_All_You_Need https://t.co/wQVqkKZ0x1,162,1,322456198.0,AkashDoifode13,1.62e+18,Tue Jan 17 18:45:06 +0000 2023,2023/1/17 18:45,4,0,0,https://twitter.com/AkashDoifode13/status/1615419961870274560,4,17387
24012,4 #AITrends You Cana??t Ignore in 2023 #FoundationModels #Transformers #BERT #ChatGPT #AITransparency #AIEfficiency #AIEthics,125,0,2240528131.0,cortical_io,1.62e+18,Wed Jan 25 15:53:59 +0000 2023,2023/1/25 15:53,0,0,0,https://twitter.com/cortical_io/status/1618276002156756994,0,24013
35256,"Concerned about people using ChatGPT to cheat? 

If so, please try DetectGPT and provide your feedback.

#ChatGPT #LLM #Transformers #StanfordUniversity",156,0,19824375.0,hornof,1.62e+18,Wed Feb 01 06:29:21 +0000 2023,2023/2/1 6:29,0,0,0,https://twitter.com/hornof/status/1620670619846336514,0,35257
