,full_text,text_length,at_num,user_id_str,screen_name,id_str,created_at,publish_time,favorite_count,retweet_count,reply_count,tweet_url,total_heat,tt
96486,"1 / Be creative with $EVEAI and win $100!

1. Be creative using /gen, /eve, or /adam in our Telegram group: https://t.co/pwotquOM6h.

2. Create a tweet with the image you have generated using the following tags: $EVEAI #DIGITALGIRLFRIEND #GIVEAWAY #CHATGPT.
e??? https://t.co/ZVnmG1vQDG",291,0,1.62e+18,_EveAI,1.63e+18,Mon Feb 27 19:10:32 +0000 2023,2023/2/27 19:10,22,16,3,https://twitter.com/_EveAI/status/1630284262304784385,41,96487
96491,"next gen utility coin @_EveAI 
$EVEAI #DIGITALGIRLFRIEND #GIVEAWAY #CHATGPT https://t.co/aElNS3g6Mk",100,1,1.62e+18,prf19245,1.63e+18,Mon Feb 27 19:11:37 +0000 2023,2023/2/27 19:11,6,0,0,https://twitter.com/prf19245/status/1630284537405100033,6,96492
96620,"/adam has been activated $EVEAI

#DIGITALGIRLFRIEND #GIVEAWAY #CHATGPT https://t.co/uRR72TUFVG",96,0,7.63e+17,vl4dvl4dvl4d,1.63e+18,Mon Feb 27 19:35:48 +0000 2023,2023/2/27 19:35,11,1,0,https://twitter.com/vl4dvl4dvl4d/status/1630290622463574017,12,96621
96638,"New floor for $EVEAI First Digital Girlfriend, bot live- 200k

Ongoing contest - 100$ @_EveAI 

#DIGITALGIRLFRIEND #GIVEAWAY #CHATGPT $CAI $IMGNAI https://t.co/1TCaGV1X6I",174,1,1.54e+18,notpollguy,1.63e+18,Mon Feb 27 19:39:59 +0000 2023,2023/2/27 19:39,5,0,0,https://twitter.com/notpollguy/status/1630291674977927169,5,96639
97504,"Have you seen my $EVEAI Gf? Looks gorgeous and expensive e???

Chart looks like building another strong leg e??? don't sleep on this amazing project a?????
#DIGITALGIRLFRIEND #GIVEAWAY #CHATGPT https://t.co/f6nvdsh7YU",220,0,1.46e+18,Miyuki_knows,1.63e+18,Mon Feb 27 23:36:51 +0000 2023,2023/2/27 23:36,7,3,2,https://twitter.com/Miyuki_knows/status/1630351285794004995,12,97505
