,full_text,text_length,at_num,user_id_str,screen_name,id_str,created_at,publish_time,favorite_count,retweet_count,reply_count,tweet_url,total_heat,tt
40607,"Follow the link https://t.co/WOnSqKoiZR to our blog to learn all about the features and limitations of ChatGPT.

#OpenAI #ChatGPT #chatbot #AI #AIchatbot #chatbots #techtools #newtech #newtechnology #techindustry #techtips #artificalintellegence #technews #techblog https://t.co/0PnvWf7vwd",291,0,1.32e+18,bvatechninja,1.62e+18,Wed Feb 01 22:01:19 +0000 2023,2023/2/1 22:01,1,0,0,https://twitter.com/bvatechninja/status/1620905158900072448,1,40608
42056,"We need an Api that will rename filenames to relevant titles. I would like my photos to be renamed Jaywithdog1.jpg for example, automatically using pattern recognition.
#newtech #api #ai #ChatGPT #elon_musk",207,0,2785975500.0,BookflurryInc,1.62e+18,Fri Feb 03 06:20:05 +0000 2023,2023/2/3 6:20,0,0,0,https://twitter.com/BookflurryInc/status/1621393065696002048,0,42057
45468,"We adapt and make education more relevant. Right now Ia??m pondering, how to include #chatgpt in my courses? Students need to see how to adapt and utilize #newtech #accounting",175,0,271580372.0,jessannlandry,1.62e+18,Fri Feb 03 15:32:15 +0000 2023,2023/2/3 15:32,1,0,0,https://twitter.com/jessannlandry/status/1621532021452582917,1,45469
49074,"Share the #Best #newtech content
Download the Best #app : https://t.co/29sgyGIwF8
#microsoft #chatgpt #bing #ai #newtech #bestnewtech #best #will #have #event #tomorrow #that #might #reveal #fusion #chatbot

https://t.co/JcZ1IERp1s https://t.co/Kvw3swpyMy",259,0,1.11e+18,itsbestornot,1.62e+18,Tue Feb 07 01:27:34 +0000 2023,2023/2/7 1:27,1,0,0,https://twitter.com/itsbestornot/status/1622769000785534977,1,49075
49075,"Download the Best #app to share your #Best #newtech content : https://t.co/3LwU9b70mg
#microsoft #chatgpt #bing #ai #newtech #bestnewtech #best #will #have #event #tomorrow #that #might #reveal #fusion #chatbot

https://t.co/Ne2vl6gaSu https://t.co/PAM2ITf5ez",262,0,2300501173.0,BestTLD,1.62e+18,Tue Feb 07 01:27:40 +0000 2023,2023/2/7 1:27,1,0,0,https://twitter.com/BestTLD/status/1622769026396049409,1,49076
49076,"Download the Best #app to share your #Best #newtech content : https://t.co/3LwU9b70mg
#microsoft #chatgpt #bing #ai #newtech #bestnewtech #best #will #have #event #tomorrow #that #might #reveal #fusion #chatbot

https://t.co/sCzCkAzw0o https://t.co/5seF1JlJvX",262,0,2300501173.0,BestTLD,1.62e+18,Tue Feb 07 01:27:48 +0000 2023,2023/2/7 1:27,2,0,0,https://twitter.com/BestTLD/status/1622769060269236225,2,49077
49078,"Share the #Best #newtech content
Download the Best #app : https://t.co/29sgyGIwF8
#microsoft #chatgpt #bing #ai #newtech #bestnewtech #best #will #have #event #tomorrow #that #might #reveal #fusion #chatbot

https://t.co/SZY2vDvIwA https://t.co/dIzwptEITM",259,0,1.11e+18,itsbestornot,1.62e+18,Tue Feb 07 01:27:56 +0000 2023,2023/2/7 1:27,1,0,0,https://twitter.com/itsbestornot/status/1622769094209445892,1,49079
51413,"How you are looking into all that, how you think it will change the market?

#AI #runway #Google #ChatGPT #AIVideos #AIData #Bard #motiondesign #animation #videoediting #newtech #Revolution #Motiondesigner #motionGraphics",223,0,1552914026.0,huzzaifamughal,1.62e+18,Tue Feb 07 07:28:31 +0000 2023,2023/2/7 7:28,1,0,0,https://twitter.com/huzzaifamughal/status/1622859838614130688,1,51414
54616,"Google Introduces Innovative AI Service Bard AI to Rival OpenAI's ChatGPT

Read more on https://t.co/DTA1erY9UW

.

#chatgptnews #newtech #aicontent #newtechnology #newtecnology #newtechnologies #chatgpt #chatgptai #ChatGPT #bardai #google #ai 
#GoogleAI #bardai #Bard https://t.co/qs3r5JrLzu",299,0,1.62e+18,edtecchronicles,1.62e+18,Tue Feb 07 12:58:31 +0000 2023,2023/2/7 12:58,0,0,0,https://twitter.com/edtecchronicles/status/1622942886567243785,0,54617
