,full_text,text_length,at_num,user_id_str,screen_name,id_str,created_at,publish_time,favorite_count,retweet_count,reply_count,tweet_url,total_heat,tt
49449,"Here's what we know about #ChatGPT rival, #Bard e??? https://t.co/FcmeCbEbNW",76,0,68927629.0,moneycontrolcom,1.62e+18,Tue Feb 07 02:46:42 +0000 2023,2023/2/7 2:46,24,7,0,https://twitter.com/moneycontrolcom/status/1622788915206782976,31,49450
53030,"Google just unveiled its Microsoft-backed #ChatGPT rival, #Bard AI
 https://t.co/RwwDYLkSpZ",92,0,1688187541.0,S_Galimberti,1.62e+18,Tue Feb 07 10:16:02 +0000 2023,2023/2/7 10:16,1,0,0,https://twitter.com/S_Galimberti/status/1622901993663594497,1,53031
57074,"Googlea??s CEO, Sundar Pichai, described the #ChatGPT rival, #Bard, as an a??experimental conversational AI service.a?? 

Read: https://t.co/Iuo6vKMKSr

#Google #BardAI #Techology #artificalintelligence #AI",210,0,411396541.0,HackRead,1.62e+18,Tue Feb 07 16:59:33 +0000 2023,2023/2/7 16:59,6,2,1,https://twitter.com/HackRead/status/1623003543081824274,9,57075
57123,"HackRead: Googlea??s CEO, Sundar Pichai, described the #ChatGPT rival, #Bard, as an a??experimental conversational AI service.a?? 

Read: https://t.co/ZkMW1GFocD

#Google #BardAI #Techology #artificalintelligence #AI",220,0,369107103.0,MrsYisWhy,1.62e+18,Tue Feb 07 17:02:51 +0000 2023,2023/2/7 17:02,0,0,1,https://twitter.com/MrsYisWhy/status/1623004375214960670,1,57124
58729,"Feeling launch of Google's #ChatGPT rival, #Bard, Celtic for ""storyteller"" per the Wikipedia page update &lt;than 12 hrs from the announcement, explains the TERRIBLE Google SERPs I've been getting/dissing for sooo long.

#RLpredicts e???Welcome to soon $$$$ #InfoEconomy Cc @bryanmc",284,1,21056856.0,socmarketers,1.62e+18,Tue Feb 07 19:52:22 +0000 2023,2023/2/7 19:52,0,0,0,https://twitter.com/socmarketers/status/1623047035149508609,0,58730
