,full_text,text_length,at_num,user_id_str,screen_name,id_str,created_at,publish_time,favorite_count,retweet_count,reply_count,tweet_url,total_heat,tt
12856,"#ChatGPT could be a serious ##cybersecuriy #threat 

#AI??#ArtificialIntelligence #Algorithm??#ML #MachineLearning #DeepLearning #DL #Data??#Tech #Technology??#CyberCriminals #CyberAttacks 

https://t.co/PtO3SqVbuK",218,0,156568938.0,andresvilarino,1.61e+18,Fri Jan 13 20:29:01 +0000 2023,2023/1/13 20:29,0,0,0,https://twitter.com/andresvilarino/status/1613996560274100228,0,12857
57127,"Would @Baidu's answer to #ChatGPT make a difference?

#ArtificialIntelligence??#AI #ML #MachineLearning #DeepLearning #DL #Tech #Technology??#Algorithm??#Hardware #Data #NeuralNetworks 

https://t.co/GRcoM39mhx https://t.co/tFggYXrJNz",238,1,156568938.0,andresvilarino,1.62e+18,Tue Feb 07 17:03:01 +0000 2023,2023/2/7 17:03,0,0,1,https://twitter.com/andresvilarino/status/1623004418223349760,1,57128
66553,"AnyScale Bolsters Ray, the Super-Scalable Framework Used to Train #ChatGPT

#LargeLanguajeModel #LLMs #ArtificialIntelligence??#AI #ML #MachineLearning #DeepLearning #DL #Tech #Technology??#Algorithm??#Data  

https://t.co/dwajsiomxX https://t.co/bKrJtq1Fcz",261,0,156568938.0,andresvilarino,1.62e+18,Sat Feb 11 16:44:01 +0000 2023,2023/2/11 16:44,0,0,0,https://twitter.com/andresvilarino/status/1624449186392338434,0,66554
73088,"The #ChatGPT prompts any ??#DataScientists must use

#ArtificialIntelligence??#AI #ML #MachineLearning #DeepLearning #DL #Tech #Technology??#Algorithm??#Data #NeuralNetwork

https://t.co/0XzdnFHyY6 https://t.co/f3t6dmUMFs",225,0,156568938.0,andresvilarino,1.63e+18,Mon Feb 13 16:10:04 +0000 2023,2023/2/13 16:10,1,0,0,https://twitter.com/andresvilarino/status/1625165418477355008,1,73089
74365,"The breakthrough that is #ChatGPT: How much does it cost to build? 

#ArtificialIntelligence??#AI #ML #MachineLearning #DeepLearning #DL #Tech #Technology??#Algorithm??#Data #chatbot 

https://t.co/hCm9MtmWSi https://t.co/ps36Cb9wPe",236,0,156568938.0,andresvilarino,1.63e+18,Mon Feb 13 19:56:02 +0000 2023,2023/2/13 19:56,0,0,0,https://twitter.com/andresvilarino/status/1625222285282910224,0,74366
