,full_text,text_length,at_num,user_id_str,screen_name,id_str,created_at,publish_time,favorite_count,retweet_count,reply_count,tweet_url,total_heat,tt
14961,@AIPADTECH #AI #AIPad #ailaunchpad #cryptolaunchpad #crypto #chatgpt #ArtificialIntelligence #aiprojects,104,1,1.25e+18,hass1871,1.62e+18,Tue Jan 17 00:00:56 +0000 2023,2023/1/17 0:00,0,0,0,https://twitter.com/hass1871/status/1615137056275202051,0,14962
15051,@AIPADTECH #AI #AIPad #ailaunchpad #cryptolaunchpad #crypto #chatgpt #ArtificialIntelligence #aiprojects,104,1,499373261.0,The4GeekOfficia,1.62e+18,Tue Jan 17 01:16:49 +0000 2023,2023/1/17 1:16,0,0,1,https://twitter.com/The4GeekOfficia/status/1615156153423470595,1,15052
15170,#meme #ai #ailaunchpad #cryptolaunchpad??#chatgpt??#chatgpt3??#ArtificialIntelligence??#aiprojects https://t.co/glz7GLNuhc,122,0,1.6e+18,MaximWorlds,1.62e+18,Tue Jan 17 02:44:46 +0000 2023,2023/1/17 2:44,1,1,0,https://twitter.com/MaximWorlds/status/1615178284630970368,2,15171
15275,@AIPADTECH #AI #AIPad #ailaunchpad #cryptolaunchpad #crypto #chatgpt #ArtificialIntelligence #aiprojects,104,1,1105863349.0,enkthetank,1.62e+18,Tue Jan 17 03:56:23 +0000 2023,2023/1/17 3:56,0,0,0,https://twitter.com/enkthetank/status/1615196309010677760,0,15276
15362,@AIPADTECH #AI #AIPad #ailaunchpad #cryptolaunchpad #crypto #chatgpt #ArtificialIntelligence #aiprojects,104,1,1.57e+18,rocketraccoon26,1.62e+18,Tue Jan 17 04:55:01 +0000 2023,2023/1/17 4:55,0,0,0,https://twitter.com/rocketraccoon26/status/1615211063968157697,0,15363
15422,@AIPADTECH #AI #AIPad #ailaunchpad #cryptolaunchpad #crypto #chatgpt #ArtificialIntelligence #aiprojects,104,1,1.38e+18,ogzalu,1.62e+18,Tue Jan 17 05:31:33 +0000 2023,2023/1/17 5:31,0,1,0,https://twitter.com/ogzalu/status/1615220257156726787,1,15423
15445,@AIPADTECH #AI #AIPad #ailaunchpad #cryptolaunchpad #crypto #chatgpt #ArtificialIntelligence #aiprojects,104,1,2588295828.0,3s1ir4Sz,1.62e+18,Tue Jan 17 05:46:30 +0000 2023,2023/1/17 5:46,0,0,0,https://twitter.com/3s1ir4Sz/status/1615224018897977344,0,15446
15640,@AIPADTECH #AI #AIPad #ailaunchpad #cryptolaunchpad #crypto #chatgpt #ArtificialIntelligence #aiprojects,104,1,7.07e+17,hataxhataxhata,1.62e+18,Tue Jan 17 07:08:20 +0000 2023,2023/1/17 7:08,1,0,0,https://twitter.com/hataxhataxhata/status/1615244615652892674,1,15641
15732,@AIPADTECH #AI #AIPad #ailaunchpad #cryptolaunchpad #crypto #chatgpt #ArtificialIntelligence #aiprojects e???e???,113,1,1.39e+18,Playfulhandle,1.62e+18,Tue Jan 17 07:48:39 +0000 2023,2023/1/17 7:48,0,0,0,https://twitter.com/Playfulhandle/status/1615254761103659009,0,15733
15796,@AIPADTECH Great Partnership #AI #AIPad #ailaunchpad #cryptolaunchpad #crypto #chatgpt #ArtificialIntelligence #aiprojects,122,1,7.07e+17,ask2lance,1.62e+18,Tue Jan 17 08:11:42 +0000 2023,2023/1/17 8:11,0,0,0,https://twitter.com/ask2lance/status/1615260561905688577,0,15797
15865,"@AIPADTECH It's the AI era
#AI #AIPad #ailaunchpad #cryptolaunchpad #crypto #chatgpt #ArtificialIntelligence #aiprojects",121,1,1.21e+18,Papabibu1,1.62e+18,Tue Jan 17 08:44:56 +0000 2023,2023/1/17 8:44,0,0,0,https://twitter.com/Papabibu1/status/1615268924169523201,0,15866
15869,@AIPADTECH #AI #AIPad #ailaunchpad #cryptolaunchpad #crypto #chatgpt #ArtificialIntelligence #aiprojects,104,1,1.37e+18,AndsonRuth,1.62e+18,Tue Jan 17 08:47:18 +0000 2023,2023/1/17 8:47,0,0,0,https://twitter.com/AndsonRuth/status/1615269518661799942,0,15870
16033,@AIPADTECH #AI #AIPad #ailaunchpad #cryptolaunchpad #crypto #chatgpt #ArtificialIntelligence #aiprojects,104,1,200477014.0,zatcha1980,1.62e+18,Tue Jan 17 09:47:46 +0000 2023,2023/1/17 9:47,0,0,0,https://twitter.com/zatcha1980/status/1615284735772659715,0,16034
16082,@AIPADTECH #AI #AIPad #ailaunchpad #cryptolaunchpad #crypto #chatgpt #ArtificialIntelligence #aiprojects,104,1,1.56e+18,Musty_Eth,1.62e+18,Tue Jan 17 10:08:37 +0000 2023,2023/1/17 10:08,0,0,0,https://twitter.com/Musty_Eth/status/1615289982180102144,0,16083
16244,@AIPADTECH #AI #AIPad #ailaunchpad #cryptolaunchpad #crypto #chatgpt #ArtificialIntelligence #aiprojects,104,1,1.28e+18,lafzotictyx,1.62e+18,Tue Jan 17 11:15:05 +0000 2023,2023/1/17 11:15,0,0,0,https://twitter.com/lafzotictyx/status/1615306711824498688,0,16245
16327,@AIPADTECH #AI #AIPad #ailaunchpad #cryptolaunchpad #crypto #chatgpt #ArtificialIntelligence #aiprojects,104,1,99833733.0,lenfran1,1.62e+18,Tue Jan 17 11:50:25 +0000 2023,2023/1/17 11:50,0,0,0,https://twitter.com/lenfran1/status/1615315601442091008,0,16328
16443,@AIPADTECH #AI #AIPad #ailaunchpad #cryptolaunchpad #crypto #chatgpt #ArtificialIntelligence #aiprojects,104,1,258753049.0,NordMarits,1.62e+18,Tue Jan 17 12:37:37 +0000 2023,2023/1/17 12:37,0,0,0,https://twitter.com/NordMarits/status/1615327480843214850,0,16444
16499,@AIPADTECH #AI #AIPad #ailaunchpad #cryptolaunchpad #crypto #chatgpt #ArtificialIntelligence #aiprojects,104,1,1.6e+18,cyfrONpl,1.62e+18,Tue Jan 17 12:59:17 +0000 2023,2023/1/17 12:59,0,0,0,https://twitter.com/cyfrONpl/status/1615332932284981249,0,16500
16505,"#meme #ai #ailaunchpad #cryptolaunchpad??#chatgpt??#chatgpt3??#ArtificialIntelligence??#aiprojects

@AIPADTECH https://t.co/JWhJF8yYxm",136,1,1.18e+18,HunterCoins1,1.62e+18,Tue Jan 17 13:01:53 +0000 2023,2023/1/17 13:01,0,0,0,https://twitter.com/HunterCoins1/status/1615333588077092867,0,16506
16719,@AIPADTECH Cool #AI #AIPad #ailaunchpad #cryptolaunchpad #crypto #chatgpt #ArtificialIntelligence #aiprojects,109,1,1.49e+18,efe__official,1.62e+18,Tue Jan 17 14:28:24 +0000 2023,2023/1/17 14:28,0,0,0,https://twitter.com/efe__official/status/1615355360499437568,0,16720
16739,@AIPADTECH #AI #AIPad #ailaunchpad #cryptolaunchpad #crypto #chatgpt #ArtificialIntelligence #aiprojects,104,1,34690780.0,Canchanchara,1.62e+18,Tue Jan 17 14:33:07 +0000 2023,2023/1/17 14:33,1,0,1,https://twitter.com/Canchanchara/status/1615356545826529285,2,16740
17028,"Superb project 

#meme #ai #ailaunchpad #cryptolaunchpad??#chatgpt??#chatgpt3??#ArtificialIntelligence??#aiprojects

@AIPADTECH https://t.co/uckW2Ional",155,1,1.52e+18,Vikalp2110,1.62e+18,Tue Jan 17 16:15:13 +0000 2023,2023/1/17 16:15,0,0,0,https://twitter.com/Vikalp2110/status/1615382240669863938,0,17029
17050,@AIPADTECH #AI #AIPad #ailaunchpad #cryptolaunchpad #crypto #chatgpt #ArtificialIntelligence #aiprojects,104,1,1.4e+18,rebornxmax,1.62e+18,Tue Jan 17 16:26:25 +0000 2023,2023/1/17 16:26,0,0,0,https://twitter.com/rebornxmax/status/1615385058524946432,0,17051
17364,@AIPADTECH #AI #AIPad #ailaunchpad #cryptolaunchpad #crypto #chatgpt #ArtificialIntelligence #aiprojects,104,1,1.58e+18,Bonaventura1987,1.62e+18,Tue Jan 17 18:35:04 +0000 2023,2023/1/17 18:35,0,0,1,https://twitter.com/Bonaventura1987/status/1615417437314289667,1,17365
17389,"AIPAD TOO THE MOONe???e???e???e???

#meme #ai #ailaunchpad #cryptolaunchpad??#chatgpt??#chatgpt3??#ArtificialIntelligence??#aiprojects https://t.co/L28RcyuNF3",160,0,1.42e+18,aiha01,1.62e+18,Tue Jan 17 18:46:13 +0000 2023,2023/1/17 18:46,1,0,0,https://twitter.com/aiha01/status/1615420240808271872,1,17390
17432,"Wen Launch?! e??? #meme #ai #ailaunchpad #cryptolaunchpad??#chatgpt??#chatgpt3??#ArtificialIntelligence??#aiprojects

@AIPADTECH https://t.co/Ox26LKwd2H",154,1,1.06e+18,IM_Loverz,1.62e+18,Tue Jan 17 19:05:27 +0000 2023,2023/1/17 19:05,0,0,0,https://twitter.com/IM_Loverz/status/1615425080947007488,0,17433
17475,"#meme #ai #ailaunchpad #cryptolaunchpad??#chatgpt??#chatgpt3??#ArtificialIntelligence??#aiprojects

Amazing project - @AIPADTECH e???e???e??? https://t.co/ibdcNQXxQN",167,1,1.47e+18,CryptoToniBTC,1.62e+18,Tue Jan 17 19:25:36 +0000 2023,2023/1/17 19:25,1,0,0,https://twitter.com/CryptoToniBTC/status/1615430152179290112,1,17476
17496,"#meme #ai #ailaunchpad #cryptolaunchpad??#chatgpt??#chatgpt3??#ArtificialIntelligence??#aiprojects

 @AIPADTECH https://t.co/Qfw6VWaJe2",137,1,1.38e+18,Martina72022652,1.62e+18,Tue Jan 17 19:36:42 +0000 2023,2023/1/17 19:36,0,0,0,https://twitter.com/Martina72022652/status/1615432945799413762,0,17497
17703,"#meme #ai #ailaunchpad #cryptolaunchpad??#chatgpt??#chatgpt3??#ArtificialIntelligence??#aiprojects

Lets join @AIPADTECH  @umitturan2121 @HuseyinAnacur @keje315281 https://t.co/CsandMMfyB",189,4,3124469162.0,berxoxebat,1.62e+18,Tue Jan 17 21:24:08 +0000 2023,2023/1/17 21:24,0,0,0,https://twitter.com/berxoxebat/status/1615459982635401218,0,17704
17718,AIpad Crazy #meme #ai #ailaunchpad #cryptolaunchpad??#chatgpt??#chatgpt3??#ArtificialIntelligence??#aiprojects https://t.co/uuROT0myuE,134,0,1.29e+18,Aashish88361494,1.62e+18,Tue Jan 17 21:29:08 +0000 2023,2023/1/17 21:29,0,0,0,https://twitter.com/Aashish88361494/status/1615461243091038208,0,17719
17841,Me already feeling like Ultron when I saw Aipad e??1e??1 @AIPADTECH #meme #ai #ailaunchpad #cryptolaunchpad??#chatgpt??#chatgpt3??#ArtificialIntelligence??#aiprojects,166,1,1.55e+18,heneseymtd,1.62e+18,Tue Jan 17 22:41:44 +0000 2023,2023/1/17 22:41,0,0,0,https://twitter.com/heneseymtd/status/1615479513302925317,0,17842
17851,"#meme #ai #ailaunchpad #cryptolaunchpad??#chatgpt??#chatgpt3??#ArtificialIntelligence??#aiprojects

 @AIPADTECH https://t.co/macxM5pUWg",137,1,9.86e+17,Ufohandrew1,1.62e+18,Tue Jan 17 22:45:44 +0000 2023,2023/1/17 22:45,0,0,0,https://twitter.com/Ufohandrew1/status/1615480516786155520,0,17852
17915,@AIPADTECH #AI #AIPad #ailaunchpad #cryptolaunchpad #crypto #chatgpt #ArtificialIntelligence #aiprojects we keep going,118,1,1.1e+18,notal_wu,1.62e+18,Tue Jan 17 23:27:11 +0000 2023,2023/1/17 23:27,1,0,0,https://twitter.com/notal_wu/status/1615490949412519936,1,17916
18066,"@AIPADTECH #meme #ai #ailaunchpad #cryptolaunchpad??#chatgpt??#chatgpt3??#ArtificialIntelligence??#aiprojects
@AIPADTECH https://t.co/IoKApyE6FG",145,2,1.6e+18,NetoEth5,1.62e+18,Thu Jan 19 09:54:49 +0000 2023,2023/1/19 9:54,2,1,0,https://twitter.com/NetoEth5/status/1616011287225372672,3,18067
18078,"#meme #ai #ailaunchpad #cryptolaunchpad??#chatgpt??#chatgpt3??#ArtificialIntelligence??#aiprojects #AIPADmeme

 @AIPADTECH https://t.co/Nas2Ah5mlU",148,1,309239784.0,shafi_ghaderi,1.62e+18,Thu Jan 19 09:59:33 +0000 2023,2023/1/19 9:59,1,0,0,https://twitter.com/shafi_ghaderi/status/1616012479833702400,1,18079
18084,"This is gonna change the Nature of investing using Launchpads e??  e??  .  #meme #ai #ailaunchpad #cryptolaunchpad??#chatgpt??#chatgpt3??#ArtificialIntelligence??#aiprojects #AIPADmeme
@AIPADTECH https://t.co/Tyc3HRjwcF",220,1,1.6e+18,NetoEth5,1.62e+18,Thu Jan 19 10:00:47 +0000 2023,2023/1/19 10:00,0,0,1,https://twitter.com/NetoEth5/status/1616012789645967363,1,18085
18115,"The future... Either win with us or watch us win @AIPADTECH

#meme #ai #ailaunchpad #cryptolaunchpad??#chatgpt??#chatgpt3??#ArtificialIntelligence??#aiprojects #AIPADmeme https://t.co/iqSLRlJ41p",196,1,1.5e+18,0xOT3,1.62e+18,Thu Jan 19 10:16:35 +0000 2023,2023/1/19 10:16,0,0,0,https://twitter.com/0xOT3/status/1616016764688629761,0,18116
18217,@AIPADTECH @gamezone_app @BlueZillaVc @MetaVPad @BSCPad @ethpadofficial @mcuban #meme #ai #ailaunchpad #cryptolaunchpad??#chatgpt??#chatgpt3??#ArtificialIntelligence??#aiprojects https://t.co/YwNn3NR48a,202,7,1.17e+18,Matrix200086,1.62e+18,Thu Jan 19 11:11:53 +0000 2023,2023/1/19 11:11,0,0,0,https://twitter.com/Matrix200086/status/1616030683062845440,0,18218
18285,"#meme #ai #ailaunchpad #cryptolaunchpad??#chatgpt??#chatgpt3??#ArtificialIntelligence??#aiprojects #AIPADmeme 

@AIPADTECH e??? https://t.co/iG0xvTB05f",153,1,7.23e+17,bphenson419,1.62e+18,Thu Jan 19 11:53:33 +0000 2023,2023/1/19 11:53,1,0,0,https://twitter.com/bphenson419/status/1616041167073988608,1,18286
18301,#meme #ai #ailaunchpad #cryptolaunchpad??#chatgpt??#chatgpt3??#ArtificialIntelligence??#aiprojects #AIPADmeme https://t.co/yCIRVvxPJg,133,0,2523304123.0,hunterz910,1.62e+18,Thu Jan 19 12:00:44 +0000 2023,2023/1/19 12:00,0,0,0,https://twitter.com/hunterz910/status/1616042975825653760,0,18302
18321,@AIPADTECH #AI #AIPad #ailaunchpad #cryptolaunchpad #crypto #chatgpt #ArtificialIntelligence #aiprojects,104,1,1.6e+18,Sui_node,1.62e+18,Thu Jan 19 12:07:48 +0000 2023,2023/1/19 12:07,0,0,1,https://twitter.com/Sui_node/status/1616044753753346058,1,18322
18365,@AIPADTECH #AI #AIPad #ailaunchpad #cryptolaunchpad #crypto #chatgpt #ArtificialIntelligence #aiprojects,104,1,7.8e+17,keiichi0608,1.62e+18,Thu Jan 19 12:35:16 +0000 2023,2023/1/19 12:35,0,0,0,https://twitter.com/keiichi0608/status/1616051663495921666,0,18366
18395,"sit all day near the screen waiting for the launch of the revolutionary #launchpad focused on #Al

#meme #ai #ailaunchpad #cryptolaunchpad??#chatgpt??#chatgpt3??#ArtificialIntelligence??#aiprojects #AIPADmeme

@AIPADTECH https://t.co/nHCEl2oz1J",248,1,1.44e+18,reyzamaulana111,1.62e+18,Thu Jan 19 12:50:49 +0000 2023,2023/1/19 12:50,5,0,0,https://twitter.com/reyzamaulana111/status/1616055577746243587,5,18396
19388,"#meme #ai #ailaunchpad #cryptolaunchpad??#chatgpt??#chatgpt3??#ArtificialIntelligence??#aiprojects
@AIPADTECH https://t.co/7xdHF4KpZI",134,1,7.03e+17,KalealiSemih,1.62e+18,Thu Jan 19 19:30:38 +0000 2023,2023/1/19 19:30,0,0,0,https://twitter.com/KalealiSemih/status/1616156195282092036,0,19389
19833,#meme #ai #ailaunchpad #cryptolaunchpad??#chatgpt??#chatgpt3??#ArtificialIntelligence??#aiprojects #AIPADmeme @AIPADTECH https://t.co/w20eEOY4oh,144,1,8.92e+17,web3_Salem,1.62e+18,Thu Jan 19 23:45:39 +0000 2023,2023/1/19 23:45,1,0,0,https://twitter.com/web3_Salem/status/1616220372470308865,1,19834
20805,"#meme #ai #ailaunchpad #cryptolaunchpad??#chatgpt??#chatgpt3??#ArtificialIntelligence??#aiprojects #AIPADmeme
 @AIPADTECH https://t.co/AYUyyz1sIf",146,1,1.57e+18,IBilokyr,1.62e+18,Sat Jan 21 19:43:31 +0000 2023,2023/1/21 19:43,0,0,0,https://twitter.com/IBilokyr/status/1616884212828893184,0,20806
20868,@AIPADTECH #AI #AIPad #ailaunchpad #cryptolaunchpad #crypto #chatgpt #ArtificialIntelligence #aiprojects,104,1,1.47e+18,JinnFiZzZz,1.62e+18,Sat Jan 21 20:25:35 +0000 2023,2023/1/21 20:25,0,0,0,https://twitter.com/JinnFiZzZz/status/1616894798719328260,0,20869
20965,@AIPADTECH #AI #AIPad #ailaunchpad #cryptolaunchpad #crypto #chatgpt #ArtificialIntelligence #aiprojects,104,1,1.38e+18,anass_forever,1.62e+18,Sat Jan 21 21:36:03 +0000 2023,2023/1/21 21:36,0,0,0,https://twitter.com/anass_forever/status/1616912532127596544,0,20966
20972,@AIPADTECH #AI #AIPad #ailaunchpad #cryptolaunchpad #crypto #chatgpt #ArtificialIntelligence #aiprojects,104,1,2877705228.0,BuzzardVideo,1.62e+18,Sat Jan 21 21:39:26 +0000 2023,2023/1/21 21:39,0,0,0,https://twitter.com/BuzzardVideo/status/1616913384833966080,0,20973
20991,@AIPADTECH #AI #AIPad #ailaunchpad #cryptolaunchpad #crypto #chatgpt #ArtificialIntelligence #aiprojects e???,109,1,1.38e+18,anass_forever,1.62e+18,Sat Jan 21 21:53:46 +0000 2023,2023/1/21 21:53,0,0,0,https://twitter.com/anass_forever/status/1616916991729614849,0,20992
21145,"@AIPADTECH 

#meme #ai #ailaunchpad #cryptolaunchpad??#chatgpt??#chatgpt3??#ArtificialIntelligence??#aiprojects https://t.co/nDuUXQDYJ7",137,1,1.48e+18,aceramirez0812,1.62e+18,Sat Jan 21 23:57:44 +0000 2023,2023/1/21 23:57,0,0,0,https://twitter.com/aceramirez0812/status/1616948191437656065,0,21146
21314,#meme #ai #ailaunchpad #cryptolaunchpad??#chatgpt??#chatgpt3??#ArtificialIntelligence??#aiprojects #AIPADmeme https://t.co/QMzqR3TXuP,133,0,117198633.0,punkgritty,1.62e+18,Mon Jan 23 18:30:50 +0000 2023,2023/1/23 18:30,0,0,0,https://twitter.com/punkgritty/status/1617590696474718209,0,21315
21331,"@elonmusk @SmokeAwayyy #meme #ai #ailaunchpad #cryptolaunchpad??#chatgpt??#chatgpt3??#ArtificialIntelligence??#aiprojects
 @AIPADTECH https://t.co/yijl483pn7",158,3,1.57e+18,IBilokyr,1.62e+18,Mon Jan 23 18:36:34 +0000 2023,2023/1/23 18:36,1,0,0,https://twitter.com/IBilokyr/status/1617592141823213589,1,21332
21334,"#meme #ai #ailaunchpad #cryptolaunchpad??#chatgpt??#chatgpt3??#ArtificialIntelligence??#aiprojects
@AIPADTECH https://t.co/GTCvOkApnx",134,1,1.57e+18,IBilokyr,1.62e+18,Mon Jan 23 18:38:28 +0000 2023,2023/1/23 18:38,0,0,0,https://twitter.com/IBilokyr/status/1617592619982524418,0,21335
21338,@AIPADTECH #AI #AIPad #ailaunchpad #cryptolaunchpad #crypto #chatgpt #ArtificialIntelligence #aiprojects e???,109,1,1.03e+18,VladimirKriz,1.62e+18,Mon Jan 23 18:39:45 +0000 2023,2023/1/23 18:39,0,0,0,https://twitter.com/VladimirKriz/status/1617592942113194007,0,21339
21489,@AIPADTECH #AI #AIPad #ailaunchpad #cryptolaunchpad #crypto #chatgpt #ArtificialIntelligence #aiprojects aipad and meadow,121,1,9.62e+17,YarosRakhman,1.62e+18,Mon Jan 23 19:33:37 +0000 2023,2023/1/23 19:33,0,0,0,https://twitter.com/YarosRakhman/status/1617606498229825537,0,21490
21552,"@AIPADTECH

 #meme #ai #ailaunchpad #cryptolaunchpad??#chatgpt??#chatgpt3??#ArtificialIntelligence??#aiprojects https://t.co/4uuYgjqp0N",137,1,1.5e+18,GFox_cosmos,1.62e+18,Mon Jan 23 20:00:09 +0000 2023,2023/1/23 20:00,0,0,0,https://twitter.com/GFox_cosmos/status/1617613177587666944,0,21553
21832,"#meme #ai #ailaunchpad #cryptolaunchpad??#chatgpt??#chatgpt3??#ArtificialIntelligence??#aiprojects #AIPADmeme

@AIPADTECH https://t.co/89g4DuTTJb",147,1,1.03e+18,Black_Onyeocha,1.62e+18,Mon Jan 23 22:03:55 +0000 2023,2023/1/23 22:03,0,0,0,https://twitter.com/Black_Onyeocha/status/1617644323415396355,0,21833
21876,"Don't fckn touch my @AIPADTECH tokens!

#meme #ai #ailaunchpad #cryptolaunchpad??#chatgpt??#chatgpt3??#ArtificialIntelligence??#aiprojects #AIPADmeme https://t.co/YSWErgToAm",175,1,1.4e+18,mujer_bruja_,1.62e+18,Mon Jan 23 22:26:36 +0000 2023,2023/1/23 22:26,0,0,0,https://twitter.com/mujer_bruja_/status/1617650031066222606,0,21877
21951,#ailaunchpad #cryptolaunchpad??#chatgpt??#chatgpt3??#ArtificialIntelligence??#aiprojects @AIPADTECH https://t.co/Cj3KXuLRl3,123,1,1.46e+18,pulgadz,1.62e+18,Mon Jan 23 23:13:17 +0000 2023,2023/1/23 23:13,1,0,0,https://twitter.com/pulgadz/status/1617661778326097921,1,21952
22075,@AIPADTECH #AI #AIPad #ailaunchpad #cryptolaunchpad #crypto #chatgpt #ArtificialIntelligence #aiprojects,104,1,1.47e+18,greatemperor17,1.62e+18,Wed Jan 25 00:51:44 +0000 2023,2023/1/25 0:51,0,0,0,https://twitter.com/greatemperor17/status/1618048941857308676,0,22076
22123,"@AIPADTECH #AI #AIPad #ailaunchpad #cryptolaunchpad #crypto #chatgpt #ArtificialIntelligence #aiprojects 
niceee",113,1,1.47e+18,greatemperor17,1.62e+18,Wed Jan 25 01:22:15 +0000 2023,2023/1/25 1:22,0,0,0,https://twitter.com/greatemperor17/status/1618056621422415872,0,22124
22725,"#meme #ai #ailaunchpad #cryptolaunchpad??#chatgpt??#chatgpt3??#ArtificialIntelligence??#aiprojects #AIPADmeme

@AIPADTECH https://t.co/x5jzOz4hvS",147,1,1.53e+18,itsDoyokk,1.62e+18,Wed Jan 25 07:36:10 +0000 2023,2023/1/25 7:36,0,0,0,https://twitter.com/itsDoyokk/status/1618150721635102722,0,22726
22764,"In my mind now AIPAD AIPAD e??   
@AIPADTECH

#meme #ai #ailaunchpad #cryptolaunchpad??#chatgpt??#chatgpt3??#ArtificialIntelligence??#aiprojects https://t.co/PIu0kV3KTE",171,1,1.53e+18,itsDoyokk,1.62e+18,Wed Jan 25 07:55:39 +0000 2023,2023/1/25 7:55,1,0,0,https://twitter.com/itsDoyokk/status/1618155622897446912,1,22765
22775,"OG OG ! 
@AIPADTECH
#meme #ai #ailaunchpad #cryptolaunchpad??#chatgpt??#chatgpt3??#ArtificialIntelligence??#aiprojects https://t.co/1HlPk39qZy",144,1,1.53e+18,itsDoyokk,1.62e+18,Wed Jan 25 07:59:42 +0000 2023,2023/1/25 7:59,1,0,0,https://twitter.com/itsDoyokk/status/1618156642092318720,1,22776
23557,"#meme #ai #ailaunchpad #cryptolaunchpad??#chatgpt??#chatgpt3??#ArtificialIntelligence??#aiprojects #AIPADmeme

Best ai project is coming https://t.co/laWHlOCLpn",162,0,3109114620.0,ToruBNC,1.62e+18,Wed Jan 25 13:11:20 +0000 2023,2023/1/25 13:11,1,0,0,https://twitter.com/ToruBNC/status/1618235069755453441,1,23558
23572,"#meme #ai #ailaunchpad #cryptolaunchpad??#chatgpt??#chatgpt3??#ArtificialIntelligence??#aiprojects

one of the biggest ai project is coming.... https://t.co/pvmAKpT6TU",169,0,3109114620.0,ToruBNC,1.62e+18,Wed Jan 25 13:17:50 +0000 2023,2023/1/25 13:17,1,0,0,https://twitter.com/ToruBNC/status/1618236706985242632,1,23573
23801,"AI year iscoming @AIPADTECH
#meme #ai #ailaunchpad #cryptolaunchpad??#chatgpt??#chatgpt3??#ArtificialIntelligence??#aiprojects #AIPADmeme https://t.co/ZWNtB5ysdb",162,1,1.4e+18,xiaoye138396,1.62e+18,Wed Jan 25 14:39:50 +0000 2023,2023/1/25 14:39,0,0,0,https://twitter.com/xiaoye138396/status/1618257342885425153,0,23802
24775,@AIPADTECH #AI #AIPad #ailaunchpad #cryptolaunchpad #crypto #chatgpt #ArtificialIntelligence #aiprojects,104,1,1.54e+18,hosseintesti,1.62e+18,Wed Jan 25 20:30:08 +0000 2023,2023/1/25 20:30,0,0,0,https://twitter.com/hosseintesti/status/1618345498271944708,0,24776
25172,"@AIPADTECH a new hope...
#meme #ai #ailaunchpad #cryptolaunchpad??#chatgpt??#chatgpt3??#ArtificialIntelligence??#aiprojects #AIPADmeme https://t.co/IFIUdRRtA8",159,1,1.58e+18,99kartlos,1.62e+18,Fri Jan 27 00:00:57 +0000 2023,2023/1/27 0:00,0,0,0,https://twitter.com/99kartlos/status/1618760938399883264,0,25173
25800,#meme #ai #ailaunchpad #cryptolaunchpad??#chatgpt??#chatgpt3??#ArtificialIntelligence??#aiprojects @AIPADTECH https://t.co/Okr3GgjwCO,133,1,391568084.0,carlesdh,1.62e+18,Fri Jan 27 06:38:51 +0000 2023,2023/1/27 6:38,0,0,0,https://twitter.com/carlesdh/status/1618861074601877505,0,25801
26423,"AIPAD is the best

#meme #ai #ailaunchpad #cryptolaunchpad??#chatgpt??#chatgpt3??#ArtificialIntelligence??#aiprojects #AIPADmeme @AIPADTECH https://t.co/Zsf6Ua4KiR",165,1,1.43e+18,HottieBabeGem,1.62e+18,Fri Jan 27 11:00:43 +0000 2023,2023/1/27 11:00,10,1,0,https://twitter.com/HottieBabeGem/status/1618926972960391169,11,26424
26729,"#meme #ai #ailaunchpad #cryptolaunchpad??#chatgpt??#chatgpt3??#ArtificialIntelligence??#aiprojects
@AIPADTECH https://t.co/MEaS5BWqyg",134,1,1.23e+18,ATetzlav,1.62e+18,Fri Jan 27 12:51:12 +0000 2023,2023/1/27 12:51,0,0,0,https://twitter.com/ATetzlav/status/1618954779392360449,0,26730
27439,"Ya you heard it righte??  e??  e??   @AIPADTECH
#meme #ai #ailaunchpad #cryptolaunchpad??#chatgpt??#chatgpt3??#ArtificialIntelligence??#aiprojects #AIPADmeme https://t.co/vSyl0DfmfX",182,1,1.5e+18,Abhi38019,1.62e+18,Fri Jan 27 16:44:41 +0000 2023,2023/1/27 16:44,1,0,0,https://twitter.com/Abhi38019/status/1619013537527119872,1,27440
27664,@AIPADTECH #AI #AIPad #ailaunchpad #cryptolaunchpad #crypto #chatgpt #ArtificialIntelligence #aiprojects,104,1,1.31e+18,iviebassey,1.62e+18,Fri Jan 27 18:01:08 +0000 2023,2023/1/27 18:01,1,0,0,https://twitter.com/iviebassey/status/1619032775818088448,1,27665
28047,@AIPADTECH #meme #ai #ailaunchpad #cryptolaunchpad??#chatgpt??#chatgpt3??#ArtificialIntelligence??#aiprojects https://t.co/OEILUYMVWV,133,1,7.11e+17,levX125,1.62e+18,Fri Jan 27 20:45:19 +0000 2023,2023/1/27 20:45,0,0,0,https://twitter.com/levX125/status/1619074095060250624,0,28048
28054,#meme #ai #ailaunchpad #cryptolaunchpad??#chatgpt??#chatgpt3??#ArtificialIntelligence??#aiprojects @AIPADTECH https://t.co/6gpYKUCdyR,133,1,1.55e+18,OSPF_crypto,1.62e+18,Fri Jan 27 20:50:30 +0000 2023,2023/1/27 20:50,0,0,0,https://twitter.com/OSPF_crypto/status/1619075399149043712,0,28055
28365,.@AIPADTECH #meme #ai #ailaunchpad #cryptolaunchpad??#chatgpt??#chatgpt3??#ArtificialIntelligence??#aiprojects https://t.co/llMwBcD7yE,134,1,551249473.0,themaric2,1.62e+18,Sun Jan 29 00:03:09 +0000 2023,2023/1/29 0:03,0,0,0,https://twitter.com/themaric2/status/1619486267762434049,0,28366
28398,#meme #ai #ailaunchpad #cryptolaunchpad??#chatgpt??#chatgpt3??#ArtificialIntelligence??#aiprojects https://t.co/aWIG8TX7dE,122,0,1.44e+18,chibylogs,1.62e+18,Sun Jan 29 00:28:36 +0000 2023,2023/1/29 0:28,0,0,0,https://twitter.com/chibylogs/status/1619492670497509376,0,28399
28900,#meme #ai #ailaunchpad #cryptolaunchpad??#chatgpt??#chatgpt3??#ArtificialIntelligence??#aiprojects,98,0,1.27e+18,Sarath07848385,1.62e+18,Sun Jan 29 07:57:40 +0000 2023,2023/1/29 7:57,1,0,0,https://twitter.com/Sarath07848385/status/1619605683116343299,1,28901
29655,"@AIPADTECH 
#meme #ai #ailaunchpad #cryptolaunchpad??#chatgpt??#chatgpt3??#ArtificialIntelligence??#aiprojects #AIPADmeme https://t.co/t06g009jOT",146,1,1.59e+18,ClockOmi,1.62e+18,Sun Jan 29 15:22:49 +0000 2023,2023/1/29 15:22,0,0,0,https://twitter.com/ClockOmi/status/1619717709406818305,0,29656
29690,"@AIPADTECH 
#meme #ai #ailaunchpad #cryptolaunchpad??#chatgpt??#chatgpt3??#ArtificialIntelligence??#aiprojects https://t.co/xw7NcMu99z",135,1,1.6e+18,BossBull17,1.62e+18,Sun Jan 29 15:40:06 +0000 2023,2023/1/29 15:40,0,0,0,https://twitter.com/BossBull17/status/1619722060439375872,0,29691
30391,@AIPADTECH #meme #ai #ailaunchpad #cryptolaunchpad??#chatgpt??#chatgpt3??#ArtificialIntelligence??#aiprojects https://t.co/S0HrZSO3eY,133,1,1.38e+18,mihamir30,1.62e+18,Sun Jan 29 21:40:07 +0000 2023,2023/1/29 21:40,0,0,0,https://twitter.com/mihamir30/status/1619812658404036611,0,30392
32070,@AIPADTECH #AI #AIPad #ailaunchpad #cryptolaunchpad #crypto #chatgpt #ArtificialIntelligence #aiprojects,104,1,1.37e+18,YCharupa,1.62e+18,Tue Jan 31 12:37:07 +0000 2023,2023/1/31 12:37,0,0,0,https://twitter.com/YCharupa/status/1620400784516202496,0,32071
33156,@AIPADTECH #AI #AIPad #ailaunchpad #cryptolaunchpad #crypto #chatgpt #ArtificialIntelligence #aiprojects,104,1,1.41e+18,springballhair,1.62e+18,Tue Jan 31 18:34:58 +0000 2023,2023/1/31 18:34,0,0,0,https://twitter.com/springballhair/status/1620490841923149825,0,33157
34041,"#meme #ai #ailaunchpad #cryptolaunchpad??#chatgpt??#chatgpt3??#ArtificialIntelligence??#aiprojects

@AIPADTECH https://t.co/bmovEzuKU9",136,1,1.45e+18,LamboWithFresh,1.62e+18,Wed Feb 01 00:55:07 +0000 2023,2023/2/1 0:55,1,0,0,https://twitter.com/LamboWithFresh/status/1620586508058243077,1,34042
36339,@AIPADTECH #AI #AIPad #ailaunchpad #cryptolaunchpad #crypto #chatgpt #ArtificialIntelligence #aiprojects,104,1,1.48e+18,PaisanoVladimi2,1.62e+18,Wed Feb 01 10:29:59 +0000 2023,2023/2/1 10:29,0,0,0,https://twitter.com/PaisanoVladimi2/status/1620731177589161987,0,36340
38275,#meme #ai #ailaunchpad #cryptolaunchpad??#chatgpt??#chatgpt3??#ArtificialIntelligence??#aiprojects #AIPADmeme @AIPADTECH https://t.co/AvyhZNhcbM,144,1,1.2e+18,rohit_gupta14,1.62e+18,Wed Feb 01 15:49:25 +0000 2023,2023/2/1 15:49,0,0,0,https://twitter.com/rohit_gupta14/status/1620811565992923144,0,38276
38344,@AIPADTECH #AI #AIPad #ailaunchpad #cryptolaunchpad #crypto #chatgpt #ArtificialIntelligence #aiprojects,104,1,2482929343.0,miamiboy32_,1.62e+18,Wed Feb 01 15:59:00 +0000 2023,2023/2/1 15:59,0,0,0,https://twitter.com/miamiboy32_/status/1620813978913091584,0,38345
38969,#AI #AIPad #ailaunchpad #cryptolaunchpad #crypto #chatgpt #ArtificialIntelligence #aiprojects,93,0,1.62e+18,SlayerGrodno,1.62e+18,Wed Feb 01 17:34:39 +0000 2023,2023/2/1 17:34,0,0,0,https://twitter.com/SlayerGrodno/status/1620838048589320192,0,38970
39559,"#meme #ai #ailaunchpad #cryptolaunchpad??#chatgpt??#chatgpt3??#ArtificialIntelligence??#aiprojects #AIPADmeme
@AIPADTECH https://t.co/fBHRvvbOLE",145,1,9.69e+17,VojkanTesic,1.62e+18,Wed Feb 01 19:08:51 +0000 2023,2023/2/1 19:08,0,0,1,https://twitter.com/VojkanTesic/status/1620861757370818561,1,39560
40054,"@AIPADTECH Never been so bullish on a project such as @AIPADTECH e??  e??  e??  

#ai #ailaunchpad #cryptolaunchpad??#chatgpt??#chatgpt3??#ArtificialIntelligence??#aiprojects https://t.co/Lx6we9DPHv",200,2,1.36e+18,0xLxck,1.62e+18,Wed Feb 01 20:33:51 +0000 2023,2023/2/1 20:33,1,1,3,https://twitter.com/0xLxck/status/1620883146190512131,5,40055
41150,"@AIPADTECH  Better not forget, mark the date!

#meme #ai #ailaunchpad #cryptolaunchpad?? #chatgpt?? #chatgpt3??#ArtificialIntelligence??#aiprojects #AIPADmeme https://t.co/Q1HzMXYltN",184,1,1.36e+18,KennethoCryptoX,1.62e+18,Fri Feb 03 02:26:09 +0000 2023,2023/2/3 2:26,0,0,0,https://twitter.com/KennethoCryptoX/status/1621334194650480641,0,41151
41639,@AIPADTECH #AI #AIPad #ailaunchpad #cryptolaunchpad #crypto #chatgpt #ArtificialIntelligence #aiprojects,104,1,1.37e+18,Safhidhi,1.62e+18,Fri Feb 03 04:43:17 +0000 2023,2023/2/3 4:43,0,0,0,https://twitter.com/Safhidhi/status/1621368705316950017,0,41640
41681,"#meme #ai #ailaunchpad #cryptolaunchpad??#chatgpt??#chatgpt3??#ArtificialIntelligence??#aiprojects
@AIPADTECH https://t.co/KPxjhDYcVp",134,1,1.2e+18,rohit_gupta14,1.62e+18,Fri Feb 03 04:55:32 +0000 2023,2023/2/3 4:55,0,0,0,https://twitter.com/rohit_gupta14/status/1621371789795528705,0,41682
42310,"AIPADe??? 
@AIPADTECH 

#meme #ai #ailaunchpad #cryptolaunchpad??#chatgpt??#chatgpt3??#ArtificialIntelligence??#aiprojects https://t.co/Vgb27aeJtu",149,1,1.53e+18,itsDoyokk,1.62e+18,Fri Feb 03 07:15:52 +0000 2023,2023/2/3 7:15,1,0,0,https://twitter.com/itsDoyokk/status/1621407103800995841,1,42311
42320,@AIPADTECH #meme #ai #ailaunchpad #cryptolaunchpad??#chatgpt??#chatgpt3??#ArtificialIntelligence??#aiprojects https://t.co/P3vP4TDoz4,133,1,1.53e+18,itsDoyokk,1.62e+18,Fri Feb 03 07:17:48 +0000 2023,2023/2/3 7:17,1,0,0,https://twitter.com/itsDoyokk/status/1621407591183302656,1,42321
42486,#meme #ai #ailaunchpad #cryptolaunchpad??#chatgpt??#chatgpt3??#ArtificialIntelligence??#aiprojects @AIPADTECH https://t.co/6dzLeBrMEW,133,1,1.22e+18,ChaosJutsu,1.62e+18,Fri Feb 03 07:52:31 +0000 2023,2023/2/3 7:52,0,0,0,https://twitter.com/ChaosJutsu/status/1621416328505466880,0,42487
43343,"#meme #ai #ailaunchpad #cryptolaunchpad??#chatgpt??#chatgpt3??#ArtificialIntelligence??#aiprojects

@AIPADTECH https://t.co/uBs1O9tBtd",136,1,1.6e+18,Mouradb07,1.62e+18,Fri Feb 03 10:23:53 +0000 2023,2023/2/3 10:23,1,0,0,https://twitter.com/Mouradb07/status/1621454421321256962,1,43344
43998,"@AIPADTECH , Why!!! Why!!!

AiIPad will launch AI project, is 2023 will be AI year?

#meme #ai #ailaunchpad #cryptolaunchpad??#chatgpt??#chatgpt3??#ArtificialIntelligence??#aiprojects https://t.co/DU0GgxdrLr",211,1,1.45e+18,cfircooETH,1.62e+18,Fri Feb 03 12:09:56 +0000 2023,2023/2/3 12:09,0,0,0,https://twitter.com/cfircooETH/status/1621481109459505155,0,43999
44547,knock knock... whos there? = #meme #ai #ailaunchpad #cryptolaunchpad??#chatgpt??#chatgpt3??#ArtificialIntelligence??#aiprojects https://t.co/3VSC28RSXI,151,0,1.54e+18,kenJone74031516,1.62e+18,Fri Feb 03 13:28:52 +0000 2023,2023/2/3 13:28,0,0,0,https://twitter.com/kenJone74031516/status/1621500974409056257,0,44548
45640,"#meme #ai #ailaunchpad #cryptolaunchpad??#chatgpt??#chatgpt3??#ArtificialIntelligence??#aiprojects

@AIPADTECH https://t.co/Tj0Rcm0V6t",136,1,1.09e+18,Jatangoyal,1.62e+18,Fri Feb 03 15:56:43 +0000 2023,2023/2/3 15:56,0,0,0,https://twitter.com/Jatangoyal/status/1621538179991113728,0,45641
45862,"@AIPADTECH got me like

#meme #ai #ailaunchpad #cryptolaunchpad??#chatgpt??#chatgpt3??#ArtificialIntelligence??#aiprojects https://t.co/EiN6kz6sWX",148,1,1.4e+18,wesseldepessel,1.62e+18,Fri Feb 03 16:23:59 +0000 2023,2023/2/3 16:23,0,0,0,https://twitter.com/wesseldepessel/status/1621545041616404481,0,45863
48147,"#meme #ai #ailaunchpad #cryptolaunchpad??#chatgpt??#chatgpt3??#ArtificialIntelligence??#aiprojects #AIPADmeme

@AIPADTECH https://t.co/OfZvIFCA5i",147,1,197316302.0,krypto_I_am,1.62e+18,Fri Feb 03 23:51:01 +0000 2023,2023/2/3 23:51,0,0,0,https://twitter.com/krypto_I_am/status/1621657540382572545,0,48148
48750,#meme #ai #ailaunchpad #cryptolaunchpad??#chatgpt??#chatgpt3??#ArtificialIntelligence??#aiprojects @AIPADTECH https://t.co/uKp0lNfN33,133,1,1.54e+18,BiddMay,1.62e+18,Tue Feb 07 00:23:47 +0000 2023,2023/2/7 0:23,0,0,0,https://twitter.com/BiddMay/status/1622752949783957504,0,48751
49104,"#meme #ai #ailaunchpad #cryptolaunchpad??#chatgpt??#chatgpt3??#ArtificialIntelligence??#aiprojects

-Tag @AIPADTECH https://t.co/37750UCOrl",141,1,1.55e+18,ghienai,1.62e+18,Tue Feb 07 01:33:44 +0000 2023,2023/2/7 1:33,0,0,0,https://twitter.com/ghienai/status/1622770554985156608,0,49105
51209,"Mee with @AIPADTECH soon e?   e?   e?   e?   
#meme #ai #ailaunchpad #cryptolaunchpad??#chatgpt??#chatgpt3??#ArtificialIntelligence??#aiprojects https://t.co/Md7IUuer26",169,1,9.24e+17,TheBtcSupport,1.62e+18,Tue Feb 07 07:04:27 +0000 2023,2023/2/7 7:04,0,0,0,https://twitter.com/TheBtcSupport/status/1622853782928334849,0,51210
53227,"#meme #ai #ailaunchpad #cryptolaunchpad??#chatgpt??#chatgpt3??#ArtificialIntelligence??#aiprojects

@AIPADTECH https://t.co/XQSRo36dDg",136,1,193410825.0,agent47_officia,1.62e+18,Tue Feb 07 10:37:04 +0000 2023,2023/2/7 10:37,0,0,0,https://twitter.com/agent47_officia/status/1622907287764619265,0,53228
53238,"@AIPADTECH 
#meme #ai #ailaunchpad #cryptolaunchpad??#chatgpt??#chatgpt3??#ArtificialIntelligence??#aiprojects https://t.co/q0dfJXTVYn",135,1,7.03e+17,KalealiSemih,1.62e+18,Tue Feb 07 10:38:15 +0000 2023,2023/2/7 10:38,0,0,0,https://twitter.com/KalealiSemih/status/1622907584763002880,0,53239
54209,"@AIPADTECH
#meme #ai #ailaunchpad #cryptolaunchpad??#chatgpt??#chatgpt3??#ArtificialIntelligence??#aiprojects #AIPADmeme https://t.co/ZKu0Zc8DK8",145,1,3311597362.0,aaronbosse75,1.62e+18,Tue Feb 07 12:12:56 +0000 2023,2023/2/7 12:12,0,0,0,https://twitter.com/aaronbosse75/status/1622931412960653312,0,54210
55017,"@AIPADTECH
#meme #ai #ailaunchpad #cryptolaunchpad??#chatgpt??#chatgpt3??#ArtificialIntelligence??#aiprojects https://t.co/vxZ46tu50q",134,1,3311597362.0,aaronbosse75,1.62e+18,Tue Feb 07 13:36:19 +0000 2023,2023/2/7 13:36,0,0,0,https://twitter.com/aaronbosse75/status/1622952399118925824,0,55018
56463,"#meme #ai #ailaunchpad #cryptolaunchpad??#chatgpt??#chatgpt3??#ArtificialIntelligence??#aiprojects

 @AIPADTECH https://t.co/vpuWwvaTWx",137,1,1.59e+18,ridwanwazoooh1,1.62e+18,Tue Feb 07 15:55:04 +0000 2023,2023/2/7 15:55,0,0,0,https://twitter.com/ridwanwazoooh1/status/1622987315390869505,0,56464
57484,@AIPADTECH #AI #AIPad #ailaunchpad #cryptolaunchpad #crypto #chatgpt #ArtificialIntelligence #aiprojects,104,1,177350758.0,eyado1979,1.62e+18,Tue Feb 07 17:47:41 +0000 2023,2023/2/7 17:47,0,0,0,https://twitter.com/eyado1979/status/1623015655179010055,0,57485
58278,#meme #ai #ailaunchpad #cryptolaunchpad??#chatgpt??#chatgpt3??#ArtificialIntelligence??#aiprojects #AIPADmeme @AIPADTECH https://t.co/NutRL4xHr7,144,1,1.6e+18,Chrisch09490383,1.62e+18,Tue Feb 07 19:04:34 +0000 2023,2023/2/7 19:04,0,0,0,https://twitter.com/Chrisch09490383/status/1623035006439329812,0,58279
59011,#meme #ai #ailaunchpad #cryptolaunchpad??#chatgpt??#chatgpt3??#ArtificialIntelligence??#aiprojects https://t.co/fHaSbRXpvb,122,0,1.61e+18,RafalRafael3,1.62e+18,Tue Feb 07 20:23:51 +0000 2023,2023/2/7 20:23,0,0,0,https://twitter.com/RafalRafael3/status/1623054959175696384,0,59012
59127,#meme #ai #ailaunchpad #cryptolaunchpad??#chatgpt??#chatgpt3??#ArtificialIntelligence??#aiprojects #AIPADmeme @AIPADTECH https://t.co/kQmPbnCI4T,144,1,1.61e+18,RafalRafael3,1.62e+18,Tue Feb 07 20:36:27 +0000 2023,2023/2/7 20:36,0,0,0,https://twitter.com/RafalRafael3/status/1623058127846539264,0,59128
60834,"#meme #ai #ailaunchpad #cryptolaunchpad??#chatgpt??#chatgpt3??#ArtificialIntelligence??#aiprojects

@AIPADTECH https://t.co/5tqtFjtnDq",136,1,1.54e+18,FikSal11,1.62e+18,Thu Feb 09 19:58:15 +0000 2023,2023/2/9 19:58,0,0,0,https://twitter.com/FikSal11/status/1623773289968435202,0,60835
63483,"#meme #ai #ailaunchpad #cryptolaunchpad??#chatgpt??#chatgpt3??#ArtificialIntelligence??#aiprojects

@AIPADTECH 

Og 9 level e???",132,1,1.52e+18,web3_animesh,1.62e+18,Sat Feb 11 06:43:08 +0000 2023,2023/2/11 6:43,0,0,0,https://twitter.com/web3_animesh/status/1624297970203230208,0,63484
63719,"Big successful project #meme #ai #ailaunchpad #cryptolaunchpad??#chatgpt??#chatgpt3??#ArtificialIntelligence??#aiprojects

@AIPADTECH https://t.co/LxMlwbuDC7",159,1,9.77e+17,Pravind75027136,1.62e+18,Sat Feb 11 07:34:18 +0000 2023,2023/2/11 7:34,2,0,0,https://twitter.com/Pravind75027136/status/1624310847605714946,2,63720
64236,"#ailaunchpad #cryptolaunchpad??#chatgpt??#chatgpt3??#ArtificialIntelligence??#aiprojects
@AIPADTECH  Tl https://t.co/ETNil9MR1m",128,1,1.48e+18,_k_tanjiro,1.62e+18,Sat Feb 11 09:32:45 +0000 2023,2023/2/11 9:32,0,1,0,https://twitter.com/_k_tanjiro/status/1624340654192005122,1,64237
64331,"#meme #ai #ailaunchpad #cryptolaunchpad??#chatgpt??#chatgpt3??#ArtificialIntelligence??#aiprojects
@AIPADTECH https://t.co/ObXwzBUYsA",134,1,1.27e+18,criptomike94,1.62e+18,Sat Feb 11 09:57:51 +0000 2023,2023/2/11 9:57,0,1,0,https://twitter.com/criptomike94/status/1624346969442250752,1,64332
65188,"#meme #ai #ailaunchpad #cryptolaunchpad??#chatgpt??#chatgpt3??#ArtificialIntelligence??#aiprojects #AIPADmeme
@AIPADTECH https://t.co/togXpHSFg1",145,1,1.35e+18,Mariusz18768404,1.62e+18,Sat Feb 11 12:57:09 +0000 2023,2023/2/11 12:57,0,0,0,https://twitter.com/Mariusz18768404/status/1624392093153038341,0,65189
65255,"#meme #ai #ailaunchpad #cryptolaunchpad??#chatgpt??#chatgpt3??#ArtificialIntelligence??#aiprojects
@AIPADTECH https://t.co/JTQ8vc19q6",134,1,1.35e+18,Mariusz18768404,1.62e+18,Sat Feb 11 13:06:47 +0000 2023,2023/2/11 13:06,0,0,0,https://twitter.com/Mariusz18768404/status/1624394516030541824,0,65256
65565,"Next generation IPad = A-IPAD

Lets say : ""Hi, Melissa!""

@AIPADTECH 

#meme #ai #ailaunchpad #cryptolaunchpad??#chatgpt??#chatgpt3??#ArtificialIntelligence??#aiprojects #AIPADmeme https://t.co/fEex6VqIUb",210,1,1.46e+18,coinbakin,1.62e+18,Sat Feb 11 13:56:03 +0000 2023,2023/2/11 13:56,3,0,1,https://twitter.com/coinbakin/status/1624406916355989510,4,65566
67154,@AIPADTECH #AI #AIPad #ailaunchpad #cryptolaunchpad #crypto #chatgpt #ArtificialIntelligence #aiprojects,104,1,883174418.0,Adeyemoshefiu,1.62e+18,Sat Feb 11 18:46:35 +0000 2023,2023/2/11 18:46,0,0,0,https://twitter.com/Adeyemoshefiu/status/1624480030792327169,0,67155
67548,"#meme #ai #ailaunchpad #cryptolaunchpad??#chatgpt??#chatgpt3??#ArtificialIntelligence??#aiprojects #AIPADmeme 
@AIPADTECH https://t.co/TBS1x4VeUq",146,1,1.37e+18,CoinSageCrypto,1.62e+18,Sat Feb 11 20:14:48 +0000 2023,2023/2/11 20:14,0,0,0,https://twitter.com/CoinSageCrypto/status/1624502231373324293,0,67549
68548,@AIPADTECH #AI #AIPad #ailaunchpad #cryptolaunchpad #crypto #chatgpt #ArtificialIntelligence #aiprojects,104,1,3812687602.0,DibyDrams,1.62e+18,Mon Feb 13 01:41:20 +0000 2023,2023/2/13 1:41,1,0,0,https://twitter.com/DibyDrams/status/1624946793069805570,1,68549
68586,"#meme #ai #ailaunchpad #cryptolaunchpad??#chatgpt??#chatgpt3??#ArtificialIntelligence??#aiprojects 

@AIPADTECH https://t.co/4zw1Y7GY9w",137,1,1.55e+18,ghienai,1.62e+18,Mon Feb 13 01:56:50 +0000 2023,2023/2/13 1:56,1,0,0,https://twitter.com/ghienai/status/1624950694431305728,1,68587
69081,"SOON @AIPADTECH  will be launched - Dont wait and grab some @BSCPad tokens to participate 
#meme #ai #ailaunchpad #cryptolaunchpad??#chatgpt??#chatgpt3??#ArtificialIntelligence??#aiprojects https://t.co/09G824gHcc",214,2,1.47e+18,CryptoToniBTC,1.62e+18,Mon Feb 13 04:29:19 +0000 2023,2023/2/13 4:29,0,0,0,https://twitter.com/CryptoToniBTC/status/1624989067753521154,0,69082
69109,"@AIPADTECH 

No more second thoughts

#meme #ai #ailaunchpad #cryptolaunchpad??#chatgpt??#chatgpt3??#ArtificialIntelligence??#aiprojects https://t.co/4CCNjketKF",164,1,7.25e+17,KpHarishananda,1.62e+18,Mon Feb 13 04:37:43 +0000 2023,2023/2/13 4:37,0,0,0,https://twitter.com/KpHarishananda/status/1624991180906979328,0,69110
69112,@AIPADTECH #AI #AIPad #ailaunchpad #cryptolaunchpad #crypto #chatgpt #ArtificialIntelligence #aiprojects,104,1,1.45e+18,DDaniel1990,1.62e+18,Mon Feb 13 04:37:58 +0000 2023,2023/2/13 4:37,1,0,0,https://twitter.com/DDaniel1990/status/1624991247315226627,1,69113
69189,Get Ready for AIPAD...for AI Projects #meme #ai #ailaunchpad #cryptolaunchpad??#chatgpt??#chatgpt3??#ArtificialIntelligence??#aiprojects @AIPADTECH https://t.co/eqpZpOAOIc,171,1,92030477.0,actuarycircle,1.63e+18,Mon Feb 13 05:03:02 +0000 2023,2023/2/13 5:03,0,0,0,https://twitter.com/actuarycircle/status/1624997552600006656,0,69190
69203,"ai years @AIPADTECH 
#meme #ai #ailaunchpad #cryptolaunchpad??#chatgpt??#chatgpt3??#ArtificialIntelligence??#aiprojects https://t.co/4mhj8LlDwb",144,1,1.4e+18,xiaoye138396,1.63e+18,Mon Feb 13 05:07:19 +0000 2023,2023/2/13 5:07,1,0,0,https://twitter.com/xiaoye138396/status/1624998633702846464,1,69204
69450,"@AIPADTECH 
#meme #ai #ailaunchpad #cryptolaunchpad??#chatgpt??#chatgpt3??#ArtificialIntelligence??#aiprojects https://t.co/OCWLnEhWMb",135,1,9.4e+17,kamlsh83,1.63e+18,Mon Feb 13 06:03:55 +0000 2023,2023/2/13 6:03,0,0,0,https://twitter.com/kamlsh83/status/1625012874648383490,0,69451
69876,#meme #ai #ailaunchpad #cryptolaunchpad??#chatgpt??#chatgpt3??#ArtificialIntelligence??#aiprojects @AIPADTECH https://t.co/iV9qxnOjRr,133,1,1.6e+18,ChrisCh434,1.63e+18,Mon Feb 13 07:48:07 +0000 2023,2023/2/13 7:48,0,0,0,https://twitter.com/ChrisCh434/status/1625039099638820864,0,69877
70137,"@AIPADTECH 
#ailaunchpad #cryptolaunchpad??#chatgpt??#chatgpt3??#ArtificialIntelligence??#aiprojects

 @AIPADTECH https://t.co/PhaKzFYhez",140,2,3105007088.0,holdbtc_ccpro,1.63e+18,Mon Feb 13 08:38:44 +0000 2023,2023/2/13 8:38,0,0,0,https://twitter.com/holdbtc_ccpro/status/1625051837446623233,0,70138
70395,"#meme #ai #ailaunchpad #cryptolaunchpad??#chatgpt??#chatgpt3??#ArtificialIntelligence??#aiprojects
@AIPADTECH https://t.co/SqaDdrSSaq",134,1,1.36e+18,LozanoJustino,1.63e+18,Mon Feb 13 09:21:34 +0000 2023,2023/2/13 9:21,0,0,0,https://twitter.com/LozanoJustino/status/1625062616421761024,0,70396
70425,@AIPADTECH this is goin to be legen...... #meme #ai #ailaunchpad #cryptolaunchpad??#chatgpt??#chatgpt3??#ArtificialIntelligence??#aiprojects .....dary! https://t.co/oY4kprCwjB,175,1,221664607.0,CryptoXenian,1.63e+18,Mon Feb 13 09:27:02 +0000 2023,2023/2/13 9:27,0,0,0,https://twitter.com/CryptoXenian/status/1625063991604019204,0,70426
70536,"#meme #ai #ailaunchpad #cryptolaunchpad??#chatgpt??#chatgpt3??#ArtificialIntelligence??#aiprojects
@AIPADTECH https://t.co/243axIGr58",134,1,1.35e+18,Mariusz18768404,1.63e+18,Mon Feb 13 09:47:58 +0000 2023,2023/2/13 9:47,1,0,0,https://twitter.com/Mariusz18768404/status/1625069261327675393,1,70537
70885,"#meme #ai #ailaunchpad #cryptolaunchpad??#chatgpt??#chatgpt3??#ArtificialIntelligence??#aiprojects
@AIPADTECH https://t.co/aMedPTZm70",134,1,1.62e+18,pihusharma01,1.63e+18,Mon Feb 13 10:39:04 +0000 2023,2023/2/13 10:39,0,0,0,https://twitter.com/pihusharma01/status/1625082117905584128,0,70886
70902,"THE FUTURE IS HEREe??  e??  e??  
 @AIPADTECH
#meme #ai #ailaunchpad #cryptolaunchpad??#chatgpt??#chatgpt3??#ArtificialIntelligence??#aiprojects https://t.co/aN8tfAEfCa",170,1,1.29e+18,Peter29520722,1.63e+18,Mon Feb 13 10:41:22 +0000 2023,2023/2/13 10:41,1,0,0,https://twitter.com/Peter29520722/status/1625082698657067008,1,70903
71039,"Next generation IPad = A-IPAD

Lets say : ""Hi, Melissa!""

@AIPADTECH

#meme #ai #ailaunchpad #cryptolaunchpad??#chatgpt??#chatgpt3??#ArtificialIntelligence??#aiprojects https://t.co/2CCRBPX9y8",198,1,1.46e+18,coinbakin,1.63e+18,Mon Feb 13 11:02:36 +0000 2023,2023/2/13 11:02,0,0,0,https://twitter.com/coinbakin/status/1625088040178786304,0,71040
71087,@AIPADTECH #meme #ai #ailaunchpad #cryptolaunchpad??#chatgpt??#chatgpt3??#ArtificialIntelligence??#aiprojects https://t.co/ypyfOvzwF6,133,1,391568084.0,carlesdh,1.63e+18,Mon Feb 13 11:10:08 +0000 2023,2023/2/13 11:10,0,0,0,https://twitter.com/carlesdh/status/1625089939699269632,0,71088
71385,"#meme #ai #ailaunchpad #cryptolaunchpad??#chatgpt??#chatgpt3??#ArtificialIntelligence??#aiprojects
 @AIPADTECH https://t.co/oa4K8MSslC",135,1,1.6e+18,WickyWi28833287,1.63e+18,Mon Feb 13 12:02:34 +0000 2023,2023/2/13 12:02,0,0,0,https://twitter.com/WickyWi28833287/status/1625103131141894146,0,71386
71451,"#meme #ai #ailaunchpad #cryptolaunchpad??#chatgpt??#chatgpt3??#ArtificialIntelligence??#aiprojects
@AIPADTECH https://t.co/Rrm4NwUw09",134,1,7.03e+17,KalealiSemih,1.63e+18,Mon Feb 13 12:13:36 +0000 2023,2023/2/13 12:13,0,0,0,https://twitter.com/KalealiSemih/status/1625105911101419522,0,71452
71627,#meme #ai #ailaunchpad #cryptolaunchpad??#chatgpt??#chatgpt3??#ArtificialIntelligence??#aiprojects https://t.co/V0a5z2d9nj,122,0,8.65e+17,HSheydaei,1.63e+18,Mon Feb 13 12:39:34 +0000 2023,2023/2/13 12:39,0,0,0,https://twitter.com/HSheydaei/status/1625112444854042624,0,71628
72155,"@AIPADTECH e???e???e???
#meme #ai #ailaunchpad #cryptolaunchpad??#chatgpt??#chatgpt3??#ArtificialIntelligence??#aiprojects https://t.co/3309e4tcV4",147,1,1.47e+18,TomekJwiak2,1.63e+18,Mon Feb 13 13:54:06 +0000 2023,2023/2/13 13:54,0,0,0,https://twitter.com/TomekJwiak2/status/1625131201907367940,0,72156
72160,"#meme #ai #ailaunchpad #cryptolaunchpad??#chatgpt??#chatgpt3??#ArtificialIntelligence??#aiprojects
@AIPADTECH https://t.co/jbUxIOILLt",134,1,1.37e+18,CoinSageCrypto,1.63e+18,Mon Feb 13 13:55:26 +0000 2023,2023/2/13 13:55,0,0,0,https://twitter.com/CoinSageCrypto/status/1625131535023190016,0,72161
72531,"#meme #ai #ailaunchpad #cryptolaunchpad??#chatgpt??#chatgpt3??#ArtificialIntelligence??#aiprojects

@AIPADTECH

Bestttt poroject https://t.co/ueJVdEeSeD",156,1,1.36e+18,Ab0lfazl79,1.63e+18,Mon Feb 13 14:50:17 +0000 2023,2023/2/13 14:50,0,0,0,https://twitter.com/Ab0lfazl79/status/1625145341065535488,0,72532
73064,#meme #ai #ailaunchpad #cryptolaunchpad??#chatgpt??#chatgpt3??#ArtificialIntelligence??#aiprojects @AIPADTECH https://t.co/mTqVw9wxR1,133,1,1.43e+18,FJLozano4,1.63e+18,Mon Feb 13 16:06:41 +0000 2023,2023/2/13 16:06,0,0,0,https://twitter.com/FJLozano4/status/1625164565989277696,0,73065
73075,"#meme #ai #ailaunchpad #cryptolaunchpad??#chatgpt??#chatgpt3??#ArtificialIntelligence??#aiprojects

@AIPADTECH https://t.co/gbm9Rx7XaJ",136,1,1.6e+18,Chrisch09490383,1.63e+18,Mon Feb 13 16:08:25 +0000 2023,2023/2/13 16:08,1,0,0,https://twitter.com/Chrisch09490383/status/1625165004923191305,1,73076
73089,"#meme #ai #ailaunchpad #cryptolaunchpad??#chatgpt??#chatgpt3??#ArtificialIntelligence??#aiprojects
@AIPADTECH https://t.co/TWScUUX9WU",134,1,1.61e+18,basairdrop_de,1.63e+18,Mon Feb 13 16:10:12 +0000 2023,2023/2/13 16:10,0,0,0,https://twitter.com/basairdrop_de/status/1625165451629146113,0,73090
73188,@AIPADTECH #meme #ai #ailaunchpad #cryptolaunchpad??#chatgpt??#chatgpt3??#ArtificialIntelligence??#aiprojects https://t.co/4OkIeyqgM5,133,1,1.61e+18,CzteryC,1.63e+18,Mon Feb 13 16:27:04 +0000 2023,2023/2/13 16:27,0,0,0,https://twitter.com/CzteryC/status/1625169696944271361,0,73189
73889,@AIPADTECH #meme #ai #ailaunchpad #cryptolaunchpad??#chatgpt??#chatgpt3??#ArtificialIntelligence??#aiprojects https://t.co/zMSyEGoBYr,133,1,1.61e+18,dwa_stefan,1.63e+18,Mon Feb 13 18:27:17 +0000 2023,2023/2/13 18:27,0,0,0,https://twitter.com/dwa_stefan/status/1625199948001148928,0,73890
73900,"#meme #ai #ailaunchpad #cryptolaunchpad??#chatgpt??#chatgpt3??#ArtificialIntelligence??#aiprojects
@AIPADTECH https://t.co/VGquJw5P1W",134,1,1.6e+18,anti_w1,1.63e+18,Mon Feb 13 18:29:28 +0000 2023,2023/2/13 18:29,0,0,0,https://twitter.com/anti_w1/status/1625200497874374679,0,73901
73920,#meme #ai #ailaunchpad #cryptolaunchpad??#chatgpt??#chatgpt3??#ArtificialIntelligence??#aiprojects @AIPADTECH https://t.co/r5huDNFrug,133,1,1.62e+18,Dontoutsource13,1.63e+18,Mon Feb 13 18:31:25 +0000 2023,2023/2/13 18:31,1,0,0,https://twitter.com/Dontoutsource13/status/1625200990847701022,1,73921
74053,"#meme #ai #ailaunchpad #cryptolaunchpad??#chatgpt??#chatgpt3??#ArtificialIntelligence??#aiprojects

-l@AIPADTECH https://t.co/cQWScaQX0q",138,1,1.54e+18,FikSal11,1.63e+18,Mon Feb 13 18:57:39 +0000 2023,2023/2/13 18:57,0,0,0,https://twitter.com/FikSal11/status/1625207590446592005,0,74054
74276,@AIPADTECH #meme #ai #ailaunchpad #cryptolaunchpad??#chatgpt??#chatgpt3??#ArtificialIntelligence??#aiprojects #AIPADmeme https://t.co/9Cz6ChTGOc,144,1,1.38e+18,VA5CO75,1.63e+18,Mon Feb 13 19:37:07 +0000 2023,2023/2/13 19:37,1,0,0,https://twitter.com/VA5CO75/status/1625217526207488008,1,74277
74494,"#meme #ai #ailaunchpad #cryptolaunchpad??#chatgpt??#chatgpt3??#ArtificialIntelligence??#aiprojects #AIPADmeme
 @AIPADTECH https://t.co/fFr8XX1jG7",146,1,1.56e+18,dodonkeyyyy,1.63e+18,Mon Feb 13 20:20:43 +0000 2023,2023/2/13 20:20,0,0,0,https://twitter.com/dodonkeyyyy/status/1625228496523116544,0,74495
74552,"#meme #ai #ailaunchpad #cryptolaunchpad??#chatgpt??#chatgpt3??#ArtificialIntelligence??#aiprojects
 @AIPADTECH https://t.co/klhsRlvXiP",135,1,1.56e+18,dodonkeyyyy,1.63e+18,Mon Feb 13 20:33:31 +0000 2023,2023/2/13 20:33,1,0,0,https://twitter.com/dodonkeyyyy/status/1625231717417226240,1,74553
74765,"@AIPADTECH keep goinge???e???e???e???e???

#meme #ai #ailaunchpad #cryptolaunchpad??#chatgpt??#chatgpt3??#ArtificialIntelligence??#aiprojects #AIPADmeme https://t.co/pRtKfcVzkb",178,1,1.44e+18,mohamad8_3,1.63e+18,Mon Feb 13 21:12:41 +0000 2023,2023/2/13 21:12,0,0,0,https://twitter.com/mohamad8_3/status/1625241575927214090,0,74766
74977,"#meme #ai #ailaunchpad #cryptolaunchpad??#chatgpt??#chatgpt3??#ArtificialIntelligence??#aiprojects
@AIPADTECH https://t.co/MeqxZrBHu5",134,1,1.07e+18,TurajShaon,1.63e+18,Mon Feb 13 22:00:27 +0000 2023,2023/2/13 22:00,0,0,0,https://twitter.com/TurajShaon/status/1625253596345565185,0,74978
75396,"#meme #ai #ailaunchpad #cryptolaunchpad??#chatgpt??#chatgpt3??#ArtificialIntelligence??#aiprojects

@AIPADTECH https://t.co/yILJK1PJVe",136,1,1.33e+18,oldKOT1,1.63e+18,Mon Feb 13 23:38:25 +0000 2023,2023/2/13 23:38,0,0,0,https://twitter.com/oldKOT1/status/1625278250019594240,0,75397
75910,"#meme #ai #ailaunchpad #cryptolaunchpad??#chatgpt??#chatgpt3??#ArtificialIntelligence??#aiprojects

@AIPADTECH",112,1,1.44e+18,amirhossienivn,1.63e+18,Wed Feb 15 04:26:45 +0000 2023,2023/2/15 4:26,1,0,0,https://twitter.com/amirhossienivn/status/1625713199365656576,1,75911
76435,"#meme #ai #ailaunchpad #cryptolaunchpad??#chatgpt??#chatgpt3??#ArtificialIntelligence??#aiprojects
@AIPADTECH https://t.co/r1WKubh1Wm",134,1,1.38e+18,hassan37658226,1.63e+18,Wed Feb 15 06:51:18 +0000 2023,2023/2/15 6:51,0,0,0,https://twitter.com/hassan37658226/status/1625749575481888769,0,76436
77102,"AIPAD VS DAO Maker
#meme #ai #ailaunchpad #cryptolaunchpad??#chatgpt??#chatgpt3??#ArtificialIntelligence??#aiprojects

 @AIPADTECH https://t.co/Q5JAoIiwHT",157,1,1.61e+18,RafalRafael3,1.63e+18,Wed Feb 15 09:18:39 +0000 2023,2023/2/15 9:18,1,0,0,https://twitter.com/RafalRafael3/status/1625786655838806018,1,77103
77932,"#meme #ai #ailaunchpad #cryptolaunchpad??#chatgpt??#chatgpt3??#ArtificialIntelligence??#aiprojects

@AIPADTECH https://t.co/AF8n6U7Cwx",136,1,1.6e+18,Mouradb07,1.63e+18,Wed Feb 15 11:48:35 +0000 2023,2023/2/15 11:48,0,0,0,https://twitter.com/Mouradb07/status/1625824388212838401,0,77933
78031,"#meme #ai #ailaunchpad #cryptolaunchpad??#chatgpt??#chatgpt3??#ArtificialIntelligence??#aiprojects #AIPADmeme
@AIPADTECH https://t.co/pV5MxEi8lt",145,1,1.45e+18,CerratoTommaso,1.63e+18,Wed Feb 15 12:05:09 +0000 2023,2023/2/15 12:05,0,0,0,https://twitter.com/CerratoTommaso/status/1625828559397715968,0,78032
78689,"#ailaunchpad #meme #ai #cryptolaunchpad??#chatgpt??#chatgpt3??#ArtificialIntelligence??#aiprojects #AIPADmeme
@AIPADTECH https://t.co/J6NBKvbkfc",145,1,1.55e+18,reza54376755,1.63e+18,Wed Feb 15 13:38:55 +0000 2023,2023/2/15 13:38,0,0,0,https://twitter.com/reza54376755/status/1625852157697327115,0,78690
81552,"#meme #ai #ailaunchpad #cryptolaunchpad??#chatgpt??#chatgpt3??#ArtificialIntelligence??#aiprojects

 @AIPADTECH https://t.co/JdYKjkLBSW",137,1,3124469162.0,berxoxebat,1.63e+18,Wed Feb 15 21:58:10 +0000 2023,2023/2/15 21:58,0,0,0,https://twitter.com/berxoxebat/status/1625977796097966095,0,81553
81710,"#meme #ai #ailaunchpad #cryptolaunchpad??#chatgpt??#chatgpt3??#ArtificialIntelligence??#aiprojects

@AIPADTECH https://t.co/k4VSuZazR9",136,1,1.55e+18,reza54376755,1.63e+18,Wed Feb 15 22:32:31 +0000 2023,2023/2/15 22:32,0,0,0,https://twitter.com/reza54376755/status/1625986441300803584,0,81711
81757,#ailaunchpad #cryptolaunchpad??#chatgpt??#chatgpt3??#ArtificialIntelligence??#aiprojects @AIPADTECH https://t.co/tcpQhU2JSh,123,1,1.51e+18,AirdropsVerse,1.63e+18,Wed Feb 15 22:47:26 +0000 2023,2023/2/15 22:47,0,0,0,https://twitter.com/AirdropsVerse/status/1625990196499038208,0,81758
82702,#meme #ai #ailaunchpad #cryptolaunchpad??#chatgpt??#chatgpt3??#ArtificialIntelligence??#aiprojects #AIPADmeme https://t.co/3jXp4HiwZn,133,0,1.39e+18,TagheMohammad,1.63e+18,Tue Feb 21 17:50:12 +0000 2023,2023/2/21 17:50,1,1,0,https://twitter.com/TagheMohammad/status/1628089721388670976,2,82703
83190,"#meme #ai #ailaunchpad #cryptolaunchpad??#chatgpt??#chatgpt3??#ArtificialIntelligence??#aiprojects
@AIPADTECH https://t.co/CSlxV9ZERx",134,1,1.57e+18,KryptoKoval,1.63e+18,Tue Feb 21 18:38:22 +0000 2023,2023/2/21 18:38,0,0,0,https://twitter.com/KryptoKoval/status/1628101840859529216,0,83191
83642,"#meme #ai #ailaunchpad #cryptolaunchpad??#chatgpt??#chatgpt3??#ArtificialIntelligence??#aiprojects
@AIPADTECH https://t.co/xldXhnVdE5",134,1,1.43e+18,Maestro_Dr_Remi,1.63e+18,Tue Feb 21 20:04:41 +0000 2023,2023/2/21 20:04,0,0,0,https://twitter.com/Maestro_Dr_Remi/status/1628123565152210968,0,83643
83669,#meme #ai #ailaunchpad #cryptolaunchpad??#chatgpt??#chatgpt3??#ArtificialIntelligence??#aiprojects https://t.co/m3cdVEwBZI,122,0,1.61e+18,Kryptowram,1.63e+18,Tue Feb 21 20:10:57 +0000 2023,2023/2/21 20:10,0,0,0,https://twitter.com/Kryptowram/status/1628125141669408768,0,83670
84609,"#meme #ai #ailaunchpad #cryptolaunchpad??#chatgpt??#chatgpt3??#ArtificialIntelligence??#aiprojects 

@AIPADTECH https://t.co/OvKTmHLd41",137,1,1.55e+18,ghienai,1.63e+18,Thu Feb 23 02:47:45 +0000 2023,2023/2/23 2:47,0,0,0,https://twitter.com/ghienai/status/1628587388594438145,0,84610
85544,"#meme #ai #ailaunchpad #cryptolaunchpad??#chatgpt??#chatgpt3??#ArtificialIntelligence??#aiprojects

@AIPADTECH https://t.co/mqCI7FzWI1",136,1,1.46e+18,BellinoLacho,1.63e+18,Thu Feb 23 06:47:08 +0000 2023,2023/2/23 6:47,1,0,0,https://twitter.com/BellinoLacho/status/1628647629490950145,1,85545
85858,"I'm looking forward to February 28th.

#meme #ai #ailaunchpad #cryptolaunchpad??#chatgpt??#chatgpt3??
#ArtificialIntelligence??#aiprojects

@AIPADTECH",155,1,1.38e+18,ogzalu,1.63e+18,Thu Feb 23 07:54:20 +0000 2023,2023/2/23 7:54,0,0,0,https://twitter.com/ogzalu/status/1628664543667707906,0,85859
86457,"just AIpad
#meme #ai #ailaunchpad #cryptolaunchpad??#chatgpt??#chatgpt3??#ArtificialIntelligence??#aiprojects
@AIPADTECH https://t.co/439wqLi4pM",146,1,1.37e+18,AOROUJZADEH,1.63e+18,Thu Feb 23 09:45:30 +0000 2023,2023/2/23 9:45,1,0,0,https://twitter.com/AOROUJZADEH/status/1628692516521316352,1,86458
86527,"#meme #ai #ailaunchpad #cryptolaunchpad #chatgpt #chatgpt3 #ArtificialIntelligence #aiprojects #AIPADmeme
@AIPADTECH https://t.co/tcrs0kvhlF",141,1,1.47e+18,artin_2712,1.63e+18,Thu Feb 23 09:57:47 +0000 2023,2023/2/23 9:57,1,0,0,https://twitter.com/artin_2712/status/1628695609891864577,1,86528
87139,@AIPADTECH #meme #ai #ailaunchpad #cryptolaunchpad??#chatgpt??#chatgpt3??#ArtificialIntelligence??#aiprojects #AIPADmeme https://t.co/bz39487hI3,144,1,1.12e+18,skOR5EBJvqVJ7oq,1.63e+18,Thu Feb 23 11:43:48 +0000 2023,2023/2/23 11:43,0,0,1,https://twitter.com/skOR5EBJvqVJ7oq/status/1628722288777461760,1,87140
88570,"#meme #ai #ailaunchpad #cryptolaunchpad??#chatgpt??#chatgpt3??#ArtificialIntelligence??#aiprojects #AIPADmeme

 @AIPADTECH https://t.co/KCVjN1Gp3m",148,1,1.61e+18,elijoonsali,1.63e+18,Thu Feb 23 15:11:52 +0000 2023,2023/2/23 15:11,1,0,0,https://twitter.com/elijoonsali/status/1628774650330116097,1,88571
90014,"#meme #ai #ailaunchpad #cryptolaunchpad??#chatgpt??#chatgpt3??#ArtificialIntelligence??#aiprojects
@AIPADTECH https://t.co/YOFkAf2ZV0",134,1,1.5e+18,MShirzadi72,1.63e+18,Thu Feb 23 19:20:54 +0000 2023,2023/2/23 19:20,0,0,0,https://twitter.com/MShirzadi72/status/1628837320311857152,0,90015
90064,"#meme #ai #ailaunchpad #cryptolaunchpad #chatgpt #chatgpt3 #ArtificialIntelligence #aiprojects
@AIPADTECH https://t.co/5NeDSLhrru",130,1,1.5e+18,MShirzadi72,1.63e+18,Thu Feb 23 19:35:34 +0000 2023,2023/2/23 19:35,0,0,0,https://twitter.com/MShirzadi72/status/1628841014524772352,0,90065
90930,"#meme #ai #ailaunchpad #cryptolaunchpad??#chatgpt??#chatgpt3??#ArtificialIntelligence??#aiprojects

 @AIPADTECH https://t.co/2TfIU2K5EJ",137,1,1.33e+18,oldKOT1,1.63e+18,Thu Feb 23 23:11:45 +0000 2023,2023/2/23 23:11,1,0,0,https://twitter.com/oldKOT1/status/1628895417755660290,1,90931
91140,"#meme #ai #ailaunchpad #cryptolaunchpad??#chatgpt??#chatgpt3??#ArtificialIntelligence??#aiprojects #AIPADmeme
@AIPAD best project.... https://t.co/PHyRwBelvu",158,1,1.44e+18,Atoosa54090116,1.63e+18,Sat Feb 25 21:48:52 +0000 2023,2023/2/25 21:48,1,0,0,https://twitter.com/Atoosa54090116/status/1629599336068726785,1,91141
91187,"#meme #ai #ailaunchpad #cryptolaunchpad??#chatgpt??#chatgpt3??#ArtificialIntelligence??#aiprojects
 @AIPADTECH https://t.co/w2x0gpVfHW",135,1,1.44e+18,Atoosa54090116,1.63e+18,Sat Feb 25 22:02:35 +0000 2023,2023/2/25 22:02,1,0,0,https://twitter.com/Atoosa54090116/status/1629602787116941314,1,91188
91496,"#meme #ai #ailaunchpad #cryptolaunchpad??#chatgpt??#chatgpt3??#ArtificialIntelligence??#aiprojects
@AIPADTECH https://t.co/87mepSO0y0",134,1,1.32e+18,kien17061966,1.63e+18,Mon Feb 27 00:06:29 +0000 2023,2023/2/27 0:06,0,0,0,https://twitter.com/kien17061966/status/1629996353156976640,0,91497
91552,AIPAD is coming soon ! #meme #ai #ailaunchpad #cryptolaunchpad??#chatgpt??#chatgpt3??#ArtificialIntelligence??#aiprojects @AIPADTECH https://t.co/ba50g9AAA5,156,1,549002820.0,macthedreamer,1.63e+18,Mon Feb 27 00:28:42 +0000 2023,2023/2/27 0:28,0,0,0,https://twitter.com/macthedreamer/status/1630001944914976768,0,91553
91605,#meme #ai #ailaunchpad #cryptolaunchpad??#chatgpt??#chatgpt3??#ArtificialIntelligence??#aiprojects @AIPADTECH https://t.co/5BdbSRW2Bq,133,1,1.43e+18,FJLozano4,1.63e+18,Mon Feb 27 00:48:40 +0000 2023,2023/2/27 0:48,0,0,0,https://twitter.com/FJLozano4/status/1630006969732849667,0,91606
91623,"#meme #ai #ailaunchpad #cryptolaunchpad??#chatgpt??#chatgpt3??#ArtificialIntelligence??#aiprojects

@AIPADTECH https://t.co/MaaeLZIg26",136,1,1.46e+18,BellinoLacho,1.63e+18,Mon Feb 27 00:53:50 +0000 2023,2023/2/27 0:53,0,0,0,https://twitter.com/BellinoLacho/status/1630008272269836288,0,91624
92155,"AIPAD UPUPUP  @AIPADTECH 
#meme #ai #ailaunchpad #cryptolaunchpad??#chatgpt??#chatgpt3??#ArtificialIntelligence??#aiprojects https://t.co/9wYVzcQkd6",149,1,1.4e+18,xiaoye138396,1.63e+18,Mon Feb 27 04:02:45 +0000 2023,2023/2/27 4:02,0,0,0,https://twitter.com/xiaoye138396/status/1630055815280480258,0,92156
92431,@AIPADTECH #meme #ai #ailaunchpad #cryptolaunchpad??#chatgpt??#chatgpt3??#ArtificialIntelligence??#aiprojects https://t.co/2NrN9Gyb55,133,1,7.03e+17,KalealiSemih,1.63e+18,Mon Feb 27 05:45:37 +0000 2023,2023/2/27 5:45,0,0,0,https://twitter.com/KalealiSemih/status/1630081702239297536,0,92432
92581,#meme #ai #ailaunchpad #cryptolaunchpad??#chatgpt??#chatgpt3??#ArtificialIntelligence??#aiprojects https://t.co/vna2msL6kn,122,0,1.39e+18,TagheMohammad,1.63e+18,Mon Feb 27 06:35:15 +0000 2023,2023/2/27 6:35,2,1,0,https://twitter.com/TagheMohammad/status/1630094189152153600,3,92582
92678,"@discord #meme #ai #ailaunchpad #cryptolaunchpad??#chatgpt??#chatgpt3??#ArtificialIntelligence??#aiprojects

-Tag @AIPADTECH",126,2,1.38e+18,EGP15089023,1.63e+18,Mon Feb 27 07:06:01 +0000 2023,2023/2/27 7:06,0,0,0,https://twitter.com/EGP15089023/status/1630101933372456960,0,92679
92681,"@discord #meme #ai #ailaunchpad #cryptolaunchpad??#chatgpt??#chatgpt3??#ArtificialIntelligence??#aiprojects

-Tag @AIPADTECH",126,2,1.38e+18,EGP15089023,1.63e+18,Mon Feb 27 07:06:48 +0000 2023,2023/2/27 7:06,0,0,0,https://twitter.com/EGP15089023/status/1630102132736000001,0,92682
92682,"@discord 
#meme #ai #ailaunchpad #cryptolaunchpad??#chatgpt??#chatgpt3??#ArtificialIntelligence??#aiprojects

-Tag @AIPADTECH",128,2,1.38e+18,EGP15089023,1.63e+18,Mon Feb 27 07:07:20 +0000 2023,2023/2/27 7:07,0,0,0,https://twitter.com/EGP15089023/status/1630102265775136769,0,92683
92721,@AIPADTECH #meme #ai #ailaunchpad #cryptolaunchpad??#chatgpt??#chatgpt3??#ArtificialIntelligence??#aiprojects #AIPADvsEverybody https://t.co/AroENZ7pnf,151,1,1.22e+18,ChaosJutsu,1.63e+18,Mon Feb 27 07:18:47 +0000 2023,2023/2/27 7:18,0,0,0,https://twitter.com/ChaosJutsu/status/1630105145483702274,0,92722
92744,@AIPADTECH  is coming soon dona??t miss it #meme #ai #ailaunchpad #cryptolaunchpad??#chatgpt??#chatgpt3??#ArtificialIntelligence??#aiprojects https://t.co/68U9uKHeeX,165,1,1.47e+18,CryptoToniBTC,1.63e+18,Mon Feb 27 07:24:19 +0000 2023,2023/2/27 7:24,0,0,0,https://twitter.com/CryptoToniBTC/status/1630106538189676544,0,92745
92786,"@AIPADTECH
#meme #ai #ailaunchpad #cryptolaunchpad??#chatgpt??#chatgpt3??#ArtificialIntelligence??#aiprojects https://t.co/qF0wUJbK5L",134,1,1.42e+18,azizizi_,1.63e+18,Mon Feb 27 07:34:45 +0000 2023,2023/2/27 7:34,0,0,0,https://twitter.com/azizizi_/status/1630109162934861824,0,92787
92829,"@AIPADTECH one more day to go!! e???
 
#meme #ai #ailaunchpad #cryptolaunchpad??#chatgpt??#chatgpt3??#ArtificialIntelligence??#aiprojects https://t.co/6NWQ2cKq6h",163,1,1.06e+18,IM_Loverz,1.63e+18,Mon Feb 27 07:48:30 +0000 2023,2023/2/27 7:48,0,0,0,https://twitter.com/IM_Loverz/status/1630112625206984704,0,92830
93028,"#meme #ai #ailaunchpad #cryptolaunchpad??#chatgpt??#chatgpt3??#ArtificialIntelligence??#aiprojects
@AIPADTECH https://t.co/I01p4e1dDu",134,1,1.43e+18,FireDragon10101,1.63e+18,Mon Feb 27 08:38:52 +0000 2023,2023/2/27 8:38,0,0,0,https://twitter.com/FireDragon10101/status/1630125298569162752,0,93029
93212,"#meme #ai #ailaunchpad #cryptolaunchpad??#chatgpt??#chatgpt3??#ArtificialIntelligence??#aiprojects

@AIPADTECH https://t.co/PSNxYW0wDo",136,1,1.48e+18,SonGoku777i,1.63e+18,Mon Feb 27 09:17:29 +0000 2023,2023/2/27 9:17,1,0,0,https://twitter.com/SonGoku777i/status/1630135017761325056,1,93213
93330,"#ailaunchpad #cryptolaunchpad??#chatgpt??#chatgpt3??#ArtificialIntelligence??#aiprojects
@AIPADTECH https://t.co/CFqcD5J7UY",124,1,1.56e+18,dodonkeyyyy,1.63e+18,Mon Feb 27 09:44:51 +0000 2023,2023/2/27 9:44,0,0,0,https://twitter.com/dodonkeyyyy/status/1630141906700103682,0,93331
93439,"#meme #ai #ailaunchpad #cryptolaunchpad??#chatgpt??#chatgpt3??#ArtificialIntelligence??#aiprojects
 @AIPADTECH https://t.co/wl7hIiNf99",135,1,1.44e+18,Atoosa54090116,1.63e+18,Mon Feb 27 10:07:26 +0000 2023,2023/2/27 10:07,0,0,0,https://twitter.com/Atoosa54090116/status/1630147586991570945,0,93440
93726,"#meme #ai #ailaunchpad #cryptolaunchpad??#chatgpt??#chatgpt3??#ArtificialIntelligence??#aiprojects #AIPADmeme

@AIPADTECH https://t.co/zhKnbWsg8E",147,1,8.93e+17,TomaszKrala,1.63e+18,Mon Feb 27 11:10:44 +0000 2023,2023/2/27 11:10,0,0,0,https://twitter.com/TomaszKrala/status/1630163520682598402,0,93727
93829,"#meme #ai #ailaunchpad #cryptolaunchpad??#chatgpt??#chatgpt3??#ArtificialIntelligence??#aiprojects

@AIPADTECH https://t.co/2MuNSs5Qq7",136,1,1.47e+18,nagsha_kan,1.63e+18,Mon Feb 27 11:31:05 +0000 2023,2023/2/27 11:31,1,0,0,https://twitter.com/nagsha_kan/status/1630168638299750401,1,93830
93863,#meme #ai #ailaunchpad #cryptolaunchpad??#chatgpt??#chatgpt3??#ArtificialIntelligence??#aiprojects @AIPADTECH https://t.co/kbwLqacAci,133,1,1.45e+18,CerratoTommaso,1.63e+18,Mon Feb 27 11:36:54 +0000 2023,2023/2/27 11:36,1,0,0,https://twitter.com/CerratoTommaso/status/1630170105882484739,1,93864
93931,"#meme #ai #ailaunchpad #cryptolaunchpad??#chatgpt??#chatgpt3??#ArtificialIntelligence??#aiprojects
@AIPADTECH https://t.co/RNbHjy0CHJ",134,1,1.38e+18,oxsanam1,1.63e+18,Mon Feb 27 11:50:03 +0000 2023,2023/2/27 11:50,0,0,0,https://twitter.com/oxsanam1/status/1630173411883220992,0,93932
94098,#meme #ai #ailaunchpad #cryptolaunchpad??#chatgpt??#chatgpt3??#ArtificialIntelligence??#aiprojects https://t.co/91xJkaAPW0,122,0,1.46e+18,waddup71,1.63e+18,Mon Feb 27 12:23:08 +0000 2023,2023/2/27 12:23,1,0,0,https://twitter.com/waddup71/status/1630181739611017216,1,94099
94404,"#meme #ai #ailaunchpad #cryptolaunchpad??#chatgpt??#chatgpt3??#ArtificialIntelligence??#aiprojects

@AIPADTECH https://t.co/CZrfltOMZl",136,1,8.93e+17,TomaszKrala,1.63e+18,Mon Feb 27 13:31:31 +0000 2023,2023/2/27 13:31,1,0,0,https://twitter.com/TomaszKrala/status/1630198948047585280,1,94405
94422,"#meme #ai #ailaunchpad #cryptolaunchpad??#chatgpt??#chatgpt3??#ArtificialIntelligence??#aiprojects

@AIPADTECH https://t.co/lxjn6LpdHS",136,1,1.38e+18,m_farzaneee,1.63e+18,Mon Feb 27 13:35:33 +0000 2023,2023/2/27 13:35,0,0,0,https://twitter.com/m_farzaneee/status/1630199963601838080,0,94423
94761,"#meme #ai #ailaunchpad #cryptolaunchpad??#chatgpt??#chatgpt3??#ArtificialIntelligence??#aiprojects
@AIPADTECH https://t.co/SNCJcpvJ3f",134,1,1.56e+18,Abolfazlabed_,1.63e+18,Mon Feb 27 14:33:38 +0000 2023,2023/2/27 14:33,1,0,0,https://twitter.com/Abolfazlabed_/status/1630214579623010306,1,94762
94798,"This is the future! This is the next generation IPAD = AIPAD!!!

#meme #ai #ailaunchpad #cryptolaunchpad??#chatgpt??#chatgpt3??#ArtificialIntelligence??#aiprojects 

@AIPADTECH https://t.co/g8hEoGHDaI",204,1,1.46e+18,coinbakin,1.63e+18,Mon Feb 27 14:42:37 +0000 2023,2023/2/27 14:42,0,0,0,https://twitter.com/coinbakin/status/1630216839853756416,0,94799
95301,"AiPad  e???e?    

#meme #ai #ailaunchpad #cryptolaunchpad??#chatgpt??#chatgpt3??#ArtificialIntelligence??#aiprojects

- @AIPADTECH https://t.co/CX8LRP2h7k",159,1,1.3e+18,lilawatstudioz,1.63e+18,Mon Feb 27 15:38:56 +0000 2023,2023/2/27 15:38,2,1,0,https://twitter.com/lilawatstudioz/status/1630231015313555458,3,95302
95400,"@AIPADTECH
#meme #ai #ailaunchpad #cryptolaunchpad??#chatgpt??#chatgpt3??#ArtificialIntelligence??#aiprojects https://t.co/p78EDtOeWV",134,1,1.38e+18,AminCrypto83,1.63e+18,Mon Feb 27 15:55:50 +0000 2023,2023/2/27 15:55,1,0,0,https://twitter.com/AminCrypto83/status/1630235266127638535,1,95401
95404,"@AIPADTECH
#meme #ai #ailaunchpad #cryptolaunchpad??#chatgpt??#chatgpt3??#ArtificialIntelligence??#aiprojects https://t.co/SNzLvvGHWM",134,1,1.38e+18,AminCrypto83,1.63e+18,Mon Feb 27 15:56:40 +0000 2023,2023/2/27 15:56,0,0,0,https://twitter.com/AminCrypto83/status/1630235477487022082,0,95405
95544,"#meme #ai #ailaunchpad #cryptolaunchpad??#chatgpt??#chatgpt3??#ArtificialIntelligence??#aiprojects
@AIPADTECH https://t.co/Cqfox2sjpw",134,1,1.6e+18,Elia90536976,1.63e+18,Mon Feb 27 16:19:37 +0000 2023,2023/2/27 16:19,2,1,0,https://twitter.com/Elia90536976/status/1630241253689552896,3,95545
95579,"#meme #ai #ailaunchpad #cryptolaunchpad??#chatgpt??#chatgpt3??#ArtificialIntelligence??#aiprojects
 @AIPADTECH https://t.co/z9PdVS8MAo",135,1,1.61e+18,elijoonsali,1.63e+18,Mon Feb 27 16:23:53 +0000 2023,2023/2/27 16:23,0,0,0,https://twitter.com/elijoonsali/status/1630242323777875970,0,95580
95664,"#meme #ai #ailaunchpad #cryptolaunchpad??#chatgpt??#chatgpt3??#ArtificialIntelligence??#aiprojects #AIPADmeme

@AIPADTECH https://t.co/9rM2Z7b4qU",147,1,285135988.0,BuLiangDaliy,1.63e+18,Mon Feb 27 16:35:30 +0000 2023,2023/2/27 16:35,0,0,0,https://twitter.com/BuLiangDaliy/status/1630245248487268352,0,95665
95970,"#meme #ai #ailaunchpad #cryptolaunchpad??#chatgpt??#chatgpt3??#ArtificialIntelligence??#aiprojects

 @AIPADTECH https://t.co/spT6dkniLl",137,1,285135988.0,BuLiangDaliy,1.63e+18,Mon Feb 27 17:23:48 +0000 2023,2023/2/27 17:23,0,0,0,https://twitter.com/BuLiangDaliy/status/1630257405752913921,0,95971
95971,"#meme #ai #ailaunchpad #cryptolaunchpad??#chatgpt??#chatgpt3??#ArtificialIntelligence??#aiprojects #AIPADmeme
@AIPADTECH https://t.co/8KUjsS2yFU",145,1,1.6e+18,0x2artist,1.63e+18,Mon Feb 27 17:23:54 +0000 2023,2023/2/27 17:23,0,0,0,https://twitter.com/0x2artist/status/1630257428330577921,0,95972
95982,"#meme #ai #ailaunchpad #cryptolaunchpad??#chatgpt??#chatgpt3??#ArtificialIntelligence??#aiprojects
@AIPADTECH https://t.co/kccHTQbZuM",134,1,1.61e+18,elijoonsali1,1.63e+18,Mon Feb 27 17:26:02 +0000 2023,2023/2/27 17:26,1,0,0,https://twitter.com/elijoonsali1/status/1630257964488486917,1,95983
96018,"#meme #ai #ailaunchpad #cryptolaunchpad??#chatgpt??#chatgpt3??#ArtificialIntelligence??#aiprojects

@AIPADTECH https://t.co/LGH3kL3HXQ",136,1,1.6e+18,0x2artist,1.63e+18,Mon Feb 27 17:32:42 +0000 2023,2023/2/27 17:32,1,0,0,https://twitter.com/0x2artist/status/1630259641807433729,1,96019
96205,"@AIPADTECH  
#meme #ai #ailaunchpad #cryptolaunchpad??#chatgpt??#chatgpt3??#ArtificialIntelligence??#aiprojects https://t.co/0WgX1Ficry",136,1,1.37e+18,Cagdas8585,1.63e+18,Mon Feb 27 17:59:53 +0000 2023,2023/2/27 17:59,0,0,0,https://twitter.com/Cagdas8585/status/1630266485250613248,0,96206
96299,"@AIPADTECH 
#meme #ai #ailaunchpad #cryptolaunchpad??#chatgpt??#chatgpt3??#ArtificialIntelligence??#aiprojects https://t.co/rUhJHVA7IW",135,1,1.35e+18,Mariusz18768404,1.63e+18,Mon Feb 27 18:20:09 +0000 2023,2023/2/27 18:20,0,0,0,https://twitter.com/Mariusz18768404/status/1630271585931100163,0,96300
96357,#meme #ai #ailaunchpad #cryptolaunchpad??#chatgpt??#chatgpt3??#ArtificialIntelligence??#aiprojects https://t.co/HDPw3wop5C,122,0,1.41e+18,Arianc630,1.63e+18,Mon Feb 27 18:41:42 +0000 2023,2023/2/27 18:41,0,0,0,https://twitter.com/Arianc630/status/1630277010315436033,0,96358
96513,"#meme #ai #ailaunchpad #cryptolaunchpad??#chatgpt??#chatgpt3??#ArtificialIntelligence??#aiprojects 
@AIPADTECH https://t.co/ifl7YaqLJh",135,1,1.6e+18,yashar00530823,1.63e+18,Mon Feb 27 19:14:47 +0000 2023,2023/2/27 19:14,1,0,0,https://twitter.com/yashar00530823/status/1630285335455232005,1,96514
96605,"@AIPADTECH

#meme #ai #ailaunchpad #cryptolaunchpad??#chatgpt??#chatgpt3??#ArtificialIntelligence??#aiprojects https://t.co/2Mlvfg04tS",136,1,1.5e+18,AMeliante75,1.63e+18,Mon Feb 27 19:33:03 +0000 2023,2023/2/27 19:33,0,0,0,https://twitter.com/AMeliante75/status/1630289930348797954,0,96606
96710,"#meme #ai #ailaunchpad #cryptolaunchpad??#chatgpt??#chatgpt3??#ArtificialIntelligence??#aiprojects #AIPADmeme 

@AIPADTECH https://t.co/clHsrnUzLE",148,1,1.5e+18,AMeliante75,1.63e+18,Mon Feb 27 20:00:13 +0000 2023,2023/2/27 20:00,0,0,0,https://twitter.com/AMeliante75/status/1630296766636539908,0,96711
96770,"#meme #ai #ailaunchpad #cryptolaunchpad??#chatgpt??#chatgpt3??#ArtificialIntelligence??#aiprojects #AIPADmeme
@AIPADTECH https://t.co/jL3fRuuLGh",145,1,1.61e+18,elijoonsali1,1.63e+18,Mon Feb 27 20:17:30 +0000 2023,2023/2/27 20:17,0,0,0,https://twitter.com/elijoonsali1/status/1630301118881320963,0,96771
96928,#meme #ai #ailaunchpad #cryptolaunchpad??#chatgpt??#chatgpt3??#ArtificialIntelligence??#aiprojects @AIPADTECH https://t.co/8BbQEmZicC,133,1,1.61e+18,milionraz333,1.63e+18,Mon Feb 27 20:59:50 +0000 2023,2023/2/27 20:59,0,0,0,https://twitter.com/milionraz333/status/1630311769825501184,0,96929
97107,#meme #ai #ailaunchpad #cryptolaunchpad??#chatgpt??#chatgpt3??#ArtificialIntelligence??#aiprojects  @AIPADTECH https://t.co/m3ajMeRRJG,134,1,1.4e+18,Maryam37282848,1.63e+18,Mon Feb 27 21:52:35 +0000 2023,2023/2/27 21:52,0,0,0,https://twitter.com/Maryam37282848/status/1630325047033229318,0,97108
97122,#meme #ai #ailaunchpad #cryptolaunchpad??#chatgpt??#chatgpt3??#ArtificialIntelligence??#aiprojects #AIPADmeme  @AIPADTECH https://t.co/jWbo74MSdN,145,1,1.4e+18,Maryam37282848,1.63e+18,Mon Feb 27 21:57:23 +0000 2023,2023/2/27 21:57,0,0,0,https://twitter.com/Maryam37282848/status/1630326254703464448,0,97123
97202,"@AIPADTECH
 #meme #ai #ailaunchpad #cryptolaunchpad??#chatgpt??#chatgpt3??#ArtificialIntelligence??#aiprojects https://t.co/GYAfoBhaZY",135,1,1.24e+18,EghtesadiPayam,1.63e+18,Mon Feb 27 22:19:10 +0000 2023,2023/2/27 22:19,0,0,0,https://twitter.com/EghtesadiPayam/status/1630331735916548096,0,97203
97259,"#meme #ai #ailaunchpad #cryptolaunchpad??#chatgpt??#chatgpt3??#ArtificialIntelligence??#aiprojects

The bestttt
@AIPADTECH https://t.co/Yl4doCrfrB",149,1,1.36e+18,Ab0lfazl79,1.63e+18,Mon Feb 27 22:34:37 +0000 2023,2023/2/27 22:34,0,0,0,https://twitter.com/Ab0lfazl79/status/1630335623235006464,0,97260
97273,"#meme #ai #ailaunchpad #cryptolaunchpad??#chatgpt??#chatgpt3??#ArtificialIntelligence??#aiprojects

@AIPADTECH https://t.co/Y0DbZZIiBe",136,1,193410825.0,agent47_officia,1.63e+18,Mon Feb 27 22:37:43 +0000 2023,2023/2/27 22:37,0,0,0,https://twitter.com/agent47_officia/status/1630336401995886592,0,97274
97301,#meme #ai #ailaunchpad #cryptolaunchpad??#chatgpt??#chatgpt3??#ArtificialIntelligence??#aiprojects @AIPADTECH https://t.co/i75wJ06aZ1,133,1,1.51e+18,AirdropsVerse,1.63e+18,Mon Feb 27 22:43:32 +0000 2023,2023/2/27 22:43,0,0,0,https://twitter.com/AirdropsVerse/status/1630337867657408512,0,97302
97469,"#meme #ai #ailaunchpad #cryptolaunchpad??#chatgpt??#chatgpt3??#ArtificialIntelligence??#aiprojects
@AIPADTECH 
the future has arrived https://t.co/f0KSXWeqfS",159,1,1.36e+18,LozanoJustino,1.63e+18,Mon Feb 27 23:26:40 +0000 2023,2023/2/27 23:26,0,0,0,https://twitter.com/LozanoJustino/status/1630348720486203393,0,97470
