,full_text,text_length,at_num,user_id_str,screen_name,id_str,created_at,publish_time,favorite_count,retweet_count,reply_count,tweet_url,total_heat,tt
16727,"  ?????  ?  ????    ?   ??  ?????? Azure OpenAI ???????1??3???  ??  ???

https://t.co/Hp6bNGiwjF

#BaaghiTV #baaghinews #pakistan #china #microsoft #artificial #intelligence #chatgpt #service #relationship #considers #stake #general #availability #various #language #generates #11yearsofbaaghitv https://t.co/43fAVO5tAS",323,0,1.27e+18,CBaaghitv,1.62e+18,Tue Jan 17 14:30:31 +0000 2023,2023/1/17 14:30,0,0,0,https://twitter.com/CBaaghitv/status/1615355892039393280,0,16728
39437,"Did you read the news about #ChatGPT from OpenAI?

Today it announced #chat #gpt #plus a new premium service.

https://t.co/vIGiHdqtga

Find out ChatGPT Plus Pricing &amp; New Features.

#openai #premium #service #aigeeked

Follow us: 
@AiGeeked
 Thanks!",266,1,1.59e+18,AiGeeked,1.62e+18,Wed Feb 01 18:47:55 +0000 2023,2023/2/1 18:47,2,0,0,https://twitter.com/AiGeeked/status/1620856488326729728,2,39438
41355,"According to a new study by analytics firm UBS (via Reuters and CBS), the #OpenAI-developed chatbot was on pace to reach over 100 million monthly active users in January.

@GlenGilmore @SpirosMargaris 

#chatbot #users #chatgpt #tiktok #service #study 

https://t.co/rH2pluqJcw",283,2,140618811.0,richardkimphd,1.62e+18,Fri Feb 03 03:15:42 +0000 2023,2023/2/3 3:15,0,0,0,https://twitter.com/richardkimphd/status/1621346664136196098,0,41356
59668,"What is #Google Bard? Here's what you need to know about #AI ...

@DrJDrooghaag @SpirosMargaris @JolaBurnett @nigewillson @fogoros @JimHarris 

#intelligence #google #ai #field #bard #service #chatgpt #openai 

https://t.co/dLwZDULmen",240,6,140618811.0,richardkimphd,1.62e+18,Tue Feb 07 21:50:31 +0000 2023,2023/2/7 21:50,0,0,0,https://twitter.com/richardkimphd/status/1623076769376145412,0,59669
71782,"[ANALYSIS] Will #ChatGPT provide new momentum to Samsung, SK?

@fogoros 

#ai #chatgpt #memory #services #service #centers #chips #data #demand #highperformance 

https://t.co/lYMpRmgKC8",192,1,140618811.0,richardkimphd,1.63e+18,Mon Feb 13 13:02:09 +0000 2023,2023/2/13 13:02,1,0,0,https://twitter.com/richardkimphd/status/1625118127553130498,1,71783
76250,"PhonePe becomes first indian Fintech to allow UPI Payment in abroad
Visit us at : https://t.co/CwKG30APSC
#kickrtechnology #technews #informative #PhonePay #itcompany #appdevelopment #chatbot #chatbots #services #service #chatgpt https://t.co/tKt4pqpXBm",255,0,1.48e+18,KickrTechnology,1.63e+18,Wed Feb 15 06:01:39 +0000 2023,2023/2/15 6:01,1,0,0,https://twitter.com/KickrTechnology/status/1625737079002116097,1,76251
80394,Get more done in less time with #AI-driven solutions like #ChatGPT and automated customer #service #bots. #tech #growth,119,0,1.33e+18,arskuza,1.63e+18,Wed Feb 15 18:00:49 +0000 2023,2023/2/15 18:00,0,1,0,https://twitter.com/arskuza/status/1625918064968761344,1,80395
