,full_text,text_length,at_num,user_id_str,screen_name,id_str,created_at,publish_time,favorite_count,retweet_count,reply_count,tweet_url,total_heat,tt
30157,Ita??s Time to Pay Attention to A.I. (#ChatGPT  and Beyond) https://t.co/CQ44yfHIZB   #MoviesTvTj (video) #TechJunkieInvest #TechJunkieNews #ArtificialIntelligence https://t.co/qmuZVFELTX,187,0,3064266184.0,techjunkiejh,1.62e+18,Sun Jan 29 19:27:01 +0000 2023,2023/1/29 19:27,0,0,0,https://twitter.com/techjunkiejh/status/1619779163992330240,0,30158
44676,#ChatGPT maker #OpenAI comes up with a way to check if #text was written by a #human https://t.co/Vfc16AtJO7 #TechJunkieInvest #TechJunkieNews #ArtificialIntelligence https://t.co/TDf5i3oxX9,190,0,3064266184.0,techjunkiejh,1.62e+18,Fri Feb 03 13:47:02 +0000 2023,2023/2/3 13:47,1,0,0,https://twitter.com/techjunkiejh/status/1621505543415152640,1,44677
48399,#ChatGPT Is About to Dump More Work on Everyone https://t.co/B7OzLplM6W #TechJunkieInvest #TechJunkieNews #Career #CareersTj https://t.co/7B9xpqwXNu,148,0,3064266184.0,techjunkiejh,1.62e+18,Sun Feb 05 22:47:01 +0000 2023,2023/2/5 22:47,0,0,0,https://twitter.com/techjunkiejh/status/1622366211639070723,0,48400
67588,"#ChatGPT creator OpenAI might be training its AI technology to replace some #softwareengineers, report says https://t.co/FW2E46YzPK #TechJunkieInvest #TechJunkieNews #Career 
#CareersTj https://t.co/G3DDAWnoQG",210,0,3064266184.0,techjunkiejh,1.62e+18,Sat Feb 11 20:27:01 +0000 2023,2023/2/11 20:27,0,0,0,https://twitter.com/techjunkiejh/status/1624505306230267905,0,67589
85278,"3 Reasons Why ChatGPT Became the Fastest Growing App of All Time
 https://t.co/02FhQTUzki  #TechJunkieInvest #TechJunkieNews #ChatGPT https://t.co/fwA2pl1utm",158,0,3064266184.0,techjunkiejh,1.63e+18,Thu Feb 23 05:47:01 +0000 2023,2023/2/23 5:47,0,0,0,https://twitter.com/techjunkiejh/status/1628632501630402561,0,85279
85746,"Is ChatGPT a Threat to #SearchEngines?
 https://t.co/rdVvZsoGtu  #TechJunkieInvest #TechJunkieNews #ChatGPT https://t.co/Lx6IQpS2DT",132,0,3064266184.0,techjunkiejh,1.63e+18,Thu Feb 23 07:27:01 +0000 2023,2023/2/23 7:27,0,0,0,https://twitter.com/techjunkiejh/status/1628657666225500161,0,85747
