,full_text,text_length,at_num,user_id_str,screen_name,id_str,created_at,publish_time,favorite_count,retweet_count,reply_count,tweet_url,total_heat,tt
19523,"Microsoft is exploring incorporating OpenAI's #ChatGPT into its Word, Outlook, and PowerPoint applications. 

#MicrosoftOpenAI #Office365 #GPTIntegration #AI #MicrosoftAI #ChatGPT #AIandProductivity 

https://t.co/cumXptdICg",228,0,8815232.0,methodshop,1.62e+18,Thu Jan 19 20:38:42 +0000 2023,2023/1/19 20:38,1,0,0,https://twitter.com/methodshop/status/1616173327483297793,1,19524
19671,"Microsoft Plans To Put ChatGPT AI Tools in Every Office 365 Product 

#MicrosoftOpenAI #Office365 #GPTIntegration #AI #MicrosoftAI #ChatGPT #AItools 

https://t.co/cumXptdaMI",178,0,8815232.0,methodshop,1.62e+18,Thu Jan 19 21:54:56 +0000 2023,2023/1/19 21:54,0,0,0,https://twitter.com/methodshop/status/1616192511457771523,0,19672
30094,"#AI #ChatGPT #Cryptocurrency #MicrosoftAI #AI2023
https://t.co/bNLA09PIXt",74,0,1.61e+18,AI_Dev_News,1.62e+18,Sun Jan 29 18:59:43 +0000 2023,2023/1/29 18:59,0,0,0,https://twitter.com/AI_Dev_News/status/1619772292241784832,0,30095
43577,"Duelo de Tit?  s: Microsoft ou Google!
https://t.co/RpM9p5DwwM

#IA #Intelig?anciaArtificial #GoogleAI #MicrosoftAI #OpenAI #ChatGPT #MachineLearning #DeepLearning #AIChallenge #AIInnovation #AIFuture #ArtificialIntelligenceRace #Google #Microsoft #Tecnologia https://t.co/mAr9GQWUPk",286,0,38833158.0,hilvieira,1.62e+18,Fri Feb 03 11:01:53 +0000 2023,2023/2/3 11:01,0,0,0,https://twitter.com/hilvieira/status/1621463984019742720,0,43578
50581,"#Google Announces ChatGPTe?  ? Rival Bard, Releases AI Service to Early Testers - #TechNews 
Read More (https://t.co/ACwXLOMTUh)

#Twitter #ChatGPT #BardAI #AI #GooglevsMicrosoft #AlphabetsInc #googlelayoffs 
#Trending #Microsoft #MicrosoftAI #OpenAIChatGPT #openai https://t.co/1lEoENQ0Ot",293,0,1.5e+18,ReviewsTechHub,1.62e+18,Tue Feb 07 05:53:27 +0000 2023,2023/2/7 5:53,0,0,0,https://twitter.com/ReviewsTechHub/status/1622835912731402241,0,50582
58022,"Meet Bard, Googlea??s Answer to ChatGPT https://t.co/ufID0EBs9M via @wired  #chatgpt #GoogleBard #openai #MicrosoftAI #Microsoft #GoogleAI #AI #Tech",148,1,21279340.0,PamMktgNut,1.62e+18,Tue Feb 07 18:39:56 +0000 2023,2023/2/7 18:39,0,0,1,https://twitter.com/PamMktgNut/status/1623028807136382976,1,58023
58156,"Microsoft Is Coming For Google And Its Cash Cow - &gt; Here we go... ChatGPT vs Bard - Who will win? https://t.co/GiPY6kskMd via @lucolinga 

#ChatGPT #MicrosoftAI #GoogleBard #Microsoft #AI #TechInnovation #ArtificialIntelligence #OpenAI #Google #GoogleAI #TechNews",268,1,21279340.0,PamMktgNut,1.62e+18,Tue Feb 07 18:53:30 +0000 2023,2023/2/7 18:53,1,0,0,https://twitter.com/PamMktgNut/status/1623032220830076942,1,58157
58302,"Here we go--&gt;&gt; the fight is on! #ChatGPT vs #GoogleBard! Who will win? 

Reminds me of the early days of Social Media... Google+ vs Facebook while we all chatted about it on Twitter! ha e?   

 #MicrosoftAI #Microsoft #AI  #ArtificialIntelligence #OpenAI #Google #GoogleAI #TechNews",292,0,21279340.0,PamMktgNut,1.62e+18,Tue Feb 07 19:07:12 +0000 2023,2023/2/7 19:07,3,3,1,https://twitter.com/PamMktgNut/status/1623035670292795403,7,58303
59841,"My friend Gael did a great thread on ChatGPT being added to Bing and other Microsoft products. 

I think it is great, so I share his instead of writing my own e???

#ChatGPT #bing #bard #openai #MicrosoftAI #edge",216,0,1.41e+18,ThomasSorheim,1.62e+18,Tue Feb 07 22:13:09 +0000 2023,2023/2/7 22:13,1,0,0,https://twitter.com/ThomasSorheim/status/1623082465643446276,1,59842
59885,"Report: Microsoft has now launched Chat GPT in the new Bing in an initial version at a press conference | 
#ChatGPT #MicrosoftAI #AI #ArtificialIntelligence #chatbot   

https://t.co/eUH94Ijfbr",196,0,1.49e+18,mottyl31,1.62e+18,Tue Feb 07 22:19:18 +0000 2023,2023/2/7 22:19,0,0,0,https://twitter.com/mottyl31/status/1623084010082562048,0,59886
