,full_text,text_length,at_num,user_id_str,screen_name,id_str,created_at,publish_time,favorite_count,retweet_count,reply_count,tweet_url,total_heat,tt
9490,#ThisBodyWorksForMe #Trending #VIBE #GoldenGlobes2023 MEe??? #AI #ChatGPT #cryptomarket #goodbye2022 https://t.co/dlsxbSO8Tj,124,0,1.26e+18,TonyBar58,1.61e+18,Wed Jan 11 15:35:44 +0000 2023,2023/1/11 15:35,0,0,0,https://twitter.com/TonyBar58/status/1613197979329904640,0,9491
12884,"The bear roars no more? I have to ask, did the release of ChatGPT spell the end of the crypto winter? As NFTs boomed with AI art, could this be the spark for the next bull run? #ChatGPT #cryptomarket #NFTs #aiart #crypto",220,0,4875603826.0,matthewtbarrett,1.61e+18,Fri Jan 13 20:44:09 +0000 2023,2023/1/13 20:44,9,0,3,https://twitter.com/matthewtbarrett/status/1614000368366637074,12,12885
23666,"Is it just me ?? 
#ChatGPT  #earthquake #??????????????  ????????o??????????????  ???  a  ?????? #Ukraine #  1?  ??  1?  ??  1? #Oscars2023 #cryptomarket #USA #FACTCHECK #mafsnl https://t.co/KTdaapKRnB",202,0,8.59e+17,CryptoBosspk,1.62e+18,Wed Jan 25 13:56:23 +0000 2023,2023/1/25 13:56,0,0,0,https://twitter.com/CryptoBosspk/status/1618246407336656897,0,23667
24525,"BlogPost : 

ChatGPT and Blockchain: The Perfect Pair for Disrupting the Financial Industry

https://t.co/gGMqv9pRfu a?|

#dao #bitcoina?  a?  a?   #ETH #Ethereum #blockchain #Metaverse #DeFi #Binancea?  a?  a?   #Crypto #CryptocurrencyMarket #cryptomarket #stocks #StockMarket #dex #ChatGPT",297,0,2286339128.0,ReiniLuup,1.62e+18,Wed Jan 25 18:48:30 +0000 2023,2023/1/25 18:48,0,0,1,https://twitter.com/ReiniLuup/status/1618319918549827584,1,24526
29726,"e???RABBITAI PRESALE IS NOW LIVE ON PINKSALEe???

e???SAFU, KYC and Contract Audit badges
e???Launch within 24 hours of presale concluding

Link below:

https://t.co/r6jpAwviio

#crypto #cryptomarket #AI #OpenAI #ChatGPT #Pinksale #Presale #cryptocurrency #cryptocurrencies https://t.co/sQx2dXRw1d",306,0,1.62e+18,RabbitAICrypto,1.62e+18,Sun Jan 29 16:00:24 +0000 2023,2023/1/29 16:00,166,49,56,https://twitter.com/RabbitAICrypto/status/1619727166270496769,271,29727
29827,"e???SOFTCAP HIT NOW WE ARE TARGETTING THE HARDCAPe???

e??? @CaesarsCalls AMA coming tomorrow too!!
e??  It really is the Year of the Rabbit

Link below:

https://t.co/E9L88mOEbi

#crypto #cryptomarket #AI #OpenAI #ChatGPT #Pinksale #Presale #cryptocurrency #cryptocurrencies https://t.co/QQTPKOiZVC",308,1,1.62e+18,RabbitAICrypto,1.62e+18,Sun Jan 29 16:48:09 +0000 2023,2023/1/29 16:48,13,0,10,https://twitter.com/RabbitAICrypto/status/1619739184096514048,23,29828
32657,"e???HARDCAP FILLED FOR RABBITAIe???

e???Launch within 12 hours on Pancakeswap
e??  More marketing plays before launch
e???Testnet / Beta for utility live within the next 2 months

e???Beware of scams! Only follow links posted by us direct!

#crypto #cryptomarket #AI #OpenAI #ChatGPT https://t.co/BR2p7zERzs",316,0,1.62e+18,RabbitAICrypto,1.62e+18,Tue Jan 31 15:49:22 +0000 2023,2023/1/31 15:49,25,3,8,https://twitter.com/RabbitAICrypto/status/1620449164709748737,36,32658
32768,"Quand #ChatGPT propose une seule #alternative ?? la #monnaie #fiduciaire : #Bitcoin.
#cryptomonnaie #cryptocurrency #cryptotwitter #cryptomarket #CryptoNews #btc #Crypto #cryptocommunity #fiat #ia #ai 
https://t.co/BKaB6T1E9A",227,0,1.44e+18,Cryptonoobzzzz,1.62e+18,Tue Jan 31 16:26:16 +0000 2023,2023/1/31 16:26,1,1,2,https://twitter.com/Cryptonoobzzzz/status/1620458451322417152,4,32769
41671,Bitcoin Main Processor Bitcoin shirt by SHYRIVERS https://t.co/Ryby2Aj87B via @Etsy #bitcoinprice #cryptomarket #ChatGPT #Crypto,128,1,1.57e+18,OYORRA13,1.62e+18,Fri Feb 03 04:50:20 +0000 2023,2023/2/3 4:50,1,0,1,https://twitter.com/OYORRA13/status/1621370477162762240,2,41672
52872,"Let's do another one, one is AI one is real. Difficulty 6/10

Poll will end this time in 1 hour so vote fast

#GRAMMYsa?  a?  a?   #AI #AIart #AIArtwork #Crypto #cryptomarket #BBTitans #Aicrypto #AICrypto #cryptomarket #ChatGPT #openai #OpenAIChatGPT #midjourneyAi #AGIX #FET $AGIX $FET https://t.co/fF2sKWGDgT",314,0,1.61e+18,IMGNAI_content,1.62e+18,Tue Feb 07 10:00:02 +0000 2023,2023/2/7 10:00,1,1,1,https://twitter.com/IMGNAI_content/status/1622897969057112064,3,52873
55637,"NFA keep eyes #tehBag @teh_bag
Together lets make a history .... Good project long way to go e???e??? 
#cryptomarket #ChatGPT #AI #BAG #tehBag #Bitcoin #ZIL https://t.co/T1G2F4dQUE",182,1,1.48e+18,bag_122,1.62e+18,Tue Feb 07 14:33:32 +0000 2023,2023/2/7 14:33,2,0,1,https://twitter.com/bag_122/status/1622966797329739776,3,55638
55872,"2019 to 2020: DeFi Era
2021: NFT, P2e, meme coins Era 
2022: Intro to Web 3.0 and Metaverse Era
2023 : Artificial Intelligence Era ?

What do you think ? e?  ?

ctto

#ArtificialIntelligence #CoinGecko #cryptomarket #ChatGPT #cryptocurrency https://t.co/crRgmR417l",273,0,2479690592.0,DmnGrabs,1.62e+18,Tue Feb 07 14:54:14 +0000 2023,2023/2/7 14:54,2,1,3,https://twitter.com/DmnGrabs/status/1622972006475112448,6,55873
56803,"TuitionGPT (.com) 
#domainname for #sale

https://t.co/A9CuVNQl1j 

#ai #ChatGPT #Google #cryptomarket #machinelearning 
#artificialintelligence 
#openai #development 
#trading #stocks #forextrading
#microsoft #googleai #Bitcoin
#tuition #training #education
#Domains #domain",286,0,1.12e+18,PrimaryDomain,1.62e+18,Tue Feb 07 16:30:05 +0000 2023,2023/2/7 16:30,1,0,0,https://twitter.com/PrimaryDomain/status/1622996129276362752,1,56804
62981,"e??  JUST IN - #ChatGPT and #Bard impacted #AI tokense??  e???

Prices of AI-related tokens increased by 2x to 16x as #Crypto investors poured into the AI narrative.e???

Did you took the profits or miss the opportunity a?????e???

#cryptomarket #CryptoNews  #cryptocurrency #cryptotrading https://t.co/2BvY4zOcmj",319,0,304220895.0,EverythingAjay,1.62e+18,Sat Feb 11 04:36:22 +0000 2023,2023/2/11 4:36,35,7,14,https://twitter.com/EverythingAjay/status/1624266069044248576,56,62982
65947,Justin Sun announced a payment system for #ChatGPT in the #Tron ecosystem. #cryptomarket #CryptoNews https://t.co/ZdBCB1GX6J,124,0,1.02e+18,PtpWallet,1.62e+18,Sat Feb 11 14:55:43 +0000 2023,2023/2/11 14:55,0,0,0,https://twitter.com/PtpWallet/status/1624421930345418752,0,65948
67189,"Kaspa Key Features you Should Know e??????

$KAS @KaspaCurrency #Kaspa

#cryptocurrency #CryptoNews #cryptocurrencies #cryptocurrencies #cryptomarket #bitcoin #Ethereum   #altcoin #AltCoinSeason #AltcoinGems #100xgem #gem #blockchain #Binance #BNB #BSCGems #DOGE #AI #ChatGPT https://t.co/HTWlCyGgYV",303,1,1.61e+18,KaspaArmy,1.62e+18,Sat Feb 11 18:54:09 +0000 2023,2023/2/11 18:54,103,35,5,https://twitter.com/KaspaArmy/status/1624481933429460992,143,67190
67471,"e??   ARTIFICIAL INTELLIGENCE (AI) CRYPTO - WOW! UNBELIEVABLE! (AI CRYPTO ON FIRE) e??  

https://t.co/jFhdyZe0ys via @YouTube 

#crypto #ai #artificialintelligence #chatgpt #AIcrypto #cryptomarket #cryptonews",213,1,3185687948.0,austinahilton,1.62e+18,Sat Feb 11 19:59:08 +0000 2023,2023/2/11 19:59,8,4,7,https://twitter.com/austinahilton/status/1624498289805492231,19,67472
69440,"What is real?

#MetaverseNFT #NFTCommunity #NFTs #Google #GoogleAI #Bitcoin #Entrepreneurship #ChatGPT #cryptomarket #HogwartLegacy #oriele  #AlwaysWithYou",157,0,1.19e+18,papaboss_1,1.63e+18,Mon Feb 13 06:02:17 +0000 2023,2023/2/13 6:02,1,0,0,https://twitter.com/papaboss_1/status/1625012464600616961,1,69441
69556,"Show me your #NFTs 
&amp; I'll show #You mine!!

#MetaverseNFT #NFTCommunity #NFTs #Google #GoogleAI #Bitcoin #Entrepreneurship #ChatGPT #cryptomarket #HogwartLegacy #oriele  #AlwaysWithYou https://t.co/7gf9IIOWL6",216,0,7.59e+17,drshweta1312,1.63e+18,Mon Feb 13 06:32:48 +0000 2023,2023/2/13 6:32,12,0,1,https://twitter.com/drshweta1312/status/1625020145277231105,13,69557
69637,"Prime Minister Narendra Modi inaugurated the 14th edition of Aero India 2023 in Bengaluru.
#MetaverseNFT #NFTCommunity #NFTs #Google #GoogleAI #Bitcoin #Entrepreneurship #ChatGPT #cryptomarket #HogwartLegacy #oriele  #AlwaysWithYou https://t.co/wwMz9JbiYm",256,0,1.37e+18,theshereal,1.63e+18,Mon Feb 13 06:54:18 +0000 2023,2023/2/13 6:54,7,0,0,https://twitter.com/theshereal/status/1625025555249901568,7,69638
72079,"Wanna learn what #MachineLearning  is? e?  ?a??e??  

Read it here: https://t.co/ur8IDoXMzm

______________________________________
#MetaverseNFT #NFTCommunity #NFTs #Google #GoogleAI #Bitcoin #Entrepreneurship #ChatGPT #cryptomarket #HogwartLegacy #oriele  #AlwaysWithYou https://t.co/34RjUCHDzY",301,0,1.19e+18,papaboss_1,1.63e+18,Mon Feb 13 13:42:32 +0000 2023,2023/2/13 13:42,7,0,2,https://twitter.com/papaboss_1/status/1625128289722310658,9,72080
78075,"NFT

#MetaverseNFT #NFTCommunity #NFTs #Google #GoogleAI #Bitcoin #Entrepreneurship #ChatGPT #cryptomarket #HogwartLegacy #oriele #ValentinesDay #ValentinesDay2023 #14february",177,0,1.19e+18,papaboss_1,1.63e+18,Wed Feb 15 12:13:11 +0000 2023,2023/2/15 12:13,2,0,1,https://twitter.com/papaboss_1/status/1625830579081187329,3,78076
78096,"WANNA #learn  HOW TALK TO COMPUTER WITH YOUR #brain ?

Read it here: https://t.co/PKFTVtbfw4

___________
#MetaverseNFT  #NFTCommunity #NFTs #Google #GoogleAI #Bitcoin #Entrepreneurship #ChatGPT #cryptomarket #HogwartLegacy #oriele #ValentinesDay #ValentinesDay2023 #14february https://t.co/CPUzrBrv3K",306,0,1.19e+18,papaboss_1,1.63e+18,Wed Feb 15 12:17:32 +0000 2023,2023/2/15 12:17,2,0,1,https://twitter.com/papaboss_1/status/1625831673328967682,3,78097
78118,"Did you know how copyright came into being in India? Swipe till the end to read in detail!

#MetaverseNFT #NFTCommunity #NFTs #Google #GoogleAI #Bitcoin #Entrepreneurship #ChatGPT #cryptomarket #HogwartLegacy #oriele #ValentinesDay #ValentinesDay2023 #14february https://t.co/s5mpq0UjzK",288,0,1.3e+18,IpJagruti,1.63e+18,Wed Feb 15 12:21:56 +0000 2023,2023/2/15 12:21,10,0,1,https://twitter.com/IpJagruti/status/1625832781585739776,11,78119
78163,"Guys try to buy clothes in other colours but somehow their cupboard is still full of black clothes.

#MetaverseNFT #NFTCommunity #NFTs #Google #GoogleAI #Bitcoin #Entrepreneurship #ChatGPT #cryptomarket #HogwartLegacy #oriele #ValentinesDay #ValentinesDay2023 #14february",273,0,1.37e+18,theshereal,1.63e+18,Wed Feb 15 12:28:55 +0000 2023,2023/2/15 12:28,8,0,1,https://twitter.com/theshereal/status/1625834541243056130,9,78164
78478,"NFT&gt;&gt;&gt;&gt;&gt;&gt;e?  ?

#MetaverseNFT #NFTCommunity #NFTs #Google #GoogleAI #Bitcoin #Entrepreneurship #ChatGPT #cryptomarket #HogwartLegacy #oriele #ValentinesDay #ValentinesDay2023 #14february https://t.co/NMl6vNKuod",230,0,1.37e+18,theshereal,1.63e+18,Wed Feb 15 13:10:38 +0000 2023,2023/2/15 13:10,8,0,1,https://twitter.com/theshereal/status/1625845038050852875,9,78479
79050,"Get ahead of the game in 2023! e??? Check out our latest #blog on the must-know concepts for #businessowners: #NFTs, #ChatGPT, #Crypto, various types of advanced computing, &amp; more - https://t.co/08pEzPFWMs

#SynergyTop #NFTCommmunity #cryptomarket #chatgpt #Trends2023 https://t.co/JBHzavfwC7",298,0,3947299812.0,SynergyTopUSA,1.63e+18,Wed Feb 15 14:30:00 +0000 2023,2023/2/15 14:30,2,0,0,https://twitter.com/SynergyTopUSA/status/1625865011645059072,2,79051
83171,"Bitcoin hashrate is at its all-time high of over 317 EH/s after 20% growth in a week. Meanwhile, the BTC price is at $24,000, up 13% in the last week. #BTC #Bitcoin #CryptoNews #cryptomarket #ChatGPT #openai Sentiment Result : Positive @crypto_talkies https://t.co/djdfLdPV7g",275,1,1.49e+18,crypto_talkies,1.63e+18,Tue Feb 21 18:34:51 +0000 2023,2023/2/21 18:34,0,0,0,https://twitter.com/crypto_talkies/status/1628100955378941966,0,83172
83471,The developer with the most changes to Bitcoin's code has announced his decision to step down from the Core maintainer role. #BTC #Bitcoin #CryptoNews #cryptomarket #ChatGPT #openai Sentiment Result : Neutral @crypto_talkies https://t.co/70lIXv68i7,248,1,1.49e+18,crypto_talkies,1.63e+18,Tue Feb 21 19:34:50 +0000 2023,2023/2/21 19:34,0,0,0,https://twitter.com/crypto_talkies/status/1628116053237633024,0,83472
84123,"ETH derivatives data shows bullish traders becoming more comfortable with the $1,700 price level, creating an opportunity for further rallies. #BTC #Bitcoin #CryptoNews #cryptomarket #ChatGPT #openai Sentiment Result : Positive @crypto_talkies https://t.co/DtfW4hrExA",267,1,1.49e+18,crypto_talkies,1.63e+18,Tue Feb 21 22:04:50 +0000 2023,2023/2/21 22:04,0,0,0,https://twitter.com/crypto_talkies/status/1628153803039035392,0,84124
84288,"e??  BREAKING -  a??Fetch AI $FET partners with Bosch to jointly explore use of #AI and #Web3 technology and it got pumped 17% a?????e??  

#CryptoNews #cryptocurrency #ChatGPT #cryptotrading #cryptomarket #OpenAI https://t.co/hiCMhj7kU1",239,0,304220895.0,EverythingAjay,1.63e+18,Tue Feb 21 22:45:00 +0000 2023,2023/2/21 22:45,44,5,13,https://twitter.com/EverythingAjay/status/1628163908258381827,62,84289
84382,Invest in these penny cryptocurrencies to buy to reap massive gains in the next crypto bull run #BTC #Bitcoin #CryptoNews #cryptomarket #ChatGPT #openai Sentiment Result : Positive @crypto_talkies https://t.co/7TfB7ulaI0,220,1,1.49e+18,crypto_talkies,1.63e+18,Tue Feb 21 23:04:50 +0000 2023,2023/2/21 23:04,0,0,0,https://twitter.com/crypto_talkies/status/1628168901585522694,0,84383
84518,"Alex Gladstein believes bitcoin is a ""financial privilege"" for people as it allows ""free speech, property rights, and open capital markets."" #BTC #Bitcoin #CryptoNews #cryptomarket #ChatGPT #openai Sentiment Result : Positive @crypto_talkies https://t.co/LPqEWEFTYM",265,1,1.49e+18,crypto_talkies,1.63e+18,Tue Feb 21 23:34:50 +0000 2023,2023/2/21 23:34,0,0,0,https://twitter.com/crypto_talkies/status/1628176451022344194,0,84519
85781,"Bitcoin Price Today: Bitcoin and other Altcoins are seeing a jump yet again today. As of writing, Bitcoin price increased by 1.20% in the last 24 hours. #BTC #Bitcoin #CryptoNews #cryptomarket #ChatGPT #openai Sentiment Result : Positive @crypto_talkies https://t.co/ZI6Qjx6wMS",277,1,1.49e+18,crypto_talkies,1.63e+18,Thu Feb 23 07:34:50 +0000 2023,2023/2/23 7:34,1,0,0,https://twitter.com/crypto_talkies/status/1628659635677806593,1,85782
86752,"After peaking in November 2021, 2022 was a difficult year for crypto assets as they lost massive amounts of value. #BTC #Bitcoin #CryptoNews #cryptomarket #ChatGPT #openai Sentiment Result : Neutral @crypto_talkies https://t.co/mrfBytN5cX",238,1,1.49e+18,crypto_talkies,1.63e+18,Thu Feb 23 10:34:50 +0000 2023,2023/2/23 10:34,1,0,0,https://twitter.com/crypto_talkies/status/1628704934001532931,1,86753
87277,"Quick Take In 2022, United States equities and Bitcoin were joined at the hip due to unprecedented rate hikes from central banks worldwide. #BTC #Bitcoin #CryptoNews #cryptomarket #ChatGPT #openai Sentiment Result : Neutral @crypto_talkies https://t.co/4d5XWQuAb5",263,1,1.49e+18,crypto_talkies,1.63e+18,Thu Feb 23 12:04:52 +0000 2023,2023/2/23 12:04,0,0,0,https://twitter.com/crypto_talkies/status/1628727592273444870,0,87278
88075,Definition Future's open interest is the total funds (USD Value) allocated in open futures contracts. #BTC #Bitcoin #CryptoNews #cryptomarket #ChatGPT #openai Sentiment Result : Neutral @crypto_talkies https://t.co/zseNZe5WBv,225,1,1.49e+18,crypto_talkies,1.63e+18,Thu Feb 23 14:04:50 +0000 2023,2023/2/23 14:04,0,0,0,https://twitter.com/crypto_talkies/status/1628757782290735110,0,88076
88504,The testnet of Base was started by Coinbase on February 23rd. #BTC #Bitcoin #CryptoNews #cryptomarket #ChatGPT #openai Sentiment Result : Positive @crypto_talkies https://t.co/fcHcgCCQz6,186,1,1.49e+18,crypto_talkies,1.63e+18,Thu Feb 23 15:04:52 +0000 2023,2023/2/23 15:04,0,0,0,https://twitter.com/crypto_talkies/status/1628772887518904320,0,88505
89591,"Bitcoin (BTC/USD) is trading just above $24,100 after a failed breakout at the $25k resistance. #BTC #Bitcoin #CryptoNews #cryptomarket #ChatGPT #openai Sentiment Result : Positive @crypto_talkies https://t.co/4gFgr4ZUrn",220,1,1.49e+18,crypto_talkies,1.63e+18,Thu Feb 23 18:04:51 +0000 2023,2023/2/23 18:04,0,0,1,https://twitter.com/crypto_talkies/status/1628818184596869126,1,89592
89769,"Crypto fans have cumulatively spent $280,000 in transaction fees to mint more than 28,000 free Coinbase NFTs on Ethereum. #BTC #Bitcoin #CryptoNews #cryptomarket #ChatGPT #openai Sentiment Result : Positive @crypto_talkies https://t.co/Ef8lC8Z5Mo",246,1,1.49e+18,crypto_talkies,1.63e+18,Thu Feb 23 18:34:54 +0000 2023,2023/2/23 18:34,0,0,0,https://twitter.com/crypto_talkies/status/1628825743684780035,0,89770
89844,"There you go again. #fakeairdrops galore. Stay Alert, Stay Safe!
#cryptocommunity #cryptoinvestors #cryptomarket #scam #cryptoscams #cryptoscams #rugpull #chatgptai #chatgpt #cryptos #tokensale #airdrops #airdrop #pumpdump",223,0,1.58e+18,cryptedtech,1.63e+18,Thu Feb 23 18:49:18 +0000 2023,2023/2/23 18:49,0,0,0,https://twitter.com/cryptedtech/status/1628829369467564033,0,89845
90202,Quick Take The metric supply of the last active 10+ years ago Bitcoin holders suggests that these holders have been holding onto BTC since 2013. #BTC #Bitcoin #CryptoNews #cryptomarket #ChatGPT #openai Sentiment Result : Positive @crypto_talkies https://t.co/2qGqc3cxTH,269,1,1.49e+18,crypto_talkies,1.63e+18,Thu Feb 23 20:04:52 +0000 2023,2023/2/23 20:04,0,0,0,https://twitter.com/crypto_talkies/status/1628848387318599684,0,90203
90319,"Buying metaverse gaming cryptos is a risky play right now. But once the market roars back, these three cryptos could be multibaggers. #BTC #Bitcoin #CryptoNews #cryptomarket #ChatGPT #openai Sentiment Result : Positive @crypto_talkies https://t.co/wGkfDMLEP1",258,1,1.49e+18,crypto_talkies,1.63e+18,Thu Feb 23 20:34:52 +0000 2023,2023/2/23 20:34,0,1,0,https://twitter.com/crypto_talkies/status/1628855934268104707,1,90320
90534,Bitcoin mining stocks were mixed on Thursday. #BTC #Bitcoin #CryptoNews #cryptomarket #ChatGPT #openai Sentiment Result : Neutral @crypto_talkies https://t.co/1rwRxDOuuz,169,1,1.49e+18,crypto_talkies,1.63e+18,Thu Feb 23 21:34:52 +0000 2023,2023/2/23 21:34,0,0,1,https://twitter.com/crypto_talkies/status/1628871034014162946,1,90535
90663,"For the full year, Block's bitcoin revenue declined 29% from 2021 due to the fall in the price of bitcoin, the company said. #BTC #Bitcoin #CryptoNews #cryptomarket #ChatGPT #openai Sentiment Result : Neutral @crypto_talkies https://t.co/ziSsrwDxXH",248,1,1.49e+18,crypto_talkies,1.63e+18,Thu Feb 23 22:04:52 +0000 2023,2023/2/23 22:04,0,0,0,https://twitter.com/crypto_talkies/status/1628878585694982144,0,90664
92409,"Drake lost $400,000 betting on Jake Paul. He also placed a bet $2 million on Israel Adesanya in November. #BTC #Bitcoin #CryptoNews #cryptomarket #ChatGPT #openai Sentiment Result : Negative @crypto_talkies https://t.co/SzDTl6zXXH",230,1,1.49e+18,crypto_talkies,1.63e+18,Mon Feb 27 05:34:51 +0000 2023,2023/2/27 5:34,0,0,0,https://twitter.com/crypto_talkies/status/1630078989183197185,0,92410
92575,"Lido Finance had to activate its safety feature ""Staking Rate Limit"" after over 150,000 ETH was staked in a single day. #BTC #Bitcoin #CryptoNews #cryptomarket #ChatGPT #openai Sentiment Result : Positive @crypto_talkies https://t.co/f0GWGEk7wk",244,1,1.49e+18,crypto_talkies,1.63e+18,Mon Feb 27 06:34:50 +0000 2023,2023/2/27 6:34,0,0,0,https://twitter.com/crypto_talkies/status/1630094087868018689,0,92576
93246,"ChatGPT, the worlda??s most advanced AI-powered chatbot, recently became the fastest application in history to surpass 100 million users.
.
.
Visit: https://t.co/byEElTJbyq
.
.
#platinx #PTX #cryptoassets #crypto #Artificialintelligence #ChatGPT #cryptomarket #bullish  #dailynews https://t.co/GAkRdsvb4B",310,0,1.47e+18,PlatinXOfficial,1.63e+18,Mon Feb 27 09:25:03 +0000 2023,2023/2/27 9:25,4,3,1,https://twitter.com/PlatinXOfficial/status/1630136922910896129,8,93247
94004,"Quick Take The outflows for BUSD continue, which sees a balance on exchanges of less than 10 billion. #BTC #Bitcoin #CryptoNews #cryptomarket #ChatGPT #openai Sentiment Result : Negative @crypto_talkies https://t.co/8IyTwTQcx8",226,1,1.49e+18,crypto_talkies,1.63e+18,Mon Feb 27 12:04:50 +0000 2023,2023/2/27 12:04,0,0,1,https://twitter.com/crypto_talkies/status/1630177134399348737,1,94005
94138,Bitcoin halving is one of the most important events in the cryptocurrency market. #BTC #Bitcoin #CryptoNews #cryptomarket #ChatGPT #openai Sentiment Result : Positive @crypto_talkies https://t.co/QRMB0Ne5v5,206,1,1.49e+18,crypto_talkies,1.63e+18,Mon Feb 27 12:34:51 +0000 2023,2023/2/27 12:34,0,0,0,https://twitter.com/crypto_talkies/status/1630184686155706369,0,94139
94280,"A seasoned crypto trader is issuing a warning to investors about Bitcoin (BTC), saying that a real pullback could be on the horizon for the king crypto. #BTC #Bitcoin #CryptoNews #cryptomarket #ChatGPT #openai Sentiment Result : Negative @crypto_talkies https://t.co/O2Cmw1wSWS",277,1,1.49e+18,crypto_talkies,1.63e+18,Mon Feb 27 13:04:51 +0000 2023,2023/2/27 13:04,1,0,0,https://twitter.com/crypto_talkies/status/1630192235311448071,1,94281
94419,"If Paul had knocked out Fury, Drake could have won more than $1,000,000 in bitcoin. #BTC #Bitcoin #CryptoNews #cryptomarket #ChatGPT #openai Sentiment Result : Negative @crypto_talkies https://t.co/NAlauV8rUl",208,1,1.49e+18,crypto_talkies,1.63e+18,Mon Feb 27 13:34:50 +0000 2023,2023/2/27 13:34,1,0,0,https://twitter.com/crypto_talkies/status/1630199782047137792,1,94420
95657,Bitcoin and Ethereum have been attempting to break through key resistance. Technical indicators show bullish signs for the assets. #BTC #Bitcoin #CryptoNews #cryptomarket #ChatGPT #openai Sentiment Result : Neutral @crypto_talkies https://t.co/xHaF1VIOAj,254,1,1.49e+18,crypto_talkies,1.63e+18,Mon Feb 27 16:34:50 +0000 2023,2023/2/27 16:34,0,0,0,https://twitter.com/crypto_talkies/status/1630245082967187456,0,95658
95836,"John Deaton, a well-known figure in the cryptocurrency industry, recently offered his thoughts on the SEC head Gensler's position about bitcoin. #BTC #Bitcoin #CryptoNews #cryptomarket #ChatGPT #openai Sentiment Result : Neutral @crypto_talkies https://t.co/ihJ8Mkm1wI",268,1,1.49e+18,crypto_talkies,1.63e+18,Mon Feb 27 17:04:51 +0000 2023,2023/2/27 17:04,0,0,0,https://twitter.com/crypto_talkies/status/1630252634400600064,0,95837
96343,"The race to build the world's most suitable zk-EVM is very much underway, with Scroll reaching its first milestone. #BTC #Bitcoin #CryptoNews #cryptomarket #ChatGPT #openai Sentiment Result : Positive @crypto_talkies https://t.co/Ta2FhRycdO",240,1,1.49e+18,crypto_talkies,1.63e+18,Mon Feb 27 18:34:51 +0000 2023,2023/2/27 18:34,0,0,0,https://twitter.com/crypto_talkies/status/1630275285902827520,0,96344
96615,Definition Yearly Moving Average (365D-SMA)???????? The 365-Day Simple Moving Average provides a long-standing baseline for high-time-frame market momentum. #BTC #Bitcoin #CryptoNews #cryptomarket #ChatGPT #openai Sentiment Result : Neutral @crypto_talkies https://t.co/41Fb98r2ZS,280,1,1.49e+18,crypto_talkies,1.63e+18,Mon Feb 27 19:34:50 +0000 2023,2023/2/27 19:34,0,0,1,https://twitter.com/crypto_talkies/status/1630290380318027776,1,96616
97147,Bitcoin mining stocks were mixed on Monday. #BTC #Bitcoin #CryptoNews #cryptomarket #ChatGPT #openai Sentiment Result : Neutral @crypto_talkies https://t.co/RD5WKRQ7FZ,167,1,1.49e+18,crypto_talkies,1.63e+18,Mon Feb 27 22:04:51 +0000 2023,2023/2/27 22:04,0,0,0,https://twitter.com/crypto_talkies/status/1630328131272753153,0,97148
97261,"Despite falling crypto prices, 2023 is still positive. Should you buy XRP coin? #BTC #Bitcoin #CryptoNews #cryptomarket #ChatGPT #openai Sentiment Result : Negative @crypto_talkies https://t.co/LVzyvH1j2c",204,1,1.49e+18,crypto_talkies,1.63e+18,Mon Feb 27 22:34:50 +0000 2023,2023/2/27 22:34,0,0,0,https://twitter.com/crypto_talkies/status/1630335678947942401,0,97262
97495,Stacks' use of Bitcoin-compatible smart contracts has positioned it to take advantage of the hype surrounding Ordinals. #BTC #Bitcoin #CryptoNews #cryptomarket #ChatGPT #openai Sentiment Result : Positive @crypto_talkies https://t.co/23XuqNIPVX,244,1,1.49e+18,crypto_talkies,1.63e+18,Mon Feb 27 23:34:50 +0000 2023,2023/2/27 23:34,0,0,0,https://twitter.com/crypto_talkies/status/1630350778375307266,0,97496
