,full_text,text_length,at_num,user_id_str,screen_name,id_str,created_at,publish_time,favorite_count,retweet_count,reply_count,tweet_url,total_heat,tt
36469,"23 Most Powerful AI Marketing Tools You Need to Get Familiar With e???e???a?????

The Thread is for you e???e???

#ArtificialIntelligence #OpenAi #Bitcoin #Binance #btc #bnb #ChatGPT #technology https://t.co/RJtkX3B9ZB",222,0,1.43e+18,CallMeInvestor_,1.62e+18,Wed Feb 01 11:01:25 +0000 2023,2023/2/1 11:01,12,7,10,https://twitter.com/CallMeInvestor_/status/1620739091422904320,29,36470
43359,"Unlock the Power of #AI: Unleash Your Imagination

Revolutionising the way we think about problem-solving. Visit https://t.co/yAEpd0b4oM for more!

#BotEngineering #protocol #OpenAI #ChatGPT #bnb #future #technology https://t.co/NNbJct6jAG",243,0,1.62e+18,bepaitoken,1.62e+18,Fri Feb 03 10:27:23 +0000 2023,2023/2/3 10:27,2413,2406,1596,https://twitter.com/bepaitoken/status/1621455298777980928,6415,43360
43606,"Quite brilliant &amp; interesting project at its early stage. I really excited for this airdrop Its community is fast growing. This has definitely huge potential as well

@AanuJeremy @LarenzTate @Gen_VKSingh 

#BotEngineering #protocol #OpenAI #ChatGPT #bnb #future #technology",281,3,1.31e+18,Aadipatidar8,1.62e+18,Fri Feb 03 11:05:41 +0000 2023,2023/2/3 11:05,0,0,0,https://twitter.com/Aadipatidar8/status/1621464940614926336,0,43607
43728,"Unlock the Power of #AI: Unleash Your Imagination

Revolutionising the way we think about problem-solving. Visit https://t.co/D2J9HZMvzF for more!

#BotEngineering #protocol #OpenAI #ChatGPT #bnb #future #technology",219,0,1.02e+18,om_ehan,1.62e+18,Fri Feb 03 11:25:58 +0000 2023,2023/2/3 11:25,1,0,1,https://twitter.com/om_ehan/status/1621470043824594944,2,43729
43882,"@bepaitoken Thanks for this wonderful opportunity dear sir. Good luck to everyonee???a??e???a??

@shehzadkh7700
@Gujjarg55
@Muhamma98289608

#BotEngineering #protocol #OpenAI #ChatGPT #bnb #future #technology",214,4,1.57e+18,AzharSiyal16,1.62e+18,Fri Feb 03 11:53:30 +0000 2023,2023/2/3 11:53,0,0,0,https://twitter.com/AzharSiyal16/status/1621476971162083329,0,43883
44003,"Very nice project super
#BotEngineering #protocol #OpenAI #ChatGPT #bnb #future #technology",92,0,1.49e+18,Frazana13,1.62e+18,Fri Feb 03 12:10:37 +0000 2023,2023/2/3 12:10,0,0,0,https://twitter.com/Frazana13/status/1621481281681768448,0,44004
44298,"Very nice project super

#BotEngineering #protocol #OpenAI #ChatGPT #bnb #future #technology",94,0,1.49e+18,Frazana13,1.62e+18,Fri Feb 03 12:56:12 +0000 2023,2023/2/3 12:56,0,0,0,https://twitter.com/Frazana13/status/1621492751844925440,0,44299
44586,"@bepaitoken Quite brilliant &amp; interesting project at its early stage. I really excited for this airdrop Its community is fast growing. This has definitely huge potential as well..
#BotEngineering #protocol #OpenAI #ChatGPT #bnb #future #technology",252,1,1.35e+18,Ejiezi1,1.62e+18,Fri Feb 03 13:32:41 +0000 2023,2023/2/3 13:32,0,0,0,https://twitter.com/Ejiezi1/status/1621501934543978497,0,44587
44955,"Nice and strong e??ae??ae??a project
@Rakib_hossain07 
@Ahnor_Block 
@Almalik99354332

#BotEngineering #protocol #OpenAI #ChatGPT #bnb #future #technology",159,3,1.41e+18,MDShaki13632045,1.62e+18,Fri Feb 03 14:26:28 +0000 2023,2023/2/3 14:26,0,0,0,https://twitter.com/MDShaki13632045/status/1621515466320797696,0,44956
46120,"This is the next project that will be popular in the future,,, 
Make sure join this community guys!!! 
@Siyantorrez1 
@4pfTested 
@azam_oni 

#BotEngineering #protocol #OpenAI #ChatGPT #bnb #future #technology 
$BPAI Amazing project and will be to the Moon e???e???e???",276,3,1.42e+18,EnakGlory,1.62e+18,Fri Feb 03 17:10:00 +0000 2023,2023/2/3 17:10,0,0,0,https://twitter.com/EnakGlory/status/1621556621460799489,0,46121
48860,"thank you for holding an airdrop event, Im happy and my friends is also happy too
@synbieatil
@Chiacha02672401
@JosephRaihan
#BotEngineering #protocol #OpenAI #ChatGPT #bnb #future #technology",196,3,1.48e+18,tinaverlisa,1.62e+18,Tue Feb 07 00:44:06 +0000 2023,2023/2/7 0:44,0,0,0,https://twitter.com/tinaverlisa/status/1622758065748717569,0,48861
50101,#ChatGPT  #ai #bnb #glm    ???1??  歙? ??  a ?????o??  ???????     ??  a  ???  歙? ?  ??     ??? glm,98,0,1.37e+18,albb_com,1.62e+18,Tue Feb 07 04:42:53 +0000 2023,2023/2/7 4:42,0,0,1,https://twitter.com/albb_com/status/1622818154316709888,1,50102
50597,"I still hold $CQT $PHA $LAT $DATA

#AI narrative  with more upside potential  e??  e???e???e???

#crypto #100xGems #100x #1000xgems #btc   #ETH #BNB   #DeFi #BSC #GEM #farm #dex #earn #kucoin #mexc #Arbitrum #yield #altcoins #btc  #bnb #AI #ChatGPT #bybit",259,0,1.61e+18,eMoneyTrades,1.62e+18,Tue Feb 07 05:55:47 +0000 2023,2023/2/7 5:55,0,0,0,https://twitter.com/eMoneyTrades/status/1622836500265148416,0,50598
50706,"Nice project and I look forward to the growth and success of this project 
@hobikungising
@Maknyuk3
@rogokhy

#BotEngineering #protocol #OpenAI #ChatGPT #bnb #future #technology",182,3,1.39e+18,Maem1591,1.62e+18,Tue Feb 07 06:07:45 +0000 2023,2023/2/7 6:07,0,0,0,https://twitter.com/Maem1591/status/1622839511582650368,0,50707
50713,"Guys, don't miss this opportunity, this project will be great, Thanks for shared this wonderful opportunity
Best wishes for all team members

@Abidzaenal6 @kueapemcityx @Viskafitria1 

#BotEngineering #protocol #OpenAI #ChatGPT #bnb #future #technology",257,3,1.39e+18,Fikri0445,1.62e+18,Tue Feb 07 06:08:49 +0000 2023,2023/2/7 6:08,0,0,0,https://twitter.com/Fikri0445/status/1622839782773772289,0,50714
50832,"Great team and excellent devs. 
This project is awesome, I am so excited now to be a part of this.
I wish you success in the future .
@wanderysupply
@nesamoody
@pratstudios
#BotEngineering #protocol #OpenAI #ChatGPT #bnb #future #technology",246,3,1.45e+18,pamaiudh,1.62e+18,Tue Feb 07 06:23:43 +0000 2023,2023/2/7 6:23,0,0,0,https://twitter.com/pamaiudh/status/1622843533119082496,0,50833
51024,"Something big is cominge?  ? 
@akashnetAI 

#crypto #100xGems #100x #1000xgems #btc   #ETH #BNB   #DeFi #BSC #GEM #farm #dex #earn #kucoin #mexc #Arbitrum #yield #altcoins #bnb #AI #ChatGPT #bybit https://t.co/6KHXCoUAk3",223,1,1.61e+18,eMoneyTrades,1.62e+18,Tue Feb 07 06:44:17 +0000 2023,2023/2/7 6:44,0,0,0,https://twitter.com/eMoneyTrades/status/1622848706620887040,0,51025
52866,"Awesome projecke???e???e???

good idea projecke???e???e???

#BotEngineering #protocol #OpenAI #ChatGPT #bnb #future #technology",131,0,1.52e+18,RinggoA75192114,1.62e+18,Tue Feb 07 09:59:36 +0000 2023,2023/2/7 9:59,1,0,0,https://twitter.com/RinggoA75192114/status/1622897861838135297,1,52867
52926,"@bepaitoken Ready. 

#BotEngineering #protocol #OpenAI #ChatGPT #bnb #future #technology",90,1,1.31e+18,Qarnan2,1.62e+18,Tue Feb 07 10:05:25 +0000 2023,2023/2/7 10:05,0,0,0,https://twitter.com/Qarnan2/status/1622899324278706177,0,52927
53360,"@bepaitoken Do not miss the #BotEngineering

@azeezsherif981
@Midejrib1
@Blysyn2020

#BotEngineering #protocol #OpenAI #ChatGPT #bnb #future #technology",158,4,1.43e+18,Audible84502870,1.62e+18,Tue Feb 07 10:50:50 +0000 2023,2023/2/7 10:50,0,0,0,https://twitter.com/Audible84502870/status/1622910751642992642,0,53361
54427,"hopefully the project will be better in the future 

@Paleviandrean 
@FordsPromotion 
@ditaaprelia13 

#BotEngineering #protocol #OpenAI #ChatGPT #bnb #future #technology",176,3,1.23e+18,Brezkireze,1.62e+18,Tue Feb 07 12:38:52 +0000 2023,2023/2/7 12:38,0,0,0,https://twitter.com/Brezkireze/status/1622937942737162240,0,54428
54440,"I'm excited about the potential for us to work together. Let's talk about how we can join forces and make some amazing things happen.
@alfaname3  @sipalawya @Zakiumaro 
#BotEngineering #protocol #OpenAI #ChatGPT #bnb #future #technology",238,3,1.39e+18,kujian95,1.62e+18,Tue Feb 07 12:40:47 +0000 2023,2023/2/7 12:40,1,0,0,https://twitter.com/kujian95/status/1622938423148568576,1,54441
54652,"Building an #AI project on @HyperonChain, means building a very fast AI #dApp.

#HPN #blockchaindeveloper
#FTM #BTC #NEAR #bnb #Hyperonchain #Artificial_Intelligence #ChatGPT
 
$RLB $FIS $LIT  $MRI $OCEAN $AUDIO $KATA $HERA $MASQ $BTC $BNB $ETH $SOL",254,1,472506584.0,BitcoinBusinez,1.62e+18,Tue Feb 07 13:00:56 +0000 2023,2023/2/7 13:00,5,2,0,https://twitter.com/BitcoinBusinez/status/1622943495529943040,7,54653
55216,"Strong project 
@Kkkk340 @mamun @TusharSarker 

#BotEngineering #protocol #OpenAI #ChatGPT #bnb #future #technology",118,3,1.56e+18,mkbb210,1.62e+18,Tue Feb 07 13:55:15 +0000 2023,2023/2/7 13:55,0,0,0,https://twitter.com/mkbb210/status/1622957164745883654,0,55217
56946,"This project is implemented professionally and has a clear development plan

#BotEngineering #protocol #OpenAI #ChatGPT #bnb #future #technology",146,0,1.49e+18,pangestusakaaji,1.62e+18,Tue Feb 07 16:44:49 +0000 2023,2023/2/7 16:44,0,1,1,https://twitter.com/pangestusakaaji/status/1622999838223917056,2,56947
57049,"Wonderful project, this project is very good and this projector has a lot of attractions, so hopefully the project will be better in the future

#BotEngineering #protocol #OpenAI #ChatGPT #bnb #future #technology",214,0,1.43e+18,0xir1m,1.62e+18,Tue Feb 07 16:57:27 +0000 2023,2023/2/7 16:57,0,0,1,https://twitter.com/0xir1m/status/1623003016747180033,1,57050
64040,"This team is one of the best team the world of crypto , I am very happy to be a part of this proudest team.. Best of luck
@triptrn @putrongr @ZesyZee

#BotEngineering #protocol #OpenAI #ChatGPT #bnb #future #technology",221,3,1.43e+18,GArtt33,1.62e+18,Sat Feb 11 08:51:45 +0000 2023,2023/2/11 8:51,0,0,1,https://twitter.com/GArtt33/status/1624330336745459712,1,64041
64076,"Who needs ChatGPT when you have #NeuralAIa?| 

Check out @neuralAI_BSC e?  ? 

#ai #crypto #bscgem #bnb #bsc #Binance #ico #pumpitup #crypto #investing #defi #tech #ChatGPT $bnb #bitcoin #Neuralink #openai #BSCGemsAlert #pancakeswap https://t.co/TMdLHKsPeF",260,1,922701318.0,jdrebelinc,1.62e+18,Sat Feb 11 09:00:25 +0000 2023,2023/2/11 9:00,10,2,6,https://twitter.com/jdrebelinc/status/1624332518227955718,18,64077
