,full_text,text_length,at_num,user_id_str,screen_name,id_str,created_at,publish_time,favorite_count,retweet_count,reply_count,tweet_url,total_heat,tt
41311,#climatechange #albedochange #chatgpt https://t.co/1kKvPK67uu,61,0,859503684.0,techie_n,1.62e+18,Fri Feb 03 03:02:29 +0000 2023,2023/2/3 3:02,0,0,0,https://twitter.com/techie_n/status/1621343338849832962,0,41312
43627,AI warns scientists of looming critical threshold approaching fast #AI #chatgpt #climatechange #globalwarming https://t.co/1pWyPkQgW6 #Globalwarming #artificialintelligence #climatemodel #climatechange,201,0,24820841.0,TweakTown,1.62e+18,Fri Feb 03 11:08:33 +0000 2023,2023/2/3 11:08,3,4,0,https://twitter.com/TweakTown/status/1621465661418635266,7,43628
43629,AI warns scientists of looming critical threshold approaching fast #AI #chatgpt #climatechange #globalwarming https://t.co/4RsKUnJOyB #Globalwarming #artificialintelligence #climatemodel #climatechange,201,0,9.54e+17,jakconnorTT,1.62e+18,Fri Feb 03 11:08:34 +0000 2023,2023/2/3 11:08,0,0,0,https://twitter.com/jakconnorTT/status/1621465663784239104,0,43630
43673,RT TweakTown AI warns scientists of looming critical threshold approaching fast #AI #chatgpt #climatechange #globalwarming https://t.co/Lhhku6DYuU #Globalwarming #artificialintelligence #climatemodel #climatechange,214,0,1339887295.0,ryuofdarkness,1.62e+18,Fri Feb 03 11:16:39 +0000 2023,2023/2/3 11:16,1,0,0,https://twitter.com/ryuofdarkness/status/1621467699799801856,1,43674
93899,"What #chimpanzees tell us about how #humans see #data

https://t.co/AUsrJHj5Ad

#BigData #DataScience #dataScientist #DataAnalytics #chimp #chimps #chimpanzee #primate #primates #greatapes #climatechange #nature #DavidAttenborough #gretathunberg #chimprescue #ChatGPT #AI #SaaS",281,0,1.63e+18,ChimpAcademy,1.63e+18,Mon Feb 27 11:43:34 +0000 2023,2023/2/27 11:43,13,8,0,https://twitter.com/ChimpAcademy/status/1630171780424794117,21,93900
93904,"#Zoogoer hits #chimpanzee with #waterbottle &amp; the #chimp hits back
 https://t.co/Krbzt1Agxw via @nypost

#chimpanzee #chimpanzees #cheekychimps #cheekymonkey #greatape #greatapes #climatechange #nature #DavidAttenborough #gretathunberg #chimprescue #ChatGPT #AI #Metaverse #Web3",285,1,1.63e+18,ChimpAcademy,1.63e+18,Mon Feb 27 11:45:12 +0000 2023,2023/2/27 11:45,8,4,0,https://twitter.com/ChimpAcademy/status/1630172192473268225,12,93905
95000,"How a #chimpanzee brought @Xerox to the masses

https://t.co/C331yIwC4A

#xerox #ChatGPT #chimp #chimps #chimpanzees #cheekychimps #cheekymonkey #greatape #greatapes #climatechange #nature #DavidAttenborough #gretathunberg #chimprescue #conservation #AnimalAbuse #AnimalCruelty",281,1,1.63e+18,ChimpAcademy,1.63e+18,Mon Feb 27 15:08:07 +0000 2023,2023/2/27 15:08,4,4,0,https://twitter.com/ChimpAcademy/status/1630223256631296004,8,95001
