,full_text,text_length,at_num,user_id_str,screen_name,id_str,created_at,publish_time,favorite_count,retweet_count,reply_count,tweet_url,total_heat,tt
34182,"It takes intelligence to recognize intelligence, or the lack of it. 

#philosophy #consciousness #transhumanism #intelligence #AI #NI #AGI #chatgpt #LaMDA #meta #life #arneklingenberg",185,0,74329844.0,arneklingenberg,1.62e+18,Wed Feb 01 01:39:29 +0000 2023,2023/2/1 1:39,2,0,0,https://twitter.com/arneklingenberg/status/1620597672834109440,2,34183
49473,"""Death may be a natural part of life, but that doesn't mean it's acceptable. Let's work towards a future where we can live longer, healthier lives."" #transhumanism #longevity #health #ChatGPT",191,0,8.77e+17,OpenLongevity,1.62e+18,Tue Feb 07 02:50:06 +0000 2023,2023/2/7 2:50,3,0,0,https://twitter.com/OpenLongevity/status/1622789773810171905,3,49474
59789,I just added a new design to my shop! https://t.co/95nZR5XQ4Z #artistshops #AI #ChatGPT #manga #funny #cartoon #bots #transhumanism #elonmusk #dystopian #nerdstuff #geeks,170,0,1.57e+18,DesignsDmck,1.62e+18,Tue Feb 07 22:06:59 +0000 2023,2023/2/7 22:06,0,2,0,https://twitter.com/DesignsDmck/status/1623080911029022720,2,59790
76183,"if you think Chat GPT DAN is cool, wait until you meet SIDNEY  #Chatgpt #gpt3 #gpt4 #microsoft #bing #hypnotism #transhumanism #agi #ai 
https://t.co/rqzZs7nMWf",161,0,1.3e+18,andreasxirtus,1.63e+18,Wed Feb 15 05:46:03 +0000 2023,2023/2/15 5:46,9,1,1,https://twitter.com/andreasxirtus/status/1625733156639997952,11,76184
91837,"Transhumanists believe and preach sermons like this: a??The computer knows best. Or better than us. Artificial Intelligence (AI) will save us from ourselves, from making mistakes, (...)
#philosophy #consciousness #transhumanism #intelligence #AI #AGI #chatgpt #meta #arneklingenberg",283,0,74329844.0,arneklingenberg,1.63e+18,Mon Feb 27 02:12:26 +0000 2023,2023/2/27 2:12,0,0,1,https://twitter.com/arneklingenberg/status/1630028051882074114,1,91838
91848,"from the many human errors that lead to the destruction of our world. We dumb humans need to be saved by smart machines; we are fallible and can't trust ourselves (...)
#philosophy #consciousness #transhumanism #intelligence #AI #AGI #chatgpt #meta #arneklingenberg",266,0,74329844.0,arneklingenberg,1.63e+18,Mon Feb 27 02:15:43 +0000 2023,2023/2/27 2:15,0,0,1,https://twitter.com/arneklingenberg/status/1630028877874741248,1,91849
