,full_text,text_length,at_num,user_id_str,screen_name,id_str,created_at,publish_time,favorite_count,retweet_count,reply_count,tweet_url,total_heat,tt
43890,"This is 2nd project of HTML Template. Using the nice js plugin to be dynamic.
#KiaraAdvani #Bitcoin #Bangladesh  $CORE  #ChatGPT #cryptocurrency  #WahajAli #ARIEL https://t.co/I360kcYO8d",187,0,2611942032.0,ak9670131,1.62e+18,Fri Feb 03 11:55:08 +0000 2023,2023/2/3 11:55,0,1,0,https://twitter.com/ak9670131/status/1621477382334066689,1,43891
46872,"https://t.co/06hUBEKjs6 for Sale !

#Domains #DomainNameForSale #ChatGPT #GPT   #gpt4 #OpenAI #AITOOLS #AI??  ?????1??? #certificate #CloudComputing #Ethereum #EthereumNFTs  #Bitcoin #Web3 #NFT #NFTs #Metaverse #DeFi #BTC #ETH #ICO #TechnologyNews #cryptocurrency  #OpenAIChatGPT",281,0,1.28e+18,DayanB20,1.62e+18,Fri Feb 03 19:11:27 +0000 2023,2023/2/3 19:11,4,2,0,https://twitter.com/DayanB20/status/1621587185211437057,6,46873
53951,"Tips to detach your #Emotions from your portfolio

#maximustech #Crypto #bitcoin #cryptocurrency  #blockchain #ethereum #btc #trading #CryptoNews #cryptotrading #bitcoinmining #cryptocurrencies #investing #altcoins #bitcoinnews #crytpo #CoreDAO #ChatGPT #NFTGame #BenAffleck https://t.co/EBZBvWvXU0",300,0,1.45e+18,maximustechmxz,1.62e+18,Tue Feb 07 11:49:18 +0000 2023,2023/2/7 11:49,5,2,6,https://twitter.com/maximustechmxz/status/1622925466444365825,13,53952
63771,"ChatGPT ??? OpenAI ?  ?????  ???  ?????  ???????????|???????????  ???Worldcoin ????  ??????a??????
https://t.co/2lJiawUqu4
#ChatGPT #openai #cryptocurrency  #?????3  ??  2  ",175,0,1.62e+18,SecondCabin,1.62e+18,Sat Feb 11 07:46:28 +0000 2023,2023/2/11 7:46,0,0,0,https://twitter.com/SecondCabin/status/1624313907828658176,0,63772
64425,"????????3??  ??3????  ????????????????OpenAI ?  ? ??? Worldcoin ??  ??  ??  ??????
https://t.co/P0iMdqe4b5
#ChatGPT #openai #cryptocurrency  #?????3  ??  2  ",159,0,1.62e+18,SecondCabin,1.62e+18,Sat Feb 11 10:17:54 +0000 2023,2023/2/11 10:17,0,0,0,https://twitter.com/SecondCabin/status/1624352017446752256,0,64426
80800,"Sometimes i'm fast and i do the connections quickly, but sometimes it may take a month. Stay tuned to find out the already AI partner of @Theta_Network. 

#crypto #theta $theta #cryptocurrency  #Ai #ChatGPT #bitcoin #btc https://t.co/4MAfQY2uvc",246,1,78312299.0,Jimakos13,1.63e+18,Wed Feb 15 19:17:11 +0000 2023,2023/2/15 19:17,66,8,4,https://twitter.com/Jimakos13/status/1625937281444941826,78,80801
