,full_text,text_length,at_num,user_id_str,screen_name,id_str,created_at,publish_time,favorite_count,retweet_count,reply_count,tweet_url,total_heat,tt
73417,"Fish 02
#Art #digitalart #chatgpt #AI #stablediffusion #midjourney #lexicart #playground https://t.co/DTTmEYw8R0 https://t.co/WXjX2p74pa",137,0,1.32e+18,thefantasticai,1.63e+18,Mon Feb 13 17:04:11 +0000 2023,2023/2/13 17:04,15,4,1,https://twitter.com/thefantasticai/status/1625179036845588491,20,73418
74190,"Fish 04
#Art #digitalart #chatgpt #AI #stablediffusion #midjourney #lexicart #playground https://t.co/DTTmEYw8R0 https://t.co/6yHdYhgWAj",137,0,1.32e+18,thefantasticai,1.63e+18,Mon Feb 13 19:21:33 +0000 2023,2023/2/13 19:21,6,3,0,https://twitter.com/thefantasticai/status/1625213607892983810,9,74191
75384,"Fish 14 
#Art #digitalart #chatgpt #AI #stablediffusion #midjourney #lexicart #playground https://t.co/DTTmEYw8R0 https://t.co/XDLfUtEpxu",138,0,1.32e+18,thefantasticai,1.63e+18,Mon Feb 13 23:33:47 +0000 2023,2023/2/13 23:33,1,1,0,https://twitter.com/thefantasticai/status/1625277083365638147,2,75385
79386,"Fish 07
#Art #digitalart #chatgpt #AI #stablediffusion #midjourney #lexicart #playground https://t.co/DTTmEYw8R0 https://t.co/PPkVcVd68i",137,0,1.32e+18,thefantasticai,1.63e+18,Wed Feb 15 15:14:50 +0000 2023,2023/2/15 15:14,5,2,0,https://twitter.com/thefantasticai/status/1625876294125645827,7,79387
79544,"Fish 06
#Art #digitalart #chatgpt #AI #stablediffusion #midjourney #lexicart #playground https://t.co/DTTmEYw8R0 https://t.co/BHfirA4F24",137,0,1.32e+18,thefantasticai,1.63e+18,Wed Feb 15 15:38:37 +0000 2023,2023/2/15 15:38,2,2,0,https://twitter.com/thefantasticai/status/1625882281435926531,4,79545
82013,"Fish 05
#Art #digitalart #chatgpt #AI #stablediffusion #midjourney #lexicart #playground https://t.co/DTTmEYw8R0 https://t.co/9M5gtfGKlJ",137,0,1.32e+18,thefantasticai,1.63e+18,Wed Feb 15 23:56:56 +0000 2023,2023/2/15 23:56,4,3,0,https://twitter.com/thefantasticai/status/1626007683340836865,7,82014
