,full_text,text_length,at_num,user_id_str,screen_name,id_str,created_at,publish_time,favorite_count,retweet_count,reply_count,tweet_url,total_heat,tt
26563,"Microsoft-#OpenAI Investment Will Help Keep #ChatGPT Online

#happenplease #browser #supports #javascript #cookies #information 

https://t.co/Sq0OSIXsqy",157,0,140618811.0,richardkimphd,1.62e+18,Fri Jan 27 11:57:31 +0000 2023,2023/1/27 11:57,0,0,0,https://twitter.com/richardkimphd/status/1618941267815329794,0,26564
28233,"#ChatGPT 'Arms Race' Adds $4.6 Billion to Nvidia Founder's Fortune

#happenplease #browser #supports #javascript #cookies #information #terms 

https://t.co/XJdLA81h2w",171,0,140618811.0,richardkimphd,1.62e+18,Fri Jan 27 22:28:05 +0000 2023,2023/1/27 22:28,0,1,0,https://twitter.com/richardkimphd/status/1619099957159661569,1,28234
36390,"#ChatGPT Maker #OpenAI Offers Tool to Tell When Text Is #AI-Written

@LindaGrass0 @fogoros @nigewillson @DrJDrooghaag 

#happenplease #browser #supports #javascript #cookies #information #terms 

https://t.co/Sx7e6UbljF",225,4,140618811.0,richardkimphd,1.62e+18,Wed Feb 01 10:43:31 +0000 2023,2023/2/1 10:43,0,0,0,https://twitter.com/richardkimphd/status/1620734586287460353,0,36391
48130,"#Google Invests Almost $400 Million in #ChatGPT Rival Anthropic

@JimHarris @SpirosMargaris @nigewillson 

#happenplease #browser #supports #javascript #cookies #information 

https://t.co/A1e2IcvhuY",205,3,140618811.0,richardkimphd,1.62e+18,Fri Feb 03 23:45:37 +0000 2023,2023/2/3 23:45,1,0,1,https://twitter.com/richardkimphd/status/1621656183898779648,2,48131
94353,"Why #ChatGPT and #AI Tools Won't Replace Human Writers Anytime ...

@JolaBurnett @GlenGilmore 

#happenplease #browser #supports #javascript #cookies #information 

https://t.co/LmPWxSlHVB",194,2,140618811.0,richardkimphd,1.63e+18,Mon Feb 27 13:20:19 +0000 2023,2023/2/27 13:20,0,0,0,https://twitter.com/richardkimphd/status/1630196130540838912,0,94354
