,full_text,text_length,at_num,user_id_str,screen_name,id_str,created_at,publish_time,favorite_count,retweet_count,reply_count,tweet_url,total_heat,tt
48675,@sundarpichai Did you manage situation when #Bard and #ChatGPT will meet each other accidentally in #twitter ?,110,1,190984130.0,crypto_ai_alex,1.62e+18,Tue Feb 07 00:10:01 +0000 2023,2023/2/7 0:10,1,0,0,https://twitter.com/crypto_ai_alex/status/1622749485842546688,1,48676
48800,#Google and #Microsoft bringing #Bard and #ChatGPT online is the beginning of the end. Skynet is now online. https://t.co/6JS6wi9nlt,132,0,152167824.0,StonkSlanger,1.62e+18,Tue Feb 07 00:31:56 +0000 2023,2023/2/7 0:31,0,0,0,https://twitter.com/StonkSlanger/status/1622755002799345664,0,48801
49190,"The Year is 2030. News clip from Skynet, after #AI Google #Bard and #ChatGPT formed an alliance against humans! #Terminator https://t.co/bEmxSrliNx",147,0,7952822.0,3rdavatar,1.62e+18,Tue Feb 07 01:56:52 +0000 2023,2023/2/7 1:56,0,0,0,https://twitter.com/3rdavatar/status/1622776374531616768,0,49191
49799,"It would be interesting to see how @Apple responds to #Bard and #ChatGPT 

as we are not far when it will be part of google assistant on android phones",153,1,8017352.0,navdeepsoni,1.62e+18,Tue Feb 07 03:49:00 +0000 2023,2023/2/7 3:49,0,0,0,https://twitter.com/navdeepsoni/status/1622804594219962368,0,49800
50189,"The competition between #Google #Bard and #ChatGPT is heating up, but in the end, both will strive to be the verse-atile one!"" #Pun #Poetry #Tech",145,0,444952033.0,braavo4u,1.62e+18,Tue Feb 07 04:56:52 +0000 2023,2023/2/7 4:56,1,0,0,https://twitter.com/braavo4u/status/1622821676227633152,1,50190
51892,"1/2 The main differences of #Bard and #ChatGPT:
- Bard would be using real-time information from the web (Google index?), while ChatGPT uses data from 2021.
- Bard is powered by LaMDA, or actually a lightweight version of it (= more scalable).",245,0,2721888200.0,CaerelsJan,1.62e+18,Tue Feb 07 08:17:29 +0000 2023,2023/2/7 8:17,4,1,1,https://twitter.com/CaerelsJan/status/1622872162691436545,6,51893
56355,@billevjen I am looking forward to make a chat integration with #Bard and #ChatGPT e???e?  ?,92,1,20153175.0,ArdaCetinkaya,1.62e+18,Tue Feb 07 15:44:12 +0000 2023,2023/2/7 15:44,0,0,0,https://twitter.com/ArdaCetinkaya/status/1622984583321903106,0,56356
57429,"With all the #ChatGPT, #Bard and #Bing updates happening right now, this from @Mappletons gives pause for thought (if you're a ""meathead"" at least) 
https://t.co/pYjN7uZguQ #AI",177,1,220687644.0,andiecoupland,1.62e+18,Tue Feb 07 17:40:06 +0000 2023,2023/2/7 17:40,0,0,0,https://twitter.com/andiecoupland/status/1623013749102719101,0,57430
60198,The #SEO trends are emerging even as #Bard and #ChatGPT loom -- here's my take on what #marketers can do while adjusting to an AI world. My @cmswire post #analytics #Google #Bing #searchengineoptimization #search https://t.co/lsLvyR86D5,236,1,15826695.0,ZimanaAnalytics,1.62e+18,Tue Feb 07 23:10:47 +0000 2023,2023/2/7 23:10,0,0,0,https://twitter.com/ZimanaAnalytics/status/1623096968741367809,0,60199
90529,"Did you know that AI can a??hallucinatea??? 

Thata??s right! Youa??ve probably seen #Bard and #ChatGPT have been caught inventing numbers and facts out of thin air. 

Apparently in the #AI world it's called an a??AI hallucinationa??.",238,0,66110251.0,janisvelins,1.63e+18,Thu Feb 23 21:33:00 +0000 2023,2023/2/23 21:33,0,1,0,https://twitter.com/janisvelins/status/1628870567066497024,1,90530
