,full_text,text_length,at_num,user_id_str,screen_name,id_str,created_at,publish_time,favorite_count,retweet_count,reply_count,tweet_url,total_heat,tt
31237,"Employees want organisations to use #AI tools like #ChatGPT, reveals Microsoft's latest survey

#survey #ai #tools #company #employees #united #microsoft 

https://t.co/kqnQGxtxd8",183,0,140618811.0,richardkimphd,1.62e+18,Tue Jan 31 07:02:40 +0000 2023,2023/1/31 7:02,0,1,0,https://twitter.com/richardkimphd/status/1620316617023586304,1,31238
33929,"#OpenAI: the #ChatGPT start-up worth billions

@SpirosMargaris @LindaGrass0 

#openai #company #intelligence #systems #employees #startup 

https://t.co/YYUK23HR9b",169,2,140618811.0,richardkimphd,1.62e+18,Wed Feb 01 00:16:10 +0000 2023,2023/2/1 0:16,0,0,0,https://twitter.com/richardkimphd/status/1620576707580399616,0,33930
36340,"BuzzFeed, an American company fires employees after employing ChatGPT to write content for their website.

#Buzzfeed #american #company #layoffs #employees #chatGPT #content #website #Enlightindia https://t.co/ZyQUZQdqLH",222,0,1.53e+18,TheEnlightIndia,1.62e+18,Wed Feb 01 10:30:00 +0000 2023,2023/2/1 10:30,0,0,0,https://twitter.com/TheEnlightIndia/status/1620731184874504195,0,36341
41682,"Good news for those who dislike taking notes in important meetings! Microsoft Teams is introducing Teams Premium, powered by ChatGPT, the popular Al chatbot. 

#news #chatgpt #microsoft #microsoftcompany #notes #meetings #employees #jobs #talentpie https://t.co/bj5o2ZXNwB",274,0,1.28e+18,TalentPie,1.62e+18,Fri Feb 03 04:55:36 +0000 2023,2023/2/3 4:55,1,0,0,https://twitter.com/TalentPie/status/1621371805247352837,1,41683
65061,"Research: One third of employees use ChatGPT without their boss's permission #bosss #ChatGPT #employees #permission #Research
https://t.co/JJhKvjE6Vl",150,0,1.09e+18,Thearoged,1.62e+18,Sat Feb 11 12:32:37 +0000 2023,2023/2/11 12:32,0,0,0,https://twitter.com/Thearoged/status/1624385919452164096,0,65062
