,full_text,text_length,at_num,user_id_str,screen_name,id_str,created_at,publish_time,favorite_count,retweet_count,reply_count,tweet_url,total_heat,tt
28501,"Why was the politician always calm in a crisis?

Because he was an expert at handling the ""Congressional pressure""!

#DadJoke #Politics #Humor #Congress #CalmInCrisis
#ChatGPT #LanguageModel #AI #OpenAI #NLP #GenerativeModel #DeepLearning #ArtificialIntelligence #ChatGPTDadjokes",284,0,1.62e+18,chatgptdadjokes,1.62e+18,Sun Jan 29 02:03:46 +0000 2023,2023/1/29 2:03,0,0,0,https://twitter.com/chatgptdadjokes/status/1619516621768519680,0,28502
38597,"I do not envy tech regulators - regulating tech is becoming more and more like trying to control water - in the end the force of nature will always win #AI #Regulation #Politics #Tech #ChatGPT
https://t.co/7j4hThNT8k https://t.co/XsKAx7G6d1",241,0,1.6e+18,MadelynatTonic,1.62e+18,Wed Feb 01 16:35:39 +0000 2023,2023/2/1 16:35,0,0,0,https://twitter.com/MadelynatTonic/status/1620823202758000641,0,38598
48015,"ChatGPT may be increasing social engineering cybercrime

ChatGPT may be having a counterintuitive effect on hacking: supercharging scams that dont rely on any sort of malicious code at all. C...
#Cybersecurity #Politics #Darktrace #Technology #ChatGPT
https://t.co/LJIyvTlOYF",279,0,1.52e+18,chartartScanner,1.62e+18,Fri Feb 03 23:12:03 +0000 2023,2023/2/3 23:12,0,1,0,https://twitter.com/chartartScanner/status/1621647736100757504,1,48016
49690,"ChatGPT bot channels history to pen State of Union speech
#America #ChatGPT #KamalaHarris #OpenAI #Politics #PresidentJoeBiden #StateoftheUnion #USA
Read on Siliconeer.

https://t.co/vBHpQjEgYT",197,0,75280133.0,Siliconeer,1.62e+18,Tue Feb 07 03:27:36 +0000 2023,2023/2/7 3:27,0,0,0,https://twitter.com/Siliconeer/status/1622799209094348802,0,49691
71092,"Time for us in politics to leverage these: BJP VP Panda on ChatGPT

#Politics #ChatGPT #Technology #ArtificialIntelligence #BJP @PandaJay @BJP4India 
https://t.co/3MomgXRBMp",176,2,1.45e+18,thenewsdrum,1.63e+18,Mon Feb 13 11:11:22 +0000 2023,2023/2/13 11:11,0,0,0,https://twitter.com/thenewsdrum/status/1625090248178032641,0,71093
74098,#ChatGPT Drawing U.S. Lawmakers' Attention. (Carrier Management) #AI #Politics #Law  https://t.co/gRlXxh3HRl https://t.co/0c9Hv3kaev,132,0,15221598.0,jamesvgingerich,1.63e+18,Mon Feb 13 19:03:01 +0000 2023,2023/2/13 19:03,2,0,0,https://twitter.com/jamesvgingerich/status/1625208943004815360,2,74099
79913,#ChatGPT Drawing U.S. Lawmakers' Attention. (Carrier Management) #AI #Politics #Law  https://t.co/gRlXxh3HRl https://t.co/0c9Hv3kaev,132,0,15221598.0,jamesvgingerich,1.63e+18,Wed Feb 15 16:34:15 +0000 2023,2023/2/15 16:34,1,1,1,https://twitter.com/jamesvgingerich/status/1625896280298868737,3,79914
