,full_text,text_length,at_num,user_id_str,screen_name,id_str,created_at,publish_time,favorite_count,retweet_count,reply_count,tweet_url,total_heat,tt
22056,"#ChatGPT: #AI has become the next big thing

#chatgpt #openai #ai #intelligence #tasks #software #text 

https://t.co/s5KIgw5AZ9",132,0,140618811.0,richardkimphd,1.62e+18,Wed Jan 25 00:35:50 +0000 2023,2023/1/25 0:35,0,1,0,https://twitter.com/richardkimphd/status/1618044939715358720,1,22057
25462,"Or you could jump-start an advertising or marketing campaign using an #AI to help brainstorm copy or imagery.

@JimHarris @GlenGilmore @DrJDrooghaag 

#ai #chatgpt #time #marketing #tool #use #tasks #list 

https://t.co/qhvnnLH5Bn",236,3,140618811.0,richardkimphd,1.62e+18,Fri Jan 27 03:14:59 +0000 2023,2023/1/27 3:14,0,0,0,https://twitter.com/richardkimphd/status/1618809766620585984,0,25463
28090,"#ChatGPT is an #ArtificialIntelligence trained to hold conversations.

@ronald_vanloon 

#chatgpt #intelligence #technology #information #tasks #questions #answers 

https://t.co/RFHreHag5Q",195,1,140618811.0,richardkimphd,1.62e+18,Fri Jan 27 21:08:07 +0000 2023,2023/1/27 21:08,0,0,0,https://twitter.com/richardkimphd/status/1619079831131684864,0,28091
51515,"Eight #tasks #ChatGPT can do for #journalists
No, #AI cannot replace you. But it can remove some of the everyday tedium so you can focus on what you do best: actual journalism https://t.co/vQxyE9Gvov",200,0,4159361.0,soliver,1.62e+18,Tue Feb 07 07:37:53 +0000 2023,2023/2/7 7:37,0,0,0,https://twitter.com/soliver/status/1622862194042892288,0,51516
54498,"Computer programmers and financial workers are just two kinds of white-collar jobs that may have to worry about #ArtificialIntelligence and chatbots like #OpenAI's #ChatGPT.

@ronald_vanloon 

#jobs #ai #kinds #workers #tasks #intelligence #time 

https://t.co/5SE96wXEwL",277,1,140618811.0,richardkimphd,1.62e+18,Tue Feb 07 12:47:41 +0000 2023,2023/2/7 12:47,0,0,1,https://twitter.com/richardkimphd/status/1622940159791738882,1,54499
81740,"#ChatGPT and Automation Come to Knowledge Work

@fogoros @GlenGilmore @JolaBurnett @DrJDrooghaag @LindaGrass0 @BetaMoroney 

#ai #chatgpt #people #tasks #tools #employment 

https://t.co/lhxBXHz0eE",203,6,140618811.0,richardkimphd,1.63e+18,Wed Feb 15 22:43:06 +0000 2023,2023/2/15 22:43,3,1,0,https://twitter.com/richardkimphd/status/1625989103681699841,4,81741
