,full_text,text_length,at_num,user_id_str,screen_name,id_str,created_at,publish_time,favorite_count,retweet_count,reply_count,tweet_url,total_heat,tt
66231,"""Foes may snarl and bark,
Courage takes a sturdy stand,
Fear recedes away.""

(AI #haiku. Written by #ChatGPT. Illustrated by #Midjourney.)

https://t.co/hHcd6dnAV3",169,0,1.57e+18,whytryai,1.62e+18,Sat Feb 11 15:49:42 +0000 2023,2023/2/11 15:49,3,0,0,https://twitter.com/whytryai/status/1624435515717046274,3,66232
74299,"""Tiny moments, bright, 
Bring happiness, warm delight, 
Life's simple treasures.""

(AI #haiku. Written by #ChatGPT. Illustrated by #Midjourney.)

https://t.co/zEHeFTA2BB",175,0,1.57e+18,whytryai,1.63e+18,Mon Feb 13 19:40:30 +0000 2023,2023/2/13 19:40,3,1,0,https://twitter.com/whytryai/status/1625218375868710913,4,74300
77163,"""Wanderlust ignites,
Love for the unknown and new,
Adventure takes flight.""

(AI #haiku. Written by #ChatGPT. Illustrated by #Midjourney.)

https://t.co/Y2Jxs7nrJZ",169,0,1.57e+18,whytryai,1.63e+18,Wed Feb 15 09:29:46 +0000 2023,2023/2/15 9:29,3,0,1,https://twitter.com/whytryai/status/1625789453917728768,4,77164
83534,"""A hand offered to
Those in need, lifts them up high,
Together we thrive.""

(AI #haiku. Written by #ChatGPT. Illustrated by #Midjourney.)

https://t.co/dQjaTSKeZN",168,0,1.57e+18,whytryai,1.63e+18,Tue Feb 21 19:45:21 +0000 2023,2023/2/21 19:45,5,0,0,https://twitter.com/whytryai/status/1628118698165780480,5,83535
87743,"""Whispers and glances,
A touch that lingers and burns,
Heart skips a beat, love.""

(AI #haiku. Written by #ChatGPT. Illustrated by #Midjourney.)

https://t.co/dIg7byOGOb",175,0,1.57e+18,whytryai,1.63e+18,Thu Feb 23 13:18:14 +0000 2023,2023/2/23 13:18,4,0,1,https://twitter.com/whytryai/status/1628746054488272906,5,87744
94171,"""Pounding feet on earth
Heart racing, breath quickening
Pure joy in motion""

(AI #haiku. Written by #ChatGPT. Illustrated by #Midjourney.)

https://t.co/ek5VYN25ST",169,0,1.57e+18,whytryai,1.63e+18,Mon Feb 27 12:42:49 +0000 2023,2023/2/27 12:42,3,1,0,https://twitter.com/whytryai/status/1630186693897728000,4,94172
