,full_text,text_length,at_num,user_id_str,screen_name,id_str,created_at,publish_time,favorite_count,retweet_count,reply_count,tweet_url,total_heat,tt
6260,"ChatGPT pu?2 aiutare gli hacker a violare i siti web
#ArtificialIntelligence #ChatBot #ChatGPT #CyberSecurity #CyberSicurezza #Hacker #Hacking #IntelligenzaArtificiale #Notizia #Notizie #Rischi #Sicurezza #SicurezzaInformatica #Tech #TechNews #Test

https://t.co/Z1ODrqBvk2 https://t.co/QTldDac85s",300,0,1.01e+18,CeotechI,1.61e+18,Mon Jan 09 10:17:32 +0000 2023,2023/1/9 10:17,3,3,0,https://twitter.com/CeotechI/status/1612393126911434752,6,6261
11159,"ChatGPT avr?? una versione Professional a pagamento
#ArtificialIntelligence #ChatBot #ChatGPT #IntelligenzaArtificiale #Monetizzare #Notizia #Notizie #OpenAI #Pagamento #Professional #Servizi #Tech #TechNews

https://t.co/pZRpzdX7xW https://t.co/Gi9iCFHIT4",259,0,1.01e+18,CeotechI,1.61e+18,Fri Jan 13 07:15:07 +0000 2023,2023/1/13 7:15,2,2,0,https://twitter.com/CeotechI/status/1613796771498426369,4,11160
23111,"ChatGPT, la versione Pro potrebbe costare $42 al mese
#Abbonamenti #ArtificialIntelligence #ChatBot #ChatGPT #IntelligenzaArtificiale #Monetizzazione #Notizia #Notizie #OpenAI #Professional #Servizi #Tech #TechNews

https://t.co/3kDbYwl3R5 https://t.co/AtGvDcWFGT",266,0,1.01e+18,CeotechI,1.62e+18,Wed Jan 25 10:18:06 +0000 2023,2023/1/25 10:18,3,3,0,https://twitter.com/CeotechI/status/1618191473316401152,6,23112
25891,"Robot avvocato rinuncia all'incarco per ripercussioni legali
#ArtificialIntelligence #Causa #ChatBot #ChatGPT #DoNotPay #Futuro #Giustizia #IntelligenzaArtificiale #Legge #Notizia #Notizie #Robot #Startup #TechNews #Technology #Tecnologia #Tribunale

https://t.co/1nlA7bYj0g https://t.co/lZycy5qR9e",301,0,1.01e+18,CeotechI,1.62e+18,Fri Jan 27 07:16:29 +0000 2023,2023/1/27 7:16,3,4,0,https://twitter.com/CeotechI/status/1618870543985397760,7,25892
43313,"Google testa diverse soluzioni basate sull'IA
#ArtificialIntelligence #ChatBot #ChatGPT #Google #Homepage #IntelligenzaArtificiale #LaMDA #Notizia #Notizie #Ricerca #RicercaGoogle #Tech #TechNews #Technology #Tecnologia #Test

https://t.co/EjAKPInYr0 https://t.co/I3RoggIZ4i",277,0,1.01e+18,CeotechI,1.62e+18,Fri Feb 03 10:16:39 +0000 2023,2023/2/3 10:16,5,3,1,https://twitter.com/CeotechI/status/1621452600947232771,9,43314
43682,"OpenAI, lo strumento per rilevare testi scritti dall'IA non ?   affidabile
#ArtificialIntelligence #ChatGPT #DetectGPT #GPTZero #IntelligenzaArtificiale #Notizia #Notizie #OpenAI #Strumento #Tech #TechNews #Technology #Tecnologia #Tool

https://t.co/WoXGveziZM https://t.co/YBSdjKgNTC",287,0,1.01e+18,CeotechI,1.62e+18,Fri Feb 03 11:17:27 +0000 2023,2023/2/3 11:17,5,3,0,https://twitter.com/CeotechI/status/1621467899457142786,8,43683
70015,"Google Bard, tutto quello che c'?   da sapere sull'IA
#ArtificialIntelligence #Bard #Bing #ChatBot #ChatGPT #Google #GoogleAssistant #GoogleBard #IntelligenzaArtificiale #LaMDA #Microsoft #Notizia #Notizie #OpenAI #Ricerca #Tech #TechNews

https://t.co/zQATdy3BLv https://t.co/ByO2wOK8QK",290,0,1.01e+18,CeotechI,1.63e+18,Mon Feb 13 08:15:35 +0000 2023,2023/2/13 8:15,3,3,0,https://twitter.com/CeotechI/status/1625046010425745408,6,70016
70717,"Opera integrer?? ChatGPT nella barra laterale molto presto
#ArtificialIntelligence #Bard #Browser #ChatBot #ChatGPT #Chrome #Google #IntelligenzaArtificiale #Microsoft #MicrosoftEdge #Notizia #Notizie #OpenAI #Opera #OperaBrowser #Tech #TechNews

https://t.co/usQY1a24Fb https://t.co/fsTZ00zERD",297,0,1.01e+18,CeotechI,1.63e+18,Mon Feb 13 10:16:16 +0000 2023,2023/2/13 10:16,4,3,0,https://twitter.com/CeotechI/status/1625076383087984642,7,70718
77097,"ChatGPT si innamora, si arrabbia ed intristisce
#ArtificialIntelligence #Bing #ChatBot #ChatGPT #Google #IntelligenzaArtificiale #MicrosoftBing #MicrosoftEdge #Notizia #Notizie #RispostaErrata #RisposteIntelligenti #Tech #TechNews

https://t.co/NaEzajZ2RC https://t.co/8HgPXLQQv7",282,0,1.01e+18,CeotechI,1.63e+18,Wed Feb 15 09:16:45 +0000 2023,2023/2/15 9:16,2,2,0,https://twitter.com/CeotechI/status/1625786178426339330,4,77098
85404,"ChatGPT sar?? integrato nell'insegnamento nelle scuole di Singapore
#ArtificialIntelligence #ChatGPT #Insegnare #IntelligenzaArtificiale #Istruzione #Notizia #Notizie #Progetto #Scuola #Singapore #Tech #TechNews #Technology

https://t.co/2ecvvLXKO6 https://t.co/1FLREQiFP0",275,0,1.01e+18,CeotechI,1.63e+18,Thu Feb 23 06:16:30 +0000 2023,2023/2/23 6:16,4,3,0,https://twitter.com/CeotechI/status/1628639920028893184,7,85405
92525,"Meta annuncia LLaMA, modello linguistico per la ricerca sull'IA
#ArtificialIntelligence #Bard #Bing #ChatGPT #IntelligenzaArtificiale #LLaMA #Meta #Modello #Notizia #Notizie #Ricerca #Strumento #Tech #TechNews

https://t.co/dkpQs70Snp https://t.co/bTLYoJkRxG",261,0,1.01e+18,CeotechI,1.63e+18,Mon Feb 27 06:17:47 +0000 2023,2023/2/27 6:17,4,3,0,https://twitter.com/CeotechI/status/1630089794083594240,7,92526
92946,"Microsoft estende le funzionalit?? di ChatGPT alla robotica
#Bing #ChatBot #ChatGPT #Interazione #Microsoft #Notizia #Notizie #Programmazione #Ricerca #Robot #Robotica #Studio #Team #Tech #TechNews

https://t.co/MGrDybB5ft https://t.co/M8AShLEKVc",249,0,1.01e+18,CeotechI,1.63e+18,Mon Feb 27 08:17:12 +0000 2023,2023/2/27 8:17,4,3,0,https://twitter.com/CeotechI/status/1630119845642600448,7,92947
