,full_text,text_length,at_num,user_id_str,screen_name,id_str,created_at,publish_time,favorite_count,retweet_count,reply_count,tweet_url,total_heat,tt
18343,"#ElonMusk says, #ArtificialIntelligence is likely to overtake humans and rule the world. What do ethics say? Discover about the AI driven ethical challenges? https://t.co/NWTUQR1ozA  

#USAII #ai #aicertification #machinelearning  #machinelearningcertification #chatgpt #Coding https://t.co/tBKFUTrYEv",303,0,1.37e+18,usaiinstitute,1.62e+18,Thu Jan 19 12:25:47 +0000 2023,2023/1/19 12:25,3,1,0,https://twitter.com/usaiinstitute/status/1616049278430085125,4,18344
23219,"Which of the below given is the common programming language for Artificial Intelligence?

#artificialintelligence #AI #AIeducation #AIcertifcations #USAII #AIengineer #AIscientist #lisp #PHP #aiforall #java #aiautomation #machinelearning  #ChatGPT #Python #TopAITools",269,0,1.37e+18,usaiinstitute,1.62e+18,Wed Jan 25 11:02:13 +0000 2023,2023/1/25 11:02,4,0,0,https://twitter.com/usaiinstitute/status/1618202575974846466,4,23220
25459,"Is The World At Large Is Not Ready For ChatGPT? https://t.co/U5AWefxuJi  #ChatGPT 
#chatbots #AI  #machinelearning  #Online  #internet #bing #DataScience  #DataAnalytics  #tech #ArtificialIntelligence #WritingCommnunity  #writerslift",234,0,1.48e+18,tobbyjaslee,1.62e+18,Fri Jan 27 03:13:24 +0000 2023,2023/1/27 3:13,1,0,1,https://twitter.com/tobbyjaslee/status/1618809371819118594,2,25460
30644,"Old dude weighs in on AI &amp; creativity: ""Inside the Black Box: Thoughts on Judgement, Intuition, Synthesis &amp; Artificial Intelligence""  https://t.co/8yIZSTu0Iq  #ChatGPT #AI #technology #artificialintelligence #tech #machinelearning  #intuition #creativity #art #projectmanagement",286,0,18132877.0,michael_greer,1.62e+18,Tue Jan 31 00:51:27 +0000 2023,2023/1/31 0:51,1,0,0,https://twitter.com/michael_greer/status/1620223196720144385,1,30645
36853,Is The World At Large Is Not Ready For ChatGPT? https://t.co/U5AWefwWTK  #ChatGPT  #chatbots #AI  #machinelearning  #Online  #internet #bing #DataScience  #DataAnalytics  #tech #ArtificialIntelligence #WritingCommnunity  #writerslift https://t.co/g0M6cxfF6x,257,0,1.48e+18,tobbyjaslee,1.62e+18,Wed Feb 01 12:11:02 +0000 2023,2023/2/1 12:11,1,0,0,https://twitter.com/tobbyjaslee/status/1620756608593567745,1,36854
50096,"Gone are the days when coding questions dominated the interview process for aspiring software engineers. With the advent of large language models like #ChatGPT, traditional coding questions are becoming obsolete. 
 #coding #software #engineers #ai #machinelearning  #deeplearning https://t.co/nYKgxh5j8C",304,0,8.58e+17,Eph_Chem,1.62e+18,Tue Feb 07 04:42:04 +0000 2023,2023/2/7 4:42,1,0,1,https://twitter.com/Eph_Chem/status/1622817949190066176,2,50097
50121,"Finally! We get our own Jarvis! #chatgpt

#machinelearning  #ArtificialIntelligence #AI #Innovation #Technology #DataScience #deeplearning #neuralnetworks https://t.co/zSNPRhsk1W",180,0,8.58e+17,Eph_Chem,1.62e+18,Tue Feb 07 04:45:09 +0000 2023,2023/2/7 4:45,1,1,0,https://twitter.com/Eph_Chem/status/1622818725882916864,2,50122
71796,"Discover how top brands utilize #ChatGPT and other generative AI technologies to create compelling content that resonates with their audiences. 

https://t.co/6Hu9fXQsVj

#machinelearning  #generativeai #chatbots

CC @jiawertz @Forbes",240,2,1.33e+18,thefuturemktg,1.63e+18,Mon Feb 13 13:04:21 +0000 2023,2023/2/13 13:04,1,0,0,https://twitter.com/thefuturemktg/status/1625118681276579841,1,71797
