,full_text,text_length,at_num,user_id_str,screen_name,id_str,created_at,publish_time,favorite_count,retweet_count,reply_count,tweet_url,total_heat,tt
51662,"#ChatGPT take on #SaferInternetDay2023 e???

#SaferInternetDay #SaferInternetDay https://t.co/ksWOh8mpwj",106,0,965781235.0,kobiariqs,1.62e+18,Tue Feb 07 07:53:57 +0000 2023,2023/2/7 7:53,3,1,0,https://twitter.com/kobiariqs/status/1622866238727757824,4,51663
53582,"The top AI SEO tools to power your SEO campaign

info@britishseoagency.co.uk
+44 333 011 2717

#SEO #openai #chatgpt #artificialintelligence  #tuesdayvibe #SaferInternetDay #thicktrunktuesday #r4today #TuesdayMotivaton #BPandShell #reshuffle #ShellandBP #DailyQuordle379 #Sinclair https://t.co/uLiTbFrsLl",309,1,1.59e+18,BritishSEO_UK,1.62e+18,Tue Feb 07 11:12:10 +0000 2023,2023/2/7 11:12,0,0,0,https://twitter.com/BritishSEO_UK/status/1622916120322756608,0,53583
55139,"Tujenge offers different lender packages each with its corresponding and attractive incentives.
.
State House Turkey NSSF ECDE Jalang'o #SaferInternetDay #ChatGPT Manchester City https://t.co/R2ntHPSAaS",204,0,1.3e+18,tujenge269,1.62e+18,Tue Feb 07 13:46:28 +0000 2023,2023/2/7 13:46,1,0,0,https://twitter.com/tujenge269/status/1622954951625392128,1,55140
55182,"No need to wait to get your loana?|with Pesapata, your cash is credited in minutes once your loan is approved.
.
State House Turkey NSSF ECDE Jalang'o #SaferInternetDay #ChatGPT Manchester City https://t.co/j8y4AHXQJ2",219,0,1.18e+18,pesapata_ke,1.62e+18,Tue Feb 07 13:51:10 +0000 2023,2023/2/7 13:51,0,0,0,https://twitter.com/pesapata_ke/status/1622956134695829504,0,55183
55330,"Being a freelance techie or creative can be tough sometimes especially when it comes to fundinga?|choose Scoppe to provide that occasional boost when you need impromptu financing for your equipment
.
State House Turkey NSSF ECDE Jalang'o #SaferInternetDay #ChatGPT Manchester City https://t.co/xx0SmPG0bk",306,0,1.18e+18,scoppe_ke,1.62e+18,Tue Feb 07 14:06:00 +0000 2023,2023/2/7 14:06,0,0,0,https://twitter.com/scoppe_ke/status/1622959868381364224,0,55331
55376,"We offer you a sufficient duration for you to settle your obligations.
.
State House Turkey NSSF ECDE Jalang'o #SaferInternetDay #ChatGPT Manchester City https://t.co/WzlnfCfkWv",179,0,1.18e+18,okoa_mia,1.62e+18,Tue Feb 07 14:10:21 +0000 2023,2023/2/7 14:10,0,0,0,https://twitter.com/okoa_mia/status/1622960962612391938,0,55377
55462,"It's Safer Internet Day! We are sharing some tips that may help you stay online safe and protect yourself from scams, fraud, and phishing.

#SaferInternetDay #privacy #chatgpt #cybersecurity #internetsecurity #secure #passwords #scams #fraud #phishing #internet https://t.co/ZikQ6pdG37",287,0,1.2e+18,AgilisTechLab,1.62e+18,Tue Feb 07 14:18:07 +0000 2023,2023/2/7 14:18,0,0,0,https://twitter.com/AgilisTechLab/status/1622962916231360512,0,55463
