,full_text,text_length,at_num,user_id_str,screen_name,id_str,created_at,publish_time,favorite_count,retweet_count,reply_count,tweet_url,total_heat,tt
12240,"AI-  ?2    ?   ??  ? 瑷??  ??    ?  ??  ??    ?   ??    ?  ?2    ?  ? 瑷? ?  ? 瑷? ?  ??    ?   ?      ?  ??    ?  ??  ??  ?2    ? ChatGPT-  ?2    ?   ??    ?  ? 瑷?2    ?  ??    ?  ??  ?3    ?  ??    ?   ??    ?  ??    ?  ??    ?  ??    ?   ??    ?  ??    ?  ? 悒? ?  ??  ??  ?a    ?  ??    ? -   ?a  ??  ??    ?  ?a    ?  ?2  ??    ?   ??  ??    ?  ???

#ChatGPT | #Microsoft | #AI | #OpenAI | #Technology | #Dominance
https://t.co/RYfVHRiUaZ",442,0,1704625526.0,TamilTheHindu,1.61e+18,Fri Jan 13 15:53:29 +0000 2023,2023/1/13 15:53,10,1,1,https://twitter.com/TamilTheHindu/status/1613927219122044928,12,12241
16282,"  a    a 台 ??   a?  ??  a  ,   a    a 台 ??   a?  a?  a?  ??  a    a? : ChatGPT   a?  a?  a?  ??   a?  a 悒??  a?  a?,   a?  a    ??   a 悒1  ??  a    ??  a?   a?  ??   a?  a 瑷 悒??,   a?  a?  ??  a 悒?  a?  a    ??  a?  a?  a?   a?  a     a?  a    ??   a 瑷?   aa  a  
#ChatGPT | #Technology | #Education
https://t.co/6WpiYLnta6",329,0,104521047.0,Divya_Bhaskar,1.62e+18,Tue Jan 17 11:30:27 +0000 2023,2023/1/17 11:30,5,0,0,https://twitter.com/Divya_Bhaskar/status/1615310579752898561,5,16283
23527,"e???L'IA dans #Wordpress, les meilleurs plugins pour vos articles. Comment l'IA peut faciliter la cr??ation de contenu sur WordPress.e?  ?

a?????https://t.co/9no4mNjEX7a?????

#ChrisTec | #ChatGPT | #gratuit | #IA | #image | #IntelligenceArtificielle | #MidJourney | #OpenAI | #plugin",289,0,1860833850.0,Chris_Tec_World,1.62e+18,Wed Jan 25 13:02:35 +0000 2023,2023/1/25 13:02,4,6,0,https://twitter.com/Chris_Tec_World/status/1618232865157963780,10,23528
29541,"ChatGPT    琛?   ?     ?    ?    ?    悒? ?    ?    ?     ?    ?    ?     a    ?    ?     ?    ?   琛?   ?     ?    ?    ?    ?    ?          ?   琛?  琛?   ?     ?    ?     ?    ?    ?    ?    ?    ?,     ?    ?    ?    ?    a    悒? ?    ?    ?    ?     ?    ?     ?    ?    ?    ?    琛?   ?    ?    |

#ChatGPT | #America
https://t.co/asIsHjTA9a",345,0,1.04e+18,TV9Bharatvarsh,1.62e+18,Sun Jan 29 14:32:24 +0000 2023,2023/1/29 14:32,5,1,0,https://twitter.com/TV9Bharatvarsh/status/1619705020760588291,6,29542
31232,"Stanford Unveils DetectGPT to Support Teachers in Defeating ChatGPT Generated Works 

#ChatGPT | #DetectGPT | #ArtificialIntelligence | #AI 

https://t.co/paIBPqKKJj",169,0,1.43e+18,ThebetterPak_,1.62e+18,Tue Jan 31 07:01:17 +0000 2023,2023/1/31 7:01,0,0,0,https://twitter.com/ThebetterPak_/status/1620316268304945152,0,31233
34351,"ChatGPT   aa  a     aa  ??  a 悒 瑷?  a?  a?  a     a?  ??  a?  a?  a    ??:   a?  ??  a?  a    ??   a    ??  a    a?  a 台 a 悒??  a?  a?  a?  ??  a?  a? AI   a?  ??  a2   a?  a?  a?  ??   a?  a?  a 台 a?  a?  a?  a 悒??   a?  a1  a?  a     aa  a?  a?  ??,   a?  a?  a 戗??   a?  a    a?-  a?  a    a?   a?  a?  a?   a?  a?  a?  ??   a 瑷?  ?? ChatGPT  a    ??   a?  aa  a    ??  a?   a?  a 悒??   a?  a?  a?  ???
#ChatGPT | #AITool | #Bangloreband
https://t.co/jz8f4zXi0V",469,0,104521047.0,Divya_Bhaskar,1.62e+18,Wed Feb 01 02:30:30 +0000 2023,2023/2/1 2:30,2,1,0,https://twitter.com/Divya_Bhaskar/status/1620610513934614529,3,34352
35485,"From @OpenAlChat to more impressive AI to make life simpler.  
Here are AI systems that can do the job for you - faster.

https://t.co/P5aZTIgaMG

#ChatGPT | #AI | #ArtificialIntelligence | #Google | #Apps | #Systems | @TheBoardmember | #NationalShutdown | #SamsungUnpacked",278,2,90874519.0,memeburn,1.62e+18,Wed Feb 01 07:28:32 +0000 2023,2023/2/1 7:28,0,0,0,https://twitter.com/memeburn/status/1620685513899536384,0,35486
35486,"From @OpenAlChat to more impressive AI to make life simpler.  
Here are AI systems that can do the job for you - faster.

https://t.co/sTfdISB9oZ

#ChatGPT | #AI | #ArtificialIntelligence | #Google | #Apps | #Systems | @TheBoardmember | #NationalShutdown | #SamsungUnpacked",278,2,263931548.0,gearburn,1.62e+18,Wed Feb 01 07:29:00 +0000 2023,2023/2/1 7:29,0,0,0,https://twitter.com/gearburn/status/1620685635026845696,0,35487
36246,"#ChatGPT is an AI-backed Chatbot that has been making headlines because of its efficient and accurate response times, high accuracy rate, and ability to adapt and learn from user inputs. 

To learn more e???e???e???e???https://t.co/PErEFt3wFJ

#ChatGPT | #AI https://t.co/kpmjRNOOmw",286,0,1.52e+18,cheeer_official,1.62e+18,Wed Feb 01 10:05:46 +0000 2023,2023/2/1 10:05,1,0,0,https://twitter.com/cheeer_official/status/1620725084309852160,1,36247
42090,"#??????    ?  ?  

e?  ?  ???  ???  ?-??oo?  ????????1  ???????o  ???  ??    ?2????o????86%??? #Tether   ???????  4?oo????????????  ?  ?o  ????  ???  ?o???  ??? #ChatGPT | #BCNews

e???https://t.co/YolJoKAs2v https://t.co/ZvXFEIi1iZ",236,0,1.45e+18,BitCheckerLTD,1.62e+18,Fri Feb 03 06:29:25 +0000 2023,2023/2/3 6:29,0,0,0,https://twitter.com/BitCheckerLTD/status/1621395414082813952,0,42091
42214,"@ChatGPT is adding a price tier for #ChatGPTPlus users.

Here's their reason why.

https://t.co/HOvKv3wdN1

#ChatGPT | #ChatGPTPlus | #chatgptprompt | #MarvelSnap | #Stage6loadshedding | #ThembaKhumalo | @Theboardmember",225,2,90874519.0,memeburn,1.62e+18,Fri Feb 03 07:00:00 +0000 2023,2023/2/3 7:00,0,0,0,https://twitter.com/memeburn/status/1621403111125311488,0,42215
43103,HTNovo: #Google risponde a #ChatGPT | #Evento in diretta l'8 febbraio #GoogleEvent #IA https://t.co/791O47jKRq,110,0,2324211697.0,HTNOVO,1.62e+18,Fri Feb 03 09:45:31 +0000 2023,2023/2/3 9:45,0,0,0,https://twitter.com/HTNOVO/status/1621444764439646208,0,43104
44742,"Sam Altman, el hombre detr??s de ChatGPT que busca reinventar el mundo con inteligencia artificial.

e??2Lea la nota &gt;&gt; https://t.co/XXvyGmphRF 

#ElDeber | #ChatGPT | #InteligenciaArtificial",201,0,65444625.0,grupoeldeber,1.62e+18,Fri Feb 03 13:55:31 +0000 2023,2023/2/3 13:55,2,0,0,https://twitter.com/grupoeldeber/status/1621507677154316291,2,44743
45039,"The creators of ChatGPT have attempted to create a new tool that can identify text written by AI.

#ChatGPT | #ArtificialIntelligence | #EuropeanUnion 

https://t.co/4kImxCxRR5",180,0,19489239.0,Jerusalem_Post,1.62e+18,Fri Feb 03 14:38:10 +0000 2023,2023/2/3 14:38,7,2,1,https://twitter.com/Jerusalem_Post/status/1621518413163274242,10,45040
45590,"Google poised to release chatbot technology after ChatGPT success.

#Google | #ChatGPT | #ChatBots https://t.co/xOTiQnphX7",124,0,1.43e+18,Nova_NMTS,1.62e+18,Fri Feb 03 15:50:13 +0000 2023,2023/2/3 15:50,0,0,0,https://twitter.com/Nova_NMTS/status/1621536544619384832,0,45591
45661,"LaMDA: ChatGPT-  ??    ?  ??    ?   ?a    ?  ??    ?  ??  ??  ?    ??  ??   ? 台 ??  ? 悒? ?  ? 台 ??  ?2    ?   ??    ?  ??    ?  ?3    ?   ??  ?3  ??    ?   ??  ?    ??    ?  ??    ?  ??    ?   ??  ??  ??    ?  ?a  ??  ??    ?

#LaMDA | #ChatGPT | #ChatBot | #Google | #Rival
https://t.co/r25GAE8VuS",301,0,1704625526.0,TamilTheHindu,1.62e+18,Fri Feb 03 15:59:35 +0000 2023,2023/2/3 15:59,4,0,0,https://twitter.com/TamilTheHindu/status/1621538903139422209,4,45662
46983,"""El gran acierto de Sam Altman ha sido proponer una combinaci?3n de tecnolog?-as existentes en forma de un producto llave en mano"".

e??2Lea la nota &gt;&gt; https://t.co/vvB1dwUwRB 

#ElDeber | #ChatGPT | #InteligenciaArtificial https://t.co/wjlI84D0yq",257,0,65444625.0,grupoeldeber,1.62e+18,Fri Feb 03 19:32:27 +0000 2023,2023/2/3 19:32,7,0,0,https://twitter.com/grupoeldeber/status/1621592470256603142,7,46984
47554,"? 歙?  ??3???? ? 歙?  ??    ?  ??1??   ?  ? Chat GPT   ??a  ?  ??  ?? ?  ?3?1?   20 ?    ?  ??  ?    ??     ?  ? ? 歙?? 洙??  
?  ?  ?     ?  ??a ?a?  ?o?     ?  ? ? 歙??-? 台 ?  ? ?1  ?  ? ? 戗?  ?  ?  ??? ? 歙?  ?? 台 ?  ? ?    ?  ? ?  ?  ?  ?? AI   ?  ?  ??-?  ?  ???? Chat GPT ? 歙??  ?  ?|?1?? ? 戗????     ?  ? ? 戗?   ?  ??a   ???  ???   ?  ??     ??a?-?a OpenAI...
#ChatGPT | #  ?  ??  ? 歙?  ?  ?
https://t.co/zIuJx3RRA0",419,0,1.49e+18,Mobillk1,1.62e+18,Fri Feb 03 21:28:58 +0000 2023,2023/2/3 21:28,0,0,0,https://twitter.com/Mobillk1/status/1621621792010915841,0,47555
48234,e??   @OpenAI #ChatGPT | #StandWithUkraine #RussiaIsATerroristState #RussiaIsLosing,83,1,47915564.0,ZELINGER,1.62e+18,Sun Feb 05 22:01:21 +0000 2023,2023/2/5 22:01,1,0,0,https://twitter.com/ZELINGER/status/1622354718105243649,1,48235
50012,"Chat GPT-  ??   ??  ? 悒? ?  ? 台 ??  ??    ?  ??  ??  ?   Open AI   ?    ??  ?      ?  ? 台 ??  ? 瑷? ?  ? 瑷??  ?2    ?   ?a    ?  ? 悒? ?  ??    ?   ??    ?  ? 瑷?2    ?  ??    ?  ??    ?   ??    ?  ??    ?  ? 悒? ?  ??  ??  ??  ?a    ?  ??    ?   ??    ?  ?      ?  ? 瑷? ?  ? 台 ? 悒? ?  ??    ?   ??  ?      ?  ?     ??    ?  ? 洙?2  ??  ?2    ?   ??  ?      ?  ?     ??    ?  ??    ?  ??  ??  ?     ??  ?    ??  ? 台 ??  ?a    ?  ?a    ?   ? 台   ?  ?3  ??  ?    ??  ??    ?  ??  ??  ? 悒? ?  ??    ?  ??  ??  ?    ??  ? 悒? ?   ??    ?  ?      ?  ? 瑷? 悒? ?   ?a  ??  ??    ?  ??    ?!

#Google | #ChatGPT | #Bard https://t.co/GGN6GwfYdR",630,0,430493197.0,AnandaVikatan,1.62e+18,Tue Feb 07 04:28:30 +0000 2023,2023/2/7 4:28,48,10,0,https://twitter.com/AnandaVikatan/status/1622814537283141633,58,50013
50368,"China's Baidu said it would complete internal testing of a ChatGPT-style project called ""Ernie Bot"" in March, joining a global race as interest in generative artificial intelligence (AI) gathers steam.

#China | #ChatGPT | #ArtificialIntelligence 

https://t.co/IO8TxURbMm",276,0,19489239.0,Jerusalem_Post,1.62e+18,Tue Feb 07 05:24:21 +0000 2023,2023/2/7 5:24,6,4,0,https://twitter.com/Jerusalem_Post/status/1622828590755610625,10,50369
50556,#youtube ChatGPT    琛?   ?     ?    瑷? ?   琛?   ?     ?    ?     a    悒? ?    ?    ?    ?    ?     台   ?    2    ?    ?    ?    ?    ?   琛?    ?    ?     ?    ?    ?    ?     1    ?   琛?   ?     ?    ?    1    ?    ? | #ChatGPT | #valentinesday ##Valentines https://t.co/8m0fvxEMnH,281,0,1.37e+18,quoraflix_,1.62e+18,Tue Feb 07 05:50:01 +0000 2023,2023/2/7 5:50,0,0,0,https://twitter.com/quoraflix_/status/1622835051028422656,0,50557
51543,"ChatGPT     ?    ?     ?    ?    2    ?    ? Google     ?    ?     1   瑁?   ?   琛?   ?          ?   琛?   ?    ?    ? 'Bard',     ?    ?   琛?   ?    ?     ?    ?     ?     悒? 1    ?     ?    ?    ?    2     ?    ? AI     ?    ?    2

#ChatGPT | #Bard | #BardAI | #AI 

https://t.co/8qoDDsNRi2",295,0,1.15e+18,AsianetNewsHN,1.62e+18,Tue Feb 07 07:42:04 +0000 2023,2023/2/7 7:42,0,0,0,https://twitter.com/AsianetNewsHN/status/1622863247161593857,0,51544
52073,"As ChatGPT and other AI tools take the Internet by storm, allowing users to generate complex texts, code, and images, @Starrlord89 looks into the complex legal issues that the technology could create.

#ChatGPT | #ArtificialIntelligence 

https://t.co/7LfKQDqqIt",266,1,19489239.0,Jerusalem_Post,1.62e+18,Tue Feb 07 08:40:49 +0000 2023,2023/2/7 8:40,3,2,1,https://twitter.com/Jerusalem_Post/status/1622878033479622656,6,52074
53060,"  ??  ?      ?  ? 瑷??  ?     ??  ?    ??    ?   ??  ??    ?  ?a  ? 瑷? ?   ?    ??  ? 瑷? ?  ??  ??  ?2    ?... - a??Chat GPT   ??  ??  ? 悒? ?  ??  ? 悒? ?a??   ??  ??    ?   ?a  ??  ? 瑷? ?  ? 瑷? ?   ?a  ??  ??  ? 悒? ?  ?      ?  ?     ??  ??  ?      ?  ? 瑷? ?   ??  ?1  ??  ?      ?  ? 瑷??  ? 悒??

#ChatGPT | #AnandMahindra | #Tweet | #Twitter | #Indianize
https://t.co/1tyCJqoP6J",381,0,1704625526.0,TamilTheHindu,1.62e+18,Tue Feb 07 10:19:09 +0000 2023,2023/2/7 10:19,1,0,0,https://twitter.com/TamilTheHindu/status/1622902780196458496,1,53061
53146,"ChatGPT  a    ??   a?  a?  ??  a?  a     a?  aa  a 台 a?   a?  ??  a?  a2  ??   a2  ??  a    ??  a?   a?  a 悒??  a    ??  a? 'Bard' :   a?  a?  a 悒??  a?   a?  ??  a?  a?   a?  a?  a    a?  a?  a? ChatGPT  a    ??   a 台 a?  a?  a2  ??  aa,   a 瑷??   a 台 ??  a?   aa  a 悒    ??   a?  a?  aa  ??  a 悒??  a     a?  a?  a1  a?  a 瑷??   a?  ??  a3  a 台 ??   a?  a?  a?  ??
#Google | #ChatGPT | #SundarPichai
https://t.co/79jrPrrOlb",428,0,104521047.0,Divya_Bhaskar,1.62e+18,Tue Feb 07 10:28:20 +0000 2023,2023/2/7 10:28,1,0,0,https://twitter.com/Divya_Bhaskar/status/1622905089802502144,1,53147
53771,"Here is a look at everything we know about ChatGPT and its rival chatbots.

#ChatGPT | #GoogleBard | #ErnieBot",112,0,39743812.0,EconomicTimes,1.62e+18,Tue Feb 07 11:30:00 +0000 2023,2023/2/7 11:30,3,0,0,https://twitter.com/EconomicTimes/status/1622920612107718656,3,53772
55058,"Here's China's intelligent response to ChatGPT, meet Ernie.

https://t.co/ic8g4Zh4JY

@ChatGPT | #AI | #Chatbot | #China | #Ernie | #Microsoft | #Microsoftbard | #ChatGPT | #March | #Google | #GoogleAI | @TheBoardmember",223,2,263931548.0,gearburn,1.62e+18,Tue Feb 07 13:39:18 +0000 2023,2023/2/7 13:39,1,0,0,https://twitter.com/gearburn/status/1622953151195148288,1,55059
55413,"Here's China's intelligent response to #ChatGPT, meet Ernie.

https://t.co/7HrBLm6cbJ

@ChatGPT | #AI | #Chatbot | #China | #Ernie | #Microsoft | #Microsoftbard | #ChatGPT | #March | #Google | #GoogleAI | @TheBoardmember",224,2,90874519.0,memeburn,1.62e+18,Tue Feb 07 14:14:00 +0000 2023,2023/2/7 14:14,0,0,0,https://twitter.com/memeburn/status/1622961880989065217,0,55414
55914,"ChatGPT-  ??    ?  ??    ?   ?a    ?  ??    ?  ??  ??  ?    ??  ??   ??  ?3  ? 瑷? ?  ? 瑷??  ?2    ?   ??    ?  ? 瑷??  ? 瑷? ?  ?     ??    ?  ??    ?  ?3    ? a??   ? 台 ? 悒? ?  ??  ??  ?    ? 瑷? ?   ??    ?  ??    ?  ?3    ? a??Barda??

  ? 台 ??  ? 台 ? 悒??    ?: https://t.co/vRoIaHubVa

#ChatGPT | #GoogleBard | #ChatGPTvsBard | #GoogleAI | #openai | #Microsoft | #News7Tamil   | #News7TamilUpdates",402,0,2691975211.0,news7tamil,1.62e+18,Tue Feb 07 14:59:12 +0000 2023,2023/2/7 14:59,16,2,0,https://twitter.com/news7tamil/status/1622973255886970880,18,55915
56351,"  ??    ?  ??    ?  ?3    ?   ?    ??  ?      ?  ? 台 ??  ??    ?   ? 瑷?      ?  ?a    ?  ? 瑷? ? ChatGPT-  ??    ?  ??    ?   ?a    ?  ??    ?  ??  ??  ?    ??  ?? 'Bard'   ??  ??    ?  ?     ??    ?  ?    ?      ?  ??    ?   ?      ?  ? 戗? ?  ? 戗?    ??  ? 台   ?   ?      ?  ??    ?  ?a  ? 瑷? ?  ? 瑷? ? (AI)   ??  ? 悒? ?  ? 台 ??  ??    ?  ??  ??  ?      ?  ?3    ?  ?3  ? 瑷? ?.

#AI | #ChatGPT | #GoogleBard 
https://t.co/rL3KH557S1",435,0,430493197.0,AnandaVikatan,1.62e+18,Tue Feb 07 15:43:47 +0000 2023,2023/2/7 15:43,13,2,2,https://twitter.com/AnandaVikatan/status/1622984474790178816,17,56352
56704,"ChatGPT-   ??    ?  ??    ?   ?a    ?  ??    ?  ??  ??  ?    ??  ??   ??  ?3  ??  ??  ?    ??    ?  ??  ??  ?     ??    ?  ??    ?  ?3    ?! 

https://t.co/VSxKYRFeYq | #ChatGPT | #Google 

https://t.co/UmeCeJDlnt",217,0,9.29e+17,Minnambalamnews,1.62e+18,Tue Feb 07 16:20:50 +0000 2023,2023/2/7 16:20,0,0,0,https://twitter.com/Minnambalamnews/status/1622993800288169992,0,56705
56720,"  ??  ??  ??    ?   ??  ??  ?a  ??  ??  ??   ??  ??  ??  ?     ??    ?  ?2  ? 瑷? ?  ? 瑷??  ?      ?  ??    ?   ??  ??  ??    ?  ? 瑷? ?  ?     ? 台 ? 悒??  ???   ??  ??  ?a  ??  ??? -   ??  ? 悒? ?   ? 瑷? ?  ?3  ??  ? 台   ?  ?a    ?   ?a  ??  ? 悒? ?  ? 台   ?

#ChatGPT | #OpenAI | #Technology | #Explainer | #AI
https://t.co/paOoZBwfRP",334,0,1704625526.0,TamilTheHindu,1.62e+18,Tue Feb 07 16:22:34 +0000 2023,2023/2/7 16:22,5,3,0,https://twitter.com/TamilTheHindu/status/1622994236412170241,8,56721
57308,"""  ?a  ?    ??  ??..?   ??  ??  ??    ?  ??  ??..?""   ??    ?  ?      ?  ? 瑷? 悒? ?   ?a  ??  ??    ?  ??    ?  ?    ??  ??    ? '  ??  ??  ??    ?  ??  ? 悒? ?   ??    ?  ??    ?  ? 悒? ?  ??    ?'   ??  ??  ??    ?   ??  ??  ?a  ??  ??  ??  ??    ?  ??    ? '  ??    ?  ??    ?'
#Software | #ChatGPT | #Sundarpichai | #OpenAI | #ThanthiTV

https://t.co/JGRtCReJ4c",365,0,1059896820.0,ThanthiTV,1.62e+18,Tue Feb 07 17:25:31 +0000 2023,2023/2/7 17:25,12,1,0,https://twitter.com/ThanthiTV/status/1623010079950925824,13,57309
58461,"#ChatGPT | #InteligenciaArtificial
Ya alcanz?3 los 100M de usuarios en s?3lo 2 meses. e? 琛?
Grafica de cuanto tardaron otras apps en alcanzar ese objetivo.

(IA que Microsoft ya est?? implementando principalmente en su buscador BING)

Fuente: App Economy
https://t.co/RB5LhdJHJC https://t.co/c2vj3yiD8C",308,0,1.45e+18,CalidaddevidaFi,1.62e+18,Tue Feb 07 19:23:39 +0000 2023,2023/2/7 19:23,0,0,0,https://twitter.com/CalidaddevidaFi/status/1623039805947842577,0,58462
60495,"A new study has found that the new ChatGPT artificial intelligence (AI) system can score at or around the approximately 60% passing threshold for the US Medical Licensing Exam (USMLE).

#ChatGPT | #AI
https://t.co/TV8L10Ckes",227,0,19489239.0,Jerusalem_Post,1.62e+18,Thu Feb 09 19:03:00 +0000 2023,2023/2/9 19:03,10,3,0,https://twitter.com/Jerusalem_Post/status/1623759387968806914,13,60496
62519,"You click on one of the links and finally read about how to pick a good 'un. But not for much longer.

#ArtificialIntelligence | #BardAI | #ChatGPT | #ErnieBot  

https://t.co/goAvYmoqvW",190,0,39743812.0,EconomicTimes,1.62e+18,Sat Feb 11 02:40:08 +0000 2023,2023/2/11 2:40,6,2,0,https://twitter.com/EconomicTimes/status/1624236818152542211,8,62520
63345,"ChatGPT Plus is Now Available in Pakistan 

#ChatGPT | #ChatGPTPlus | #Pakistan | #AI | #ArtificialIntelligence 

https://t.co/Ud60zpwMxG",141,0,1.43e+18,ThebetterPak_,1.62e+18,Sat Feb 11 06:10:30 +0000 2023,2023/2/11 6:10,1,0,0,https://twitter.com/ThebetterPak_/status/1624289754790633474,1,63346
63650,"  a-  a?  a?  ??  a?  a     a 台 a?  a?  ??  a   :   a?  ??  a?  a2  a    a? 20   a 台 a 悒??  a    a    a?   aa  ??  a 悒-  ??  a 瑷??  a 台 a    ??   a    a 台 ??   a?  ??  a?  a?  ??  aa  ??  a?  ??  a    ??   a?  a 瑷 悒??   a 台 a 歙??  a    ??,   a    a 台 a?   a 台 a?  a?  a2  ??  aa  ??   a 瑷 悒?   a2  ??  a?  ??  a    ??   a?  ??  a?,   a?  a?  a1  ??  a 悒?  a 瑷    ??   a?  a?  a?  a 戗??   aa  a     a?  a?  ??
#Google | #ChatGPT | #ChatGPTPlus | #BhaskarVishesh
https://t.co/PdDTGXkLnV",492,0,104521047.0,Divya_Bhaskar,1.62e+18,Sat Feb 11 07:18:28 +0000 2023,2023/2/11 7:18,2,0,0,https://twitter.com/Divya_Bhaskar/status/1624306862022885377,2,63651
65359,"Die wichtigen Fragen stellen.

#ChatGPT | #Warzone2 | #Warzone https://t.co/7yc1xIYEDF",88,0,7.96e+17,Zofiron,1.62e+18,Sat Feb 11 13:26:48 +0000 2023,2023/2/11 13:26,1,0,0,https://twitter.com/Zofiron/status/1624399554123530240,1,65360
65943,"Taken by medical students and physicians-in-training, the #USMLE assesses knowledge spanning most medical disciplines, ranging from biochemistry, to diagnostic reasoning, to bioethics.

#ChatGPT | #OpenAI 

https://t.co/iC6XjmHCNq",234,0,39743812.0,EconomicTimes,1.62e+18,Sat Feb 11 14:55:11 +0000 2023,2023/2/11 14:55,4,1,0,https://twitter.com/EconomicTimes/status/1624421797331447810,5,65944
66260,"Guter Artikel e???
Microsoft und Google: Tech-Konzerne im KI-Rausch https://t.co/veT31Gibsn
#ChatGPT | #openai",112,0,9.16e+17,cyberpunk1410,1.62e+18,Sat Feb 11 15:54:55 +0000 2023,2023/2/11 15:54,0,0,0,https://twitter.com/cyberpunk1410/status/1624436829507276803,0,66261
67485,"e??? GEEK NEWS a??
V?  tre Matinale du Dimanche ?? 10h00 !
Au programme : #ChatGPT | #GoogleBard | #Starship | #Carmack | #Judas | #TheLastOfMario | #Roadster | #Sathunter | #Grolar | #Twitter
e?  ? See you soon!
https://t.co/ducOd0MhJ7 https://t.co/8xClHTCg3O",264,0,1.47e+18,OnWarlord,1.62e+18,Sat Feb 11 20:00:22 +0000 2023,2023/2/11 20:00,0,0,0,https://twitter.com/OnWarlord/status/1624498601169719296,0,67486
70588,"Which search engine do you use?
#seo | #ChatGPT | #duckduckgo | #Google",72,0,196746305.0,MoFarooq9,1.63e+18,Mon Feb 13 09:59:11 +0000 2023,2023/2/13 9:59,0,0,0,https://twitter.com/MoFarooq9/status/1625072082525515778,0,70589
70881,"ChatGPT   ??  ?    ??  ? 台 ??  ??    ?   ??  ? 瑷??  ? 悒? ?  ??  ??  ?2  ??    ?! | What is chatGPT ? | Google | OPenAI

https://t.co/UDo3eJ7AeK

#MTamil | #ChatGPT | #GoogleAI | #Bard https://t.co/t0YkuF0Ekk",211,0,1.05e+18,mtamil12351436,1.63e+18,Mon Feb 13 10:38:16 +0000 2023,2023/2/13 10:38,0,0,0,https://twitter.com/mtamil12351436/status/1625081919686971393,0,70882
72026,"Here are some jobs on the hit list as AI gains momentum.

https://t.co/biZkLyvvvI

#AI | #ArtificialIntelligence | #ChatGPT | #Marketing | #Writer | #photographer | #automated | #lectures | @TheBoardmember",209,1,90874519.0,memeburn,1.63e+18,Mon Feb 13 13:34:38 +0000 2023,2023/2/13 13:34,1,0,0,https://twitter.com/memeburn/status/1625126302842818560,1,72027
72031,"Here are some jobs on the hit list as AI gains momentum.

https://t.co/vmER0v8V7u

#AI | #ArtificialIntelligence | #ChatGPT | #Marketing | #Writer | #photographer | #automated | #lectures | @TheBoardmember",209,1,263931548.0,gearburn,1.63e+18,Mon Feb 13 13:34:56 +0000 2023,2023/2/13 13:34,1,0,0,https://twitter.com/gearburn/status/1625126379502051330,1,72032
76353,"China's Shaolin Temple, the cradle of Chinese kung fu, said in a statement it would work with Baidu to integrate Ernie into its operations with the purpose of creating an AI-driven content environment. 

#ChatGPT | #ErnieBot 

https://t.co/cHqyynXesW",254,0,39743812.0,EconomicTimes,1.63e+18,Wed Feb 15 06:30:00 +0000 2023,2023/2/15 6:30,4,1,0,https://twitter.com/EconomicTimes/status/1625744215312330752,5,76354
78897,"  ??  ??    ?  ??  ??  ??    ? ChatGPT:   ??    ?  ??    ?  ?3    ? -   ??    ?  ??    ?  ? 悒? ?  ??  ??  ?a    ?  ??    ?   ?    ??  ?      ?  ? 台 ??  ??    ?  ??  ?3    ?  ??    ?  ??    ?   ?a    ?  ??    ?  ??  ??  ?    ??  ??   ?a    ?  ? 瑷? ?   ?      ?  ??    ?  ? 瑷??...!

#Amazon | #ChatGPT | #Google

https://t.co/FRMWG0hanY",338,0,7.28e+17,ZeeTamilNews,1.63e+18,Wed Feb 15 14:06:41 +0000 2023,2023/2/15 14:06,1,0,0,https://twitter.com/ZeeTamilNews/status/1625859144489250817,1,78898
78922,"ChatGPT     ?    ?    ?     ?    ?    2    ?    ?    ?     ?    ?    琛?   ?     瑷? ?    ?    ?   琛?   ?     ?    ?    ?     ,     歙? ?    ?    ?    歙? ?    ?     ?    ?    2    ?    ?    ?     1          ?    台   ?    ?
#ChatGPT | #Technology 
https://t.co/Efc7RhvwLC",269,0,1.04e+18,TV9Bharatvarsh,1.63e+18,Wed Feb 15 14:08:35 +0000 2023,2023/2/15 14:08,3,0,0,https://twitter.com/TV9Bharatvarsh/status/1625859622941904899,3,78923
83995,"ChatGPT   a?  a?  a    ??  a    ??   a?   a 台 a?  a 瑷?  ??  a     a?  a 悒?  a?  a 戗??   a?  ?? : a??  a 瑷??  a?   aa  a 悒?  a 戗??  a     a?  ??,   aa  a 悒?  a 瑷??   a 瑷?  a 悒??   aa  a 瑷??  a    ??  a    ??   aa  ??  a 悒??  a?   a?  a 悒 瑷??   a    a    ??;   a?  a    ??   aa  ??  a 悒??  a?   a?  a  a?? - https://t.co/21TOKeGiYX
Download Divya Bhaskar App : https://t.co/oNZgPvNM6G
#Google | #ChatGPT | #BhaskarExplainer https://t.co/6JT0tVq2T7",453,0,104521047.0,Divya_Bhaskar,1.63e+18,Tue Feb 21 21:30:00 +0000 2023,2023/2/21 21:30,3,0,0,https://twitter.com/Divya_Bhaskar/status/1628145034104287233,3,83996
87023,"#Smart  ?      ?  ??  ??    ? | Text-  ??    ?  ??    ?   ? 悒? ?  ??    ?  ??    ?   ??    ?  ??    ?  ??    ?  ??    ?  ??    ? ChatGPT!

#SunNews | #ChatGPT | #Whatsapp https://t.co/hjpjb5rm9k",196,0,1079310252.0,sunnewstamil,1.63e+18,Thu Feb 23 11:22:45 +0000 2023,2023/2/23 11:22,105,21,1,https://twitter.com/sunnewstamil/status/1628716992105684992,127,87024
88366,"ChatGpt:   ? 台 ??  ??    ?  ??    ?  ??  ?a    ?-  ?2    ?   ??  ??    ?  ??  ?3    ?  ??    ?  ??    ?   ?a  ? 瑷??  ?2  ??  ??   ?a  ? 瑷??  ?2    ?   ??  ?3  ??  ??    ?  ??    ?  ??    ?..!   ??  ?a    ?  ?a  ??  ??   ? 瑷? ?  ? 悒??  ?      ?  ??  ???

#ChatGPT | #Tech |

https://t.co/15G8MEIyPv",301,0,7.28e+17,ZeeTamilNews,1.63e+18,Thu Feb 23 14:47:54 +0000 2023,2023/2/23 14:47,2,0,0,https://twitter.com/ZeeTamilNews/status/1628768618774429696,2,88367
88389,"  ??  ??  ??    ?  ??  ??  ?a  ??  ??  ?? -  ??   ? 台 ??  ??    ?  ??    ?  ??  ?a    ?   ??  ??  ??    ?   ??  ? 戗? ?  ?a    ?  ?a  ? 瑷? ?   ??  ?a    ?  ?a  ??  ???   ??  ? 瑷? ?   ??  ??  ??   ? 台 ? 洙??...

#ChatGPT | #WhatsApp

https://t.co/QL70lIs6Pp",258,0,7.28e+17,ZeeTamilNews,1.63e+18,Thu Feb 23 14:50:35 +0000 2023,2023/2/23 14:50,2,0,0,https://twitter.com/ZeeTamilNews/status/1628769292362866690,2,88390
91901,"  ??    ?  ??  ??  ??   ??    ?  ?      ?  ?     ?    ??  ?      ?  ? 台 ??  ? 瑷? ?  ? 瑷??  ??  ??    ?   ??  ? 悒? ?  ?      ?  ? 瑷? ?   ??  ??  ??    ?  ??  ??  ?a  ??  ??  ??   ??    ?  ?2  ??    ?   ? 悒? ?.9   ?2  ??    ?  ??  ??    ?   ? 台 ??    ?  ?2    ?   ??    ?  ?      ?  ?     ? 瑷?2    ?  ??    ?   ??  ? 瑷??  ??  ??  ? 悒??

#ChatGPT | #Fraudulent | #Officer
https://t.co/AVscdOxrJQ",395,0,1704625526.0,TamilTheHindu,1.63e+18,Mon Feb 27 02:32:57 +0000 2023,2023/2/27 2:32,5,1,0,https://twitter.com/TamilTheHindu/status/1630033213606313985,6,91902
