,full_text,text_length,at_num,user_id_str,screen_name,id_str,created_at,publish_time,favorite_count,retweet_count,reply_count,tweet_url,total_heat,tt
15103,How #ChatGpt Generated A Newspaper Report for The #EFL 1/4 Final Cup Game Betwee... - https://t.co/jcWe24X5M9,109,0,1.6e+18,CineTVs_Offers,1.62e+18,Tue Jan 17 01:53:22 +0000 2023,2023/1/17 1:53,0,0,0,https://twitter.com/CineTVs_Offers/status/1615165349212848128,0,15104
16153,How #ChatGpt Generated A Newspaper Report for The #EFL 1/4 Final Cup Game Betwee... - https://t.co/xpbuW4ao7q,109,0,1.6e+18,CineTVs_Offers,1.62e+18,Tue Jan 17 10:37:01 +0000 2023,2023/1/17 10:37,0,0,0,https://twitter.com/CineTVs_Offers/status/1615297132155785218,0,16154
16486,How #ChatGpt Generated A Newspaper Report for The #EFL 1/4 Final Cup Game Betwee... - https://t.co/47uie6mc85,109,0,1.6e+18,CineTVs_Offers,1.62e+18,Tue Jan 17 12:54:03 +0000 2023,2023/1/17 12:54,0,0,0,https://twitter.com/CineTVs_Offers/status/1615331617538715650,0,16487
17511,How #ChatGpt Generated A Newspaper Report for The #EFL 1/4 Final Cup Game Betwee... - https://t.co/MZCqo8cgC7,109,0,1.6e+18,CineTVs_Offers,1.62e+18,Tue Jan 17 19:44:03 +0000 2023,2023/1/17 19:44,0,0,0,https://twitter.com/CineTVs_Offers/status/1615434796121088000,0,17512
17776,How #ChatGpt Generated A Newspaper Report for The #EFL 1/4 Final Cup Game Betwee... - https://t.co/Ls6dkUEaok,109,0,1.6e+18,CineTVs_Offers,1.62e+18,Tue Jan 17 22:01:59 +0000 2023,2023/1/17 22:01,0,0,0,https://twitter.com/CineTVs_Offers/status/1615469508252307456,0,17777
