,full_text,text_length,at_num,user_id_str,screen_name,id_str,created_at,publish_time,favorite_count,retweet_count,reply_count,tweet_url,total_heat,tt
22509,"Learn about ChatGPT|It is Revolution in the AI
Benefits of ChatGPT
How to Use
How it can help us to get more accurate and productive results and solutions
#chatgpt #openai #chatbot #learnchatgpt #newtechnology #aitools",222,0,247821724.0,CareerAdviserPK,1.62e+18,Wed Jan 25 05:37:17 +0000 2023,2023/1/25 5:37,0,0,0,https://twitter.com/CareerAdviserPK/status/1618120802020528129,0,22510
40607,"Follow the link https://t.co/WOnSqKoiZR to our blog to learn all about the features and limitations of ChatGPT.

#OpenAI #ChatGPT #chatbot #AI #AIchatbot #chatbots #techtools #newtech #newtechnology #techindustry #techtips #artificalintellegence #technews #techblog https://t.co/0PnvWf7vwd",291,0,1.32e+18,bvatechninja,1.62e+18,Wed Feb 01 22:01:19 +0000 2023,2023/2/1 22:01,1,0,0,https://twitter.com/bvatechninja/status/1620905158900072448,1,40608
43972,"Follow @cosmozenz 
.
.
 #ChatGPT #chatgpt #chatgptai #chatgptnews #chatgptbot #ai #AI #moon #space #artificialintelligence #moonnet #AIsystems #aisystem #science #technology #technologynews #scienceandtechnology #scienceandtech #newtechnology #explore #explorepage #cosmozenz https://t.co/nvYJTww1mf",302,1,1.56e+18,cosmozenz,1.62e+18,Fri Feb 03 12:05:19 +0000 2023,2023/2/3 12:05,0,0,0,https://twitter.com/cosmozenz/status/1621479946358226944,0,43973
52744,"Tirries Tuesday M-PESA Jeremiah Kioni State House #BreakingNews Nana #ChatGPT White Helmets #AdaniFiles Google Maps Yaya Toure #ChatGPTPlus #chatgpt3 #openai #African #newtechnology #life #Best #easylife #Angola #Algeria #Kenyan 
Do you hear about New AI tool 2023?",266,0,1.45e+18,alexetr2161,1.62e+18,Tue Feb 07 09:47:26 +0000 2023,2023/2/7 9:47,0,0,0,https://twitter.com/alexetr2161/status/1622894797898895362,0,52745
54616,"Google Introduces Innovative AI Service Bard AI to Rival OpenAI's ChatGPT

Read more on https://t.co/DTA1erY9UW

.

#chatgptnews #newtech #aicontent #newtechnology #newtecnology #newtechnologies #chatgpt #chatgptai #ChatGPT #bardai #google #ai 
#GoogleAI #bardai #Bard https://t.co/qs3r5JrLzu",299,0,1.62e+18,edtecchronicles,1.62e+18,Tue Feb 07 12:58:31 +0000 2023,2023/2/7 12:58,0,0,0,https://twitter.com/edtecchronicles/status/1622942886567243785,0,54617
63665,"?????????????????????   ?  ???  ?  ???????????   ???????????  ?????  ?? ???1 ?  ?????  ???????  ???  ?? ?????? Gen-1, ChatGPT, ?  ???  ?????  ?? ?????  ?????  ?  ???? ???????  ???  .  
#newtechnology #chatgpt #ai #aiart #midjourney #openai #digitalart #chatbot #nft #aigenerated #ruffagutierrez #texttoimage #disruptiveinnovation  https://t.co/JZW2FIq2dd",355,0,581656590.0,AtsalakisGeorge,1.62e+18,Sat Feb 11 07:21:10 +0000 2023,2023/2/11 7:21,4,0,0,https://twitter.com/AtsalakisGeorge/status/1624307541453811712,4,63666
64284,"Follow @cosmozenz 
.
.
#gitagpt #chatgpt #gita #bhagvatgita #ai #artificialintelligence #newtechnology #googleengineer #development #science #technology #scitech #scienceandtechnology #explore #explorepage  #cosmozenz https://t.co/ifT0AITSRc",244,1,1.56e+18,cosmozenz,1.62e+18,Sat Feb 11 09:44:16 +0000 2023,2023/2/11 9:44,0,1,0,https://twitter.com/cosmozenz/status/1624343551118290945,1,64285
