,full_text,text_length,at_num,user_id_str,screen_name,id_str,created_at,publish_time,favorite_count,retweet_count,reply_count,tweet_url,total_heat,tt
35082,"Concept : Letter U + H with tech vibe

Related Hashtag :
#logo #logodesigner #logos #logomark #developers #nft #Saas #business #fiverr #software #freelancer #Graphic #Marketing #linkedin #art #CodeBreaker #upwork #illustration #CGA #bigdata #ChatGPT https://t.co/1EZI3FBA3M",276,0,1.19e+18,vectplus7,1.62e+18,Wed Feb 01 05:47:59 +0000 2023,2023/2/1 5:47,56,4,5,https://twitter.com/vectplus7/status/1620660211194134528,65,35083
36399,"Concept : Letter U + H with tech vibe

#logo #logodesigner #logos #logomark #developers #nft #Saas #business #fiverr #software #freelancer #Graphic #Marketing #linkedin #art #CodeBreaker #upwork #illustration #CGA #bigdata #ChatGPT https://t.co/4jPuXJGWTU",257,0,1.19e+18,vectplus7,1.62e+18,Wed Feb 01 10:44:37 +0000 2023,2023/2/1 10:44,47,0,5,https://twitter.com/vectplus7/status/1620734861777719297,52,36400
65267,"Concept : Letter V + Love

#logo #logodesigner #logos #logomark #developers #nft #Saas #business #fiverr #software #freelancer #Graphic #Marketing #linkedin #art #CodeBreaker #upwork #illustration #CGA #bigdata #ChatGPT https://t.co/ozLH3qqBSI",245,0,1.19e+18,vectplus7,1.62e+18,Sat Feb 11 13:08:21 +0000 2023,2023/2/11 13:08,73,1,5,https://twitter.com/vectplus7/status/1624394911536779269,79,65268
68221,"Chatvertiser logo

#logo #logodesigner #logos #logomark #developers #nft #Saas #business #fiverr #software #freelancer #Graphic #Marketing #linkedin #art #CodeBreaker #upwork #illustration #CGA #bigdata #ChatGPT https://t.co/fKZWv3mW3l",237,0,1.32e+18,Logodt5,1.62e+18,Sat Feb 11 23:26:41 +0000 2023,2023/2/11 23:26,3,0,0,https://twitter.com/Logodt5/status/1624550520181645312,3,68222
83916,"Tennis Sports e??1e???e??  e??? e??  e??2e???e???e??  e???

e??ae???e???e???e??? e???e???e??? e???e???e???e???:  https://t.co/q43GRYBOYr

#logo #logodesigner #logos #logomark #developers #nft #Saas #business #fiverr #software #freelancer #Graphic #Marketing #linkedin #art #CodeBreaker #illustration #CGA #bigdata #ChatGPT https://t.co/GeZER3o8TG",350,0,1.05e+18,CancerWarrior5,1.63e+18,Tue Feb 21 21:09:00 +0000 2023,2023/2/21 21:09,5,0,1,https://twitter.com/CancerWarrior5/status/1628139749109076015,6,83917
94378,"e??   Une vraie p??pite: cr??ez votre propre Plateforme de g??n??ration de contenu texte et images avec #openAI et encaissez via stripe ou en #crypto le tout cod?? en Laravel 
https://t.co/wRvMvRD2lJ
#Saas #Chatgpt #codecanyon",228,0,1944945920.0,TopWebCh,1.63e+18,Mon Feb 27 13:25:34 +0000 2023,2023/2/27 13:25,27,3,2,https://twitter.com/TopWebCh/status/1630197451511459843,32,94379
