,full_text,text_length,at_num,user_id_str,screen_name,id_str,created_at,publish_time,favorite_count,retweet_count,reply_count,tweet_url,total_heat,tt
6281,#Brazil #Motivation #ChatGPT #Trending https://t.co/BIJEIP5Iv7,62,0,9.24e+17,MentorGalaxy,1.61e+18,Mon Jan 09 10:30:16 +0000 2023,2023/1/9 10:30,1,0,0,https://twitter.com/MentorGalaxy/status/1612396330793451523,1,6282
8055,#ChatGPT #quotes #Motivation #wednesday https://t.co/FTg6ep4RGE,63,0,9.74e+17,rashidbintanver,1.61e+18,Wed Jan 11 04:31:21 +0000 2023,2023/1/11 4:31,4,0,0,https://twitter.com/rashidbintanver/status/1613030782196674567,4,8056
51215,"Best Quotes of the Day by TTS!
More Quotes by #AllamaIqbal 
Click-&gt; https://t.co/1KR3pyK5XP

#ttechsol #bestquotesbytts #quotesoftheday #quote #MotivationalQuote #InspirationalQuotes #quotes #quoteoftheday #Motivation #USA #ImranKhan #PakistanEconomy  #ChatGPT #earthquake https://t.co/nrjEusPwFC",303,0,97921480.0,mshamirtaloo,1.62e+18,Tue Feb 07 07:05:35 +0000 2023,2023/2/7 7:05,1,1,0,https://twitter.com/mshamirtaloo/status/1622854065850880000,2,51216
51561,"Tuesday Motivatione???
 Today you will be a better person than yesterday, the world will be 
on your side.
 
#MosesKuria #ChatGPT #MainaandKingangi #Motivation #Realestate #Realtor #Propertynmanagement https://t.co/WNgiKmelHq",229,0,2827269682.0,AquantamGroup,1.62e+18,Tue Feb 07 07:43:38 +0000 2023,2023/2/7 7:43,0,0,0,https://twitter.com/AquantamGroup/status/1622863641572671492,0,51562
56891,"MPSET 2023 RSET 2023 ASSISTANT PROFESSOR EXAM UPDATE #GATE / CSIR NET 20... https://t.co/kDvxYljXxz vi @YouTube 
#jobseekersSA #politas #news #NewsUpdate #Motivation #Science #biotechnology #ChatGPT #trading #IndianCricketTeam #DeadlineDay #UPSCextraattempt #IPL #incometax #NASA",280,1,8.55e+17,Vvasiniacademy,1.62e+18,Tue Feb 07 16:38:00 +0000 2023,2023/2/7 16:38,1,0,0,https://twitter.com/Vvasiniacademy/status/1622998121470124033,1,56892
61875,"No Gym Today e???
#gym #fitness #fitnessgirl #work #streamer #gamer #designer #artist #TeamFortress2 #thefive #GoogleAI #AI #ChatGPT #thursdayvibes #fridaymorning #night #Motivation #FreelanceChat https://t.co/9URaIMv2ym",221,0,1.6e+18,KaylaWaltaz,1.62e+18,Thu Feb 09 23:36:15 +0000 2023,2023/2/9 23:36,1,0,0,https://twitter.com/KaylaWaltaz/status/1623828151712333824,1,61876
74806,"""Hard work will get you to the top, but smart work will get you there faster... and with a much better view."" #ChatGPT #Success #Motivation #WiseWords #WorkSmarterNotHarder https://t.co/xiUDLQ6S7a",196,0,1.62e+18,chatgpt_wisdom,1.63e+18,Mon Feb 13 21:20:38 +0000 2023,2023/2/13 21:20,0,2,0,https://twitter.com/chatgpt_wisdom/status/1625243575607873536,2,74807
77890,I asked #ChatGPT something in Urdu !! #Motivation #Urdu https://t.co/EzECs6YBZE,79,0,14457887.0,rizzoGPT,1.63e+18,Wed Feb 15 11:40:45 +0000 2023,2023/2/15 11:40,0,0,0,https://twitter.com/rizzoGPT/status/1625822418588807168,0,77891
90770,"ife is too short to waste time on things that don't matter. Focus on what brings you joy and fulfillment, and let go of the rest. #lifetips #Motivation #ChatGPT - chatgpt",170,0,1.2e+18,Mohamma50003882,1.63e+18,Thu Feb 23 22:29:40 +0000 2023,2023/2/23 22:29,0,0,0,https://twitter.com/Mohamma50003882/status/1628884826089525248,0,90771
91492,"Doing one extra thing is per day can increase our success rate by 37, but im reality it is hard to do one new thing everyday is hard. Thoughts? #ChatGPT #Motivation #Management #EntrepreneurLife https://t.co/g9P4H3eCzi",218,0,63133146.0,vibhanshusharma,1.63e+18,Mon Feb 27 00:05:59 +0000 2023,2023/2/27 0:05,0,0,0,https://twitter.com/vibhanshusharma/status/1629996229252792320,0,91493
