,full_text,text_length,at_num,user_id_str,screen_name,id_str,created_at,publish_time,favorite_count,retweet_count,reply_count,tweet_url,total_heat,tt
73965,"Will #ChatGPT steal your job? Alan Jacobson, CDAO at @Alteryx speaks with @BusinessInsider on why #AI is only ever an enabler for human creativity and potential a?? helping businesses do more with less. Check it out: https://t.co/4CrOdVtzZs @AnalyticFun #CloudAnalytics https://t.co/EOi3nzoFgG",293,3,14258240.0,gtheriault,1.63e+18,Mon Feb 13 18:38:37 +0000 2023,2023/2/13 18:38,2,1,0,https://twitter.com/gtheriault/status/1625202803021910032,3,73966
74379,"Will #ChatGPT steal your job? Alan Jacobson, CDAO at @Alteryx speaks with @BusinessInsider on why #AI is only ever an enabler for human creativity and potential a?? helping businesses do more with less. Check it out: https://t.co/Te0d5Odz83 @AnalyticFun #CloudAnalytics https://t.co/WLGeFyp5VJ",293,3,20008017.0,watersn,1.63e+18,Mon Feb 13 19:58:39 +0000 2023,2023/2/13 19:58,0,0,0,https://twitter.com/watersn/status/1625222944510074880,0,74380
75499,"Will #ChatGPT steal your job? Alan Jacobson, CDAO at @Alteryx speaks with @BusinessInsider on why #AI is only ever an enabler for human creativity and potential a?? helping businesses do more with less. Check it out: https://t.co/aQ36kYU458 @AnalyticFun #CloudAnalytics https://t.co/mIpNJYpDrZ",293,3,92815278.0,stfnbrgr,1.63e+18,Wed Feb 15 02:35:10 +0000 2023,2023/2/15 2:35,0,0,0,https://twitter.com/stfnbrgr/status/1625685117115981825,0,75500
80554,"Will #ChatGPT steal your job? Alan Jacobson, CDAO at @Alteryx speaks with @BusinessInsider on why #AI is only ever an enabler for human creativity and potential a?? helping businesses do more with less. Check it out: https://t.co/Ku1aLChKN9 @AnalyticFun #CloudAnalytics https://t.co/hSWGYj6Ex8",293,3,1.2e+18,BevanGervase,1.63e+18,Wed Feb 15 18:32:19 +0000 2023,2023/2/15 18:32,0,0,0,https://twitter.com/BevanGervase/status/1625925990990872599,0,80555
81456,"Will #ChatGPT steal your job? Alan Jacobson, CDAO at @Alteryx speaks with @BusinessInsider on why #AI is only ever an enabler for human creativity and potential a?? helping businesses do more with less. Check it out: https://t.co/L9rXTIX3mF @AnalyticFun #CloudAnalytics https://t.co/3wqCsPcGOL",293,3,15682817.0,swooledge,1.63e+18,Wed Feb 15 21:40:11 +0000 2023,2023/2/15 21:40,0,0,0,https://twitter.com/swooledge/status/1625973268967555083,0,81457
83173,"Will #ChatGPT steal your job? Alan Jacobson, CDAO at @Alteryx speaks with @BusinessInsider on why #AI is only ever an enabler for human creativity and potential a?? helping businesses do more with less. Check it out: https://t.co/IKkqRi19LB @AnalyticFun #CloudAnalytics https://t.co/creHVSr3xg",293,3,562304091.0,DavidSweenor,1.63e+18,Tue Feb 21 18:35:09 +0000 2023,2023/2/21 18:35,2,0,0,https://twitter.com/DavidSweenor/status/1628101033942519809,2,83174
