,full_text,text_length,at_num,user_id_str,screen_name,id_str,created_at,publish_time,favorite_count,retweet_count,reply_count,tweet_url,total_heat,tt
6734,"How worried are you about #ChatGPT (&amp; similar AI)?
I know the obvious answer is not at all. When Industrial automation and robotics started, the influencers at that time, brushed their impact aside. In a few years, an entire workforce was wiped out. #writers #WritingCommmunity",282,0,426777452.0,neilpchristy,1.61e+18,Mon Jan 09 14:47:58 +0000 2023,2023/1/9 14:47,1,0,2,https://twitter.com/neilpchristy/status/1612461182019072001,3,6735
7084,"With #AI threatening to replace #writers #artists and god knows who else, ""The Art of Miyazaki's Spirited Away"" is a sound testament to why #tech will always fall short. Read.e???

#BookBoost #readingcommunity #WritingCommunity #ChatGPT #writers #artistsontwitter #Ghibli #anime",280,0,1.54e+18,iwdaa_se,1.61e+18,Mon Jan 09 17:32:05 +0000 2023,2023/1/9 17:32,1,1,0,https://twitter.com/iwdaa_se/status/1612502482902732800,2,7085
10746,"Attack of the Chatbots: Screenwritersa?? Friend or Foe?

#ai #writers #works #chatgpt #technology #copyright 

https://t.co/zcWtwZMJvB",138,0,140618811.0,richardkimphd,1.61e+18,Fri Jan 13 01:20:09 +0000 2023,2023/1/13 1:20,0,0,0,https://twitter.com/richardkimphd/status/1613707440717193217,0,10747
10927,"Announcement:
https://t.co/0OsnvTVoxA
#AI #ChatGPT #writers #technology https://t.co/KmEfi70AKB",97,0,2569355731.0,NewPopLit,1.61e+18,Fri Jan 13 03:52:04 +0000 2023,2023/1/13 3:52,4,1,0,https://twitter.com/NewPopLit/status/1613745669344296964,5,10928
13357,"#ChatGPT: Will Hollywood Writers Consider Rules for #AI?

@ronald_vanloon @SpirosMargaris @JolaBurnett @GlenGilmore 

#ai #writers #works #chatgpt #technology #copyright 

https://t.co/lF7WMOg9Vi",201,4,140618811.0,richardkimphd,1.61e+18,Sun Jan 15 03:00:32 +0000 2023,2023/1/15 3:00,0,0,0,https://twitter.com/richardkimphd/status/1614457477097226242,0,13358
13500,"just published a new article on Medium 'ChatGPT: The Artistsa?? Artificial Intelligence Assistant'...

Check it out here e??? https://t.co/7F1hzJs1aj 

#ChatGPT #artist #AI #Medium #mediumwriters #writers #music #actorslife #creativity #Innovations @Medium @OpenAI https://t.co/115HUETLOJ",292,2,1.27e+18,StevenL88611859,1.61e+18,Sun Jan 15 05:36:05 +0000 2023,2023/1/15 5:36,3,0,0,https://twitter.com/StevenL88611859/status/1614496624398553093,3,13501
15831,"Things that ChatGPT cannot do but ChatSonic can do. (Part-1)

#chatgpt #chatsonic #chatgptalternatives #openai #ai #technology #aitools #aiwriters #contentcreation #aitool #business #freelancers #entrepreneurs #airevolution #businesses #copywriters #writers #contentcreators https://t.co/mbNjL6RKNb",300,0,1.31e+18,WriteSonic,1.62e+18,Tue Jan 17 08:27:24 +0000 2023,2023/1/17 8:27,17,5,5,https://twitter.com/WriteSonic/status/1615264512046768132,27,15832
16150,"ChatGPT the A.I replacing the jobs of content writers!
You must have read or seen these kinds of banners everywhere on social media, and this could be true that writers are worrying about A.I as we did!

#westowls #ChatGPT #writers #writerslife #writersofig #AI #aiart https://t.co/huTLkGomUw",295,0,8.97e+17,westowls,1.62e+18,Tue Jan 17 10:35:40 +0000 2023,2023/1/17 10:35,0,0,0,https://twitter.com/westowls/status/1615296790487764993,0,16151
16216,"Opinions of writers over #ChatGPT and usage of #AI tools for writing are polarized. I published my opinion on why these ""ChatGPT Tantrums Need To Stop"" https://t.co/Oi2RGeyGTB #freelancers #writers #writerscommunity https://t.co/RYuEyQ53hE",239,0,1.57e+18,barbaraWriRes,1.62e+18,Tue Jan 17 11:02:50 +0000 2023,2023/1/17 11:02,2,0,0,https://twitter.com/barbaraWriRes/status/1615303626741645312,2,16217
16607,"A recent article in the Spectator portrayed a doomsday-like scenario for writers, in which AI (in particular #ChatGPT) will outcompete writers. 
https://t.co/9yvoMZoD1Y #writers #WritingCommunity 

Writers are screwed! This is an exaggeration, and here's why: 

A e?   ",274,0,9.49e+17,santiago_gisler,1.62e+18,Tue Jan 17 13:47:10 +0000 2023,2023/1/17 13:47,4,4,1,https://twitter.com/santiago_gisler/status/1615344984219156484,9,16608
23070,"The Future of Writing: Will AI technologies like ChatGPT put writers out of business? 
#ChatGPT #writing #writers #writerscommunity #nonfiction #AI 

https://t.co/M7uCkJoJi3",176,0,20839094.0,PeteDomican,1.62e+18,Wed Jan 25 10:04:48 +0000 2023,2023/1/25 10:04,1,0,0,https://twitter.com/PeteDomican/status/1618188126429773824,1,23071
29571,"The rise of ChatGPT seems a fitting time to reread this Fritz Leiber classic. Real writers overthrowing computer ""wordmills."" Pub. 1961, from an earlier story of 1958 (!)
#writers #ChatGPT #scifi #revolution https://t.co/8UDZJ6yJWq",232,0,192618595.0,bachbeethoven,1.62e+18,Sun Jan 29 14:48:37 +0000 2023,2023/1/29 14:48,2,2,0,https://twitter.com/bachbeethoven/status/1619709103026360320,4,29572
31756,"I explored #ChatGPT to get a sense of how it will impact me both as an #educator and an #author.

I asked it 12 questions, and noted the answers on my blog.

My conclusion: Impressive but not worried yet.

https://t.co/AtRc8o8R6c

#writers #writerslife",260,0,580840764.0,StephenGParks,1.62e+18,Tue Jan 31 10:43:34 +0000 2023,2023/1/31 10:43,0,0,0,https://twitter.com/StephenGParks/status/1620372210228809728,0,31757
33900,"Looking for a guest writes and guest posts. https://t.co/BAXAF9q9uN

#shoutout #guestpost #writers #ContentWriting #blog #news #chatgpt",137,0,408339159.0,expiredqueues,1.62e+18,Wed Feb 01 00:09:02 +0000 2023,2023/2/1 0:09,1,0,0,https://twitter.com/expiredqueues/status/1620574914033119232,1,33901
35233,"Ever wondered what ChatGPT is capable of? Will it be the future of search engines or writers? Read our interview with the AI robot and read what it says: https://t.co/PlsIHtmFe2

#chatgpt #ai #future #interview #writers #searchengines https://t.co/8rYy9q6rtM",260,0,7.86e+17,itpliveme,1.62e+18,Wed Feb 01 06:24:20 +0000 2023,2023/2/1 6:24,0,0,0,https://twitter.com/itpliveme/status/1620669360586264576,0,35234
37947,"Relax writers, your job is to empathise through content. The tools can mimic you but it's your job to make the reader feelm

 #content #empathy #writers #chatgpt",163,0,57564797.0,ashwinskn,1.62e+18,Wed Feb 01 15:02:17 +0000 2023,2023/2/1 15:02,2,0,0,https://twitter.com/ashwinskn/status/1620799704924827651,2,37948
41620,"What do you think about the Chat GPT? 

#chatgpt #chatgpt3 #ai #technology #writers #designers #developers #google #contentwriter #content #contentmarketing #future #startup #automation #community https://t.co/PhuV8NiVNc",222,0,187208418.0,lokeshshingh,1.62e+18,Fri Feb 03 04:33:41 +0000 2023,2023/2/3 4:33,2,0,1,https://twitter.com/lokeshshingh/status/1621366289598922752,3,41621
46910,"Twitter friends, are you using #ChatGPT for any aspect of your creative writing? a?????e???e???e??  

""ChatGPT is a cutting-edge natural language processing (NLP) tool developed by OpenAI.""

#writers #authors #writingcommunity #AI #TwitterPoll #screenwriting #NonFiction #fiction",283,0,3303713149.0,ScotlandYardCSI,1.62e+18,Fri Feb 03 19:18:12 +0000 2023,2023/2/3 19:18,2,1,0,https://twitter.com/ScotlandYardCSI/status/1621588885372538881,3,46911
53195,"ChatGPT will only replace writers who believe they can be replaced
#writerslife #writers #AI #ChatGPT",102,0,1404624733.0,pulkitra,1.62e+18,Tue Feb 07 10:33:21 +0000 2023,2023/2/7 10:33,1,2,1,https://twitter.com/pulkitra/status/1622906354884280321,4,53196
56930,"What can #ChatGPT teach #academics about their own #writing?
...write for a wider audience...
a writing voice that sounds human.
a?? James M. Lang &amp; Michelle D. Miller
in @chronicle
https://t.co/mDxIVHrfyF

#highereducation #writers #STEM #artificialintelligence #AI #OpenAIChatGPT",292,1,16306503.0,drphd2k7,1.62e+18,Tue Feb 07 16:42:47 +0000 2023,2023/2/7 16:42,0,1,0,https://twitter.com/drphd2k7/status/1622999323872047108,1,56931
59532,"What's your opinion on the use of AI language models like ChatGPT in the writing industry? a?????e???

#ai #aicontent #chatgpt #dalle2 #writers #contentcreation",162,0,3388540833.0,fatimakk_nft,1.62e+18,Tue Feb 07 21:29:04 +0000 2023,2023/2/7 21:29,3,2,3,https://twitter.com/fatimakk_nft/status/1623071370807500801,8,59533
61261,"AI Isna??t Replacing My Job As a Writer a?? Ita??s Making Me More Efficient

#savetime #articles #writingjobs #writers #hivemind #contentmarketing #chatgpt #jobs #ai
https://t.co/peRVVB3GRs",192,0,4007961947.0,akhileshwar_r,1.62e+18,Thu Feb 09 21:20:00 +0000 2023,2023/2/9 21:20,0,0,0,https://twitter.com/akhileshwar_r/status/1623793862522331136,0,61262
61272,"#journalists #writers #SEO #ContentWriting 
#chatgpt #DallasCowboys Human writers, your jobs are safe. ChatGPT is #Useless https://t.co/MPoDmbTWj2",147,0,9.9e+17,RonHalfback,1.62e+18,Thu Feb 09 21:23:48 +0000 2023,2023/2/9 21:23,0,0,0,https://twitter.com/RonHalfback/status/1623794820031344641,0,61273
61317,"AI Isna??t Replacing My Job As a Writer a?? Ita??s Making Me More Efficient

#jobs #contentmarketing #writers #hivemind #chatgpt #savetime #ai #articles #writingjobs
https://t.co/Fjlxt55Qog",192,0,7.06e+17,Don_Trumpilini,1.62e+18,Thu Feb 09 21:35:59 +0000 2023,2023/2/9 21:35,1,0,0,https://twitter.com/Don_Trumpilini/status/1623797887988830208,1,61318
61360,"AI Isna??t Replacing My Job As a Writer a?? Ita??s Making Me More Efficient

#chatgpt #writingjobs #hivemind #articles #ai #jobs #writers #savetime #contentmarketing
https://t.co/assc9EiFH4",192,0,443839824.0,ThomasOBrien14,1.62e+18,Thu Feb 09 21:43:48 +0000 2023,2023/2/9 21:43,0,0,0,https://twitter.com/ThomasOBrien14/status/1623799851527077888,0,61361
76995,"What Does ChatGPT Mean For The Future of Work?

#contentcreation #chatgpt #ai #writers #creativecontent #writings
https://t.co/cBFH764Qda",140,0,79051477.0,Demenciand0,1.63e+18,Wed Feb 15 08:58:38 +0000 2023,2023/2/15 8:58,0,0,0,https://twitter.com/Demenciand0/status/1625781619268390912,0,76996
78425,"AI Isna??t Replacing My Job As a Writer a?? Ita??s Making Me More Efficient

#chatgpt #contentmarketing #ai #hivemind #writingjobs #writers #savetime #articles #jobs
https://t.co/Fjlxt55Qog",192,0,7.06e+17,Don_Trumpilini,1.63e+18,Wed Feb 15 13:04:38 +0000 2023,2023/2/15 13:04,0,0,0,https://twitter.com/Don_Trumpilini/status/1625843526759251968,0,78426
82196,#FridayMotivation I asked #ChatGPT to write an outline for me. To teach you how to use it. And it did. #tutorials learn for free Do you wish to write a #NovelAI #writers #AI https://t.co/RKGAKlCTij,197,0,1.1e+18,JIMMY_SNAGS,1.63e+18,Fri Feb 17 22:35:55 +0000 2023,2023/2/17 22:35,1,0,0,https://twitter.com/JIMMY_SNAGS/status/1626712071391051778,1,82197
84505,"https://t.co/MhSOrrA00R

Writers watch out. AI is shutting down the open door for short story authors.

#AI #chatgpt #writers #writing #amwriting #writerslife #writingcommunity #scifi",187,0,1675614078.0,MichaelHRubin,1.63e+18,Tue Feb 21 23:31:31 +0000 2023,2023/2/21 23:31,7,6,0,https://twitter.com/MichaelHRubin/status/1628175617391841286,13,84506
88435,"ChatGPT Empire shows you how to become an advanced user of ChatGPT to get any text you like for free from the bot, which can create books, reports, articles, product reviews and a lot more. https://t.co/dkNh250QHh
#ChatGPT #writers #writerscommunity #freelancers #copywriting https://t.co/QOwkMWM8gZ",300,0,1.43e+18,DigiArea24,1.63e+18,Thu Feb 23 14:57:57 +0000 2023,2023/2/23 14:57,0,0,0,https://twitter.com/DigiArea24/status/1628771148321239040,0,88436
88562,"10 Commandments for Chat GPT Success
https://t.co/DIZckcz8iK
#ChatGPT #AI #DigitalMarketing #writers #copywriting https://t.co/QLof5nl45T",139,0,1.43e+18,DigiArea24,1.63e+18,Thu Feb 23 15:10:31 +0000 2023,2023/2/23 15:10,0,0,0,https://twitter.com/DigiArea24/status/1628774309148721152,0,88563
89934,"VIDEO: Check out this #aivideo of #EdgarAllenPoe as he discusses AGI, script created using #ChatGPT, video powered by #Movio!a?   To create your own video visit https://t.co/VwRxYDDUgB

#GenerativeAI #AI #ContentCreator #writersoftwitter #writers #marketing https://t.co/x5PK4I8Y4p",283,0,1.55e+18,HeyGen_Official,1.63e+18,Thu Feb 23 19:04:37 +0000 2023,2023/2/23 19:04,11,6,0,https://twitter.com/HeyGen_Official/status/1628833224343408640,17,89935
94791,"Looking for more tips to create a perfect ChatGPT prompt? 

Check out our new blog post - https://t.co/0fPJHXta1y

#chatgpt #aitools #openai #ai #technology #aitools #aiwriters #contentcreation #writers #contentcreators https://t.co/VW25fdbJy5",247,0,1.31e+18,WriteSonic,1.63e+18,Mon Feb 27 14:40:17 +0000 2023,2023/2/27 14:40,9,2,1,https://twitter.com/WriteSonic/status/1630216255310315521,12,94792
95848,"BedtimeStory AI

Generate a story about your child!

#generativewriting #chatgpt #creativewriting #memoir #poetry #workshop #writers #writersofinstagram #writing #writingcommunity #writingprompt #writingprompts #writingworkshop #writingworkshops https://t.co/EXSVB7jMgM",273,0,1738920302.0,SiddiqTech,1.63e+18,Mon Feb 27 17:07:00 +0000 2023,2023/2/27 17:07,4,1,0,https://twitter.com/SiddiqTech/status/1630253174933327888,5,95849
96807,"Te estamos buscando a ti, que tienes historias por contar y creatividad para compartirlas. Llena este form y te contactamos enseguida 

https://t.co/qQt3j2HiNU

#writers #mexico #ecuador #colombia #venezuela #latinoamerica #peru #remotework #chatGPT https://t.co/ACCppb2GrL",277,0,526918680.0,interesante,1.63e+18,Mon Feb 27 20:27:00 +0000 2023,2023/2/27 20:27,1,1,0,https://twitter.com/interesante/status/1630303507239559169,2,96808
