,full_text,text_length,at_num,user_id_str,screen_name,id_str,created_at,publish_time,favorite_count,retweet_count,reply_count,tweet_url,total_heat,tt
49181,"So now it is #Bard Vs #ChatGPT 
#BardAI",40,0,103345633.0,Dinesh_Unni,1.62e+18,Tue Feb 07 01:52:51 +0000 2023,2023/2/7 1:52,1,0,0,https://twitter.com/Dinesh_Unni/status/1622775364689993728,1,49182
49918,#Bard Vs #ChatGPT will be the only game in town soon. We are all pieces,71,0,68164273.0,samirsaran,1.62e+18,Tue Feb 07 04:11:22 +0000 2023,2023/2/7 4:11,117,11,7,https://twitter.com/samirsaran/status/1622810222367772673,135,49919
50352,#Bard Vs #ChatGPT,17,0,1.35e+18,sourav_webp,1.62e+18,Tue Feb 07 05:21:59 +0000 2023,2023/2/7 5:21,0,0,0,https://twitter.com/sourav_webp/status/1622827993650589697,0,50353
51586,"Poll time!e???

#Bard Vs #ChatGPT  Which one is going to take over the #AI market?",84,0,2666048857.0,im_naveenvikram,1.62e+18,Tue Feb 07 07:46:08 +0000 2023,2023/2/7 7:46,0,1,0,https://twitter.com/im_naveenvikram/status/1622864270424956930,1,51587
60207,#Bard Vs #ChatGPT  en direct bient?  t sur vos outils connect??s. #TT228 #wasexo,80,0,524175048.0,kanikatoma,1.62e+18,Tue Feb 07 23:12:07 +0000 2023,2023/2/7 23:12,0,0,0,https://twitter.com/kanikatoma/status/1623097302779891712,0,60208
