,full_text,text_length,at_num,user_id_str,screen_name,id_str,created_at,publish_time,favorite_count,retweet_count,reply_count,tweet_url,total_heat,tt
18706,"e???Yo creo que muchos ya conocen #ChatGPT, una #IA creada por #OpenAI. les mostrar?? c?3mo funciona y c?3mo puede ser utilizado para generar texto autom??ticamente basado en preguntas que realicemos, una herramienta definitivamente espectacular!
https://t.co/6SZ49011FB",271,0,1300250438.0,chenaooo,1.62e+18,Thu Jan 19 14:52:19 +0000 2023,2023/1/19 14:52,1,1,0,https://twitter.com/chenaooo/status/1616086155392593923,2,18707
19578,"Google presenta su propio #ChatGPT, una #IA que puede responder todas tus preguntas

#Sparrow
 https://t.co/UrweFm2RX3",121,0,4861221.0,FJ_Mateo,1.62e+18,Thu Jan 19 21:03:15 +0000 2023,2023/1/19 21:03,0,0,0,https://twitter.com/FJ_Mateo/status/1616179503373455362,0,19579
21203,"Google presenta su propio #ChatGPT, una #IA que puede responder todas tus preguntas | @ElEspanolCom @ElAndroideLibre @Adrian_cal_Raya @AlvarezDelVayo  https://t.co/JCM2pM6lCH
#TransformacionDigital #DigitalTransformation #Sparrow #AI #InteligenciaArtificial",258,4,18197477.0,sbonet,1.62e+18,Mon Jan 23 17:50:46 +0000 2023,2023/1/23 17:50,2,0,0,https://twitter.com/sbonet/status/1617580614042910722,2,21204
36206,"e?  ?e??? ??Todav?-a no conoces a la inteligencia artificial del momento? Estamos hablando del #ChatGPT, una #AI que puede ayudar a las empresas a lanzar campa?  as de #marketing a trav??s de su incre?-ble sentido de la contextualizaci?3n https://t.co/o7vKSM9U6Q",262,0,3096420005.0,occam_agdigital,1.62e+18,Wed Feb 01 10:00:00 +0000 2023,2023/2/1 10:00,0,0,0,https://twitter.com/occam_agdigital/status/1620723633399250945,0,36207
57556,"1/6 ??Qu?? sugiere hacer #ChatGPT, una #InteligenciaArtificial, a @LassoGuillermo?

Como presidente de la rep?oblica ??Qu?? debo hacer si mi popularidad es baja, acabo de perder una consulta popular, no tengo respaldo en la asamblea nacional y tengo un gabinete que no me apoya?...",283,1,343775970.0,mbenalcazarp,1.62e+18,Tue Feb 07 17:56:33 +0000 2023,2023/2/7 17:56,11,1,2,https://twitter.com/mbenalcazarp/status/1623017889304399873,14,57557
