,full_text,text_length,at_num,user_id_str,screen_name,id_str,created_at,publish_time,favorite_count,retweet_count,reply_count,tweet_url,total_heat,tt
26284,"We put #ChatGPT to the test creating a #Delphi program to capture an image using the webcam. Join us as we navigate the process and discover some of the challenges that come with it #programming #tutorial #OpenAI
https://t.co/sNJSFvHHgc",237,0,1.44e+18,JimFergusonDev,1.62e+18,Fri Jan 27 10:04:18 +0000 2023,2023/1/27 10:04,2,2,0,https://twitter.com/JimFergusonDev/status/1618912775333642240,4,26285
35195,"Read ""How to use ChatGPT"" https://t.co/ERE0EfQAie

For more, get the app from
https://t.co/0ic5ya66on

#AI #ML #DL #NLP #chatbot #ChatGPT #transformers #LLM #tutorial #OpenAI #OpenAIChatGPT https://t.co/c2hdhqci2f",218,0,2583580160.0,deeptechstars,1.62e+18,Wed Feb 01 06:13:25 +0000 2023,2023/2/1 6:13,0,0,0,https://twitter.com/deeptechstars/status/1620666611266125825,0,35196
35719,"https://t.co/sDtt0awZSG #cheatsheets #tutorial #example #ChatGPT #OpenAI #OpenAIChatGPT 
Some examples on how to use the prompt!
You must realise that asking it to explain complex ideas and ""compare and contrast"" on abstract notions is not its' strongest point, so keep it simple!",282,0,982984872.0,liontarakos,1.62e+18,Wed Feb 01 08:18:37 +0000 2023,2023/2/1 8:18,0,0,0,https://twitter.com/liontarakos/status/1620698118328295426,0,35720
43202,Automate Boring Office Tasks with ChatGPT and Python https://t.co/mRfvTVecpR #python #programming #coding #development #tutorial #youtube #automation #chatgpt #codingisfun,171,0,19281055.0,tlayach,1.62e+18,Fri Feb 03 10:02:29 +0000 2023,2023/2/3 10:02,1,1,0,https://twitter.com/tlayach/status/1621449032487911426,2,43203
54395,"How to learn programming - ChatGPT Open AI https://t.co/fCCdsF5jm6 via @YouTube How to learn programming - ChatGPT Open AI
#chatgpt #programming #marketplace #openai #artificialintelligence #youtube #learning #tutorial #coding",227,1,1515163291.0,harisystems,1.62e+18,Tue Feb 07 12:33:14 +0000 2023,2023/2/7 12:33,3,2,0,https://twitter.com/harisystems/status/1622936523305021441,5,54396
57104,"Use ChatGPT To Optimize Your Code &amp; Find Bugs In Your Code - VS Code + ChatGPT
https://t.co/kzfqev55kI

#ChatGPT #openai #ai #tutorial #beginner",151,0,467586615.0,qutyquteshweta,1.62e+18,Tue Feb 07 17:01:17 +0000 2023,2023/2/7 17:01,2,0,1,https://twitter.com/qutyquteshweta/status/1623003978924691456,3,57105
57205,"Do you know 5 cool features of JavaScript that make it a powerful and versatile programming language:

Read more in thread
Retweet and follow @Qaiser_Abas for more

#javascript #tutorial #viral #technology #ChatGPT #AI #CSS",228,1,430515486.0,Qaiser_Abas,1.62e+18,Tue Feb 07 17:12:22 +0000 2023,2023/2/7 17:12,0,0,1,https://twitter.com/Qaiser_Abas/status/1623006770724581393,1,57206
68881,"https://t.co/Kjel1H0EZD Microsoft Excel Zero to Hero Complete Excel Course for Data Analysts
#Excel #ChatGPT #tutorial #course #Dataanalyst",140,0,1515163291.0,harisystems,1.62e+18,Mon Feb 13 03:24:25 +0000 2023,2023/2/13 3:24,2,1,0,https://twitter.com/harisystems/status/1624972737310781441,3,68882
73179,"Gara2 penasaran, tadi nyoba bikin opening video tutorial singkat pakai bantuan ChatGPT dan studio id. Hasilnya lumayan keren walopun rada aneh dikit. Tapi mantul bgt. Sayang ga bisa banyak2...
#chatgpt #ai #salesterritory #tutorial #dataviz https://t.co/DTioIgpi6e",265,0,167254672.0,rmunadji5,1.63e+18,Mon Feb 13 16:25:00 +0000 2023,2023/2/13 16:25,5,1,1,https://twitter.com/rmunadji5/status/1625169178100637698,7,73180
75421,@DataChaz @pycharm @code @googlechrome @threadreaderapp unroll #chatgpt #ai #tutorial #coding,93,5,1.5e+18,MindfulMinter,1.63e+18,Mon Feb 13 23:44:43 +0000 2023,2023/2/13 23:44,0,0,1,https://twitter.com/MindfulMinter/status/1625279834321477640,1,75422
76484,"e?  ? How to integrate ChatGPT in Power Platform [OpenAI,PowerApps,Power Automate]
#giulianodeluca #remotework #remotelearning #PowerAutomate #MicrosoftPowerPlatform #Microsoft #corporate #tutorial #officetips #ChatGPT #OpenAI #PnPweekly
https://t.co/XAH71gE1tt",263,0,153357106.0,DeLucaGiulian,1.63e+18,Wed Feb 15 07:06:33 +0000 2023,2023/2/15 7:06,3,32,0,https://twitter.com/DeLucaGiulian/status/1625753414159171589,35,76485
76828,"e?  ? How to integrate ChatGPT in Power Platform [OpenAI,PowerApps,Power Automate]
#giulianodeluca #remotework #remotelearning #PowerAutomate #MicrosoftPowerPlatform #Microsoft #corporate #tutorial #officetips #ChatGPT #OpenAI
https://t.co/XAH71gE1tt",252,0,153357106.0,DeLucaGiulian,1.63e+18,Wed Feb 15 08:17:20 +0000 2023,2023/2/15 8:17,2,25,0,https://twitter.com/DeLucaGiulian/status/1625771225992638465,27,76829
77410,"ChatGPT + How to learn Linux - Mastering Linux https://t.co/X7h1gJam3f via @YouTube ChatGPT + How to learn Linux - Mastering Linux
#chatgpt #linux #tutorial #youtube #harisystems #openai #Telugu",195,1,1515163291.0,harisystems,1.63e+18,Wed Feb 15 10:10:01 +0000 2023,2023/2/15 10:10,1,1,0,https://twitter.com/harisystems/status/1625799582616809472,2,77411
80558,"Our Udemy course is now live! https://t.co/x4fd0Zrqtx 

#ai #course #tutorial #udemy #aiart #midjourney #chatgpt #descript #renderforest #canva #pixlr",152,0,1.61e+18,2XVBCSM,1.63e+18,Wed Feb 15 18:33:03 +0000 2023,2023/2/15 18:33,0,0,0,https://twitter.com/2XVBCSM/status/1625926175339036673,0,80559
