,full_text,text_length,at_num,user_id_str,screen_name,id_str,created_at,publish_time,favorite_count,retweet_count,reply_count,tweet_url,total_heat,tt
20155,"GenerativeBrain e?  ?e?  ?

#domains #domainsales #AI #AIArtworks #ML #ChatGPT #GPT4 #GPT3 #gptchat #GenerativeAI  #brain #generativeart #GAN #generativeadversarialnetwork #ArtificialIntelligence #machine #bayes #generativeart https://t.co/C3z4OeOwv7",252,0,1.35e+18,CraftDomain,1.62e+18,Sat Jan 21 14:02:12 +0000 2023,2023/1/21 14:02,1,0,0,https://twitter.com/CraftDomain/status/1616798320315203584,1,20156
49385,@runwayml @SaveToNotion #thread #ai #ChatGPT #GenerativeAI  #video,66,2,35851789.0,virtualkelvin,1.62e+18,Tue Feb 07 02:32:28 +0000 2023,2023/2/7 2:32,0,0,1,https://twitter.com/virtualkelvin/status/1622785333606727680,1,49386
52755,"The 5 Best Prompt Engineering Tips for Beginners: 

#gptwitter #GPT #gpt3 #chatgpt #Productivity #AI #GenerativeAI  #MarketingDigital  #prompts  #SEO  #promptengineering",171,0,1.44e+18,AllAbtAI,1.62e+18,Tue Feb 07 09:49:35 +0000 2023,2023/2/7 9:49,11,1,1,https://twitter.com/AllAbtAI/status/1622895340948004866,13,52756
56037,"#Fashion weighs use cases for #ChatGPT
@maghanmcd 
e???https://t.co/OGYXlEZNEa
#AI #GenerativeAI  #Marketing #Fashiontech 

@Khulood_Almani e???@BetaMoroney @efipm @SpirosMargaris @Hana_ElSayyed @sonu_monika @mvollmer1 @psb_dc @Nicochan33 @HaroldSinnott @bimedotcom @PawlowskiMario https://t.co/O1DM3O2XwJ",310,13,130344472.0,enilev,1.62e+18,Tue Feb 07 15:09:53 +0000 2023,2023/2/7 15:09,31,27,5,https://twitter.com/enilev/status/1622975944851091456,63,56038
62153,"e???  https://t.co/nWOa48p3i1 available at SEDO today
#GenerativeAI  #AI #ChatGPT #GPTchats #Brandable #DualMeaning #domainforsale #domainsforsale https://t.co/zDNtfJUAfs",171,0,1.62e+18,Domaineer1,1.62e+18,Sat Feb 11 00:48:32 +0000 2023,2023/2/11 0:48,0,0,0,https://twitter.com/Domaineer1/status/1624208730526191616,0,62154
71925,"Generative Chemistry e?  ?e?  ?e???

#domains #domainsales #AI #ML #ChatGPT #GPT4 #GPT3 #GenerativeAI  #GAN #generativeadversarialnetwork #ArtificialIntelligence #bayes #generative #alphafold #drugdiscovery #Bioinformatics #Chemistry #GenerativeChemistry https://t.co/9vvORpRMms",280,0,1.35e+18,CraftDomain,1.63e+18,Mon Feb 13 13:22:21 +0000 2023,2023/2/13 13:22,4,3,1,https://twitter.com/CraftDomain/status/1625123212899106816,8,71926
72992,"Don't pay for AI prompt tips. Here is some free tips to build your own prompts!

#AI #GenerativeAI  #ChatGPT",110,0,1.09e+18,iamsalpeer,1.63e+18,Mon Feb 13 15:58:09 +0000 2023,2023/2/13 15:58,1,0,0,https://twitter.com/iamsalpeer/status/1625162421449986048,1,72993
79607,"Top 10 Industries #ChatGPT could impact in 2023 v/@welcomeai
#BigData #Analytics #DataScience #AI #MWC2023 #MachineLearning #IoT #IIoT #Python #RStats #JavaScript #OpenAI #GenerativeAI  #CloudComputing #DataScientist #Linux #Programming #100DaysofCode #Metaverse #Flutter #GPT3 https://t.co/lB1WETZdNP",302,1,73624511.0,TheAdityaPatro,1.63e+18,Wed Feb 15 15:46:30 +0000 2023,2023/2/15 15:46,52,34,1,https://twitter.com/TheAdityaPatro/status/1625884264167526401,87,79608
83743,"Sam Altman is an American entrepreneur and investor. He is the founder of OpenAI, an artificial intelligence research organization. 
https://t.co/fBiuJZQ28E #openai #chatgpt #samaltman #ArtificialIntelligence #technology #future #GenerativeAI  #languagemodels #machinelearning",277,0,1.27e+18,Grepnetics,1.63e+18,Tue Feb 21 20:25:07 +0000 2023,2023/2/21 20:25,1,1,0,https://twitter.com/Grepnetics/status/1628128705406177281,2,83744
91524,"For me, the most fascinating aspect of generative AI is that it brings together the most powerful technology to solve the most complex problems, yet the user interaction is beautifully simple and intuitively natural.

#GenerativeAI  #GenAI #OpenAI #ChatGPT",258,0,41236516.0,MonjiBatmunkh,1.63e+18,Mon Feb 27 00:18:06 +0000 2023,2023/2/27 0:18,1,0,0,https://twitter.com/MonjiBatmunkh/status/1629999276427452416,1,91525
96333,"If #CHATGPT can use #AI to code/support for its own up-time and stability, that would be a good win!
State of #GenerativeAI  #DevOps @JohnNosta",144,1,16341065.0,shyamvaran,1.63e+18,Mon Feb 27 18:31:23 +0000 2023,2023/2/27 18:31,1,0,0,https://twitter.com/shyamvaran/status/1630274411592036352,1,96334
