,full_text,text_length,at_num,user_id_str,screen_name,id_str,created_at,publish_time,favorite_count,retweet_count,reply_count,tweet_url,total_heat,tt
19526,"https://t.co/zSYxLISLDu

$evgn #evogene #ai #artificalintelligence #ChatGPT #agriculture #healthcare",102,0,1.24e+18,CrackNeuf,1.62e+18,Thu Jan 19 20:40:45 +0000 2023,2023/1/19 20:40,0,0,0,https://twitter.com/CrackNeuf/status/1616173841834721294,0,19527
32578,"What are five ways ChatGTP will revolutionize agriculture in the U.S.?

https://t.co/L1O2yjGit3 #agriculture #chatgpt",119,0,436710280.0,FurlaneGrant,1.62e+18,Tue Jan 31 15:22:11 +0000 2023,2023/1/31 15:22,0,0,0,https://twitter.com/FurlaneGrant/status/1620442326291353602,0,32579
33482,"#ai #artificalintelligence #ChatGPT #agriculture #healthcare #biofuel #casterra #medicalcannabis #crispr #biomica #laviebio #agplenus #canonic #casterr #microbiome 

$evgn #evogene 

a????? Read thisa????? e???e?  ?

https://t.co/SqfXfsXQLB",246,0,1.24e+18,CrackNeuf,1.62e+18,Tue Jan 31 20:39:07 +0000 2023,2023/1/31 20:39,0,0,0,https://twitter.com/CrackNeuf/status/1620522085687918593,0,33483
37146,"#ai #artificalintelligence #ChatGPT

#agriculture #healthcare #biofuel #casterra #medicalcannabis #crispr #biomica #laviebio #agplenus #canonic #microbiome #DataScientist #DeepLearning

$evgn #evogene

a????? Starts to make the front page of some newspapersa?????
a????? Bullish charta????? e???e?  ? https://t.co/PUFjPw9zx4",331,0,1.24e+18,CrackNeuf,1.62e+18,Wed Feb 01 13:05:42 +0000 2023,2023/2/1 13:05,0,0,0,https://twitter.com/CrackNeuf/status/1620770367789989895,0,37147
55820,"Chat GPT3 is making headlines for record users, biases of the reinforcement learning, and inaccuracies. 

But most of this is noise, missing the bigger point. The impact on agriculture will be profound in the coming years. #ChatGPT #openai #chatbot #agriculture #agricultura https://t.co/LYP86t36Ic",300,0,1.58e+18,Easynewz,1.62e+18,Tue Feb 07 14:48:58 +0000 2023,2023/2/7 14:48,2,1,0,https://twitter.com/Easynewz/status/1622970683650150401,3,55821
76301,#chatgpt #chatbot #artificialintelligence #ai #technology #informationtechnology #contentcreation #development #farmers #agriculture #helpingfarmers #agrotech #whatsapp #educatingfarmers,186,0,332175904.0,graamresearch,1.63e+18,Wed Feb 15 06:15:59 +0000 2023,2023/2/15 6:15,0,0,0,https://twitter.com/graamresearch/status/1625740688842428418,0,76302
85588,"#ai #artificalintelligence #ChatGPT

#agriculture #healthcare #biofuel #casterra #medicalcannabis #crispr #biomica #laviebio #agplenus #canonic #microbiome #DataScientist #DeepLearning

$evgn #evogene",204,0,1.24e+18,CrackNeuf,1.63e+18,Thu Feb 23 06:55:41 +0000 2023,2023/2/23 6:55,1,0,0,https://twitter.com/CrackNeuf/status/1628649782070706176,1,85589
96496,"$evgn #evogene

#ai #artificalintelligence #ChatGPT $msft #microsoft #nvda

#agriculture #healthcare #biofuel #casterra #medicalcannabis #crispr #biomica #laviebio #agplenus #canonic #microbiome #DataScientist #DeepLearning",227,0,1.24e+18,CrackNeuf,1.63e+18,Mon Feb 27 19:12:48 +0000 2023,2023/2/27 19:12,0,0,0,https://twitter.com/CrackNeuf/status/1630284835141955592,0,96497
