,full_text,text_length,at_num,user_id_str,screen_name,id_str,created_at,publish_time,favorite_count,retweet_count,reply_count,tweet_url,total_heat,tt
52545,"The translation is the paradigm, the exemplar of all writing.
#lenguae #quote #learn #translate #professionaldevelopment #TurkeyQuake #RakhiSawant #earthquakes #earthquakeinturkey #ChatGPT #SidharthMalhotra https://t.co/shQiXLpuaj",231,0,1.4e+18,lenguae_,1.62e+18,Tue Feb 07 09:27:41 +0000 2023,2023/2/7 9:27,0,0,0,https://twitter.com/lenguae_/status/1622889829787918336,0,52546
54674,"Traditional Fire Dancer in Rainbow Hawaii

Watch Full Length Videos in https://t.co/zTem9RYWbq
#RakhiSawant #SidharthKiaraWedding #kiaraadvanihot #Trending #trendingvideo #TrendingNow #trend #AllAmericanHomecoming #AdaniFiles #BuildJakapan #Turkey #ChatGPT #CostOfLivingCrisis https://t.co/CQe8YP3Cwd",303,0,1.44e+18,Trendin25843381,1.62e+18,Tue Feb 07 13:02:19 +0000 2023,2023/2/7 13:02,1,0,0,https://twitter.com/Trendin25843381/status/1622943841409175552,1,54675
54702,"Waikiki Beach in Hawaii

Watch Full Length Videos in https://t.co/zTem9RYWbq
#RakhiSawant #SidharthKiaraWedding #kiaraadvanihot #Trending #trendingvideo #TrendingNow #trend #AllAmericanHomecoming #AdaniFiles #BuildJakapan #Turkey #ChatGPT #CostOfLivingCrisis https://t.co/4VPWY3VIjj",285,0,1.44e+18,Trendin25843381,1.62e+18,Tue Feb 07 13:05:17 +0000 2023,2023/2/7 13:05,1,0,0,https://twitter.com/Trendin25843381/status/1622944588322459651,1,54703
54726,"Water fall in Kauai Island, Hawaii
Watch Full Length Videos in https://t.co/zTem9RYWbq
#RakhiSawant #SidharthKiaraWedding #kiaraadvanihot #Trending #trendingvideo #TrendingNow #trend #AllAmericanHomecoming #AdaniFiles #BuildJakapan #Turkey #ChatGPT #CostOfLivingCrisis https://t.co/TA53UyNAo1",294,0,1.44e+18,Trendin25843381,1.62e+18,Tue Feb 07 13:07:24 +0000 2023,2023/2/7 13:07,7,0,1,https://twitter.com/Trendin25843381/status/1622945120189546497,8,54727
62715,"Here's a look at #DelhiTimes' front page. Click below to read the edition 

https://t.co/wgk3l8KuVl

#Bollywood #SidharthMalhotra #KiaraAdvani #SidKiara #SidKiaraKiShaadi #VidyaBalan #AliaBhatt #GangubaiKathiawadi #LeonardoDiCaprio #Assam #RakhiSawant #AdilDurrani #ChatGPT #AI https://t.co/4Ybs8baLqm",305,0,7.92e+17,DelhiTimesTweet,1.62e+18,Sat Feb 11 03:31:24 +0000 2023,2023/2/11 3:31,16,1,1,https://twitter.com/DelhiTimesTweet/status/1624249719810842624,18,62716
