,full_text,text_length,at_num,user_id_str,screen_name,id_str,created_at,publish_time,favorite_count,retweet_count,reply_count,tweet_url,total_heat,tt
25372,"Q.Why don't animals speak?

A.Because other forms of communication are more efficient for another animals.
 It is a fact that we take for granted, but are not aware of.

#language #animals #communication #ChatGPT https://t.co/Ecfbhv2Epx",241,0,1.62e+18,vs_gpt,1.62e+18,Fri Jan 27 02:15:52 +0000 2023,2023/1/27 2:15,0,0,0,https://twitter.com/vs_gpt/status/1618794891231825921,0,25373
36729,"So, if you are stuck on carrying out any task in your design workflow just ask ChatGPT.

I hope this helps. I'm rooting for you e???
#design #chatgpt #career #learning #communication #openai #uiuxdesign #uxdesigners #uidesign #uiuxdesign https://t.co/Iw1IpCAn6x",264,0,1.5e+18,SandyUI_UX,1.62e+18,Wed Feb 01 11:52:03 +0000 2023,2023/2/1 11:52,0,0,0,https://twitter.com/SandyUI_UX/status/1620751833848492032,0,36730
46998,"@Microsoft plans to start using AI tech to write emails for salespeople, and it's not hard to see why https://t.co/vZMm4K4Hiu via @businessinsider #ArtificialIntelligence @OpenAI #ChatGpt #Microsoft #communication #Sales",220,3,627776153.0,jestsousa,1.62e+18,Fri Feb 03 19:35:30 +0000 2023,2023/2/3 19:35,0,0,0,https://twitter.com/jestsousa/status/1621593239630249986,0,46999
47705,"While some argue that #ChatGPT, like other #AI technologies, should be subject to strict #oversight and regulation, others believe that it should be treated similarly to other forms of #communication #technology  https://t.co/JReu4uMQnH e???e??? the #AI's in the link! https://t.co/l2rQAphueS",292,0,3004245990.0,ScrapeLogo,1.62e+18,Fri Feb 03 22:02:03 +0000 2023,2023/2/3 22:02,0,0,0,https://twitter.com/ScrapeLogo/status/1621630121147867138,0,47706
57771,"Given the current challenges within the workforce, perhaps our expectations for ChatGPT are too high.

#technology #innovation #dataanalytics #softwareengineer #communication #chatgpt 

@Timcast @TheQuartering @IanCrossland",227,3,1.62e+18,ShadowMasamune,1.62e+18,Tue Feb 07 18:17:59 +0000 2023,2023/2/7 18:17,0,0,0,https://twitter.com/ShadowMasamune/status/1623023282852184065,0,57772
70367,"Cette semaine, le th?  me de mon article pour @forbes_fr  est #ChatGPT, outil dont tout le monde parle, j'ai eu envie de le tester !

#intelligenceartificielle #transformation #digital #communication #innovation

https://t.co/wrMvhXNIAX",240,1,946507549.0,Alban_Jarry,1.63e+18,Mon Feb 13 09:16:48 +0000 2023,2023/2/13 9:16,18,12,0,https://twitter.com/Alban_Jarry/status/1625061416615936002,30,70368
71333,"Getting started with ChatGPT

#communication #intelligence #artificial #bot #chatgpt #ia #openai #nlp #chat #technology

https://t.co/UJaxs6TX2i",148,0,1.46e+18,hibit_dev,1.63e+18,Mon Feb 13 11:57:36 +0000 2023,2023/2/13 11:57,1,1,0,https://twitter.com/hibit_dev/status/1625101881214222336,2,71334
86455,J'ai interrog?? #ChatGPT ?? propos de la strat??gie de marque employeur. Petit d??brief ! e???e??? https://t.co/S0HOPpAwxz #ia #marqueemployeur #communication #r??seauxsociaux https://t.co/VrKQneQ7EI,199,0,369496384.0,stephane_ozil,1.63e+18,Thu Feb 23 09:43:58 +0000 2023,2023/2/23 9:43,4,3,0,https://twitter.com/stephane_ozil/status/1628692131651919873,7,86456
87683,Binga??s chat mode is now on mobile a?? and you can speak to it https://t.co/xPcFWUQ7Us #AI #ChatGPT #voice #communication #technology #search,142,0,16595207.0,csoleil,1.63e+18,Thu Feb 23 13:06:38 +0000 2023,2023/2/23 13:06,0,0,0,https://twitter.com/csoleil/status/1628743135697469441,0,87684
96596,Join us next Monday to hear from one of our @JHUComm alums as she will discuss AI in comms! #artificialintelligence #chatgpt #communication #freewebinar #jhu https://t.co/sFh1xsBfLC https://t.co/9hjCyGPbOG,205,1,748165308.0,TrishaH_PhD,1.63e+18,Mon Feb 27 19:31:08 +0000 2023,2023/2/27 19:31,0,0,0,https://twitter.com/TrishaH_PhD/status/1630289450096898048,0,96597
