,full_text,text_length,at_num,user_id_str,screen_name,id_str,created_at,publish_time,favorite_count,retweet_count,reply_count,tweet_url,total_heat,tt
10026,Here's a first: #ChatGPT included as a co-author on a peer-reviewed paper (editorial) #medtwitter #AcademicTwitter https://t.co/6Obn2BrhH2 https://t.co/XqzjMIYFPN,162,0,522841266.0,anobelodisho,1.61e+18,Wed Jan 11 18:34:00 +0000 2023,2023/1/11 18:34,175,47,14,https://twitter.com/anobelodisho/status/1613242841630900225,236,10027
15092,A #MedicalJournal Turing Test: A Call for Case Reports Contest Written with the assistance of ChatGPT. How powerful is AI in #academicpublishing? @CureusInc will be the first to find out through our #ChatGPT #casereport contest. https://t.co/bMXXWlv4ui #medtwitter #meded #foamed,279,1,494490561.0,CureusInc,1.62e+18,Tue Jan 17 01:46:00 +0000 2023,2023/1/17 1:46,1,0,0,https://twitter.com/CureusInc/status/1615163497180008448,1,15093
16864,A #MedicalJournal Turing Test: A Call for Case Reports Contest Written with the assistance of ChatGPT. How powerful is AI in #academicpublishing? @CureusInc will be the first to find out through our #ChatGPT #casereport contest. https://t.co/M9tPvZN4gV #medtwitter #cardiology,276,1,1.55e+18,CureusCardiac,1.62e+18,Tue Jan 17 15:15:10 +0000 2023,2023/1/17 15:15,2,0,0,https://twitter.com/CureusCardiac/status/1615367128294592512,2,16865
20383,"I have been using #ChatGPT and think AI is a great asset for medical professionals, with caution. Your thoughts? #medtwitter #ai #chatgpt https://t.co/eFKerVEGcd",161,0,94382017.0,keishaydavis,1.62e+18,Sat Jan 21 15:40:19 +0000 2023,2023/1/21 15:40,2,1,0,https://twitter.com/keishaydavis/status/1616823011323117569,3,20384
47451,"AI models have the potential to ""revolutionize the field of medical writing"" by automating tasks and increasing efficiency throughout the writing process -- at least according to a paper generated by #ChatGPT. 

#medtwitter #aiinhealthcare 

https://t.co/JQyLkFihOR",269,0,8.77e+17,MedReporterMike,1.62e+18,Fri Feb 03 21:09:23 +0000 2023,2023/2/3 21:09,3,2,0,https://twitter.com/MedReporterMike/status/1621616865922498561,5,47452
79598,Write a musical where a melanoma regrets metastasizing and apoptoses #ChatGPT #pathtwitter #medtwitter #pathology #pathologists https://t.co/Uhm5zrEX50,151,0,233394721.0,drdoubleb,1.63e+18,Wed Feb 15 15:45:02 +0000 2023,2023/2/15 15:45,30,5,6,https://twitter.com/drdoubleb/status/1625883892560306177,41,79599
86287,"e?  ? While the #AI learning revolution driven by #ChatGPT deserves to be celebrated, its benefits for #healthcare and #medicine will only be unlocked by society at large through platforms that combine automation and trust.

https://t.co/POVQPXfgMd

#medtwitter #MedEd #science",281,0,1.32e+18,juisci,1.63e+18,Thu Feb 23 09:12:45 +0000 2023,2023/2/23 9:12,1,1,0,https://twitter.com/juisci/status/1628684276173574146,2,86288
