,full_text,text_length,at_num,user_id_str,screen_name,id_str,created_at,publish_time,favorite_count,retweet_count,reply_count,tweet_url,total_heat,tt
52710,"5 Good Reasons Why You Should Track Employees' Attendance https://t.co/dtxUdNKNWb via @YouTube
 #MUFC Jeremiah Kioni Manchester City Eastleigh Nana Henry #ChatGPT NHIF Harry Kane Yaya Toure South Africa Moses Kuria Turkey ECDE Interior CS #NFT #NFL State House",261,1,1.33e+18,RobisearchICT,1.62e+18,Tue Feb 07 09:44:01 +0000 2023,2023/2/7 9:44,3,1,1,https://twitter.com/RobisearchICT/status/1622893940134273029,5,52711
52777,"Wea??ve got the specialized ERP solutions you need to conquer your industry challenges e???0716413386 to Get Started!

#MUFC Jeremiah Kioni Manchester City Eastleigh Nana Henry #ChatGPT NHIF Harry Kane Yaya Toure South Africa Moses Kuria Turkey ECDE Interior CS #NFT #NFL State House https://t.co/yvywQSHMoc",309,0,1.33e+18,RobisearchICT,1.62e+18,Tue Feb 07 09:51:32 +0000 2023,2023/2/7 9:51,6,1,1,https://twitter.com/RobisearchICT/status/1622895830993715201,8,52778
52783,"Wea??ve got the specialized ERP solutions you need to conquer your industry challenges e???0716413386 to Get Started!

#MUFC Jeremiah Kioni Manchester City Eastleigh Nana Henry #ChatGPT NHIF Harry Kane Yaya Toure South Africa Moses Kuria Turkey ECDE Interior CS #NFT #NFL State House https://t.co/kNnbG8mbKJ",309,0,1.33e+18,RobisearchICT,1.62e+18,Tue Feb 07 09:52:06 +0000 2023,2023/2/7 9:52,6,1,2,https://twitter.com/RobisearchICT/status/1622895973906128898,9,52784
53725,"Valentine Deals! Get Sahara Wall Skimming Filler at only 530/=

#MUFC Jeremiah Kioni Manchester City Eastleigh Nana Henry #ChatGPT NHIF Harry Kane Yaya Toure South Africa Moses Kuria Turkey ECDE Interior CS #NFT #NFL State House https://t.co/IyRA3U5Y7y",254,0,1.56e+18,sausentimber,1.62e+18,Tue Feb 07 11:25:15 +0000 2023,2023/2/7 11:25,5,1,0,https://twitter.com/sausentimber/status/1622919415015567364,6,53726
53741,"Gyproc at only at 1600/=
Call/WhatsApp 0758889895 to order!

#MUFC Jeremiah Kioni Manchester City Eastleigh Nana Henry #ChatGPT NHIF Harry Kane Yaya Toure South Africa Moses Kuria Turkey ECDE Interior CS #NFT #NFL State House https://t.co/jAbTWd0P3z",252,0,1.56e+18,sausentimber,1.62e+18,Tue Feb 07 11:26:32 +0000 2023,2023/2/7 11:26,5,2,0,https://twitter.com/sausentimber/status/1622919736903311360,7,53742
53747,"We do Gypsum delivery from wherever you are, Get it at only 750 pp
Call/WhatsApp 0758889895

#MUFC Jeremiah Kioni Manchester City Eastleigh Nana Henry #ChatGPT NHIF Harry Kane Yaya Toure South Africa Moses Kuria Turkey ECDE Interior CS #NFT #NFL State House https://t.co/A6QHKGHIZv",284,0,1.56e+18,sausentimber,1.62e+18,Tue Feb 07 11:27:43 +0000 2023,2023/2/7 11:27,6,3,1,https://twitter.com/sausentimber/status/1622920036309512192,10,53748
