,full_text,text_length,at_num,user_id_str,screen_name,id_str,created_at,publish_time,favorite_count,retweet_count,reply_count,tweet_url,total_heat,tt
58904,#Technology Fantasies https://t.co/atx7EhbKLh #chatgpt #facebook #artificialintelligence #firstprinciples #freedom #evolution #entropy #crypto,142,0,22828899.0,methodeva,1.62e+18,Tue Feb 07 20:12:04 +0000 2023,2023/2/7 20:12,0,0,0,https://twitter.com/methodeva/status/1623051992569348096,0,58905
58982,#Technology Fantasies https://t.co/atx7EhbKLh #facebook #evolution #firstprinciples #crypto #freedom #chatgpt #entropy #artificialintelligence,142,0,22828899.0,methodeva,1.62e+18,Tue Feb 07 20:21:17 +0000 2023,2023/2/7 20:21,0,0,0,https://twitter.com/methodeva/status/1623054312417927172,0,58983
59199,#Technology Fantasies https://t.co/atx7EhbKLh #firstprinciples #artificialintelligence #crypto #evolution #facebook #chatgpt #freedom #entropy,142,0,22828899.0,methodeva,1.62e+18,Tue Feb 07 20:44:47 +0000 2023,2023/2/7 20:44,0,0,0,https://twitter.com/methodeva/status/1623060223786119186,0,59200
59224,#Technology Fantasies https://t.co/atx7EhbKLh #entropy #freedom #facebook #evolution #artificialintelligence #firstprinciples #crypto #chatgpt,142,0,22828899.0,methodeva,1.62e+18,Tue Feb 07 20:47:43 +0000 2023,2023/2/7 20:47,0,0,1,https://twitter.com/methodeva/status/1623060963292246031,1,59225
59240,#Technology Fantasies https://t.co/atx7EhbKLh #entropy #artificialintelligence #chatgpt #firstprinciples #crypto #evolution #freedom #facebook,142,0,22828899.0,methodeva,1.62e+18,Tue Feb 07 20:49:26 +0000 2023,2023/2/7 20:49,0,0,0,https://twitter.com/methodeva/status/1623061395326529542,0,59241
