,full_text,text_length,at_num,user_id_str,screen_name,id_str,created_at,publish_time,favorite_count,retweet_count,reply_count,tweet_url,total_heat,tt
48733,"#Google d??voile #Bard, un robot conversationnel pour concurrencer #ChatGPT (En r??ponse au succ?  s du robot conversationnel da??#OpenAI, la #multinationale lance sa propre version de ces logiciels et pr??voit de la??int??grer dans son moteur de recherche.) : https://t.co/sEpB3h8jXk",284,0,287734431.0,ChristinaHell,1.62e+18,Tue Feb 07 00:20:17 +0000 2023,2023/2/7 0:20,0,0,0,https://twitter.com/ChristinaHell/status/1622752068707528709,0,48734
50510,"#Google d??voile #Bard, sa r??ponse pr??cipit??e ?? #ChatGPT https://t.co/Ew3iMeNHFR https://t.co/JYpqQwPdRE",108,0,76326683.0,Zehub,1.62e+18,Tue Feb 07 05:45:13 +0000 2023,2023/2/7 5:45,0,0,0,https://twitter.com/Zehub/status/1622833842724777986,0,50511
50739,"#Google d??voile #Bard, sa r??ponse pr??cipit??e ?? #ChatGPT | @scoopit via @Zehub https://t.co/njmFgDU70r",106,2,92739201.0,GARREAU75,1.62e+18,Tue Feb 07 06:12:48 +0000 2023,2023/2/7 6:12,1,0,0,https://twitter.com/GARREAU75/status/1622840783291273216,1,50740
51081,"La??#IA va transformer la recherche et ?  a va Bard-er (oui ca??est facile e???)

#Google d??voile #Bard, un robot conversationnel pour concurrencer #ChatGPT a?? via @lemondefr  https://t.co/d1se4fcTij",203,1,110403848.0,Orsey1,1.62e+18,Tue Feb 07 06:50:48 +0000 2023,2023/2/7 6:50,1,2,0,https://twitter.com/Orsey1/status/1622850345691914240,3,51082
52459,"#Google d??voile #Bard, un service exp??rimental d'#IA conversationnelle, aliment?? par LaMDAe??  

Le petit + : Bard a acc?  s au Web, les informations seront actuelles. A la diff??rence de #ChatGPT dont l'information est limit??e ?? 2021

https://t.co/SIAeiFych4",268,0,1.44e+18,iainstitut,1.62e+18,Tue Feb 07 09:19:44 +0000 2023,2023/2/7 9:19,1,0,0,https://twitter.com/iainstitut/status/1622887828421062656,1,52460
52605,"Affrontement dans #IA : #Google d??voile #Bard , un robot conversationnel pour concurrencer #ChatGPT  https://t.co/BmtXzxM2Gr",125,0,95662556.0,OlivierDMR,1.62e+18,Tue Feb 07 09:33:01 +0000 2023,2023/2/7 9:33,1,0,0,https://twitter.com/OlivierDMR/status/1622891171847577600,1,52606
