,full_text,text_length,at_num,user_id_str,screen_name,id_str,created_at,publish_time,favorite_count,retweet_count,reply_count,tweet_url,total_heat,tt
41688,Todo el mundo est?? hablando de la sensaci?3n de la #IA conversadora. Es hora de entender lo que est?? pasando y qu?? es el fen?3meno ChatGPT.?? https://t.co/cK4yydar41 #bots #chatgpt #google #meta #microsoft,208,0,69326345.0,CIOAMERICALAT,1.62e+18,Fri Feb 03 04:56:49 +0000 2023,2023/2/3 4:56,0,1,0,https://twitter.com/CIOAMERICALAT/status/1621372111057977346,1,41689
61420,Todo el mundo est?? hablando de la sensaci?3n de la #IA conversadora. Es hora de entender lo que est?? pasando y qu?? es el fen?3meno ChatGPT.?? https://t.co/cK4yydar41 #bots #chatgpt #google #meta #microsoft,208,0,69326345.0,CIOAMERICALAT,1.62e+18,Thu Feb 09 21:56:49 +0000 2023,2023/2/9 21:56,1,1,0,https://twitter.com/CIOAMERICALAT/status/1623803130365222915,2,61421
71730,Todo el mundo est?? hablando de la sensaci?3n de la #IA conversadora. Es hora de entender lo que est?? pasando y qu?? es el fen?3meno ChatGPT.?? https://t.co/cK4yydar41 #bots #chatgpt #google #meta #microsoft,208,0,69326345.0,CIOAMERICALAT,1.63e+18,Mon Feb 13 12:56:54 +0000 2023,2023/2/13 12:56,0,0,0,https://twitter.com/CIOAMERICALAT/status/1625116806414319618,0,71731
75995,Todo el mundo est?? hablando de la sensaci?3n de la #IA conversadora. Es hora de entender lo que est?? pasando y qu?? es el fen?3meno ChatGPT.?? https://t.co/cK4yydar41 #bots #chatgpt #google #meta #microsoft,208,0,69326345.0,CIOAMERICALAT,1.63e+18,Wed Feb 15 04:56:50 +0000 2023,2023/2/15 4:56,0,0,0,https://twitter.com/CIOAMERICALAT/status/1625720770793013250,0,75996
80362,Todo el mundo est?? hablando de la sensaci?3n de la #IA conversadora. Es hora de entender lo que est?? pasando y qu?? es el fen?3meno ChatGPT.?? https://t.co/cK4yydar41 #bots #chatgpt #google #meta #microsoft,208,0,69326345.0,CIOAMERICALAT,1.63e+18,Wed Feb 15 17:56:49 +0000 2023,2023/2/15 17:56,0,0,0,https://twitter.com/CIOAMERICALAT/status/1625917060529156097,0,80363
