,full_text,text_length,at_num,user_id_str,screen_name,id_str,created_at,publish_time,favorite_count,retweet_count,reply_count,tweet_url,total_heat,tt
15856,"#Microsoft Corp??on Monday said it is widening access to hugely popular software from #OpenAI, a startup it is backing whose futuristic #ChatGPT chatbot has captivated Silicon Valley.

https://t.co/GUojcUIfXk
#Tribune #TribuneTech #Tech",239,0,3315872549.0,ETribuneTech,1.62e+18,Tue Jan 17 08:40:54 +0000 2023,2023/1/17 8:40,0,0,0,https://twitter.com/ETribuneTech/status/1615267910985084928,0,15857
44673,"#Alphabet and #Google CEO, #Sundar Pichai, promised new AI tools for the Google Search engine, as part of a a??code reda?? plan to respond to #ChatGPT. 

https://t.co/I1Mn8nMvhx 
#Tribune #TribuneTech #Tech",209,0,3315872549.0,ETribuneTech,1.62e+18,Fri Feb 03 13:45:45 +0000 2023,2023/2/3 13:45,1,1,0,https://twitter.com/ETribuneTech/status/1621505220244299776,2,44674
63773,"The boss of #Google's search engine warned against the pitfalls of artificial intelligence in chatbots in a newspaper interview published, as Google parent company Alphabet battles to compete with blockbuster app #ChatGPT. 
https://t.co/kCmbhLoL1e 
#Tribune #TribuneTech #Tech",278,0,3315872549.0,ETribuneTech,1.62e+18,Sat Feb 11 07:46:55 +0000 2023,2023/2/11 7:46,0,0,0,https://twitter.com/ETribuneTech/status/1624314021091606528,0,63774
64126,"#Microsoft-backed #OpenAI has kept its hit #ChatGPT app off-limits to users in China, but the app is attracting huge interest in the country, with firms rushing to integrate the technology into their products and launch rival solutions.
https://t.co/VAEMSYvJDy 
#Tribune #Tech",278,0,3315872549.0,ETribuneTech,1.62e+18,Sat Feb 11 09:09:00 +0000 2023,2023/2/11 9:09,0,0,0,https://twitter.com/ETribuneTech/status/1624334676335927298,0,64127
64397,"Popular web browser #Opera, recently shared its plans for AI integration with #ChatGPT. Its parent company, Kunlun Tech, announced the new feature this week. 
https://t.co/9fgz5Tag8g 
#Tribune #TribuneTech #Tech",213,0,3315872549.0,ETribuneTech,1.62e+18,Sat Feb 11 10:11:00 +0000 2023,2023/2/11 10:11,0,0,0,https://twitter.com/ETribuneTech/status/1624350279255588866,0,64398
