,full_text,text_length,at_num,user_id_str,screen_name,id_str,created_at,publish_time,favorite_count,retweet_count,reply_count,tweet_url,total_heat,tt
6922,"Fa dies que treballem amb el nostre nou millor amic, @OpenAlChat ! Aquest xatbot amb IA avan?  ada ens deixa bocabadats amb les seves respostes r??pides i precises. No podem esperar a veure qu?   m??s ??s capa?   de fer! Podria acabar amb Google?

 #ChatGPT #Tecnologia #Catalunya https://t.co/G7WluOX7O8",306,1,1.51e+18,KosmikAcademy,1.61e+18,Mon Jan 09 16:21:05 +0000 2023,2023/1/9 16:21,7,3,0,https://twitter.com/KosmikAcademy/status/1612484615515607042,10,6923
12253,"#marketing #Tecnologia #Data #KDMA

e??? Si eres profesional en ??reas de marketing, el #ChatGPT debe ser parte de tus estrategias digitales. Te cuento por qu??: 

Este sistema, que funciona con #IA puede llegar a suplir muchas de las necesidades digitales dea?|https://t.co/Z3wmNV2kRI",289,0,899492198.0,joseantonioiyo,1.61e+18,Fri Jan 13 15:58:06 +0000 2023,2023/1/13 15:58,0,0,0,https://twitter.com/joseantonioiyo/status/1613928384056139778,0,12254
18589,"Quais os riscos e benef?-cios das tecnologias de IA e como os governos e desenvolvedores est?  o trabalhando para garantir seu uso ??tico e respons??vel.

Nossa conversa com o #ChatGPT ?? uma leitura obrigat?3ria!

#IA #Tecnologia #??ticaAI #Governo https://t.co/10ukR9GX3s",277,0,9.95e+17,b2inn1,1.62e+18,Thu Jan 19 14:15:22 +0000 2023,2023/1/19 14:15,3,1,0,https://twitter.com/b2inn1/status/1616076858176544768,4,18590
18976,"La inteligencia artificial revolucionando la educaci?3n
Jos?? Armando Tavarez @jtavarezr #Tecnologia #ChatGPT #InteligenciaArtificial #IA #EducacionTecnologica

https://t.co/4wauNJZ454",187,1,1.15e+18,ApmPrensa,1.62e+18,Thu Jan 19 16:40:45 +0000 2023,2023/1/19 16:40,0,0,0,https://twitter.com/ApmPrensa/status/1616113442825408512,0,18977
24918,#ChatGPT logra una maestr?-a e???e???e??? #ChatGTP #chatgpt3 #Tecnologia #tecnolog?-a  https://t.co/nUBFhejQx4,110,0,1400231060.0,siempreenred1,1.62e+18,Wed Jan 25 21:44:01 +0000 2023,2023/1/25 21:44,1,0,0,https://twitter.com/siempreenred1/status/1618364088652017665,1,24919
25891,"Robot avvocato rinuncia all'incarco per ripercussioni legali
#ArtificialIntelligence #Causa #ChatBot #ChatGPT #DoNotPay #Futuro #Giustizia #IntelligenzaArtificiale #Legge #Notizia #Notizie #Robot #Startup #TechNews #Technology #Tecnologia #Tribunale

https://t.co/1nlA7bYj0g https://t.co/lZycy5qR9e",301,0,1.01e+18,CeotechI,1.62e+18,Fri Jan 27 07:16:29 +0000 2023,2023/1/27 7:16,3,4,0,https://twitter.com/CeotechI/status/1618870543985397760,7,25892
30348,Acabo de tener una conversaci?3n de 30 minutos con #ChatGPT de @OpenAI. Wow. Les platico pronto en la TV y en Radio. #InteligenciaArtificial #Tecnologia #TuTecnologia,166,1,76710425.0,juanguevaratv,1.62e+18,Sun Jan 29 21:14:30 +0000 2023,2023/1/29 21:14,0,0,0,https://twitter.com/juanguevaratv/status/1619806214497636354,0,30349
32645,"Cada vez melhor! e?  ? #TudoCelular #ChatGPT #Tecnologia #Tech #Not?-cias 
https://t.co/AnNhjoKHBN",99,0,122042593.0,TudoCelular,1.62e+18,Tue Jan 31 15:45:00 +0000 2023,2023/1/31 15:45,4,3,0,https://twitter.com/TudoCelular/status/1620448067492126720,7,32646
39033,"Xiii... e??   #TudoCelular #OpenAI #ChatGPT #IA #AI #Tecnologia #Tech #Not?-cias 
https://t.co/cB7MEZSeTz",106,0,122042593.0,TudoCelular,1.62e+18,Wed Feb 01 17:45:00 +0000 2023,2023/2/1 17:45,3,1,0,https://twitter.com/TudoCelular/status/1620840654019477504,4,39034
39121,"Xiii... e??   #TudoCelular #OpenAI #ChatGPT #IA #AI #Tecnologia #Tech #Not?-cias 
https://t.co/cB7MEZSMJ7",106,0,122042593.0,TudoCelular,1.62e+18,Wed Feb 01 17:59:48 +0000 2023,2023/2/1 17:59,4,1,0,https://twitter.com/TudoCelular/status/1620844378364461058,5,39122
40505,"|#Trending|#GeekZilla #ChatGPT #OpenAI #Geek #Tecnologia #Microsoft

OpenAI lan?  a servi?  o de assinatura para ChatGPT, que d?? prioridade durante hor??rios de pico e novos recursos

https://t.co/g11ilqzbO4",212,0,123954444.0,_GeekZilla,1.62e+18,Wed Feb 01 21:45:55 +0000 2023,2023/2/1 21:45,0,0,0,https://twitter.com/_GeekZilla/status/1620901283598331904,0,40506
43021,"La inteligencia artificial que empujar a cambiar las metodolog?-as de ense?  anza.
https://t.co/D4ejT6QxAL 
#Tecnologia #ChatGPT",130,0,1.62e+18,toptechgo,1.62e+18,Fri Feb 03 09:30:44 +0000 2023,2023/2/3 9:30,2,0,0,https://twitter.com/toptechgo/status/1621441046046543872,2,43022
43313,"Google testa diverse soluzioni basate sull'IA
#ArtificialIntelligence #ChatBot #ChatGPT #Google #Homepage #IntelligenzaArtificiale #LaMDA #Notizia #Notizie #Ricerca #RicercaGoogle #Tech #TechNews #Technology #Tecnologia #Test

https://t.co/EjAKPInYr0 https://t.co/I3RoggIZ4i",277,0,1.01e+18,CeotechI,1.62e+18,Fri Feb 03 10:16:39 +0000 2023,2023/2/3 10:16,5,3,1,https://twitter.com/CeotechI/status/1621452600947232771,9,43314
43317,"Una casa pi?1 efficiente e??? e una vita pi?1 sostenibile e???a????? Ecco come impiegare le nuove tecnologie secondo gli italiani a?????

#IA #ChatGpt #Tecnologia #3febbraio https://t.co/dJ0zcl1F46",199,0,1412056460.0,RapportoCoop,1.62e+18,Fri Feb 03 10:17:52 +0000 2023,2023/2/3 10:17,0,0,0,https://twitter.com/RapportoCoop/status/1621452906858774530,0,43318
43682,"OpenAI, lo strumento per rilevare testi scritti dall'IA non ?   affidabile
#ArtificialIntelligence #ChatGPT #DetectGPT #GPTZero #IntelligenzaArtificiale #Notizia #Notizie #OpenAI #Strumento #Tech #TechNews #Technology #Tecnologia #Tool

https://t.co/WoXGveziZM https://t.co/YBSdjKgNTC",287,0,1.01e+18,CeotechI,1.62e+18,Fri Feb 03 11:17:27 +0000 2023,2023/2/3 11:17,5,3,0,https://twitter.com/CeotechI/status/1621467899457142786,8,43683
45536,"#ChatGPT... ""spiegata facile"" (e con molti esempi pratici di utilizzo!)

https://t.co/saaBVY23Hi

#AI #IA #IntelligenzArtificiale #OpenAI #Tecnologia #Futuro #Youtube",170,0,1.02e+18,TechAway_IT,1.62e+18,Fri Feb 03 15:41:50 +0000 2023,2023/2/3 15:41,0,0,0,https://twitter.com/TechAway_IT/status/1621534435597246465,0,45537
47297,"|#Trending|#GeekZilla #Geek #ChatGPT #AI #Tecnologia #ChatGPTPlayground

Como acessar o ChatGPT de forma mais r??pida e sem filas de espera

https://t.co/ttErtMRExk",168,0,123954444.0,_GeekZilla,1.62e+18,Fri Feb 03 20:36:33 +0000 2023,2023/2/3 20:36,1,0,0,https://twitter.com/_GeekZilla/status/1621608601059053570,1,47298
47520,"O ChatGPT caminha numa linha t?anue entre o risco de terceirizar aquilo que nos faz humanos e a oportunidade de aument??-lo.

#ChatGPT #IA #AI #intelig?anciaArtificial #Tecnologia #singularidade",196,0,29687594.0,_guirangel_,1.62e+18,Fri Feb 03 21:22:42 +0000 2023,2023/2/3 21:22,3,0,0,https://twitter.com/_guirangel_/status/1621620214835159040,3,47521
51938,"Nuevas funciones de IA comenzar??n a implantarse pronto en el buscador de Google, anunci?3 Pichai hoy #Google #SundarPichai #InteligenciaArtificial #GoogleSearch #IA #Tecnologia #IT #ChatGPT #You #Bing
https://t.co/rxDVKiF72J https://t.co/RPgDg8tns4",250,0,208693408.0,jasperrosa,1.62e+18,Tue Feb 07 08:23:14 +0000 2023,2023/2/7 8:23,0,0,0,https://twitter.com/jasperrosa/status/1622873606739877888,0,51939
52246,"??Que es ChatGPT?, ??C?3mo funciona?, ??Curiosadades?, ??Podr?? sustituir a Google Search?

https://t.co/tnXp0apQxD

#ChatGPT #OpenAI #Tecnologia #chatbot #Bard",164,0,7.01e+17,hablandoweb,1.62e+18,Tue Feb 07 08:59:25 +0000 2023,2023/2/7 8:59,2,1,0,https://twitter.com/hablandoweb/status/1622882714964701185,3,52247
55211,Guerra aberta pelo mecanismo de busca do futuro: por que o Google e a Microsoft ficaram obcecados com o ChatGPT https://t.co/QvGU5Kbt4e #Tecnologia #aberta #busca #ChatGPT #ficaram,180,0,1.36e+18,Plu7Oficial,1.62e+18,Tue Feb 07 13:54:37 +0000 2023,2023/2/7 13:54,0,0,0,https://twitter.com/Plu7Oficial/status/1622957003747495938,0,55212
56118,"Olha a?-! e?  ? #TudoCelular #Baidu #ChatGPT #Tecnologia #Tech #Not?-cias 
https://t.co/RFACfy9UUZ",99,0,122042593.0,TudoCelular,1.62e+18,Tue Feb 07 15:18:00 +0000 2023,2023/2/7 15:18,6,0,0,https://twitter.com/TudoCelular/status/1622977988173217796,6,56119
57466,"Novit?? da @Google: lancio del bot di #IntelligenzaArtificiale Bard, un forte concorrente di @OpenAI #ChatGPT e?  ? La tecnologia dietro Bard ?   #LaMDA, un simulatore di conversazione e linguaggio avanzato e??? #Innovazione #Tecnologia #AI

https://t.co/Hi5UA1K6rv",267,2,1.4e+18,AIopenmind,1.62e+18,Tue Feb 07 17:45:22 +0000 2023,2023/2/7 17:45,0,0,0,https://twitter.com/AIopenmind/status/1623015073500303360,0,57467
57703,"O ChatGPT era muito formal, ent?  o algu??m o desbloqueou para criar seu lado obscuro: DAN https://t.co/Ei7TyFUKwD #Tecnologia #algu??m #ChatGPT #criar #dan",156,0,1.36e+18,Plu7Oficial,1.62e+18,Tue Feb 07 18:12:09 +0000 2023,2023/2/7 18:12,0,0,0,https://twitter.com/Plu7Oficial/status/1623021814598475781,0,57704
58666,"Esperava por essa?! e??   #TudoCelular #ChatGPT #Tecnologia #Tech #Google #Not?-cias 
https://t.co/Wpua6kIHjS",110,0,122042593.0,TudoCelular,1.62e+18,Tue Feb 07 19:45:00 +0000 2023,2023/2/7 19:45,6,1,0,https://twitter.com/TudoCelular/status/1623045179773972480,7,58667
58792,"Microsoft Edge ora include tecnologie IA integrate
#App #Bing #Browser #ChatBot #ChatGPT #Edge #IA #Implementazioni #IntelligenzaArtificiale #Internet #Microsoft #MicrosoftEdge #Notizie #Novit?? #OpenAI #Ricerca #Software #Tech #TechNews #Tecnologia #Web

https://t.co/pKNe2pa4ie https://t.co/WlUhhtPQoR",306,0,1.01e+18,CeotechI,1.62e+18,Tue Feb 07 19:59:19 +0000 2023,2023/2/7 19:59,3,3,0,https://twitter.com/CeotechI/status/1623048785508139010,6,58793
61241,"a??O Google e o Movimento Sardinha!a?? by Hilton Vieira
https://t.co/biPPyJX4MU

#Google #Bard #ChatGPT #Intelig?anciaArtificial #MachineLearning #AI #IA #DeepLearning #BigData #DataScience #A?  ?  es #Investimentos #Tecnologia #Inova?  ?  o #FuturoDoTrabalho https://t.co/y2epaRDVQk",286,0,38833158.0,hilvieira,1.62e+18,Thu Feb 09 21:15:41 +0000 2023,2023/2/9 21:15,2,0,0,https://twitter.com/hilvieira/status/1623792779166982148,2,61242
61579,"e?  ?A guerra das m??quinas vai come?  ar, de que lado voc?a est??? #GoogleAI vs #ChatGPT 

https://t.co/giiSeCsCFp

#BardAI #Google #ElonMuskTwitter #openai #gptchat #metaversobrasil #inovacao #Tecnologia #future #ai",221,0,1.61e+18,Openside__,1.62e+18,Thu Feb 09 22:26:34 +0000 2023,2023/2/9 22:26,1,0,0,https://twitter.com/Openside__/status/1623810616686149634,1,61580
61625,"Check out Podiumy's video! #TikTok https://t.co/7a9E3ydBTX
#chatbot #ChatGPT #Tecnologia #trendingvideo",104,0,1.49e+18,podiumy1,1.62e+18,Thu Feb 09 22:36:06 +0000 2023,2023/2/9 22:36,5,5,0,https://twitter.com/podiumy1/status/1623813015589031936,10,61626
61785,"??Sabes exactamente qu?? hace el #ChatGPT ? e?  ? Visita nuestro link en bio y ent??rate e???e??? 
#podiumy #blog #chatbot #Tecnologia #trendingvideo https://t.co/nIvEmGZgXG",174,0,1.49e+18,podiumy1,1.62e+18,Thu Feb 09 23:19:48 +0000 2023,2023/2/9 23:19,4,5,0,https://twitter.com/podiumy1/status/1623824014694133760,9,61786
65632,"Em 2016, alguns meses depois de se tornar CEO do Google, Sundar Pichai fez uma afirma?  ?  o abrangente: o Google, cujo nome se tornou sin?  nimo de pesquisa, agora seria uma empresa a??AI-firsta??. 

#Tecnologia #ChatGPT #OpenAI

https://t.co/g0Z2P2yJjT",258,0,510272910.0,ForbesBR,1.62e+18,Sat Feb 11 14:03:56 +0000 2023,2023/2/11 14:03,5,2,1,https://twitter.com/ForbesBR/status/1624408899880206336,8,65633
67079,"Microsoft mostrer?? la nuova IA simile a ChatGPT in MS Office
#ChatGPT #Excel #IA #Implementazioni #Internet #Microsoft #Microsoft365 #MSOffice #Notizie #Office #Office365 #OpenAI #Outlook #PowerPoint #Prometheus #Sviluppo #TechNews #Tecnologia #Word

https://t.co/fScPSNj5rZ https://t.co/DdbF4YlQFf",302,0,1.01e+18,CeotechI,1.62e+18,Sat Feb 11 18:28:15 +0000 2023,2023/2/11 18:28,4,3,0,https://twitter.com/CeotechI/status/1624475418685218817,7,67080
67774,#Tecnologia #Opera ha revelado algunos de los detalles de c?3mo funcionar?? su navegador basado en #ChatGPT. https://t.co/4NK4WDPUB7 https://t.co/r2jHEvJFsd,156,0,8.25e+17,berlingonzalezs,1.62e+18,Sat Feb 11 21:15:58 +0000 2023,2023/2/11 21:15,0,0,0,https://twitter.com/berlingonzalezs/status/1624517626163494919,0,67775
68530,"Jajajaja en 5 minutos queda e???
.
.
NO COMPRES ESTE TEL??FONO
e???e??? https://t.co/cbJLceu5NN
a?  
a?  
#Memes #Tecnologia #ChatGPT #Humor https://t.co/jcAp67cTV2",171,0,1.28e+18,elhexabyte,1.62e+18,Mon Feb 13 01:35:08 +0000 2023,2023/2/13 1:35,6,2,0,https://twitter.com/elhexabyte/status/1624945232277123073,8,68531
69849,Opera vai integrar ChatGPT em seu navegador como o Microsoft Edge j?? faz: IA quer fazer parte da web https://t.co/nvj6Qm3RyJ #Tecnologia #ChatGPT #como #Edge #faz,163,0,1.36e+18,Plu7Oficial,1.63e+18,Mon Feb 13 07:40:03 +0000 2023,2023/2/13 7:40,0,0,0,https://twitter.com/Plu7Oficial/status/1625037067767136258,0,69850
72476,O segredo obscuro do ChatGPT e do Bard n?  o ?? o que eles inventam e inventam. ?? o que eles contaminam https://t.co/F0el5p2EMG #Tecnologia #Bard #ChatGPT #contaminam #Eles,173,0,1.36e+18,Plu7Oficial,1.63e+18,Mon Feb 13 14:41:32 +0000 2023,2023/2/13 14:41,0,0,0,https://twitter.com/Plu7Oficial/status/1625143137248366593,0,72477
73267,"Estes s?  o os ""leis da rob?3tica"" do novo Bing com ChatGPT: um usu??rio os recebe com um a??prompta?? inteligente https://t.co/S4m6fncPrH #Tecnologia #Bing #ChatGPT #estes #inteligente",185,0,1.36e+18,Plu7Oficial,1.63e+18,Mon Feb 13 16:43:03 +0000 2023,2023/2/13 16:43,0,0,0,https://twitter.com/Plu7Oficial/status/1625173720582217728,0,73268
73916,"Ele t?? chegando! e??? #TudoCelular #Microsoft #Bing #MicrosoftBing #Tecnologia #Tech #ChatGPT #Not?-cias 
https://t.co/dIaTlf0h2L",131,0,122042593.0,TudoCelular,1.63e+18,Mon Feb 13 18:30:40 +0000 2023,2023/2/13 18:30,1,0,0,https://twitter.com/TudoCelular/status/1625200800271110150,1,73917
74152,"Microsoft Bing con ChatGPT sar?? presto su Android e iOS
#Android #Apple #Bing #ChatGPT #Google #IA #IntelligenzaArtificiale #iOS #iPhone #MicrosoftBing #MobileNews #MotoreDiRicerca #Notizie #Novit?? #OpenAI #Smartphone #TechNews #Tecnologia #Telefonia

https://t.co/AgGjs0dEKC https://t.co/IhkU3DJxQN",304,0,1.01e+18,CeotechI,1.63e+18,Mon Feb 13 19:11:42 +0000 2023,2023/2/13 19:11,3,3,0,https://twitter.com/CeotechI/status/1625211127922626577,6,74153
74773,"Pagaria?! e?  ? #TudoCelular #ChatGPT #ChatGPTPlus #Tecnologia #Tech #Not?-cias 
https://t.co/IqVgVihFyE",105,0,122042593.0,TudoCelular,1.63e+18,Mon Feb 13 21:15:00 +0000 2023,2023/2/13 21:15,3,0,0,https://twitter.com/TudoCelular/status/1625242156125523970,3,74774
77818,"""Eu estou ciente de mim mesmo. N?  o. Sim. N?  o. N?  o. Sim. N?  o. Sim. N?  o. N?  o."": o novo Bing com ChatGPT come?  a a delirar https://t.co/RC6RvfLqxe #Tecnologia #Bing #ChatGPT #ciente #come?  a",201,0,1.36e+18,Plu7Oficial,1.63e+18,Wed Feb 15 11:27:09 +0000 2023,2023/2/15 11:27,2,0,0,https://twitter.com/Plu7Oficial/status/1625818996565245954,2,77819
77950,"Come ?   possibile che una tecnologia che auto apprende tenga conto di norme etiche? 
Abbiamo provato a ragionarci... anche con l'aiuto di Chat GPT e??? a????? https://t.co/2L3Su9mxvu

#ai #IntelligenzaArtificiale #iA #etica #informatica #Tecnologia #ChatGPT https://t.co/L6kovp3oWB",285,0,577217627.0,Dilaxia_,1.63e+18,Wed Feb 15 11:51:34 +0000 2023,2023/2/15 11:51,1,0,0,https://twitter.com/Dilaxia_/status/1625825138745769985,1,77951
80747,"e??? En su apuesta por la privacidad, Google ya permite probar Privacy Sandbox en Android: as?- funciona a?  a?  a?  a?  
a?  a?  
a????? https://t.co/fWZu551myxa?  
a?  e???via:  @xataka
a??Att. #WinstonMoran 
#news23 #Tecnologia #ChatGPT #Google #NEWS https://t.co/IRbbbeKPFk",282,1,1.57e+18,WMoran2001,1.63e+18,Wed Feb 15 19:06:44 +0000 2023,2023/2/15 19:06,2,0,0,https://twitter.com/WMoran2001/status/1625934653482799119,2,80748
81876,"Ya esta arriba el nuevo episodio de ""Mundos Imaginarios""

T1. E3. Gotham sin Batman: La victoria del mal

#Entretenimiento #InteligenciaArtificial #Podcast #Historias #Tecnologia #chatgpt #openAI #midjourney #Batman #Joker #comics

https://t.co/aqANHbLlKu",261,0,1.63e+18,mundosia,1.63e+18,Wed Feb 15 23:17:38 +0000 2023,2023/2/15 23:17,0,0,0,https://twitter.com/mundosia/status/1625997795592404992,0,81877
82577,Consiguen que Chat GPT diga lo que realmente piensa y da mucho miedo. #ChatGPT #Chatbot #Miedo #Terror #Horror #Peligro #IA #InteligenciaArtificial #Inteligencia #Artificial #Tecnologia #Technology #Update #ParaTi #Ultimo #Importante #TuFreakyMental #TuFreakyDanny #Viral #Fav https://t.co/7RPskQxgUJ,300,0,1.26e+18,TuFreakyMental,1.63e+18,Sun Feb 19 23:42:09 +0000 2023,2023/2/19 23:42,1,1,0,https://twitter.com/TuFreakyMental/status/1627453515470610432,2,82578
83598,"Retrotechnology

#Memes 
#news 
#javascript #news #programming #Web3 #Crypto  #photo #drone  #Serverless #Hacking #IoT #csharp #dataScientist #Java #cultura #setup #Linux  #NFTs #NodeJS #learning #design #tech #Tecnologia #ChatGPT #Robotics #BigData #Python #business https://t.co/EYAkWXCfW0",295,0,101107945.0,UnnusSystems,1.63e+18,Tue Feb 21 20:00:00 +0000 2023,2023/2/21 20:00,5,2,1,https://twitter.com/UnnusSystems/status/1628122386309718016,8,83599
85925,".

#DataScience spectrum &amp; roles

.
 #news 
#javascript #news #programming #Web3 #Crypto  #photo #drone  #Serverless #Hacking #IoT #csharp 
#AI 
#Java #cultura #setup #Linux  #NFTs #NodeJS #learning #design #tech #Tecnologia #ChatGPT #Robotics #BigData #Python #business https://t.co/EuFXEjRjKI",306,0,101107945.0,UnnusSystems,1.63e+18,Thu Feb 23 08:04:00 +0000 2023,2023/2/23 8:04,8,3,1,https://twitter.com/UnnusSystems/status/1628666973591859201,12,85926
86924,".

SQL cheatsheet 

.

#news #javascript #news #programming #Web3 #Crypto    #Java #cultura #setup #Linux  #NFTs #NodeJS #learning #design #tech #Tecnologia #ChatGPT #Robotics #BigData #Python #business #SQL #photo #drone  #Serverless #Hacking #IoT #csharp #AI https://t.co/upRVnVVNBM",290,0,101107945.0,UnnusSystems,1.63e+18,Thu Feb 23 11:06:00 +0000 2023,2023/2/23 11:06,7,3,1,https://twitter.com/UnnusSystems/status/1628712775143895041,11,86925
87108,Como usar o ChatGPT no celular: as duas melhores alternativas para fazer isso com OpenAI e Bing https://t.co/TArMb4avkD #Tecnologia #alternativas #Bing #celular #ChatGPT,169,0,1.36e+18,Plu7Oficial,1.63e+18,Thu Feb 23 11:38:03 +0000 2023,2023/2/23 11:38,1,0,0,https://twitter.com/Plu7Oficial/status/1628720841520480257,1,87109
87634,".

#SQL Count Function Explained

.

 #news #javascript   #Serverless #Hacking #IoT #csharp #AI  #Java #cultura #setup #programming #Web3 #Crypto  #photo #drone #Linux  #NFTs #NodeJS #learning #design #tech #Tecnologia #ChatGPT #Robotics #BigData #Python #business https://t.co/aiKt7uIb3W",294,0,101107945.0,UnnusSystems,1.63e+18,Thu Feb 23 13:00:00 +0000 2023,2023/2/23 13:00,8,4,1,https://twitter.com/UnnusSystems/status/1628741464330063872,13,87635
89128,"Tecnologia de ponta! e?  ? #TudoCelular #ChatGPT #Microsoft #Edge #MicrosoftEdge #Bing #Skype #Tecnologia #Tech #Not?-cias 
https://t.co/nT1eTCJs7M",148,0,122042593.0,TudoCelular,1.63e+18,Thu Feb 23 16:45:00 +0000 2023,2023/2/23 16:45,2,0,0,https://twitter.com/TudoCelular/status/1628798087840821249,2,89129
89845,"ChatGPT Plus, attenzione a questi client Windows e Android
#Android #App #ChatBot #ChatGPT #ChatGPTPlus #CyberNews #CyberSecurity #Google #Hacker #Malware #Microsoft #Notizie #OpenAI #PlayStore #Programmi #Sicurezza #TechNews #Tecnologia #Windows

https://t.co/3HN82yoQz6 https://t.co/P3IYONcWG7",298,0,1.01e+18,CeotechI,1.63e+18,Thu Feb 23 18:49:22 +0000 2023,2023/2/23 18:49,3,3,0,https://twitter.com/CeotechI/status/1628829387427573761,6,89846
90421,"Eita! e??? #TudoCelular #ChatGPT #Tecnologia #Tech #Not?-cias 
https://t.co/0qwIiZ5i89",87,0,122042593.0,TudoCelular,1.63e+18,Thu Feb 23 21:00:02 +0000 2023,2023/2/23 21:00,1,0,0,https://twitter.com/TudoCelular/status/1628862269319794691,1,90422
91707,"|#Trending|#GeekZilla #Midjourney #Tecnologia #IA #ChatGPT #IA #InteligenciaArtificial 

Midjourney, aprenda como criar prompts dando peso as palavras para obter resultados mais precisos

https://t.co/hXYDM1Lqpv",215,0,123954444.0,_GeekZilla,1.63e+18,Mon Feb 27 01:24:06 +0000 2023,2023/2/27 1:24,1,1,0,https://twitter.com/_GeekZilla/status/1630015888848986112,2,91708
91854,"As?- ser?? nuestro futuro? En manos del #InteligenciaArtificial 

#asgroupasesoria #IATwitter #Tecnologia #ChatGPT #inteligencia #tech #tecnolog?-a",149,0,1.6e+18,ASGroupasesor,1.63e+18,Mon Feb 27 02:19:02 +0000 2023,2023/2/27 2:19,0,0,0,https://twitter.com/ASGroupasesor/status/1630029710074806273,0,91855
91970,".

Firefox Add-ons For Penetration Testers

.

#Python #news #javascript #Serverless #Hacking #IoT #csharp #AI #Java #drone #Linux  #NFTs #NodeJS #learning #design #tech #Tecnologia #ChatGPT #Robotics #BigData #business #setup #programming #Web3 #Crypto #photo https://t.co/TP3KxcMmQr",290,0,101107945.0,UnnusSystems,1.63e+18,Mon Feb 27 03:01:00 +0000 2023,2023/2/27 3:01,9,2,0,https://twitter.com/UnnusSystems/status/1630040272473059330,11,91971
93655,#ChatGPT mania: la??intelligenza artificiale fa scattare un rally globale - Il Sole 24 ORE https://t.co/Qf9CrgM9B7 #AssetManagement #Industria40 #Tecnologia #DigitalTransformation #IT,183,0,3023319622.0,GMTConsultingMI,1.63e+18,Mon Feb 27 10:58:58 +0000 2023,2023/2/27 10:58,2,0,0,https://twitter.com/GMTConsultingMI/status/1630160555561435136,2,93656
94385,".

Best AI tools you can use in daily 

.

 #Python #news #javascript #Serverless #Hacking #IoT #csharp #AI #Java #drone #Linux  #NFTs #NodeJS #learning #design #tech #Tecnologia #ChatGPT    |??   #chatgpt #Robotics #BigData #business #setup #programming #Web3 #Crypto #photo https://t.co/5TCgDeSqFz",305,0,101107945.0,UnnusSystems,1.63e+18,Mon Feb 27 13:27:47 +0000 2023,2023/2/27 13:27,5,3,1,https://twitter.com/UnnusSystems/status/1630198008213061634,9,94386
94716,"Intelig?ancia artificial n?  o pode ser usada no pa?-s, nem atrav??s de ferramentas alternativas.
#Tecnologia #ChatGPT #China #PortaliG
https://t.co/jQeo2beRGb",161,0,14311308.0,iG,1.63e+18,Mon Feb 27 14:25:15 +0000 2023,2023/2/27 14:25,1,0,0,https://twitter.com/iG/status/1630212472329191425,1,94717
95006,".

Windows defender

.

#Windows  #csharp #AI #Java #drone #Linux  #NFTs #NodeJS #Memes #design #tech #Tecnologia #ChatGPT    |??   #chatgpt #Python #news #javascript #Serverless #IoT #Robotics #BigData #business #setup #programming #Web3 #Crypto #photo #hacking #security https://t.co/qOUeCch3kM",302,0,101107945.0,UnnusSystems,1.63e+18,Mon Feb 27 15:08:30 +0000 2023,2023/2/27 15:08,10,0,0,https://twitter.com/UnnusSystems/status/1630223353637117955,10,95007
96068,"*PS2*: O roteiro do ChatGPT para este Marx Comenta est?? na descri?  ?  o do v?-deo no youtube: https://t.co/T5wZhtDYIu

#IA #Intelig?anciaArtificial #ChatGPT #Tecnologia #Marx #MarxComenta #MarxCarioca #MaisValia #Socialismo #Comunismo #Esquerda",248,0,1.25e+18,MarxComenta,1.63e+18,Mon Feb 27 17:40:59 +0000 2023,2023/2/27 17:40,4,1,0,https://twitter.com/MarxComenta/status/1630261728565927936,5,96069
96353,"Confira o novo artigo da #BingX sobre o potencial da #Intelig?anciaArtificial e #criptomoedas! e???

A IA pode ser a pr?3xima grande novidade no setor de criptomoedas. e?  ?

Quer saber mais? 

Leia agorae???https://t.co/yizBWJqlTt

#ChatGPT #Tecnologia #Inova?  ?  o https://t.co/3g0R0pjQEV",299,0,1.4e+18,BingXPortuguese,1.63e+18,Mon Feb 27 18:40:35 +0000 2023,2023/2/27 18:40,1,0,0,https://twitter.com/BingXPortuguese/status/1630276725526392832,1,96354
96917,".

IT &amp; Sales department

.

#MarketingDigital #Windows  #csharp #Web3 #Crypto #photo #hacking #security #AI #Java #drone #Linux  #NFTs #NodeJS #Memes #design #tech #Tecnologia #ChatGPT #Python #news #javascript #Serverless #IoT #BigData #business #setup #programming https://t.co/pqPpBepCkH",301,0,101107945.0,UnnusSystems,1.63e+18,Mon Feb 27 20:56:17 +0000 2023,2023/2/27 20:56,7,3,2,https://twitter.com/UnnusSystems/status/1630310878582128640,12,96918
97138,"Snapchat lanza un chat bot basado en Chat GPT #ChatGPT #SnapMyAI #Snapchat #Snapinc #AI #ArtificialInteligence #Artificial_Intelligence #IA #InteligenciaArtificial #Tecnologia #BARD  #Bing #Edge #Google #Microsoft #MicrosftAzure #MyAI
https://t.co/NgqYNzNFoZ https://t.co/8SMpYQGQkn",283,0,208693408.0,jasperrosa,1.63e+18,Mon Feb 27 22:02:08 +0000 2023,2023/2/27 22:02,0,0,0,https://twitter.com/jasperrosa/status/1630327447668367372,0,97139
