,full_text,text_length,at_num,user_id_str,screen_name,id_str,created_at,publish_time,favorite_count,retweet_count,reply_count,tweet_url,total_heat,tt
46239,"Turing help US #startups &amp; #enterprises hire pre-vetted #remote #microsoft developers. MATCH &amp; Hire in 3-5 days, https://t.co/9NMfG3ARrB https://t.co/FWrEHoASDp #azure #chatgpt #google #apple #cloud #hr #cloudcomputing #startup #data4good #salesforce #iot #ai #cloud #hrtech #job",287,0,7.8e+17,martinhoyes,1.62e+18,Fri Feb 03 17:28:54 +0000 2023,2023/2/3 17:28,3,2,0,https://twitter.com/martinhoyes/status/1621561377541459968,5,46240
46274,#microsoft #cloudcomputing https://t.co/9NMfG3ARrB https://t.co/FWrEHoASDp https://t.co/d4OXWiAwVG #azure #chatgpt #google #apple #cloud #hr #startup #data4good #salesforce #iot #ai #hrtech #hiring #recruitment #jobs #job #datascience #recruiting #bigdata #analytics #python,274,0,7.8e+17,martinhoyes,1.62e+18,Fri Feb 03 17:34:30 +0000 2023,2023/2/3 17:34,4,3,0,https://twitter.com/martinhoyes/status/1621562788161421312,7,46275
46679,"#php #coding https://t.co/9NMfG3ARrB https://t.co/WrOlCdD4fE https://t.co/d4OXWiAwVG #javascript #python #java #microsoft #azure #chatgpt #google #apple #cloud #hr #startup #data4good #salesforce #iot #ai #hrtech #hiring #recruitment #jobs #job #datascience #recruiting  
#aws",277,0,7.8e+17,martinhoyes,1.62e+18,Fri Feb 03 18:39:14 +0000 2023,2023/2/3 18:39,2,2,0,https://twitter.com/martinhoyes/status/1621579078188032000,4,46680
46688,"#php #coding https://t.co/9NMfG3ARrB 
https://t.co/WrOlCdD4fE
https://t.co/d4OXWiAwVG #javascript #python #java #microsoft
#azure #chatgpt #google #apple #cloud #hr
#startup #data4good #salesforce #iot #ai #hrtech 
#hiring #recruitment #jobs #job #datascience #recruiting #aws",281,0,7.8e+17,martinhoyes,1.62e+18,Fri Feb 03 18:40:58 +0000 2023,2023/2/3 18:40,2,2,0,https://twitter.com/martinhoyes/status/1621579513317699587,4,46689
47256,#php #coding https://t.co/4Kqav6PA9W https://t.co/PrbRsueEkj https://t.co/8Z3qRRV45M #javascript #python #java #microsoft #azure #chatgpt #google #apple #cloud #hr #startup #data4good #salesforce #iot #ai #hrtech #hiring #recruitment #jobs #job #datascience #recruiting #aws,274,0,1.13e+18,hcm_tech,1.62e+18,Fri Feb 03 20:27:12 +0000 2023,2023/2/3 20:27,2,2,0,https://twitter.com/hcm_tech/status/1621606249786904576,4,47257
47266,#php #coding https://t.co/4Kqav6PA9W https://t.co/PrbRsueEkj https://t.co/8Z3qRRV45M #javascript #python #java #microsoft #azure #chatgpt #google #apple #cloud #hr #startup #data4good #salesforce #iot #ai #hrtech #hiring #recruitment #jobs #job #datascience #recruiting #aws,274,0,1.13e+18,hcm_tech,1.62e+18,Fri Feb 03 20:29:37 +0000 2023,2023/2/3 20:29,2,2,0,https://twitter.com/hcm_tech/status/1621606858753724416,4,47267
47308,#php #coding https://t.co/4Kqav6PA9W https://t.co/PrbRsueEkj https://t.co/8Z3qRRV45M #javascript #python #java #microsoft #azure #chatgpt #google #apple #cloud #hr #startup #data4good #salesforce #iot #ai #hrtech #hiring #recruitment #jobs #job #datascience #recruiting #aws,274,0,1.13e+18,hcm_tech,1.62e+18,Fri Feb 03 20:38:44 +0000 2023,2023/2/3 20:38,4,2,0,https://twitter.com/hcm_tech/status/1621609153168019456,6,47309
57503,#data4good #datascience https://t.co/hwRfoXl2T9 https://t.co/5GxKm1cFkd https://t.co/d4OXWiAwVG #microsoft #chatgpt #data #ai #bigdata #javascript #python #java #azure #google #apple #cloud #hr #startup #salesforce #iot #hrtech #hiring #recruitment #jobs #recruiting #startups,276,0,7.8e+17,martinhoyes,1.62e+18,Tue Feb 07 17:49:48 +0000 2023,2023/2/7 17:49,3,3,0,https://twitter.com/martinhoyes/status/1623016189927763969,6,57504
60813,#data4good #datascience https://t.co/9NMfG3ARrB https://t.co/d4OXWiAwVG #data #ai #salesforce #sales #crm #remote #job #hrtech #hr #bigdata #machinelearning #startup #cloudcomputing #cloud #futureofwork #humanresources #csuite #startups #microsoft #chatgpt #azure #google #apple,278,0,7.8e+17,martinhoyes,1.62e+18,Thu Feb 09 19:54:48 +0000 2023,2023/2/9 19:54,2,2,0,https://twitter.com/martinhoyes/status/1623772424172081153,4,60814
61877,#data4good #datascience https://t.co/9NMfG3ARrB https://t.co/BgrTguP8pf #data #ai #salesforce #sales #crm #remote #job #hrtech #hr #bigdata #machinelearning #startup #cloudcomputing #cloud #futureofwork #humanresources #csuite #startups #microsoft #chatgpt #azure #google #apple,278,0,7.8e+17,martinhoyes,1.62e+18,Thu Feb 09 23:36:24 +0000 2023,2023/2/9 23:36,2,2,0,https://twitter.com/martinhoyes/status/1623828190417522688,4,61878
61886,#data4good #datascience https://t.co/9NMfG3ARrB https://t.co/BgrTguP8pf #data #ai #salesforce #sales #crm #remote #job #hrtech #hr #bigdata #machinelearning #startup #cloudcomputing #cloud #futureofwork #humanresources #csuite #startups #microsoft #chatgpt #azure #google #apple,278,0,7.8e+17,martinhoyes,1.62e+18,Thu Feb 09 23:38:13 +0000 2023,2023/2/9 23:38,2,6,0,https://twitter.com/martinhoyes/status/1623828646246125568,8,61887
