,full_text,text_length,at_num,user_id_str,screen_name,id_str,created_at,publish_time,favorite_count,retweet_count,reply_count,tweet_url,total_heat,tt
5824,"Artificial intelligence     ?    ?     ?    2   琛?   ?     台   ?    2    ?     ?    ?    ?    ?    ?    a    ?    ?    ? (ChatGPT)     ?    ?     ?   琛?    |    ?   琛?   ?    ?     ?    ?    ?    ?          ?    ?    悒? ?    ?    ?   琛?   2    ?    ?     -    ?     ?    ?    ?    瑷? ?    ?    ?    2     ?          悒? 1    ?     1    ?    ?       

    a    ?    悒? ?     ?    ?    ?          a    楱? ?   琛?   ?     ?    ?     2    ?    ?    琛?   ?    ?    ?     ?    ?    2    ?    ?     ?    悒? ?    ? e???
https://t.co/yHnALzI2cd
.
.
.
.
.
#ChatGPT #cybercrime #data #CyberAttack #cybercriminals #LatestNews #moneycontrolhindi https://t.co/3TmiBQKgO6",663,0,1.16e+18,MoneycontrolH,1.61e+18,Mon Jan 09 04:50:07 +0000 2023,2023/1/9 4:50,7,0,1,https://twitter.com/MoneycontrolH/status/1612310725967638529,8,5825
6282,"Cybercriminals are using the artificial intelligence-driven ChatGPT to create malicious tools and facilitate fraud.

#artificialintelligence #maliciouscode #threatactor #security #cybercriminals #OpenAIChatGPT #openai #ChatGPT https://t.co/aOAsJVDk2S",252,0,1.28e+18,QuiteHacker,1.61e+18,Mon Jan 09 10:30:30 +0000 2023,2023/1/9 10:30,3,1,0,https://twitter.com/QuiteHacker/status/1612396387546677248,4,6283
7750,"Attention ?? l'arnaque des nouveaux chat.I.A e?  ?
https://t.co/eDJxq66Hhx
#arnaque #iA #cybercriminals #CyberAttack #ChatGPT #escroquerie",140,0,205253322.0,dimosraikoudis,1.61e+18,Wed Jan 11 00:49:02 +0000 2023,2023/1/11 0:49,0,1,0,https://twitter.com/dimosraikoudis/status/1612974833876312066,1,7751
10785,"Los #Cibercriminales comienzan a utilizar #Chatgpt 

Caso 1 a?? Creando #Infostealer
Caso 2: creaci?3n de #herramientas de #cifrado
Caso 3: facilitando ChatGPT para #actividades #fraudulentas 

https://t.co/lAquoc2jMw

#cybersec #cybersecurity #cybercriminals #newtools",277,0,91358008.0,kiirtanrosario,1.61e+18,Fri Jan 13 01:53:41 +0000 2023,2023/1/13 1:53,1,2,0,https://twitter.com/kiirtanrosario/status/1613715877383503873,3,10786
13411,"a????? Cybercriminals Using #ChatGPT to Build Hacking Tools, Write Code

https://t.co/BXXFVDEbAm

#cybersecurity #infosec #riskmanagement #threatmanagement #CISO #cyberattacks #cyberrisk #DataRisk #cybercriminals #OpenAI #chatbot #ChatGPT #hacking #tools 

@Dhananjaya_N",276,1,1.23e+18,ciso360,1.61e+18,Sun Jan 15 04:09:57 +0000 2023,2023/1/15 4:09,5,6,0,https://twitter.com/ciso360/status/1614474948214673408,11,13412
