,full_text,text_length,at_num,user_id_str,screen_name,id_str,created_at,publish_time,favorite_count,retweet_count,reply_count,tweet_url,total_heat,tt
35998,"Great news for Universities and Schools worldwide, @OpenAI We need to embrace this evolution in the classroom and feel comfortable with it... 
#LLM #ResponsibleAI #ChatGPT",172,1,382286593.0,WagnerMoll,1.62e+18,Wed Feb 01 09:16:56 +0000 2023,2023/2/1 9:16,0,0,0,https://twitter.com/WagnerMoll/status/1620712793698881538,0,35999
55905,"Generative AI systems have a higher degree of ethical risk exposure than other AI solutions
#AI #ChatGPT #ResponsibleAI #AIEthics",130,0,12041632.0,w_j_roberts,1.62e+18,Tue Feb 07 14:58:33 +0000 2023,2023/2/7 14:58,0,1,0,https://twitter.com/w_j_roberts/status/1622973092682412033,1,55906
74688,https://t.co/wUBffIZZnS. Join us in advancing the future with responsible AI! Learn more about this exciting topic and register for our virtual event on March 10th. Use the promo code AFSFREE for free admission. #ResponsibleAI #ChatGPT Register now! https://t.co/OPdqTqJOmr https://t.co/QR1BtGBayJ,297,0,1.55e+18,Americas_FS,1.63e+18,Mon Feb 13 21:00:18 +0000 2023,2023/2/13 21:00,2,0,0,https://twitter.com/Americas_FS/status/1625238457160200220,2,74689
77112,"""Scaling generative AI responsibly is not a #technology dilemma in as much as a people problem""a??

Caryn Lusinchi shares her expert opinion on the forgotten human part in the hype of #GenerativeAIe?  ?

#ResponsibleAI #AINews #ChatGPT #AIScalability

https://t.co/OsR3SF2eOy",281,0,8.08e+17,SwissCognitive,1.63e+18,Wed Feb 15 09:20:11 +0000 2023,2023/2/15 9:20,3,1,0,https://twitter.com/SwissCognitive/status/1625787042880684036,4,77113
85021,Microsoft Has Lobotomized the AI That Went Rogue https://t.co/die6CpfBQV #AI #ResponsibleAI #ChatGPT #Bing,106,0,1976317832.0,rbukralia,1.63e+18,Thu Feb 23 04:35:21 +0000 2023,2023/2/23 4:35,0,0,0,https://twitter.com/rbukralia/status/1628614467519975425,0,85022
88399,"Generative AI systems have a higher degree of ethical risk exposure than other AI solutions
#AI #ChatGPT #ResponsibleAI #AIEthics",130,0,1.57e+18,mauroasfilho,1.63e+18,Thu Feb 23 14:51:28 +0000 2023,2023/2/23 14:51,1,0,1,https://twitter.com/mauroasfilho/status/1628769518628511744,2,88400
90799,"AI-driven talent intelligence is the omnichannel solution that empowers HR leaders to be creative and efficient.

More Top 5 HR Trends for 2023: https://t.co/NGAXDSkHZk

#AI #HR #HRtech #talentintelligence #ResponsibleAI #ChatGPT #skills #talentacquisition #talentmanagement https://t.co/B8ac2OvQUa",302,0,1.31e+18,RetrainAi,1.63e+18,Thu Feb 23 22:36:00 +0000 2023,2023/2/23 22:36,1,0,0,https://twitter.com/RetrainAi/status/1628886418444410882,1,90800
