,full_text,text_length,at_num,user_id_str,screen_name,id_str,created_at,publish_time,favorite_count,retweet_count,reply_count,tweet_url,total_heat,tt
65172,#Bing avec #ChatGPT est trop bavard : il d??voile son vrai nom et ses consignes secr?  tes https://t.co/30jzg5MDS2 https://t.co/OyM76jLbKE,138,0,76326683.0,Zehub,1.62e+18,Sat Feb 11 12:53:29 +0000 2023,2023/2/11 12:53,0,0,0,https://twitter.com/Zehub/status/1624391170427060225,0,65173
65873,#Bing avec #ChatGPT est trop bavard : il d??voile son vrai nom et ses consignes secr?  tes  https://t.co/LfLPl2YE6y,115,0,94887003.0,ang_l_,1.62e+18,Sat Feb 11 14:45:01 +0000 2023,2023/2/11 14:45,0,0,0,https://twitter.com/ang_l_/status/1624419238269140994,0,65874
67793,"Le nouveau #Bing avec #ChatGPT re?  oit des montagnes d'inscriptions sur liste d'attente, dont la v?  tre ? via @Clubic https://t.co/asQobVwZRA https://t.co/ozPh25Z9BV",167,1,48130604.0,ChanPerco,1.62e+18,Sat Feb 11 21:22:00 +0000 2023,2023/2/11 21:22,2,4,1,https://twitter.com/ChanPerco/status/1624519141775515648,7,67794
71379,#Bing avec #ChatGPT est trop bavard : il d??voile son vrai nom et ses consignes secr?  tes https://t.co/TOq4LcoQfa via @Numerama,128,1,49946458.0,benjaminyeurch,1.63e+18,Mon Feb 13 12:01:59 +0000 2023,2023/2/13 12:01,0,1,0,https://twitter.com/benjaminyeurch/status/1625102985683410950,1,71380
77419,"#Bing avec #ChatGPT : les premiers utilisateurs s'en donnent ?? c??ur joie et font d??railler l'#IA 
#search #Innovation #ia
https://t.co/qacbSY4L2R",150,0,3769323263.0,LucSpighel,1.63e+18,Wed Feb 15 10:11:23 +0000 2023,2023/2/15 10:11,0,0,0,https://twitter.com/LucSpighel/status/1625799927585550337,0,77420
