,full_text,text_length,at_num,user_id_str,screen_name,id_str,created_at,publish_time,favorite_count,retweet_count,reply_count,tweet_url,total_heat,tt
75913,"a????????Chatting Time???

#OpenAI &amp; #ChatGPT CEO says #AI will make a lot of people rich.
Do you agree?

#JingleMining #Crypto #BNB #ETH #BTC #DeFi #Web3 #joker2 #KalibBoone #WillTrent #Zacha #VDay #Wisconsin #Oshie #Jinder #Essegian #Floki #Monica #RHONJ #kubball #Bruins #Juwan https://t.co/hG1UZNX0W2",313,0,1.46e+18,JingleMining,1.63e+18,Wed Feb 15 04:27:12 +0000 2023,2023/2/15 4:27,2,0,1,https://twitter.com/JingleMining/status/1625713310082682882,3,75914
77605,"Today was my farewell. I wrote the speech which was co authored by Chatgpt and gave shout out to @elonmusk at the end. Everyone was amazed !!

#ElonMusk #chatgpt #AI #5GSpeed #technology #CEOofTwitter #Floki #No.1 #NalandaVidyalayaclass2023 https://t.co/vp6L3pDTLE",266,1,1.5e+18,abhihraval,1.63e+18,Wed Feb 15 10:42:19 +0000 2023,2023/2/15 10:42,4,0,0,https://twitter.com/abhihraval/status/1625807714738917379,4,77606
78089,"AI Floki e?  ?e??? follows in the footsteps of Floki Inu??in giving utility to its ecosystem via artificial intelligence, rather than just a meme coin.

Learn more $AIFLOKI e???e???
e??3Linktree: https://t.co/o5cHnumeDR

#AIFloki #Floki #ElonMusk #Crypto #ChatGPT #Binance #BSCGems #memecoin https://t.co/3GNgCc2OHJ",320,0,1.58e+18,AIFloki_io,1.63e+18,Wed Feb 15 12:16:03 +0000 2023,2023/2/15 12:16,1210,1343,1113,https://twitter.com/AIFloki_io/status/1625831302355357697,3666,78090
79149,$PBTS #AI Powerbridge Becomes Latest Company To Tap ChatGPT Tech For Educational Services https://t.co/4FLSMi23yL via @YahooFinance #Floki #AirIndia #KuCoin #Huobi #BLUR $TSM $GOLD $ABNB $DVN $UPST #AI #artificialintelligence #ChatGPT #ChatGPT3HigherEd,252,1,2417925421.0,DACE0325,1.63e+18,Wed Feb 15 14:41:28 +0000 2023,2023/2/15 14:41,2,2,0,https://twitter.com/DACE0325/status/1625867897246556160,4,79150
79152,$PBTS Powerbridge Technologies Unveils Plans to Leverage ChatGPT Technology for Early Childhood Education https://t.co/3Ep7pmaZ6y via @YahooFinance #Floki #AirIndia #KuCoin #Huobi #BLUR $TSM $GOLD $ABNB $DVN $UPST #AI #artificialintelligence #ChatGPT #ChatGPT3HigherEd,268,1,2417925421.0,DACE0325,1.63e+18,Wed Feb 15 14:41:53 +0000 2023,2023/2/15 14:41,0,1,0,https://twitter.com/DACE0325/status/1625868003630784513,1,79153
79156,$PBTS 10 Hot Tech Stocks To Buy Now https://t.co/PHO9qDcgr0 via @YahooFinance #Floki #AirIndia #KuCoin #Huobi #BLUR $TSM $GOLD $ABNB $DVN $UPST #AI #artificialintelligence #ChatGPT #ChatGPT3HigherEd,198,1,2417925421.0,DACE0325,1.63e+18,Wed Feb 15 14:42:17 +0000 2023,2023/2/15 14:42,0,0,0,https://twitter.com/DACE0325/status/1625868102322855936,0,79157
79159,$PBTS 10 Best AI Penny Stocks Under $1 https://t.co/2LMXbyrCMD via @YahooFinance #Floki #AirIndia #KuCoin #Huobi #BLUR $TSM $GOLD $ABNB $DVN $UPST #AI #artificialintelligence #ChatGPT #ChatGPT3HigherEd,201,1,2417925421.0,DACE0325,1.63e+18,Wed Feb 15 14:42:37 +0000 2023,2023/2/15 14:42,0,1,0,https://twitter.com/DACE0325/status/1625868187068669953,1,79160
92610,"#Bitcoina?  #cryptocurrency #BingX #BTCUSDT #Ethereum #btca?  a?  a?  a?  a?  a?  a?  a?  a?   #ChatGPT #Floki #SHIB #AI
e?  ?Three months discount on trading fees e???
https://t.co/HYsuxIdrCO",194,0,2679482526.0,saeed_ghotby,1.63e+18,Mon Feb 27 06:45:45 +0000 2023,2023/2/27 6:45,1,0,4,https://twitter.com/saeed_ghotby/status/1630096831697891328,5,92611
95816,"#Bitcoina?  a?  a?  a?  #cryptocurrency #BingX #BTCUSDT #Ethereum #btca?  a?  a?  a?  a?  a?  a?  a?  a?  a?  a?  a?   #ChatGPT #Floki #SHIB #AI
e?  ?Three months discount on trading fees e???
https://t.co/HYsuxIdrCO",218,0,2679482526.0,saeed_ghotby,1.63e+18,Mon Feb 27 17:00:47 +0000 2023,2023/2/27 17:00,1,0,1,https://twitter.com/saeed_ghotby/status/1630251610524794882,2,95817
