,full_text,text_length,at_num,user_id_str,screen_name,id_str,created_at,publish_time,favorite_count,retweet_count,reply_count,tweet_url,total_heat,tt
14445,"My career is skyrocketing!
2022 is behind us, but my career journey is far from even slowing down.
Here is my #CareerSnapshot by @Cutshort.
https://t.co/Z9Wm7nTaeg #CareerGrowth #NotJobsButCareers #Skills #Network #Growth #chatGPT 

Liked this AI-Based snap using Academic inputs.",285,1,1.35e+18,HarshitGTweets,1.61e+18,Sun Jan 15 17:15:22 +0000 2023,2023/1/15 17:15,3,0,0,https://twitter.com/HarshitGTweets/status/1614672603121356800,3,14446
14489,"My career is skyrocketing!
2022 is behind us, but my career journey is far from even slowing down.
Here is my #CareerSnapshot by @Cutshort.
https://t.co/IB7vov5RX5 #CareerGrowth #NotJobsButCareers #Skills #Network #Growth #chatGPT",233,1,379099174.0,harshaltikkas,1.61e+18,Sun Jan 15 17:43:00 +0000 2023,2023/1/15 17:43,2,0,0,https://twitter.com/harshaltikkas/status/1614679557134774273,2,14490
15895,"My career is skyrocketing!
2022 is behind us, but my career journey is far from even slowing down.
Here is my #CareerSnapshot by @Cutshort.
https://t.co/eKsvRzskmt #CareerGrowth #NotJobsButCareers #Skills #Network #Growth #chatGPT",233,1,23989541.0,Rappermaddy,1.62e+18,Tue Jan 17 08:56:33 +0000 2023,2023/1/17 8:56,1,0,0,https://twitter.com/Rappermaddy/status/1615271848543154179,1,15896
19328,"My career is skyrocketing!
2022 is behind us, but my career journey is far from even slowing down.
Here is my #CareerSnapshot by @Cutshort.
https://t.co/12kNPGByET #CareerGrowth #NotJobsButCareers #Skills #Network #Growth #chatGPT",233,1,1882099435.0,dvgdoc,1.62e+18,Thu Jan 19 19:02:07 +0000 2023,2023/1/19 19:02,0,0,0,https://twitter.com/dvgdoc/status/1616149017662197761,0,19329
79195,"Worried that #AI might take away your job?
Here's how to turn a threat into an opportunity, starting from #ChatGPT  by @OpenAI 
#Chatbots #careertalk #jobsearch #CareerGoals #CareerGrowth #CareerAdvice
https://t.co/P8Gu6fFqCR",228,1,1.63e+18,BlogSafa,1.63e+18,Wed Feb 15 14:48:18 +0000 2023,2023/2/15 14:48,1,1,0,https://twitter.com/BlogSafa/status/1625869618110660608,2,79196
