,full_text,text_length,at_num,user_id_str,screen_name,id_str,created_at,publish_time,favorite_count,retweet_count,reply_count,tweet_url,total_heat,tt
7851,A poem about UMG CEO  Sir Lucian Grainge by ChatGPT https://t.co/rqFweFT5UQ #AI #ChatGPT #musicbiz #music #musicbusiness #musicnews #UMG @OpenAI @ChatGPTChef,157,2,15448517.0,hypebot,1.61e+18,Wed Jan 11 02:00:59 +0000 2023,2023/1/11 2:00,1,0,1,https://twitter.com/hypebot/status/1612992940560842753,2,7852
8033,I would love to see someone bring this song to life - maybe someone like @smokeyymusic or @indefatigableth ? It's an epic song that no one knows or has ever heard. No one wrote it and since I'm not a musician no one has ever played it.  #music #web3 #chatgpt #chatgptsongchallenge,280,2,1008834907.0,vagobond,1.61e+18,Wed Jan 11 04:19:36 +0000 2023,2023/1/11 4:19,4,0,1,https://twitter.com/vagobond/status/1613027824444768257,5,8034
9329,"@angeliquekidjo has demonstrated to the world, that you dont have to be half naked or naked to be an awesome musician or entertainer. Young musicians need to learn about being self contented.
#GoldenGlobes2023 #instagramdown #Nigeria #benin #music #media #ChatGPT #Wednesday https://t.co/gs0bTzOp4U",299,1,255748742.0,st_sammie,1.61e+18,Wed Jan 11 14:36:19 +0000 2023,2023/1/11 14:36,3,2,0,https://twitter.com/st_sammie/status/1613183027680808960,5,9330
10713,The next evolution in music will be AI 100% e??   e??   #music #producers #Flstudio #BeatMaker #rapper #ai #technology #ChatGPT #ArtificialIntelligence #Creative,161,0,3707686212.0,TREMORTRAV,1.61e+18,Fri Jan 13 00:43:19 +0000 2023,2023/1/13 0:43,3,0,0,https://twitter.com/TREMORTRAV/status/1613698169862488064,3,10714
11175,"Check out this Amazing Thread of my Experiments with writing Prompts !

#music #midjourney #midjourneyV4 #AI #ChatGPT  #AIart #ArtificialIntelligence #Trending #art #future",174,0,1.54e+18,KenaazPatel,1.61e+18,Fri Jan 13 07:25:41 +0000 2023,2023/1/13 7:25,8,1,0,https://twitter.com/KenaazPatel/status/1613799427948388353,9,11176
13500,"just published a new article on Medium 'ChatGPT: The Artistsa?? Artificial Intelligence Assistant'...

Check it out here e??? https://t.co/7F1hzJs1aj 

#ChatGPT #artist #AI #Medium #mediumwriters #writers #music #actorslife #creativity #Innovations @Medium @OpenAI https://t.co/115HUETLOJ",292,2,1.27e+18,StevenL88611859,1.61e+18,Sun Jan 15 05:36:05 +0000 2023,2023/1/15 5:36,3,0,0,https://twitter.com/StevenL88611859/status/1614496624398553093,3,13501
15095,"A fan of Australian musician Nick Cave asked ChatGPT to write the lyrics to a song in the style of Nick Cavea?| and then sent them to Nick Cave to look at: https://t.co/zVvCPXtsyf
#NickCave #music #lyrics #AI #ChatGPT",218,0,6824692.0,dis_dot_com,1.62e+18,Tue Jan 17 01:47:13 +0000 2023,2023/1/17 1:47,0,0,0,https://twitter.com/dis_dot_com/status/1615163800940081153,0,15096
16089,"Check out this Amazing Thread of my Experiments with writing Prompts !

#music #midjourney #midjourneyV4 #AI #ChatGPT  #AIart #ArtificialIntelligence #Trending #art #future",174,0,1.54e+18,KenaazPatel,1.62e+18,Tue Jan 17 10:11:11 +0000 2023,2023/1/17 10:11,4,0,0,https://twitter.com/KenaazPatel/status/1615290631282380801,4,16090
16724,Nick Cave Slams Artificial Intelligence Nick Cave Songs &gt;&gt; https://t.co/ysm3mY4uP1 &lt;&lt; The artist's distinctive songs have become popular for those using AI to try to make their own versions of his songs. #AI #ArtificialIntelligence #ChatGPT #music #NickCave #tech #technology https://t.co/IMGQjgrIMR,311,0,1.6e+18,aibrief,1.62e+18,Tue Jan 17 14:30:05 +0000 2023,2023/1/17 14:30,1,0,0,https://twitter.com/aibrief/status/1615355782404657152,1,16725
16735,"""ChatGPT has no inner being, it has been nowhere, it has endured nothing, it has not had the audacity to reach beyond its limitations, and hence it doesn't have the capacity for a shared transcendent experience."" #AI #data #art #music #ChatGPT #NickCave 

https://t.co/TM8I0ufMkX",281,0,4166755647.0,eQuality_ca,1.62e+18,Tue Jan 17 14:32:06 +0000 2023,2023/1/17 14:32,2,0,0,https://twitter.com/eQuality_ca/status/1615356291685171202,2,16736
19477,"WAKE UP! a?????

AI generates art, music, and literature...
...We are living in a new RENAISSANCE! e??  e??-

...and this one will blow the other out of the water!

#art #music #film #poetry #theater #culture #ai #artificialintelligence #openai #chatgpt",260,0,1.61e+18,AIProfitInsider,1.62e+18,Thu Jan 19 20:11:09 +0000 2023,2023/1/19 20:11,2,0,0,https://twitter.com/AIProfitInsider/status/1616166393690607616,2,19478
21634,"a??This song sucksa??: @nickcave responds to ChatGPT song written in style of Nick Cave via @guardian 

#mondaythoughts #music #ChatGPT #tech 

https://t.co/QFe3En9BIN",171,2,3396828819.0,1OFFGINGER,1.62e+18,Mon Jan 23 20:32:50 +0000 2023,2023/1/23 20:32,2,0,1,https://twitter.com/1OFFGINGER/status/1617621399140724736,3,21635
27553,"#video #music #Musicians #filmmakers #creators #AIformusic #AIforcreators #AIvideomusic #ArtificialIntelligence #startup @OpenAI #CHATGPT
@ChatGptApp",150,2,1.21e+18,avmapping,1.62e+18,Fri Jan 27 17:20:34 +0000 2023,2023/1/27 17:20,0,0,0,https://twitter.com/avmapping/status/1619022565695193089,0,27554
29100,"It's amazing all the advances we have lately with this artificial intelligence thing.
Google has developed a software that generates music from a text description, and the results are pretty good.

#music #ArtificialIntelligence #MusicLM #chatGPT 

https://t.co/Xq1OXxzV6o",277,0,359605598.0,amoressarda,1.62e+18,Sun Jan 29 10:14:43 +0000 2023,2023/1/29 10:14,1,0,0,https://twitter.com/amoressarda/status/1619640174115459072,1,29101
29905,This is the book that inspired my rare flurry of tweet on the subject of #ChatGPT #music #art #realism #photography https://t.co/9WBA6dhigz,139,0,101034789.0,edubrew,1.62e+18,Sun Jan 29 17:27:57 +0000 2023,2023/1/29 17:27,1,0,0,https://twitter.com/edubrew/status/1619749202216759296,1,29906
31015,"Google introduces ""MusicLM"", the AI that can turn text into music.

#google #googleai #googleupdates #ai #ArtificialIntelligence #MusicLM #music #musicai #aimusic #news #technews #ChatGPT #OpenAI #googlenews https://t.co/fbkZS8JtjI",233,0,1.52e+18,Frysocial_,1.62e+18,Tue Jan 31 05:04:31 +0000 2023,2023/1/31 5:04,0,0,0,https://twitter.com/Frysocial_/status/1620286883682201601,0,31016
35799,Exploring the Power of MusicLM AI: The Future of Music Generation https://t.co/BYPrCYFgxP #MusicLM #AI #google #music #chatbot #ChatGPT,135,0,14111661.0,visualanand,1.62e+18,Wed Feb 01 08:36:30 +0000 2023,2023/2/1 8:36,0,0,0,https://twitter.com/visualanand/status/1620702620062191619,0,35800
36076,"Q: What starts with a P and ends with an E and has a million letters in it???
A:??Post??Office!  
#chatGPT #AI #loneranger #post #western #music #gaming #cr #influencer #art #love #NFTdrops #NFT #nftart #NFTartist #NFTCommunity??#cryptoworld https://t.co/Y6Nqz1a5Pe",267,0,1.49e+18,LilMummy7,1.62e+18,Wed Feb 01 09:36:02 +0000 2023,2023/2/1 9:36,8,2,1,https://twitter.com/LilMummy7/status/1620717601990254594,11,36077
38843,"Top 5 Web Analytics Tools for Improving Site Performance https://t.co/mYEzk6gBst 
@EvanKirstel @MargaretSiegien @EvaSmartAI @labordeolivier @segundoatdell @RagusoSergio 
#ArtificialIntelligence #SEO #music #Web3 #IoT #Analytics #chatgpt #AI #WebsiteDesign #Fintech #WebsiteBuilder",282,6,831395274.0,mina3angel,1.62e+18,Wed Feb 01 17:12:30 +0000 2023,2023/2/1 17:12,2,1,0,https://twitter.com/mina3angel/status/1620832474921144350,3,38844
39253,"""Iris"" - Available on all platforms!
#asurcana #music #song #newsingle #single #guitar #top #spotify #youtube #tidal #argentina #mexico #eeuu #japan #chillwave #synthwave #anime #citypop #Iris #top #viral #ChatGPT #IA #bso 
https://t.co/gzRC0B0RA4",249,0,555462596.0,Asurcana,1.62e+18,Wed Feb 01 18:19:20 +0000 2023,2023/2/1 18:19,9,1,1,https://twitter.com/Asurcana/status/1620849294063583233,11,39254
41334,"Have you ever bought Music-AI? We are on sale in pinksale, follow the Link Below

https://t.co/JUmgXTqok6

Our Application is in the final phase, and will soon be available for Download

https://t.co/BAM6z1Anij

#MusicAI #ChatGPT #ArtificialIntelligence #music #GooglePlay #100x https://t.co/D8gIBj7jAo",310,0,1.62e+18,musicAI__,1.62e+18,Fri Feb 03 03:09:22 +0000 2023,2023/2/3 3:09,70,71,29,https://twitter.com/musicAI__/status/1621345071651250177,170,41335
42411,@musicAI__ This is amazing project Sir e??  e??  e???e???e??? #MusicAl #ChatGPT #artificalintelligence #music #GooglePlay #100??,128,1,1.46e+18,Imasetya4,1.62e+18,Fri Feb 03 07:37:18 +0000 2023,2023/2/3 7:37,0,0,0,https://twitter.com/Imasetya4/status/1621412499097792513,0,42412
46937,"#ChatGPT Hits 100 Million, Microsoft Unleashes #AI Bots And CatGPT Goes Viral https://t.co/QhuuAUyHfN via @Forbes
@EvanKirstel @MargaretSiegien @EvaSmartAI @labordeolivier @segundoatdell @RagusoSergio 
#ArtificialIntelligence #music #Web3 #IoT #Analytics #MachineLearning #Fintech",282,7,831395274.0,mina3angel,1.62e+18,Fri Feb 03 19:24:00 +0000 2023,2023/2/3 19:24,6,2,0,https://twitter.com/mina3angel/status/1621590344537149442,8,46938
48533,I asked ChatGPT: a??Has dynamic range compression ruined a lot of modern music?a?? https://t.co/0JA5wLfj1X #music #dynamicrangecompression #loudnesswar #ChatGPT,160,0,1.61e+18,DanielAlmanPGH,1.62e+18,Sun Feb 05 23:27:02 +0000 2023,2023/2/5 23:27,1,0,0,https://twitter.com/DanielAlmanPGH/status/1622376279763722241,1,48534
49081,"Hi e???I have a small series of art of which I compose original music to. Image done with StableDiffusion. Lyrics in collab with chatGPT.

I made this one today. Image inspired by the rise and fall of empires.
#aiia #aiart #music #chatgpt #stablediffusion https://t.co/SkmFXE2Stx",282,0,277835776.0,MinimumGravity_,1.62e+18,Tue Feb 07 01:28:23 +0000 2023,2023/2/7 1:28,13,1,4,https://twitter.com/MinimumGravity_/status/1622769210186235906,18,49082
51530,"#ChatGPT ????  ??????a??  ????????  ??1?????????  ??
??  ?    ??  ????????  ??1???????  ???-??????????  ???  ?  1????????|??????

  ?  ?????|?????????????????a????????3?????3????2??o|???  ??????????  
?  ??????a  ?3?  ??????1??  ???  ?3?   ???  a?????????|?????  ?  ???-??????
?????a??????????  ????  a???????    ?  a????????????|  ???????|???

Aphex Twin
Yann Tiersen
Hauschka

#Recommend #music #composer https://t.co/8uJVbo6pYX",441,0,1.03e+18,ablaufman,1.62e+18,Tue Feb 07 07:40:00 +0000 2023,2023/2/7 7:40,3,0,0,https://twitter.com/ablaufman/status/1622862727252430850,3,51531
54437,"My song Baby drops in 3days (10th February) pls help spread the word. Presave:  https://t.co/Fxy0539E3U
#offset #Wizkidfc #Burna #TEMS #Cardi #Ronaldo #Turkey #ChrisBrown #HappeningNow #iHeartAwards #ChatGPT #art #MUFC #music #Musician #NewMusicFriday #NewMusicAlert #loveisland https://t.co/TWGCJWbCFN",303,0,1.58e+18,Its_Promzywild,1.62e+18,Tue Feb 07 12:40:31 +0000 2023,2023/2/7 12:40,2,0,0,https://twitter.com/Its_Promzywild/status/1622938356911943681,2,54438
54444,"My song Baby drops in 3days (10th February) pls help spread the word. Presave:  https://t.co/Fxy0539E3U
#offset #Wizkidfc #Burna #TEMS #Cardi #Ronaldo #Turkey #ChrisBrown #HappeningNow #iHeartAwards #ChatGPT #art #MUFC #music #Musician #NewMusicFriday #NewMusicAlert #loveisland https://t.co/SXUBr2son9",303,0,1.58e+18,Its_Promzywild,1.62e+18,Tue Feb 07 12:40:59 +0000 2023,2023/2/7 12:40,2,0,0,https://twitter.com/Its_Promzywild/status/1622938471537975299,2,54445
55852,"@ChatGPTBot 

Write me a program so that I can learn to play classical guitar as soon as possible.  Finally, introduce three popular and free sources of guitar training.
#guitar #music #Learning #ChatGPT #ai #play_guitar",223,1,49655946.0,iehsansh,1.62e+18,Tue Feb 07 14:52:54 +0000 2023,2023/2/7 14:52,2,0,1,https://twitter.com/iehsansh/status/1622971669483487232,3,55853
57739,#matrix #metaverse #metaverseradio #radio #web3 #audio #scifi #gm #blockchain #crypto #ai #futurism #ai #vr #ar #xr #tech #chatgpt #music #artificialintelligence #art #poetry #philosophy #humanities #hiphop #rap #edm #spokenword #musicians #producers #creatives #musicproduction https://t.co/jR8CsQJC6J,302,0,1.45e+18,metaverse_radio,1.62e+18,Tue Feb 07 18:15:32 +0000 2023,2023/2/7 18:15,18,1,0,https://twitter.com/metaverse_radio/status/1623022666687909919,19,57740
59283,"Cool ChatGPT Stuffa??a??a??Edit and Improve Lyrics of Popular Songs of All Time. https://t.co/vgp75p3fOF 
#ChatGPT #ArtificialIntelligence #music #lyrics",154,0,1.62e+18,TrueMichaelKing,1.62e+18,Tue Feb 07 20:55:21 +0000 2023,2023/2/7 20:55,1,0,0,https://twitter.com/TrueMichaelKing/status/1623062885869195264,1,59284
64246,"Best music TikTok 2023 
#music #aryastarr #rush #song #TikTok #Trending #2023music #lyrics #musiclyrics #tiktoktrend #Dance 
https://t.co/Z3vk4KL4k5

#ChatGPT #TurkeySyriaEarthquake #Ukraine??? #TikTok?????  ??? #TikTokGirls #TikTokviral #Spotify https://t.co/qYXzFzGm4s",274,0,1.62e+18,ArkhaDolf,1.62e+18,Sat Feb 11 09:34:22 +0000 2023,2023/2/11 9:34,2,0,0,https://twitter.com/ArkhaDolf/status/1624341059424731136,2,64247
64826,"Anyone else using ChatGPT Plus to generate music?

Been promoting away on my phone when I should be sleeping, but I've been able to scaffold some melodies with harmonies against known texts.

#chatGPT #AI #music #syntheticmusic",231,0,8910212.0,deanpeters,1.62e+18,Sat Feb 11 11:45:26 +0000 2023,2023/2/11 11:45,2,2,1,https://twitter.com/deanpeters/status/1624374043360067590,5,64827
68382,"Soundraw can generate music for almost any occasion, and you can download it and use it royalty-free.

#ai #music #access #search #chatgpt #lot #list 

https://t.co/KSDqqP74my",179,0,140618811.0,richardkimphd,1.62e+18,Mon Feb 13 00:48:59 +0000 2023,2023/2/13 0:48,0,0,0,https://twitter.com/richardkimphd/status/1624933621613346816,0,68383
68528,"Both #Google and #OpenAI, the company behind #ChatGPT, have developed software that creates vocals and music in the style of certain artists and genres.

@JimHarris 

#music #ai #artists #chatgpt #creators #works 

https://t.co/kXUvdr5JqE",244,1,140618811.0,richardkimphd,1.62e+18,Mon Feb 13 01:33:43 +0000 2023,2023/2/13 1:33,1,0,1,https://twitter.com/richardkimphd/status/1624944876751294464,2,68529
69940,"Media can be utilized either to escalate an issue or to suppress it. On this #WorldRadioDay, the #media will abide by those principles, ensuring a healthy transmission of health information.

#radioday #radio #worldradio #music #radiostation #worldmusic #ChatGPT #communication https://t.co/2LmreaIWwt",303,0,7.03e+17,vitel_global,1.63e+18,Mon Feb 13 08:00:18 +0000 2023,2023/2/13 8:00,5,0,0,https://twitter.com/vitel_global/status/1625042165779820544,5,69941
70091,"Shockwaves from music

#powerballs #lottery #finance #business #cryptocurrency #mrmask #NFT #ChatGPT #ChatGPTPlus #music #news https://t.co/ZfkcYwZGI0",152,0,1.61e+18,PowerballsWorld,1.63e+18,Mon Feb 13 08:28:09 +0000 2023,2023/2/13 8:28,7,0,0,https://twitter.com/PowerballsWorld/status/1625049171685257217,7,70092
72118,"It's a girl man
#powerballs #lottery #finance #business #cryptocurrency #mrmask #NFT #ChatGPT #ChatGPTPlus #music #news #SuperBowl https://t.co/1QSE0wtksa",155,0,1.61e+18,PowerballsWorld,1.63e+18,Mon Feb 13 13:49:44 +0000 2023,2023/2/13 13:49,6,0,1,https://twitter.com/PowerballsWorld/status/1625130103930859527,7,72119
81175,#websasombrosas #inteligenciaartificial #artificialintelligence #musica #music #machinelearning #ai #ia #frase #chatgpt #instamusic #guitar #bass #drum #musician #technology #tecnologia #python #deeplearning #web #webs #dev #developer #truco #trucos #sergiecode https://t.co/QKr8dLWrpN,285,0,1898001432.0,sergiecode,1.63e+18,Wed Feb 15 20:36:47 +0000 2023,2023/2/15 20:36,3,0,1,https://twitter.com/sergiecode/status/1625957313851928576,4,81176
81206,Still waiting for #siri and #ChatGPT to collaborate on a #rap album. @RecordingAcad #music #ai,94,1,61664110.0,pixelradius,1.63e+18,Wed Feb 15 20:44:48 +0000 2023,2023/2/15 20:44,1,1,0,https://twitter.com/pixelradius/status/1625959333518344195,2,81207
84565,"Overall, the future of music and its relationship with technology is exciting and full of potential. As long as we continue to embrace innovation and creativity, we can expect to see even more groundbreaking developments in the years to come

#chatgpt #music #streaming #defi#tech",282,0,30807404.0,Posture_Pace,1.63e+18,Tue Feb 21 23:52:35 +0000 2023,2023/2/21 23:52,0,0,0,https://twitter.com/Posture_Pace/status/1628180917784313856,0,84566
88280,"Are You At Risk With AI in Music? 
#music #ai #chatgpt #musicindustry #podcast https://t.co/Xl8hCHUzKD",103,0,27988942.0,ARKATECHBEATZ,1.63e+18,Thu Feb 23 14:34:25 +0000 2023,2023/2/23 14:34,1,0,0,https://twitter.com/ARKATECHBEATZ/status/1628765226207158272,1,88281
88592,The ultimate list of AI tools for creators | Descript https://t.co/D8RjXLwqI6 #AI #ChatGPT #music #art #writing #podcasting,123,0,4984181.0,nic221,1.63e+18,Thu Feb 23 15:16:02 +0000 2023,2023/2/23 15:16,1,0,1,https://twitter.com/nic221/status/1628775699711676417,2,88593
90261,"@Grimezsz until I see you live, this will have to do #grimes #music #ChatGPT https://t.co/dDVQW2sBul",100,1,1.27e+18,gods_favourite1,1.63e+18,Thu Feb 23 20:19:59 +0000 2023,2023/2/23 20:19,0,0,0,https://twitter.com/gods_favourite1/status/1628852189719408649,0,90262
90779,"e??  e??   Spotify just got even better with its new AI-powered DJ feature! e?  ?e?????? The feature curates and commentates on a playlist that's personalised just for you.

#spotify #ai #openai #music #chatgpt https://t.co/Ta8RFRwtPT",236,0,1.49e+18,growthvirality,1.63e+18,Thu Feb 23 22:31:57 +0000 2023,2023/2/23 22:31,3,1,0,https://twitter.com/growthvirality/status/1628885402026115072,4,90780
94105,"Can artificial intelligence write choral music? Join @mrbenengland to find out in the third part of this exciting Homechoir series today at 2pm UK time!

e??? https://t.co/nEqvpNG38C

#learning #free #music #lecture #articificalintelligence #ai #chatgpt #soundraw #bluewillow https://t.co/HNuq8SkEMB",303,1,1.36e+18,homechoir,1.63e+18,Mon Feb 27 12:25:00 +0000 2023,2023/2/27 12:25,10,2,0,https://twitter.com/homechoir/status/1630182207401730048,12,94106
94132,"Please join us in welcoming @ClubFrisky to Twitter. The best place to party from the comfort of your own home! 

#music #party #dj #dance #fun #hiphop #pop #rock #rnb #housemusic #TwitchStreamers #twitchtv #chatgpt #AI #nightclub #girlsNightOut https://t.co/7RVgZ7HXpH",270,1,66289454.0,STREETVINYL,1.63e+18,Mon Feb 27 12:33:42 +0000 2023,2023/2/27 12:33,6,3,0,https://twitter.com/STREETVINYL/status/1630184399391150081,9,94133
94170,Nick Cave slams AI-generated song as 'bullshit' and 'a grotesque mockery of what it is to be human.' Is he right or missing the point? Find out and join the debate on AI's potential for music! #NickCave #ChatGPT #AI #music #creativity #innovation #debate https://t.co/MasyOt0JL4,278,0,289544577.0,gesikowski,1.63e+18,Mon Feb 27 12:42:18 +0000 2023,2023/2/27 12:42,2,0,0,https://twitter.com/gesikowski/status/1630186561072406528,2,94171
