,full_text,text_length,at_num,user_id_str,screen_name,id_str,created_at,publish_time,favorite_count,retweet_count,reply_count,tweet_url,total_heat,tt
51039,"Gartmore Falls, Sri Lanka

Watch Full Length Videos in https://t.co/zTem9RYWbq
#MCStan #YaAllah #Adani #AdaniFiles #SimJews #SidKiara #Trending #TrendingNow #AllAmericanHomecoming #BBCDocumentary #CarabaoCup #ChatGPT #CriticsChoiceAwards #DeadlineDay #Floki https://t.co/zQo0tW7uWN",284,0,1.44e+18,Trendin25843381,1.62e+18,Tue Feb 07 06:46:11 +0000 2023,2023/2/7 6:46,1,0,0,https://twitter.com/Trendin25843381/status/1622849183547006978,1,51040
51085,"Mount Vernon Water Fall, Srilanka

Watch Full Length Videos in https://t.co/zTem9RYWbq
#MCStan #YaAllah #Adani #AdaniFiles #SimJews #SidKiara #Trending #TrendingNow #AllAmericanHomecoming #BBCDocumentary #CarabaoCup #ChatGPT #CriticsChoiceAwards #DeadlineDay #Floki https://t.co/23lCJ7fVA5",292,0,1.44e+18,Trendin25843381,1.62e+18,Tue Feb 07 06:51:42 +0000 2023,2023/2/7 6:51,1,0,0,https://twitter.com/Trendin25843381/status/1622850574231429120,1,51086
51114,"Sigiriya Lion's Rock, Srilanka

Watch Full Length Videos in https://t.co/zTem9RYWbq
#MCStan #YaAllah #Adani #AdaniFiles #SimJews #SidKiara #Trending #TrendingNow #AllAmericanHomecoming #BBCDocumentary #CarabaoCup #ChatGPT #CriticsChoiceAwards #DeadlineDay #Floki https://t.co/KvSQa8qMBO",289,0,1.44e+18,Trendin25843381,1.62e+18,Tue Feb 07 06:54:46 +0000 2023,2023/2/7 6:54,1,0,0,https://twitter.com/Trendin25843381/status/1622851346113368064,1,51115
51149,"Temple of the Tooth, Kandy, Srilanka
Watch Full Length Videos in https://t.co/zTem9RYWbq
#MCStan #YaAllah #Adani #AdaniFiles #SimJews #SidKiara #Trending #TrendingNow #AllAmericanHomecoming #BBCDocumentary #CarabaoCup #ChatGPT #CriticsChoiceAwards #DeadlineDay #Floki https://t.co/HWfiAxqUSA",293,0,1.44e+18,Trendin25843381,1.62e+18,Tue Feb 07 06:59:18 +0000 2023,2023/2/7 6:59,3,0,0,https://twitter.com/Trendin25843381/status/1622852487836479489,3,51150
51181,"Traditional Fisherman in Weligama, Srilanka
Watch Full Length Videos in https://t.co/zTem9RYWbq
#MCStan #YaAllah #Adani #AdaniFiles #SimJews #SidKiara #Trending #TrendingNow #AllAmericanHomecoming #BBCDocumentary #CarabaoCup #ChatGPT #CriticsChoiceAwards #DeadlineDay #Floki https://t.co/UQQXT0uyPj",300,0,1.44e+18,Trendin25843381,1.62e+18,Tue Feb 07 07:00:57 +0000 2023,2023/2/7 7:00,2,0,1,https://twitter.com/Trendin25843381/status/1622852902426656770,3,51182
52352,"What Is ChatGPT? And 11 Ways To Use It Effectively

#AllAmericanHomecoming #ChatGPT #chathot #ChatGPTPlus #BBTitans #deprem #earthquakeinturkey #farahkhan #RHOP 

https://t.co/9uNBugx8ZV",190,0,1.44e+18,Feetway_Fashion,1.62e+18,Tue Feb 07 09:08:27 +0000 2023,2023/2/7 9:08,0,0,0,https://twitter.com/Feetway_Fashion/status/1622884987988221953,0,52353
54674,"Traditional Fire Dancer in Rainbow Hawaii

Watch Full Length Videos in https://t.co/zTem9RYWbq
#RakhiSawant #SidharthKiaraWedding #kiaraadvanihot #Trending #trendingvideo #TrendingNow #trend #AllAmericanHomecoming #AdaniFiles #BuildJakapan #Turkey #ChatGPT #CostOfLivingCrisis https://t.co/CQe8YP3Cwd",303,0,1.44e+18,Trendin25843381,1.62e+18,Tue Feb 07 13:02:19 +0000 2023,2023/2/7 13:02,1,0,0,https://twitter.com/Trendin25843381/status/1622943841409175552,1,54675
54702,"Waikiki Beach in Hawaii

Watch Full Length Videos in https://t.co/zTem9RYWbq
#RakhiSawant #SidharthKiaraWedding #kiaraadvanihot #Trending #trendingvideo #TrendingNow #trend #AllAmericanHomecoming #AdaniFiles #BuildJakapan #Turkey #ChatGPT #CostOfLivingCrisis https://t.co/4VPWY3VIjj",285,0,1.44e+18,Trendin25843381,1.62e+18,Tue Feb 07 13:05:17 +0000 2023,2023/2/7 13:05,1,0,0,https://twitter.com/Trendin25843381/status/1622944588322459651,1,54703
54726,"Water fall in Kauai Island, Hawaii
Watch Full Length Videos in https://t.co/zTem9RYWbq
#RakhiSawant #SidharthKiaraWedding #kiaraadvanihot #Trending #trendingvideo #TrendingNow #trend #AllAmericanHomecoming #AdaniFiles #BuildJakapan #Turkey #ChatGPT #CostOfLivingCrisis https://t.co/TA53UyNAo1",294,0,1.44e+18,Trendin25843381,1.62e+18,Tue Feb 07 13:07:24 +0000 2023,2023/2/7 13:07,7,0,1,https://twitter.com/Trendin25843381/status/1622945120189546497,8,54727
