,full_text,text_length,at_num,user_id_str,screen_name,id_str,created_at,publish_time,favorite_count,retweet_count,reply_count,tweet_url,total_heat,tt
23010,"Make Over $1,000 Per Day With Chat GPT as a Beginner! e? 琛?
#makemoneyonline #makemoneyfromhome #sidehustle #passiveincome #earnmoneyonline #ai #moneybot #chatGPT #bestsidegustle https://t.co/pkOe0No3gq",202,0,1.56e+18,AiToolbox,1.62e+18,Wed Jan 25 09:44:23 +0000 2023,2023/1/25 9:44,2,0,1,https://twitter.com/AiToolbox/status/1618182990273576960,3,23011
45710,"$10,000 AI Content Machine
#makemoneyonline #makemoneyfromhome #sidehustle #passiveincome #earnmoneyonline #ai #moneybot #feetpics #viralviews #tiktok #chatgpt #aivoice #cloneyourvoice https://t.co/XuIbVyIQcf",209,0,1.56e+18,AiToolbox,1.62e+18,Fri Feb 03 16:04:55 +0000 2023,2023/2/3 16:04,0,0,1,https://twitter.com/AiToolbox/status/1621540244628676608,1,45711
62210,"$10,000 AI Content Machine
#makemoneyonline #makemoneyfromhome #sidehustle #passiveincome #earnmoneyonline #ai #moneybot #feetpics #viralviews #tiktok #chatgpt #aivoice #cloneyourvoice https://t.co/YSxNMLzjBe",209,0,1.56e+18,AiToolbox,1.62e+18,Sat Feb 11 01:02:42 +0000 2023,2023/2/11 1:02,0,0,0,https://twitter.com/AiToolbox/status/1624212295453753345,0,62211
66335,"Make $8,000 Per Day With Chat GPT AI Bots e? 琛?
 #makemoneyonline #makemoneyfromhome #sidehustle #passiveincome #earnmoneyonline #ai #moneybot #chatgpt #promotetools #youtubeshorts #transcripthacking #tiktok https://t.co/4ZSZ6VZdH4",231,0,1.56e+18,AiToolbox,1.62e+18,Sat Feb 11 16:04:51 +0000 2023,2023/2/11 16:04,1,0,0,https://twitter.com/AiToolbox/status/1624439327987060739,1,66336
68429,"Make Over $1,000 Per Day With Chat GPT as a Beginner! e? 琛?
#makemoneyonline #makemoneyfromhome #sidehustle #passiveincome #earnmoneyonline #ai #moneybot #chatGPT #bestsidegustle https://t.co/3dDiBUx9dH",202,0,1.56e+18,AiToolbox,1.62e+18,Mon Feb 13 01:03:00 +0000 2023,2023/2/13 1:03,1,0,1,https://twitter.com/AiToolbox/status/1624937147500208128,2,68430
