,full_text,text_length,at_num,user_id_str,screen_name,id_str,created_at,publish_time,favorite_count,retweet_count,reply_count,tweet_url,total_heat,tt
67511,"Spacewoman02
#art #digitalart #chatgpt #AI #spacewoman #artistsontwitter #Artificial_Intelligence 
@cscreativemind 
https://t.co/FkWGaMMnnC https://t.co/KUNsfaeSgP",166,1,1.45e+18,cscreativemind,1.62e+18,Sat Feb 11 20:06:03 +0000 2023,2023/2/11 20:06,4,2,0,https://twitter.com/cscreativemind/status/1624500029879734272,6,67512
73249,"Sci-Fi 12
#AIart #ai #Art #digitalart #chatgpt #stablediffusion #spacewoman #midjourney https://t.co/6uVeDbzZ3v https://t.co/D0KpXIzlCs",136,0,1.45e+18,cscreativemind,1.63e+18,Mon Feb 13 16:38:44 +0000 2023,2023/2/13 16:38,4,3,0,https://twitter.com/cscreativemind/status/1625172632810274829,7,73250
73501,"Spacewoman03
#AIart #ai #Art #digitalart #chatgpt #stablediffusion #spacewoman #midjourney
https://t.co/FkWGaMMnnC https://t.co/qmr7LRNsvt",140,0,1.45e+18,cscreativemind,1.63e+18,Mon Feb 13 17:16:37 +0000 2023,2023/2/13 17:16,4,3,0,https://twitter.com/cscreativemind/status/1625182166542958617,7,73502
79188,"Sci-Fi 11
#AIart #ai #Art #digitalart #chatgpt #stablediffusion #spacewoman #midjourney https://t.co/6uVeDbzZ3v https://t.co/WlBUl5BjNs",136,0,1.45e+18,cscreativemind,1.63e+18,Wed Feb 15 14:46:49 +0000 2023,2023/2/15 14:46,3,2,0,https://twitter.com/cscreativemind/status/1625869244914102272,5,79189
79216,"Sci-Fi 09
#AIart #ai #Art #digitalart #chatgpt #stablediffusion #spacewoman #midjourney https://t.co/6uVeDbzZ3v https://t.co/8781TK0E7L",136,0,1.45e+18,cscreativemind,1.63e+18,Wed Feb 15 14:52:56 +0000 2023,2023/2/15 14:52,2,2,0,https://twitter.com/cscreativemind/status/1625870781325492225,4,79217
