,full_text,text_length,at_num,user_id_str,screen_name,id_str,created_at,publish_time,favorite_count,retweet_count,reply_count,tweet_url,total_heat,tt
7916,Number 4 is super useful! #ChatGPT #Web3  #PDF #Chromecan,57,0,326210107.0,DoakShannon,1.61e+18,Wed Jan 11 02:49:33 +0000 2023,2023/1/11 2:49,2,1,1,https://twitter.com/DoakShannon/status/1613005163274604550,4,7917
11149,"This! #ChatGPT #AI #ArtificialIntelligence #Artificial_Intelligence #Web3  #education #innovation 
""We often overreact about certain elements of a new technology and fail to understand the larger social implications of other areas.""  https://t.co/xRmoKuNdRr",258,0,326210107.0,DoakShannon,1.61e+18,Fri Jan 13 07:10:49 +0000 2023,2023/1/13 7:10,5,3,0,https://twitter.com/DoakShannon/status/1613795688294547456,8,11150
14807,"#Domain #domainforsale 
#Web3  #Meta #VR #AR #AI #Blockchain #Crypto #Fintech #NFT #NFTCommunity #Metasport #memorabilia #SportArt #sportsbiz #ChatGPT #AI #NFL #NFLPlayoffs #seo 

https://t.co/y6TOVt6oV4

#Sports #NFTs #NFTFam 

https://t.co/H64hUKjvMwa?|

https://t.co/Wgqwgpu1Jb https://t.co/JK6b6W3YWv",313,0,1.35e+18,Mxaxzimize,1.61e+18,Sun Jan 15 21:43:39 +0000 2023,2023/1/15 21:43,8,1,0,https://twitter.com/Mxaxzimize/status/1614740117297729537,9,14808
29826,"Day 59 of #100DaysOfCode Today I learned

a??useState in #React 

a??skimming of #js concepts

Follow e?   for more info
#Motivation @WeMakeDevs #coding #javascript #AI #Web3  #programming #development #DataScience #techtwitter #opensource  #web3community #100daysofcoding  #ChatGPT https://t.co/FHyRUoAG96",313,1,1.6e+18,jyothikumar003,1.62e+18,Sun Jan 29 16:47:48 +0000 2023,2023/1/29 16:47,5,4,2,https://twitter.com/jyothikumar003/status/1619739097316360193,11,29827
32790,"Day 61 of #100DaysOfCode Today I learned
a??hooks in #React 
a??skimming of #js concepts
Follow e?   for more info
#Motivation @WeMakeDevs #coding #javascript #AI #Web3  #programming #development #DataScience #techtwitter #opensource  #web3community #100daysofcoding  #ChatGPT #NodeJS https://t.co/FDGES9p7f1",312,1,1.6e+18,jyothikumar003,1.62e+18,Tue Jan 31 16:33:05 +0000 2023,2023/1/31 16:33,10,3,1,https://twitter.com/jyothikumar003/status/1620460168281718785,14,32791
37552,"Day 62 of #100DaysOfCode Today my work
a??#React revision
a??problem solving in leetcode
Follow e?   for more info #Motivation @WeMakeDevs #coding #javascript #AI #Web3  #programming #development #DataScience #techtwitter #opensource  #web3community #100daysofcoding  #ChatGPT #NodeJS https://t.co/aVqoQ7qoUU",311,1,1.6e+18,jyothikumar003,1.62e+18,Wed Feb 01 14:02:49 +0000 2023,2023/2/1 14:02,10,4,1,https://twitter.com/jyothikumar003/status/1620784739476209664,15,37553
82629,"#Breaking_News: #Altcoingazette #Publishes #eBook on #Amazon #Kindle #Top #Ten #Shelter #Items that every #Prepper needs in their #BugoutBag! https://t.co/GdRzzTir9L

https://t.co/COtPagpong

#Dogecoin $DOGE $BTC $ETH  $LINK #dogefam #ChatGPT #quant #Tesla #Web3  #elon_musk https://t.co/HWxvvMpkwr",302,0,410377944.0,altcoingazette,1.63e+18,Sun Feb 19 23:59:05 +0000 2023,2023/2/19 23:59,1,1,0,https://twitter.com/altcoingazette/status/1627457778175320064,2,82630
84991,"#Breaking_News: #Altcoingazette #Publishes #eBook on #Amazon #Kindle 

https://t.co/kj0Ob0CCvC

#Dogecoin $DOGE $BTC $ETH  $LINK #dogefam #ChatGPT #quant #Tesla #Web3  #elon_musk #BlackWidow #VeChain #IronMan #PostMalone #Italiancooking #Italy #French  #Polish #Mexicancooking",280,0,410377944.0,altcoingazette,1.63e+18,Thu Feb 23 04:25:55 +0000 2023,2023/2/23 4:25,2,1,5,https://twitter.com/altcoingazette/status/1628612091484545024,8,84992
90072,"#Breaking_News: #HotNew #commercialrealestatelisting

https://t.co/ATSp0EQhwR

#Dogecoin $DOGE $BTC $ETH  $LINK #dogefam #ChatGPT #quant #Tesla #Web3  #elon_musk #BlackWidow #VeChain #IronMan #DAYTONA500 #Ormondbeach #realestateinvestment #Commercialproperty #Nomoneydown",275,0,410377944.0,altcoingazette,1.63e+18,Thu Feb 23 19:38:10 +0000 2023,2023/2/23 19:38,1,1,0,https://twitter.com/altcoingazette/status/1628841667389231106,2,90073
