,full_text,text_length,at_num,user_id_str,screen_name,id_str,created_at,publish_time,favorite_count,retweet_count,reply_count,tweet_url,total_heat,tt
47773,"#Microsofta??s #Azure-hosted #OpenAI language models are now generally available, and using them in your #code is simple.e?  ?a??e???

via @SwissCognitive

#Coding #ChatGPT #GPT3 #API #Programming",200,1,38403228.0,smugnier,1.62e+18,Fri Feb 03 22:16:23 +0000 2023,2023/2/3 22:16,0,3,0,https://twitter.com/smugnier/status/1621633724751167488,3,47774
57590,#Microsofta??s #ChatGPT event live blog https://t.co/m2AHJB10mR via @Verge  #AI #Cloud #Bing #Azure https://t.co/LOcArJLDUo,123,1,19365210.0,CraigMilroy,1.62e+18,Tue Feb 07 18:00:18 +0000 2023,2023/2/7 18:00,2,0,0,https://twitter.com/CraigMilroy/status/1623018832859172874,2,57591
57898,"e??   Watch the #Microsofta??s #ChatGPT event live blog
from @TheVerge https://t.co/EsR49Q0B5F

#bing #AI https://t.co/8xi5DP68xG",132,1,117780256.0,efipm,1.62e+18,Tue Feb 07 18:30:33 +0000 2023,2023/2/7 18:30,0,0,0,https://twitter.com/efipm/status/1623026445416075276,0,57899
71646,"e??????#Microsofta??s #new #ChatGPT #powered #Bing is now #rollingout to #selectuserse??1

#Technology #Ai
https://t.co/xXvkB7yv2s",133,0,1.25e+18,KNews2478,1.63e+18,Mon Feb 13 12:44:16 +0000 2023,2023/2/13 12:44,2,0,0,https://twitter.com/KNews2478/status/1625113626532012033,2,71647
80517,"Beyond #ChatGPT: Doing #ArtificialIntelligence-#Cyber-#Crypto-#Quantum-#Risk #Computing Better For A Better World: Beyond #Microsofta??s #Bing #AI #AutoPilot and #Google #Bard #Errors: Doing #IT Better for Increasing #Risk, #Uncertainty &amp; #Complexity: https://t.co/umqUzIQi4G",279,0,1.51e+18,DrYogiMalhotra,1.63e+18,Wed Feb 15 18:24:58 +0000 2023,2023/2/15 18:24,0,0,0,https://twitter.com/DrYogiMalhotra/status/1625924144100409355,0,80518
81822,"#Microsofta??s #Bing #AI Now Threatening Users Who Provoke It on SmartNews: https://t.co/S3TtLIALmO #SmartNews
#ChatGPT #ArtificialIntelligence https://t.co/Y8I4tG7M3C",168,0,45758720.0,dj6ual,1.63e+18,Wed Feb 15 23:03:50 +0000 2023,2023/2/15 23:03,1,0,0,https://twitter.com/dj6ual/status/1625994323283124224,1,81823
84386,"Jeff Bermant, CEO and founder of the web browser and search engine Tusk, speaks on #Microsofta??s #ChatGPT, growing #ArtificialIntelligence and its impact on society 
https://t.co/UFsHnfahbp",191,0,1.06e+18,NTDNews,1.63e+18,Tue Feb 21 23:05:00 +0000 2023,2023/2/21 23:05,1,1,0,https://twitter.com/NTDNews/status/1628168943251628039,2,84387
94243,"Poor #ChatGPT thinks it gets compensated for its work for #Microsofta??s #Bing team:

Q: How are you compensated for your work?
A: I am compensated for my work through a combination of salary and stock options. I also receive bonuses based on the performance of the code I write.",282,0,751063429.0,sebidotorg,1.63e+18,Mon Feb 27 12:56:26 +0000 2023,2023/2/27 12:56,2,0,1,https://twitter.com/sebidotorg/status/1630190119633182721,3,94244
