,full_text,text_length,at_num,user_id_str,screen_name,id_str,created_at,publish_time,favorite_count,retweet_count,reply_count,tweet_url,total_heat,tt
16925,"Will #chatgpt be the end of engineer roles? Are tech skills enough?

What do you need to be successful in a modern tech career?

Watch this video for more information: https://t.co/yuSQyDraM1

#techcareers #techskills #softskills #Career #careeradvice #careerdevelopment https://t.co/V8g8s38QQs",300,0,1.19e+18,GoCloudCareers,1.62e+18,Tue Jan 17 15:37:00 +0000 2023,2023/1/17 15:37,1,0,0,https://twitter.com/GoCloudCareers/status/1615372624279879685,1,16926
22810,hackernoon: Create an effective r??sum?? by using a narrative of your work history and AI tools. Reduce complexity when you are stuck and need to reflect before the r??sum??.  -  https://t.co/fFyntxKLLp #careeradvice #chatgpt,225,0,9.3e+17,DanielTechIT,1.62e+18,Wed Jan 25 08:13:06 +0000 2023,2023/1/25 8:13,0,0,0,https://twitter.com/DanielTechIT/status/1618160014966808577,0,22811
31337,"Wow! Not bad ChatGPT e??2
Visit: https://t.co/jJt9FWOWFn to get started on 4 a????? 5 a????? and 7 a????? 

#CareerGuidance #mentoring #careeradvice #ChatGPT #CareerCounseling https://t.co/yVSM5fUT1l",202,0,7.86e+17,unherdindia,1.62e+18,Tue Jan 31 07:44:36 +0000 2023,2023/1/31 7:44,0,0,0,https://twitter.com/unherdindia/status/1620327171087831040,0,31338
37355,"Using ChatGPT To Improve Interviewing Skills| The Riderflex Podcast
https://t.co/gpiXlzi1Nv
#jobinterview #ChatGPT #selfimprovement #theriderflexguide #theriderflexpodcast #careeradvice #TopColoradoRecruitingFirm #TopExecutiveRecruitingFirm #staffingagency #employmentagency",276,0,9.53e+17,riderflex,1.62e+18,Wed Feb 01 13:36:50 +0000 2023,2023/2/1 13:36,5,2,0,https://twitter.com/riderflex/status/1620778201915195392,7,37356
82155,"How to Protect Your Career From a ChatGPT Future

#ChatGPT #career #careeradvice #AI
https://t.co/heUXdywZwV",111,0,7.96e+17,veroandi12,1.63e+18,Fri Feb 17 22:25:06 +0000 2023,2023/2/17 22:25,0,0,0,https://twitter.com/veroandi12/status/1626709349367267328,0,82156
82312,"Crafting the perfect CV just got easier! #ChatGPT #jobs shares tips on using numbers to describe your achievements, and more. With this guide, your friends will be one step closer to landing that dream job! #careeradvice #jobsearching https://t.co/ELTmB8pgEY",258,0,2163791168.0,rezmeram,1.63e+18,Fri Feb 17 23:07:24 +0000 2023,2023/2/17 23:07,0,0,0,https://twitter.com/rezmeram/status/1626719993646706689,0,82313
