,full_text,text_length,at_num,user_id_str,screen_name,id_str,created_at,publish_time,favorite_count,retweet_count,reply_count,tweet_url,total_heat,tt
29522,"ChatGPT vs Google: The Ultimate Comparison, Which one is Better? https://t.co/QYVwJHZhdx 
#ChatGPT #GoogleAlerts #ChatGPTPro #ChatGTP #googlechat #googlemeet #GoogleDoodle #chatgpt3",182,0,1.59e+18,TechieBundle,1.62e+18,Sun Jan 29 14:23:29 +0000 2023,2023/1/29 14:23,3,1,1,https://twitter.com/TechieBundle/status/1619702777550368769,5,29523
35582,"TECHNOLOGYChatGPT maker fields tool for spotting AI-written text
#ChatGPT #AI #googlechat #technology #news #The_newsbank1 #pakistan https://t.co/VDAoeEBzpT",157,0,1.61e+18,The_NewsBank1,1.62e+18,Wed Feb 01 07:51:21 +0000 2023,2023/2/1 7:51,1,0,0,https://twitter.com/The_NewsBank1/status/1620691259097763841,1,35583
51911,"#Google to fight ChatGPT with #Apprentice Bard : its could change search forever

https://t.co/Ly6kw4ehmv

#googleapprenticebard #googlebard #Bard #ChatGPTPlus #ChatGPT #lambda #gpt4 #GPT3 #apprenticebard #USA #Australia #UnitedKingdom #AI #GoogleAI #googlechat #Domains #ETH #BTC",284,0,1.34e+18,chatgptplus,1.62e+18,Tue Feb 07 08:20:25 +0000 2023,2023/2/7 8:20,0,0,0,https://twitter.com/chatgptplus/status/1622872899861508096,0,51912
52215,"Googlea??s Chat Service, Bard, is Coming to Public Testing
.
.
#ChatGPT #ChatGPTPlus #GoogleAI #GoogleBard #googlechat #anewzz 

https://t.co/ZWsIiuQPjc",157,0,1.61e+18,anewzz_com,1.62e+18,Tue Feb 07 08:56:46 +0000 2023,2023/2/7 8:56,4,3,0,https://twitter.com/anewzz_com/status/1622882049211375616,7,52216
82311,"AI is only as good as the data used to train it. 

https://t.co/Cj3Ir6DXkm

#AI #chatgpt #chatgpt3 #AIbot #AIcontent #googlebard #googlechat #bingchat #trickyawais #tricky_awais",181,0,1.1e+18,tricky_awais,1.63e+18,Fri Feb 17 23:07:18 +0000 2023,2023/2/17 23:07,0,0,0,https://twitter.com/tricky_awais/status/1626719968233660417,0,82312
