,full_text,text_length,at_num,user_id_str,screen_name,id_str,created_at,publish_time,favorite_count,retweet_count,reply_count,tweet_url,total_heat,tt
38997,"ChatGPT Creator OpenAI Releases 'Imperfect' Software to Identify AI-Generated Text

For more news visit https://t.co/98KV4yIZka

#2YoDoINDIA #ChatGPT #OpenAI #AI https://t.co/UfKBqd9W6b",189,0,1.15e+18,2yodoindia,1.62e+18,Wed Feb 01 17:38:17 +0000 2023,2023/2/1 17:38,0,1,0,https://twitter.com/2yodoindia/status/1620838964625285122,1,38998
53364,"Google Announces ChatGPT Rival Bard, Releases AI Service to Early Testers

for more news visit https://t.co/98KV4yIZka

#2YoDoINDIA #Google #Alphabet #SundarPichai #AI #OpenAI #Bard #ChatGPT #Microsoft https://t.co/CNzQt0laXF",229,0,1.15e+18,2yodoindia,1.62e+18,Tue Feb 07 10:51:16 +0000 2023,2023/2/7 10:51,0,1,1,https://twitter.com/2yodoindia/status/1622910862884478976,2,53365
78585,"Opera ChatGPT Integration for PC, Mobile With Direct Access to Telegram and WhatsApp Announced: All Details

for more news visit https://t.co/98KV4yIZka

#2YoDoINDIA #Opera #ChatGPT #OperaBrowsers https://t.co/tnBwmA3by8",224,0,1.15e+18,2yodoindia,1.63e+18,Wed Feb 15 13:25:11 +0000 2023,2023/2/15 13:25,0,1,0,https://twitter.com/2yodoindia/status/1625848701058170880,1,78586
78697,"Google to Integrate Its ChatGPT-Style AI Chatbot Bard to ChromeOS: Report

For more news visit https://t.co/98KV4yIZka

#2YoDoINDIA #Google #Bard #ChromeOS #OpenAI #ChatGPT #AI https://t.co/jQubq9oYq9",204,0,1.15e+18,2yodoindia,1.63e+18,Wed Feb 15 13:40:09 +0000 2023,2023/2/15 13:40,0,1,0,https://twitter.com/2yodoindia/status/1625852467098570756,1,78698
86695,"Meet Microsofta??s New AI Model a?? Prometheus

for more news visit https://t.co/98KV4yIZka

#2YoDoINDIA #AI #ArtificialIntelligence #Bing #BingChat #ChatGPT #Microsoft #MicrosoftBing #OpenAI #Prometheus https://t.co/FRP1jttCaO",231,0,1.15e+18,2yodoindia,1.63e+18,Thu Feb 23 10:24:12 +0000 2023,2023/2/23 10:24,0,0,0,https://twitter.com/2yodoindia/status/1628702258878877697,0,86696
