,full_text,text_length,at_num,user_id_str,screen_name,id_str,created_at,publish_time,favorite_count,retweet_count,reply_count,tweet_url,total_heat,tt
33547,Workflow! Creating @edpuzzle multiple choice questions in a flash e??? #EdTech #EduTwitter #GEGNI #AI #ChatGPT https://t.co/sIPr5Az4Bq,134,1,9.36e+17,AcademyDanielle,1.62e+18,Tue Jan 31 21:05:09 +0000 2023,2023/1/31 21:05,906,272,29,https://twitter.com/AcademyDanielle/status/1620528636146380800,1207,33548
34198,"Top story: @AcademyDanielle: 'Workflow! Creating @edpuzzle multiple choice questions in a flash e??? #EdTech #EduTwitter #GEGNI #AI #ChatGPT ' https://t.co/vq85rMfOha, see more https://t.co/z4UkKEH73k",200,2,612889857.0,KatieAnn_76,1.62e+18,Wed Feb 01 01:46:10 +0000 2023,2023/2/1 1:46,6,0,0,https://twitter.com/KatieAnn_76/status/1620599358239416326,6,34199
34199,"Top story: @AcademyDanielle: 'Workflow! Creating @edpuzzle multiple choice questions in a flash e??? #EdTech #EduTwitter #GEGNI #AI #ChatGPT ' https://t.co/xha5ObXev5, see more https://t.co/YBMKkhu6Mp",200,2,610803.0,tonnet,1.62e+18,Wed Feb 01 01:46:12 +0000 2023,2023/2/1 1:46,8,0,0,https://twitter.com/tonnet/status/1620599364052783104,8,34200
34677,"Top story: @AcademyDanielle: 'Workflow! Creating @edpuzzle multiple choice questions in a flash e??? #EdTech #EduTwitter #GEGNI #AI #ChatGPT ' https://t.co/oofsUSSMuT, see more https://t.co/D1EfygP6fG",200,2,16434891.0,timboileau,1.62e+18,Wed Feb 01 04:03:56 +0000 2023,2023/2/1 4:03,1,0,0,https://twitter.com/timboileau/status/1620634025818820623,1,34678
34730,ksuiteach: RT @AcademyDanielle: Workflow! Creating @edpuzzle multiple choice questions in a flash e??? #EdTech #EduTwitter #GEGNI #AI #ChatGPT https://t.co/pkPf5MKkwX,166,2,15794027.0,anahale,1.62e+18,Wed Feb 01 04:14:11 +0000 2023,2023/2/1 4:14,5,1,0,https://twitter.com/anahale/status/1620636606095917058,6,34731
36115,"Top story: @AcademyDanielle: 'Workflow! Creating @edpuzzle multiple choice questions in a flash e??? #EdTech #EduTwitter #GEGNI #AI #ChatGPT ' https://t.co/U3vDKndrxr, see more https://t.co/xQorfIpuux",200,2,8381832.0,dougpete,1.62e+18,Wed Feb 01 09:43:59 +0000 2023,2023/2/1 9:43,2,2,0,https://twitter.com/dougpete/status/1620719601397923844,4,36116
