,full_text,text_length,at_num,user_id_str,screen_name,id_str,created_at,publish_time,favorite_count,retweet_count,reply_count,tweet_url,total_heat,tt
43341,"How to use #ChatGPT for #copywriting, book #writing, #SEO optimization, and even content creation .This guide is ideal for  #authors, as well as anybody interested in the #AI revolution, https://t.co/lURL7otkAT   #sidehustle  #goals #wealthy #wealthbuilding #onlineincome https://t.co/JTC5xjC9IQ",295,0,1.48e+18,tobbyjaslee,1.62e+18,Fri Feb 03 10:23:05 +0000 2023,2023/2/3 10:23,0,0,0,https://twitter.com/tobbyjaslee/status/1621454219705307136,0,43342
45386,"How to use #ChatGPT for #copywriting, book #writing, #SEO optimization, and even content creation .This guide is ideal for  #authors, as well as anybody interested in the #AI revolution, https://t.co/lURL7otkAT   #sidehustle  #goals #wealthy #wealthbuilding #onlineincome https://t.co/NZ4AuCkTAD",295,0,1.48e+18,tobbyjaslee,1.62e+18,Fri Feb 03 15:23:06 +0000 2023,2023/2/3 15:23,0,0,0,https://twitter.com/tobbyjaslee/status/1621529721954615298,0,45387
45713,"How to use #ChatGPT for #copywriting, book #writing, #SEO optimization, and even content creation .This guide is ideal for  #authors, as well as anybody interested in the #AI revolution, https://t.co/lURL7otkAT   #sidehustle  #goals #wealthy #wealthbuilding #onlineincome https://t.co/LEPDLeFNCu",295,0,1.48e+18,tobbyjaslee,1.62e+18,Fri Feb 03 16:05:06 +0000 2023,2023/2/3 16:05,0,0,1,https://twitter.com/tobbyjaslee/status/1621540291244072960,1,45714
46473,"How to use #ChatGPT for #copywriting,book #writing, #SEO optimization, and even #contentcreation.This guide is ideal for #authors,anybody interested  #AI revolution, https://t.co/lURL7otkAT #writerslift #writerscommunity #indiepub #amazonkdp #blogging  #socialmedia #fridayread https://t.co/Du600nZbgC",301,0,1.48e+18,tobbyjaslee,1.62e+18,Fri Feb 03 18:05:08 +0000 2023,2023/2/3 18:05,0,0,0,https://twitter.com/tobbyjaslee/status/1621570496511807488,0,46474
47437,"How to use #ChatGPT for #copywriting,book #writing, #SEO optimization, and even #contentcreation.This guide is ideal for #authors,anybody interested  #AI revolution, https://t.co/lURL7otkAT #writerslift #writerscommunity #indiepub #amazonkdp #blogging  #socialmedia #fridayread https://t.co/zWIBCFlWci",301,0,1.48e+18,tobbyjaslee,1.62e+18,Fri Feb 03 21:05:06 +0000 2023,2023/2/3 21:05,0,0,0,https://twitter.com/tobbyjaslee/status/1621615787273338885,0,47438
53104,"How to use #ChatGPT for #copywriting, book #writing, #SEO optimization, and even content creation .This guide is ideal for  #authors, as well as anybody interested in the #AI revolution, https://t.co/lURL7otkAT   #sidehustle  #goals #wealthy #wealthbuilding #onlineincome https://t.co/liP1SfqsIe",295,0,1.48e+18,tobbyjaslee,1.62e+18,Tue Feb 07 10:23:03 +0000 2023,2023/2/7 10:23,0,0,0,https://twitter.com/tobbyjaslee/status/1622903760908427264,0,53105
