,full_text,text_length,at_num,user_id_str,screen_name,id_str,created_at,publish_time,favorite_count,retweet_count,reply_count,tweet_url,total_heat,tt
6794,"Thank you to everyone who came to the VOICE AI and ChatGPT Strategy for Brands partner track at #CES2023. What was your biggest takeaway from any of the VOICE sessions?

#ChatGPT #ConversationalAI #GenerativeAI #VoiceTech #AIML #CustomerExperience #DigitalTransformation https://t.co/f8Dt9tiJg4",296,0,9.75e+17,VOICEandAI,1.61e+18,Mon Jan 09 15:16:08 +0000 2023,2023/1/9 15:16,6,2,0,https://twitter.com/VOICEandAI/status/1612468271080525824,8,6795
14449,https://t.co/rCB4wUkRvO #ChatGPT #ConversationalAI #machinelearning #AI,71,0,24167566.0,djeremydemar,1.61e+18,Sun Jan 15 17:16:56 +0000 2023,2023/1/15 17:16,0,0,0,https://twitter.com/djeremydemar/status/1614672997578690566,0,14450
19791,"Beds Are Burning

The art behind conversational AI going from niche to mainstream

CC @MidnightOilBand 

#VoiceFirst #ConversationalAI #CAI #OpenAI #ChatGPT #GPT 

https://t.co/EkHYOIeUe7",195,1,8.62e+17,ThisWeekInVoice,1.62e+18,Thu Jan 19 23:07:21 +0000 2023,2023/1/19 23:07,1,1,0,https://twitter.com/ThisWeekInVoice/status/1616210733850664960,2,19792
23775,"Best #ChatGPT Prompts to Unleash #AIa??s Potential a?? the Rise of Prompt Engineering: https://t.co/rzPUt67Qux via @DataScienceCtrl 
a??a??a??a??
#BigData #DataScience #MachineLearning #DeepLearning #ArtificialIntelligence #GPT3 #NLU #NLG #NLProc #ConversationalAI #Chatbot #NeuralNetworks",291,1,534563976.0,KirkDBorne,1.62e+18,Wed Jan 25 14:32:33 +0000 2023,2023/1/25 14:32,14,0,0,https://twitter.com/KirkDBorne/status/1618255509471252483,14,23776
24245,"#ReinforcementLearning from Human Feedback (RLHF): https://t.co/75DBvNBSGR
a??a??a??a??
#BigData #DataScience #MachineLearning #DeepLearning #ArtificialIntelligence #GPT3 #NLU #NLG #NLProc #ConversationalAI #NeuralNetworks #AI #ChatGPT https://t.co/3khGA0Saqg",261,0,534563976.0,KirkDBorne,1.62e+18,Wed Jan 25 17:10:34 +0000 2023,2023/1/25 17:10,23,22,0,https://twitter.com/KirkDBorne/status/1618295273666777090,45,24246
26278,"What would it take to replace Google as your first-choice search engine? Microsoft is rumoured to be incorporating Chat GPT into Bing. Tempted now?

#Microsoft #ConversationalAI #ChatGPT

https://t.co/phPF96t35N",215,0,1336853046.0,corbelsupport,1.62e+18,Fri Jan 27 10:01:46 +0000 2023,2023/1/27 10:01,0,0,0,https://twitter.com/corbelsupport/status/1618912140240330752,0,26279
26740,From the headlines to the @Verint bloga??what is #GPT and how will it be used for #CustomerService? https://t.co/LzxQhaXZ4k #ChatGPT #EngagementCapacityGap #ConversationalAI #ContactCenters #CX #SelfService #AI,210,1,1.15e+18,suehussverint,1.62e+18,Fri Jan 27 12:55:25 +0000 2023,2023/1/27 12:55,1,0,0,https://twitter.com/suehussverint/status/1618955839011979264,1,26741
27019,From the headlines to the @Verint bloga??what is #GPT and how will it be used for #CustomerService? #ChatGPT #EngagementCapacityGap #ConversationalAI #ContactCenters #CX #SelfService #AI https://t.co/Yaw3Jo9TZr https://t.co/2v3D50HwUQ,234,1,116483979.0,ajugdar,1.62e+18,Fri Jan 27 14:30:14 +0000 2023,2023/1/27 14:30,1,0,0,https://twitter.com/ajugdar/status/1618979701573255170,1,27020
27082,From the headlines to the @Verint bloga??what is #GPT and how will it be used for #CustomerService? #ChatGPT #EngagementCapacityGap #ConversationalAI #ContactCenters #CX #SelfService #AI https://t.co/zyDEcBmjb6 https://t.co/vW5bHwxuNT,234,1,461641043.0,garbearh2,1.62e+18,Fri Jan 27 14:48:16 +0000 2023,2023/1/27 14:48,2,2,0,https://twitter.com/garbearh2/status/1618984240376332290,4,27083
27257,From the headlines to the @Verint bloga??what is #GPT and how will it be used for #CustomerService? #ChatGPT #EngagementCapacityGap #ConversationalAI #ContactCenters #CX #SelfService #AI https://t.co/z52OrJlpS7 https://t.co/Bz82M2HFBK,234,1,17619764.0,ParkeCrawford,1.62e+18,Fri Jan 27 15:46:48 +0000 2023,2023/1/27 15:46,2,1,0,https://twitter.com/ParkeCrawford/status/1618998969916592130,3,27258
27322,"Everyonea??s talking about ChatGPT. So, what does the rise of this advanced AI chatbot mean for businesses? Our AI expert, @lijithomas2020 breaks down the hype in our latest blog.   https://t.co/CNjxb1pFoj

#ChatBot #ChatGPT #OpenAI #ConversationalAI #ArtificialIntelligence #AI",280,1,39826831.0,Valorem,1.62e+18,Fri Jan 27 16:04:15 +0000 2023,2023/1/27 16:04,0,0,0,https://twitter.com/Valorem/status/1619003362099302405,0,27323
27415,From the headlines to the @Verint bloga??what is #GPT and how will it be used for #CustomerService? #ChatGPT #EngagementCapacityGap #ConversationalAI #ContactCenters #CX #SelfService #AI https://t.co/H2oTcjGVmb https://t.co/jFRoqOdw4O,234,1,54376728.0,eyeluvtigger,1.62e+18,Fri Jan 27 16:36:35 +0000 2023,2023/1/27 16:36,2,0,0,https://twitter.com/eyeluvtigger/status/1619011498273116170,2,27416
27556,From the headlines to the @Verint bloga??what is #GPT and how will it be used for #CustomerService? #ChatGPT #EngagementCapacityGap #ConversationalAI #ContactCenters #CX #SelfService #AI https://t.co/naxpLY9ILE https://t.co/ks3Rn1tq1O,234,1,1.51e+18,AmandaY32665572,1.62e+18,Fri Jan 27 17:21:37 +0000 2023,2023/1/27 17:21,1,0,0,https://twitter.com/AmandaY32665572/status/1619022828975673344,1,27557
27572,From the headlines to the @Verint bloga??what is #GPT and how will it be used for #CustomerService? #ChatGPT #EngagementCapacityGap #ConversationalAI #ContactCenters #CX #SelfService #AI https://t.co/r9g6o0f5L6 https://t.co/Q1iv9xLOzz,234,1,9.94e+17,DavidWe36209008,1.62e+18,Fri Jan 27 17:27:42 +0000 2023,2023/1/27 17:27,3,1,0,https://twitter.com/DavidWe36209008/status/1619024363616964649,4,27573
27776,From the headlines to the @Verint bloga??what is #GPT and how will it be used for #CustomerService? #ChatGPT #EngagementCapacityGap #ConversationalAI #ContactCenters #CX #SelfService #AI https://t.co/Ju1XmJ27iy https://t.co/UFEGzerz5m,234,1,291115883.0,fxtimmons,1.62e+18,Fri Jan 27 18:55:26 +0000 2023,2023/1/27 18:55,1,0,0,https://twitter.com/fxtimmons/status/1619046440801648641,1,27777
27995,From the headlines to the @Verint bloga??what is #GPT and how will it be used for #CustomerService? #ChatGPT #EngagementCapacityGap #ConversationalAI #ContactCenters #CX #SelfService #AI https://t.co/uZeEWpoeoL https://t.co/s2WH6dglJY,234,1,60620747.0,Apryde6226,1.62e+18,Fri Jan 27 20:21:21 +0000 2023,2023/1/27 20:21,2,0,0,https://twitter.com/Apryde6226/status/1619068062509965346,2,27996
28081,".@Five9 webinar Blueprint for the #ContactCenter of the Future: https://t.co/U5vHfcMOy5
+
The book: https://t.co/PgyoAkrQzG by @SapientSalesman @EbullientErin
a??a??a??
#CMO #CX #ReimagineCX #CXNation #AI #RPA #Automation #ConversationalAI #Chatbots #ChatGPT @laurasmackey @GenefaMurphy https://t.co/fJSlqbQALt",314,5,534563976.0,KirkDBorne,1.62e+18,Fri Jan 27 21:02:30 +0000 2023,2023/1/27 21:02,15,6,0,https://twitter.com/KirkDBorne/status/1619078415952535552,21,28082
29559,a??Conversationala?? AI Is Really Bad At Conversations by @doctorow https://t.co/IPHunX8Na5 #ChatGPT #ConversationalAI #Eliza #ChatBots #ReadOnly #AI #ArtificialIntelligence #Artificial_Intelligence,198,1,14229632.0,DiabeticCyborgg,1.62e+18,Sun Jan 29 14:44:10 +0000 2023,2023/1/29 14:44,0,0,0,https://twitter.com/DiabeticCyborgg/status/1619707981091991552,0,29560
33772,What would it take to replace Google as your first-choice search engine? Microsoft is rumoured to be incorporating Chat GPT into Bing. Tempted now? #Microsoft #ConversationalAI #ChatGPT https://t.co/h57dH8KEJa,209,0,552404573.0,MilnsbridgeAU,1.62e+18,Tue Jan 31 22:55:24 +0000 2023,2023/1/31 22:55,0,0,0,https://twitter.com/MilnsbridgeAU/status/1620556380040994817,0,33773
33818,"What would it take to replace Google as your first-choice search engine? Microsoft is rumoured to be incorporating Chat GPT into Bing. Tempted now? 
#Microsoft #ConversationalAI #ChatGPT

https://t.co/B26WNzgnAh",214,0,1.57e+18,Bluehexnz,1.62e+18,Tue Jan 31 23:22:27 +0000 2023,2023/1/31 23:22,0,0,0,https://twitter.com/Bluehexnz/status/1620563188902141952,0,33819
35646,"What would it take to replace Google as your first-choice search engine? Microsoft is rumoured to be incorporating Chat GPT into Bing. Tempted now?

#Microsoft #ConversationalAI #ChatGPT

https://t.co/WVle8n1EUE

https://t.co/syER5kdnlc
 https://t.co/WVle8n1EUE",268,0,534795080.0,BaztexComputers,1.62e+18,Wed Feb 01 08:03:24 +0000 2023,2023/2/1 8:03,0,0,0,https://twitter.com/BaztexComputers/status/1620694288492335104,0,35647
36058,"What would it take to replace Google as your first-choice search engine? Microsoft is rumoured to be incorporating Chat GPT into Bing. Tempted now?

#Microsoft #ConversationalAI #ChatGPT #tcscs

https://t.co/xBAvM6uIl8 https://t.co/cftNHoNKMo",246,0,49616904.0,tcscs,1.62e+18,Wed Feb 01 09:30:15 +0000 2023,2023/2/1 9:30,0,0,0,https://twitter.com/tcscs/status/1620716147174768640,0,36059
36102,"What would it take to replace Google as your first-choice search engine? Microsoft is rumoured to be incorporating Chat GPT into Bing. Tempted now?

#Microsoft #ConversationalAI #ChatGPT

https://t.co/oPcHQF3xTr",215,0,108886821.0,tknowit,1.62e+18,Wed Feb 01 09:40:50 +0000 2023,2023/2/1 9:40,0,0,0,https://twitter.com/tknowit/status/1620718811942129665,0,36103
36165,What would it take to replace Google as your first-choice search engine? Microsoft is rumoured to be incorporating Chat GPT into Bing. Tempted now? #Microsoft #ConversationalAI #ChatGPT https://t.co/94hHHC17AZ,209,0,8.28e+17,ITF_Tech_,1.62e+18,Wed Feb 01 09:55:00 +0000 2023,2023/2/1 9:55,0,0,0,https://twitter.com/ITF_Tech_/status/1620722374399389697,0,36166
36166,"What would it take to replace Google as your first-choice search engine? Microsoft is rumoured to be incorporating Chat GPT into Bing. Tempted now?
??
#Microsoft #ConversationalAI #ChatGPT
??
https://t.co/kpygPvO3Fl",219,0,1.18e+18,BITSmartTech,1.62e+18,Wed Feb 01 09:55:01 +0000 2023,2023/2/1 9:55,0,0,0,https://twitter.com/BITSmartTech/status/1620722380300500997,0,36167
36167,What would it take to replace Google as your first-choice search engine? Microsoft is rumoured to be incorporating Chat GPT into Bing. Tempted now? #Microsoft #ConversationalAI #ChatGPT https://t.co/5jmsCz27MI https://t.co/EbsdnMgkRj,233,0,1.3e+18,UptechLtd,1.62e+18,Wed Feb 01 09:55:12 +0000 2023,2023/2/1 9:55,0,0,0,https://twitter.com/UptechLtd/status/1620722427645894660,0,36168
36168,What would it take to replace Google as your first-choice search engine? Microsoft is rumoured to be incorporating Chat GPT into Bing. Tempted now? #Microsoft #ConversationalAI #ChatGPT https://t.co/0kQ3DonwP2,209,0,38163489.0,help4it,1.62e+18,Wed Feb 01 09:55:12 +0000 2023,2023/2/1 9:55,1,0,0,https://twitter.com/help4it/status/1620722426421157889,1,36169
36169,What would it take to replace Google as your first-choice search engine? Microsoft is rumoured to be incorporating Chat GPT into Bing. Tempted now? #Microsoft #ConversationalAI #ChatGPT https://t.co/pmlXVGUbHa,209,0,788845771.0,smartertechuk,1.62e+18,Wed Feb 01 09:55:12 +0000 2023,2023/2/1 9:55,0,0,0,https://twitter.com/smartertechuk/status/1620722425099915264,0,36170
36170,"What would it take to replace Google as your first-choice search engine? Microsoft is rumoured to be incorporating Chat GPT into Bing. Tempted now? #Microsoft #ConversationalAI #ChatGPT
https://t.co/QgbN6dpNWz",210,0,338940123.0,STRATiiS_Ltd,1.62e+18,Wed Feb 01 09:55:12 +0000 2023,2023/2/1 9:55,1,0,0,https://twitter.com/STRATiiS_Ltd/status/1620722424948858881,1,36171
36171,What would it take to replace Google as your first-choice search engine? Microsoft is rumoured to be incorporating Chat GPT into Bing. Tempted now? #Microsoft #ConversationalAI #ChatGPT https://t.co/mjSfbSj3wR,209,0,2529286699.0,s2computers,1.62e+18,Wed Feb 01 09:55:24 +0000 2023,2023/2/1 9:55,0,0,0,https://twitter.com/s2computers/status/1620722475398234112,0,36172
36172,What would it take to replace Google as your first-choice search engine? Microsoft is rumoured to be incorporating Chat GPT into Bing. Tempted now? #Microsoft #ConversationalAI #ChatGPT https://t.co/gKU68HnqrF,209,0,2582342964.0,pstechmsp,1.62e+18,Wed Feb 01 09:55:24 +0000 2023,2023/2/1 9:55,0,0,0,https://twitter.com/pstechmsp/status/1620722475309957120,0,36173
36173,What would it take to replace Google as your first-choice search engine? Microsoft is rumoured to be incorporating Chat GPT into Bing. Tempted now? #Microsoft #ConversationalAI #ChatGPT https://t.co/pdvlrjAkfI,209,0,114878315.0,IQinIT,1.62e+18,Wed Feb 01 09:55:24 +0000 2023,2023/2/1 9:55,0,0,0,https://twitter.com/IQinIT/status/1620722475309883392,0,36174
36174,What would it take to replace Google as your first-choice search engine? Microsoft is rumoured to be incorporating Chat GPT into Bing. Tempted now? #Microsoft #ConversationalAI #ChatGPT https://t.co/tSEHnDEtQS,209,0,86058523.0,limbtec,1.62e+18,Wed Feb 01 09:55:24 +0000 2023,2023/2/1 9:55,0,0,0,https://twitter.com/limbtec/status/1620722475247042562,0,36175
36175,What would it take to replace Google as your first-choice search engine? Microsoft is rumoured to be incorporating Chat GPT into Bing. Tempted now? #Microsoft #ConversationalAI #ChatGPT https://t.co/wF7S8BJCwx,209,0,4148097833.0,Clearsky_IT,1.62e+18,Wed Feb 01 09:55:24 +0000 2023,2023/2/1 9:55,0,0,0,https://twitter.com/Clearsky_IT/status/1620722474831810560,0,36176
36176,What would it take to replace Google as your first-choice search engine? Microsoft is rumoured to be incorporating Chat GPT into Bing. Tempted now? #Microsoft #ConversationalAI #ChatGPT https://t.co/yjO3gvKQGE,209,0,219349340.0,millenniumltd,1.62e+18,Wed Feb 01 09:55:24 +0000 2023,2023/2/1 9:55,0,0,0,https://twitter.com/millenniumltd/status/1620722474731053057,0,36177
36177,What would it take to replace Google as your first-choice search engine? Microsoft is rumoured to be incorporating Chat GPT into Bing. Tempted now? #Microsoft #ConversationalAI #ChatGPT #Harrogate #Networking https://t.co/GpKgyXCfec,232,0,20530864.0,hamiltontechsys,1.62e+18,Wed Feb 01 09:55:24 +0000 2023,2023/2/1 9:55,0,0,0,https://twitter.com/hamiltontechsys/status/1620722474684932098,0,36178
36178,What would it take to replace Google as your first-choice search engine? Microsoft is rumoured to be incorporating Chat GPT into Bing. Tempted now? #Microsoft #ConversationalAI #ChatGPT https://t.co/sw4Hk1c7JB,209,0,165792857.0,m3networks,1.62e+18,Wed Feb 01 09:55:24 +0000 2023,2023/2/1 9:55,0,0,1,https://twitter.com/m3networks/status/1620722474512965632,1,36179
36949,"What would it take to replace Google as your first-choice search engine? Microsoft is rumored to be incorporating Chat GPT into Bing. Tempted now?

#Microsoft #ConversationalAI #ChatGPT

https://t.co/yHS8AUqkqQ

https://t.co/TVQ7lMBrKA
 https://t.co/TVQ7lMBrKA",267,0,420351500.0,AllBusinessTech,1.62e+18,Wed Feb 01 12:30:24 +0000 2023,2023/2/1 12:30,0,0,0,https://twitter.com/AllBusinessTech/status/1620761483272495104,0,36950
37112,#DYK? UIBa??s UnificationEngine?? #MSP supports #OpenAIa??s #ChatGPT! Are YOU ready to add #conversational #GenerativeAI to your new or existing #chatbot? Email us today at info@uib.ai for your local certified UIB Reseller Partner! e???e??  e?  ? #AI #ContextualAPIs #ConversationalAI #CCAI https://t.co/Il5RpJYFUN,314,1,1.58e+18,UIBupdates,1.62e+18,Wed Feb 01 13:00:33 +0000 2023,2023/2/1 13:00,4,1,0,https://twitter.com/UIBupdates/status/1620769071678754816,5,37113
37852,What would it take to replace Google as your first-choice search engine? Microsoft is rumored to be incorporating Chat GPT into Bing. Tempted now? #Microsoft #ConversationalAI #ChatGPT https://t.co/OA1WZDovEi,208,0,1.35e+18,it_cybersecure,1.62e+18,Wed Feb 01 14:49:59 +0000 2023,2023/2/1 14:49,0,0,0,https://twitter.com/it_cybersecure/status/1620796611474382851,0,37853
37855,What would it take to replace Google as your first-choice search engine? Microsoft is rumored to be incorporating Chat GPT into Bing. Tempted now? #Microsoft #ConversationalAI #ChatGPT https://t.co/1dOqKdkSpc,208,0,31465580.0,Netconex,1.62e+18,Wed Feb 01 14:50:12 +0000 2023,2023/2/1 14:50,0,1,0,https://twitter.com/Netconex/status/1620796663488040966,1,37856
37857,What would it take to replace Google as your first-choice search engine? Microsoft is rumored to be incorporating Chat GPT into Bing. Tempted now? #Microsoft #ConversationalAI #ChatGPT https://t.co/2dOBazSgDj,208,0,1.62e+18,BlackBearCyber,1.62e+18,Wed Feb 01 14:50:12 +0000 2023,2023/2/1 14:50,0,0,0,https://twitter.com/BlackBearCyber/status/1620796662925955077,0,37858
37860,What would it take to replace Google as your first-choice search engine? Microsoft is rumored to be incorporating Chat GPT into Bing. Tempted now? #Microsoft #ConversationalAI #ChatGPT https://t.co/HMnb629PjT,208,0,3011829401.0,mightymanateeIT,1.62e+18,Wed Feb 01 14:50:24 +0000 2023,2023/2/1 14:50,0,0,0,https://twitter.com/mightymanateeIT/status/1620796714549477379,0,37861
37861,What would it take to replace Google as your first-choice search engine? Microsoft is rumored to be incorporating Chat GPT into Bing. Tempted now? #Microsoft #ConversationalAI #ChatGPT https://t.co/tceYXjizb4,208,0,9.72e+17,CMITIndySouth,1.62e+18,Wed Feb 01 14:50:24 +0000 2023,2023/2/1 14:50,1,0,0,https://twitter.com/CMITIndySouth/status/1620796714423574529,1,37862
37862,What would it take to replace Google as your first-choice search engine? Microsoft is rumored to be incorporating Chat GPT into Bing. Tempted now? #Microsoft #ConversationalAI #ChatGPT https://t.co/A5x3njLxaj,208,0,1.18e+18,Tecflowfl,1.62e+18,Wed Feb 01 14:50:24 +0000 2023,2023/2/1 14:50,0,0,0,https://twitter.com/Tecflowfl/status/1620796713991643136,0,37863
38054,"What would it take to replace Google as your first-choice search engine? Microsoft is rumored to be incorporating Chat GPT into Bing. Tempted now?

#Microsoft #ConversationalAI #ChatGPT https://t.co/TrwKb3bE7Z",211,0,4889406611.0,CyberShiftTech,1.62e+18,Wed Feb 01 15:17:07 +0000 2023,2023/2/1 15:17,0,0,0,https://twitter.com/CyberShiftTech/status/1620803436911394818,0,38055
38279,What would it take to replace Google as your first-choice search engine? Microsoft is rumored to be incorporating Chat GPT into Bing. Tempted now? #Microsoft #ConversationalAI #ChatGPT https://t.co/3QFm5PRduv,208,0,151683302.0,RemoteHelp4PC,1.62e+18,Wed Feb 01 15:50:12 +0000 2023,2023/2/1 15:50,0,0,0,https://twitter.com/RemoteHelp4PC/status/1620811764924284928,0,38280
38281,What would it take to replace Google as your first-choice search engine? Microsoft is rumored to be incorporating Chat GPT into Bing. Tempted now? #Microsoft #ConversationalAI #ChatGPT https://t.co/Zvb1yNm1q4,208,0,398257586.0,DaZZeedotcom,1.62e+18,Wed Feb 01 15:50:23 +0000 2023,2023/2/1 15:50,0,0,0,https://twitter.com/DaZZeedotcom/status/1620811812491984898,0,38282
38283,What would it take to replace Google as your first-choice search engine? Microsoft is rumored to be incorporating Chat GPT into Bing. Tempted now? #Microsoft #ConversationalAI #ChatGPT https://t.co/NyoRq4seaQ,208,0,8.31e+17,prysmcorp,1.62e+18,Wed Feb 01 15:50:24 +0000 2023,2023/2/1 15:50,0,0,0,https://twitter.com/prysmcorp/status/1620811812617822208,0,38284
38669,What would it take to replace Google as your first-choice search engine? Microsoft is rumored to be incorporating Chat GPT into Bing. Tempted now? #Microsoft #ConversationalAI #ChatGPT https://t.co/EJffDZGFOf,208,0,64485290.0,rrnworks,1.62e+18,Wed Feb 01 16:50:10 +0000 2023,2023/2/1 16:50,0,0,0,https://twitter.com/rrnworks/status/1620826856416055307,0,38670
38671,What would it take to replace Google as your first-choice search engine? Microsoft is rumored to be incorporating Chat GPT into Bing. Tempted now? #Microsoft #ConversationalAI #ChatGPT https://t.co/pbJxwGk4q4,208,0,7.07e+17,SystemicDigital,1.62e+18,Wed Feb 01 16:50:24 +0000 2023,2023/2/1 16:50,0,0,0,https://twitter.com/SystemicDigital/status/1620826912896450560,0,38672
38864,What would it take to replace Google as your first-choice search engine? Microsoft is rumored to be incorporating Chat GPT into Bing. Tempted now? #Microsoft #ConversationalAI #ChatGPT https://t.co/Z0S4FVbN0b,208,0,1.19e+18,PcProformance,1.62e+18,Wed Feb 01 17:15:44 +0000 2023,2023/2/1 17:15,0,0,0,https://twitter.com/PcProformance/status/1620833291589881865,0,38865
39057,What would it take to replace Google as your first-choice search engine? Microsoft is rumored to be incorporating Chat GPT into Bing. Tempted now? #Microsoft #ConversationalAI #ChatGPT https://t.co/iCSsx4Vd8h,208,0,9.08e+17,SisAdminWA,1.62e+18,Wed Feb 01 17:49:59 +0000 2023,2023/2/1 17:49,0,0,0,https://twitter.com/SisAdminWA/status/1620841909324218373,0,39058
39380,What would it take to replace Google as your first-choice search engine? Microsoft is rumored to be incorporating Chat GPT into Bing. Tempted now? #Microsoft #ConversationalAI #ChatGPT https://t.co/tNhcFlpoeB,208,0,3179952864.0,RVITConsulting,1.62e+18,Wed Feb 01 18:38:14 +0000 2023,2023/2/1 18:38,0,0,0,https://twitter.com/RVITConsulting/status/1620854053138726925,0,39381
39492,What would it take to replace Google as your first-choice search engine? Microsoft is rumoured to be incorporating Chat GPT into Bing. Tempted now? #Microsoft #ConversationalAI #ChatGPT https://t.co/Fq5ZsNsLdf,209,0,7.77e+17,nmxitsolutions,1.62e+18,Wed Feb 01 18:59:11 +0000 2023,2023/2/1 18:59,0,0,0,https://twitter.com/nmxitsolutions/status/1620859321931137024,0,39493
40222,"What would it take to replace Google as your first-choice search engine? Microsoft is rumored
to be incorporating Chat GPT into Bing. Tempted now?
#Microsoft #ConversationalAI #ChatGPT
https://t.co/Sl3YZaHrmW
https://t.co/dlDSXcvppR https://t.co/Sl3YZaHrmW",260,0,9.58e+17,BlueGrass_MSP,1.62e+18,Wed Feb 01 21:00:24 +0000 2023,2023/2/1 21:00,0,0,0,https://twitter.com/BlueGrass_MSP/status/1620889830140805121,0,40223
41783,"Came across an article this morning that started with a disclaimer a??this blog was written by humans, not AIa??a?| 

Yeap!! We are living in those times now!!!

#ChatGPT #AI #ConversationalAI #GenerationalAI",212,0,27600997.0,Simba148,1.62e+18,Fri Feb 03 05:17:40 +0000 2023,2023/2/3 5:17,0,1,0,https://twitter.com/Simba148/status/1621377357176270848,1,41784
44076,"For $20 per month, customers of the new ChatGPT Plus subscription plan will have access to the features listed in this article.
https://t.co/CUQVFYoMEW
#ChatGPT #ChatGPTAPIwaitlist #ChatGPTPlus #ConversationalAI #openai",221,0,1.35e+18,Indianext_media,1.62e+18,Fri Feb 03 12:21:52 +0000 2023,2023/2/3 12:21,0,0,0,https://twitter.com/Indianext_media/status/1621484112941928449,0,44077
45349,"a summary of the state of #AI #ML 
&amp; #GenerativeAI from a technical &amp; ethical perspective
https://t.co/L9cykFwoCI
#AIethics #EthicalAI #Explainableai  #BigTech
 #chatgpt3 #LLMs #OpenAIChatGPT #chatgpt #chatbots #voicebots #NLP #NLU #NLG #ConversationalAI #VoiceAI",275,0,105015093.0,ar3toul4ki,1.62e+18,Fri Feb 03 15:16:25 +0000 2023,2023/2/3 15:16,3,0,0,https://twitter.com/ar3toul4ki/status/1621528036280569856,3,45350
45374,"a summary of the state of #AI #ML 
&amp; #GenerativeAI from a technical &amp; ethical perspective
https://t.co/hH7vfmFgg2a?|
#AIethics #EthicalAI #Explainableai  #BigTech
 #chatgpt3 #LLMs #OpenAIChatGPT #chatgpt #chatbots #voicebots #NLP #NLU #NLG #ConversationalAI #VoiceAI",278,0,105016111.0,dialogconnectio,1.62e+18,Fri Feb 03 15:21:07 +0000 2023,2023/2/3 15:21,0,0,0,https://twitter.com/dialogconnectio/status/1621529222861791232,0,45375
46178,"#ChatGPT
#OpenAI #AIchatbot #LanguageModel #ConversationalAI #ArtificialIntelligence #MachineLearning #NLP #Chatbot #DigitalAssistant #FutureOfTech https://t.co/1TCUVQWCP3",172,0,1.29e+18,KanagallaTeja,1.62e+18,Fri Feb 03 17:18:59 +0000 2023,2023/2/3 17:18,1,0,0,https://twitter.com/KanagallaTeja/status/1621558884908564480,1,46179
49873,Google announces #BardAI in response to #ChatGPT -  #ConversationalAI #AIChatbot https://t.co/mFyMB8RuDG,104,0,59697591.0,iAmGiliyar,1.62e+18,Tue Feb 07 04:03:16 +0000 2023,2023/2/7 4:03,0,0,0,https://twitter.com/iAmGiliyar/status/1622808184284131329,0,49874
50422,Google Bard ChatGPT Rival https://t.co/VgzueRD1T5 We are moving into an interesting time for AI there has been a lot said about ChatGPT now there is a rival developed by Google conversational AI that is powered by LaMDA #Google #AI #ChatGPT #Bard #ConversationalAI #LaMDA #ChatBot https://t.co/FPvMoAxtda,304,0,17538349.0,N5Dave,1.62e+18,Tue Feb 07 05:31:59 +0000 2023,2023/2/7 5:31,0,2,0,https://twitter.com/N5Dave/status/1622830514175369216,2,50423
51207,What would it take to replace Google as your first-choice search engine? Microsoft is rumoured to be incorporating Chat GPT into Bing. Tempted now? #Microsoft #ConversationalAI #ChatGPT https://t.co/tecNHLT90N https://t.co/YKzhdkMPWl,233,0,253087625.0,AbussiLtd,1.62e+18,Tue Feb 07 07:04:06 +0000 2023,2023/2/7 7:04,0,1,0,https://twitter.com/AbussiLtd/status/1622853693015044097,1,51208
51348,"e??  e??  e???e??2e???e??  e?   : e???e???e??  e???e???e???e???e??   e???e??2e???e??? e??3e???e???e??o e???e??  e??2 e???e???e???e??1e??   e???e??3 e???e???!e?  ?

#AI #bots #ConversationalAI #GoogleAI #ChatGPT #OpenAI https://t.co/PJUgHH4u7Y",244,0,1.16e+18,bhavesh1129,1.62e+18,Tue Feb 07 07:21:03 +0000 2023,2023/2/7 7:21,3,0,1,https://twitter.com/bhavesh1129/status/1622857958316208128,4,51349
52618,"We're happy to be featured in @TechCircleIndia! Revolutionizing the way we communicate with businesses! With the power of AI, our chatbots provide personalized and updated information to customers in real-time.

#CoRover #AI #ChatGPT #ConversationalAI #ChatBot #Innovation https://t.co/lFbizi7kUh",298,1,7.14e+17,CoRover_App,1.62e+18,Tue Feb 07 09:34:23 +0000 2023,2023/2/7 9:34,4,0,1,https://twitter.com/CoRover_App/status/1622891515411406850,5,52619
52826,What would it take to replace Google as your first-choice search engine? Microsoft is rumoured to be incorporating Chat GPT into Bing. Tempted now? #Microsoft #ConversationalAI #ChatGPT https://t.co/sbufbInZ4j,209,0,72841613.0,XC360,1.62e+18,Tue Feb 07 09:55:51 +0000 2023,2023/2/7 9:55,0,0,0,https://twitter.com/XC360/status/1622896916684996613,0,52827
52827,What would it take to replace Google as your first-choice search engine? Microsoft is rumoured to be incorporating Chat GPT into Bing. Tempted now? #Microsoft #ConversationalAI #ChatGPT https://t.co/vm4PSUHEQa,209,0,28443587.0,SyBo43,1.62e+18,Tue Feb 07 09:55:51 +0000 2023,2023/2/7 9:55,0,0,0,https://twitter.com/SyBo43/status/1622896916605415425,0,52828
52917,"Thank you, @TechCircleIndia, for shining a spotlight on CoRover in your latest issue. We're grateful for the recognition of our efforts to revolutionize the Conversational AI industry.

@CoRover_App

#CoRover #AI #ChatGPT #ConversationalAI #ChatBot #Innovation #PositiveImpact https://t.co/cMelVrxS2k",304,2,128827533.0,SabharwalAnkush,1.62e+18,Tue Feb 07 10:04:27 +0000 2023,2023/2/7 10:04,6,1,1,https://twitter.com/SabharwalAnkush/status/1622899081122304000,8,52918
53144,"Someone generated some utterances using #ChatGPT for a medical use case I am working - my question is whether chatGPT was generating these from ""real"" medical sources, or maybe Doogie Howser MD, Carry on Doctor or Scrubs?
#Oracle #ConversationalAI #DigitalAssitant #chatbot https://t.co/ikNGBELMr1",298,0,2884335220.0,gwronald,1.62e+18,Tue Feb 07 10:28:06 +0000 2023,2023/2/7 10:28,0,0,0,https://twitter.com/gwronald/status/1622905031249825796,0,53145
53689,"Google Introduces ChatGPT-Like Conversational AI Chatbot
https://t.co/RmKGStoZd6
#Google #GooglesNewAIService #Bard #ChatGPT #ConversationalAI #Chatbot #AI #AINews #AnalyticsInsight #AnalyticsInsightMagazine https://t.co/tyV23TXDOZ",233,0,7.13e+17,analyticsinme,1.62e+18,Tue Feb 07 11:21:07 +0000 2023,2023/2/7 11:21,1,1,1,https://twitter.com/analyticsinme/status/1622918374178291713,3,53690
54073,"What would it take to replace Google as your first-choice search engine? Microsoft is
rumored to be incorporating Chat GPT into Bing. Tempted now?

#Microsoft #ConversationalAI #ChatGPT

https://t.co/eeN1CFeIW8 https://t.co/TvmBAR7zLV",239,0,113306660.0,CablersLtd,1.62e+18,Tue Feb 07 12:00:12 +0000 2023,2023/2/7 12:00,0,0,0,https://twitter.com/CablersLtd/status/1622928210639097856,0,54074
57291,"We are looking forward to seeing you tomorrow at this @PMSAnet webinar. Register now to hear industry stalwarts discuss the role of #AI / #ML #NLP in commercial insights and customer engagement in #lifeSciences. https://t.co/BkeYH5TGRE 
#ConversationalAI #ChatGPT #pharmaAnalytics https://t.co/ySLM7pi6Ks",305,1,8.73e+17,whizdotai,1.62e+18,Tue Feb 07 17:22:27 +0000 2023,2023/2/7 17:22,1,0,0,https://twitter.com/whizdotai/status/1623009305925414912,1,57292
57571,From the headlines to the @Verint bloga??what is #GPT and how will it be used for #CustomerService? #ChatGPT #EngagementCapacityGap #ConversationalAI #ContactCenters #CX #SelfService #AI https://t.co/0Wrw3bVBrS https://t.co/Q6oV5gZFTZ,234,1,115918190.0,ksettle70,1.62e+18,Tue Feb 07 17:58:28 +0000 2023,2023/2/7 17:58,1,0,0,https://twitter.com/ksettle70/status/1623018371800244225,1,57572
66903,"What would it take to replace Google as your first-choice search engine? Microsoft is rumoured to be incorporating Chat GPT into Bing. Tempted now?

#Microsoft #ConversationalAI #ChatGPT

https://t.co/dJfGFFZmT1",215,0,355554887.0,Everonuk,1.62e+18,Sat Feb 11 17:54:00 +0000 2023,2023/2/11 17:54,1,0,0,https://twitter.com/Everonuk/status/1624466797679239168,1,66904
68014,"#LaMDA, or ""the language model,"" is not a new type of ice cream; it is a statistical method for predicting the next words in a sequence based on the preceding inputs to consume information like never before. 
#ChatGPTKiller #ConversationalAI #LaMDA #AIChatbot #Bard #ChatGPT #AI https://t.co/9vAvgxPeF3",303,0,1.59e+18,Chris_tianBusse,1.62e+18,Sat Feb 11 22:22:01 +0000 2023,2023/2/11 22:22,1,0,0,https://twitter.com/Chris_tianBusse/status/1624534246864871429,1,68015
68686,"Dive into these insights to understand how #GenerativeAI systems work, what tools like #ChatGPT could mean for your business, and other technology trends taking the world by storm.  #AI #ConversationalAI #Chatbot https://t.co/tiJHmUQyVS",236,0,59697591.0,iAmGiliyar,1.62e+18,Mon Feb 13 02:26:54 +0000 2023,2023/2/13 2:26,0,0,0,https://twitter.com/iAmGiliyar/status/1624958259781316613,0,68687
69303,"""Chinese tech giant #Alibaba working on a #ChatGPT rival; shares jump""

Of course ...

BTW, where are #Apple, #Meta and #Amazon #LLMs?

#AI #ConversationalAI #TalkativeAI

https://t.co/vBNZC4zMnT https://t.co/zXRIawHAJu",227,0,1.48e+18,UniMatrixZ0,1.63e+18,Mon Feb 13 05:32:00 +0000 2023,2023/2/13 5:32,0,0,0,https://twitter.com/UniMatrixZ0/status/1625004842077880320,0,69304
71229,What would it take to replace Google as your first-choice search engine? Microsoft is rumoured to be incorporating Chat GPT into Bing. Tempted now? #Microsoft #ConversationalAI #ChatGPT https://t.co/7f8lDBRAvm,209,0,974338896.0,antarinfotech,1.63e+18,Mon Feb 13 11:39:08 +0000 2023,2023/2/13 11:39,0,0,0,https://twitter.com/antarinfotech/status/1625097235493974018,0,71230
72096,ChatGPT reignites web-search wars https://t.co/WmcM2yFIXK #ChatGPT #ConversationalAI #artificalintelligence,107,0,18414117.0,jatins,1.63e+18,Mon Feb 13 13:46:05 +0000 2023,2023/2/13 13:46,0,0,0,https://twitter.com/jatins/status/1625129183054626818,0,72097
72645,#ChatGPT Explosive Popularity Makes It the Fastest-Growing #App in Human History https://t.co/aXzEFM1NML #NLP #AI #MachineLearning #DeepLearning #ArtificialIntelligence #ML #DL #TechForGood #100DaysOfCode #technology #innovation #ConversationalAI #ChatGPTPlus #BigData @futurism,278,1,14206585.0,LeoCynosure,1.63e+18,Mon Feb 13 15:05:13 +0000 2023,2023/2/13 15:05,1,0,0,https://twitter.com/LeoCynosure/status/1625149096582414336,1,72646
72811,"What would it take to replace Google as your first-choice search engine? Microsoft is rumoured to be incorporating Chat GPT into Bing. Tempted now?

#Microsoft #ConversationalAI #ChatGPT

https://t.co/NbXhDtV6F4",215,0,7.41e+17,westviewit,1.63e+18,Mon Feb 13 15:30:00 +0000 2023,2023/2/13 15:30,0,0,0,https://twitter.com/westviewit/status/1625155335882170368,0,72812
72980,#ChatGPT Explosive Popularity Makes It the Fastest-Growing #App in Human History https://t.co/I85WFDyfue #NLP #AI #MachineLearning #DeepLearning #ArtificialIntelligence #ML #DL #TechForGood #100DaysOfCode #technology #innovation #ConversationalAI #ChatGPTPlus #BigData @futurism,278,1,1.37e+18,TrustworthyInf1,1.63e+18,Mon Feb 13 15:56:00 +0000 2023,2023/2/13 15:56,0,1,0,https://twitter.com/TrustworthyInf1/status/1625161877008568320,1,72981
72981,"The Rise of LLM (Large Language Model) #Chatbots a?? https://t.co/e2sdoaO0uN by @Analyticsindiam
a??
See also https://t.co/ApcMoypzyg
a??a??a??a??
#AI #NLU #NLG #NLProc #GPT3 #GPT4 #GenerativeAI #MachineLearning #DeepLearning #BigData #DataScience #ChatGPT #ConversationalAI #NeuralNetworks https://t.co/pzXj0qS0hX",318,1,534563976.0,KirkDBorne,1.63e+18,Mon Feb 13 15:56:13 +0000 2023,2023/2/13 15:56,46,21,2,https://twitter.com/KirkDBorne/status/1625161932540981249,69,72982
73709,"https://t.co/oXc2H9v2Xb

""The robots are taking our jobs!""

Maybe not.

#AI #MachineLearning #artificialintelligence #ConversationalAI #ChatGPT",149,0,24167566.0,djeremydemar,1.63e+18,Mon Feb 13 17:58:59 +0000 2023,2023/2/13 17:58,0,0,0,https://twitter.com/djeremydemar/status/1625192828010741763,0,73710
76221,"What is #ChatGPT Doing? and Why Does It Work? https://t.co/ovXdQSvdri by @stephen_wolfram 
a??a??a??a??
#AI #NLU #NLG #NLProc #GPT3 #GPT4 #GenerativeAI #MachineLearning #DeepLearning #BigData #DataScience #ConversationalAI #NeuralNetworks #Chatbots https://t.co/L5LCIYq86B",274,1,534563976.0,KirkDBorne,1.63e+18,Wed Feb 15 05:56:45 +0000 2023,2023/2/15 5:56,82,19,2,https://twitter.com/KirkDBorne/status/1625735847843692544,103,76222
76588,"ChatGPT has become a boom right now. Explore why ChatGPT is Not a Replacement for Enterprise Conversational AI Platforms.

Read our blog: e??? https://t.co/MIQ7MTTVOI

#ChatGPT #TrendingNow #ArtificialIntelligence #AI #technology #chatbot #ConversationalAI #NLP #MachineLearning",282,0,1.04e+18,RydotL,1.63e+18,Wed Feb 15 07:26:11 +0000 2023,2023/2/15 7:26,4,0,0,https://twitter.com/RydotL/status/1625758352826589185,4,76589
76889,"""Chinese tech giant #Alibaba working on a #ChatGPT rival; shares jump""

Of course ...

BTW, where are #Apple, #Meta and #Amazon #LLMs?

#AI #ConversationalAI #TalkativeAI

https://t.co/vBNZC4zMnT https://t.co/4gm27gpcrR",227,0,1.48e+18,UniMatrixZ0,1.63e+18,Wed Feb 15 08:32:00 +0000 2023,2023/2/15 8:32,1,0,0,https://twitter.com/UniMatrixZ0/status/1625774916288102402,1,76890
77293,"These are the a??secret rulesa?? behind Microsofta??s ChatGPT-powered Bing search
#Bing #ChatGPT #ConversationalAI #OpenAI #ArtificialIntelligence
https://t.co/VWYMqtB8IG",172,0,255924292.0,TechCircleIndia,1.63e+18,Wed Feb 15 09:55:52 +0000 2023,2023/2/15 9:55,0,0,0,https://twitter.com/TechCircleIndia/status/1625796023678390272,0,77294
80879,"Business Strategies for Deploying Disruptive #GenerativeAI and #ChatGPT: https://t.co/gEkKBkaRM4
+
Graphic from: https://t.co/4MLSkkEbU2 @infotechRG
a??a??a??a??
#NLU #NLG #NLProc #GPT3 #GPT4 #AI #MachineLearning #DeepLearning #BigData #DataScience #ConversationalAI #Chatbots #AIStrategy https://t.co/nXCNcQUayN",316,1,534563976.0,KirkDBorne,1.63e+18,Wed Feb 15 19:33:52 +0000 2023,2023/2/15 19:33,7,4,1,https://twitter.com/KirkDBorne/status/1625941480563933184,12,80880
93322,"Unlock the potential of conversational AI with Unleashing the Power of ChatGPT - the ultimate guide to AI-powered conversational systems. e??  

Get your copy today and take your business to the next level! #ChatGPT #ConversationalAI #AIpower
https://t.co/GcIsPEfG7P https://t.co/Z7h8X09fVg",293,0,1.48e+18,TypesdigitalM,1.63e+18,Mon Feb 27 09:42:24 +0000 2023,2023/2/27 9:42,0,0,0,https://twitter.com/TypesdigitalM/status/1630141289042771968,0,93323
93367,What would it take to replace Google as your first-choice search engine? Microsoft is rumoured to be incorporating Chat GPT into Bing. Tempted now? #Microsoft #ConversationalAI #ChatGPT https://t.co/g0xRovz1JU,209,0,504975151.0,GrantMcgregorIT,1.63e+18,Mon Feb 27 09:54:59 +0000 2023,2023/2/27 9:54,0,0,0,https://twitter.com/GrantMcgregorIT/status/1630144457545793536,0,93368
96572,From the headlines to the @Verint bloga??what is #GPT and how will it be used for #CustomerService? #ChatGPT #EngagementCapacityGap #ConversationalAI #ContactCenters #CX #SelfService #AI https://t.co/0TYYd0CsuZ https://t.co/UvzTgjKpmN,234,1,1.54e+18,Samantha71389,1.63e+18,Mon Feb 27 19:27:28 +0000 2023,2023/2/27 19:27,2,1,0,https://twitter.com/Samantha71389/status/1630288525093371909,3,96573
