,full_text,text_length,at_num,user_id_str,screen_name,id_str,created_at,publish_time,favorite_count,retweet_count,reply_count,tweet_url,total_heat,tt
26363,"Top story: @AGENCE79: 'To The Point by @AGENCE79e??  : Un concentr?? d'actu #Digital &amp; #medias 

e???#SocialMedia #AI #artificialintelligence #chatbot   #ChatGPT #OpenAIChatGPT #OpenAI #SVOD #Netflix #Instagram #Avatar #Microa?| https://t.co/GUAGyOO0SJ, see more https://t.co/O5GUNBODuq",292,2,87167562.0,DanielDepaz,1.62e+18,Fri Jan 27 10:36:49 +0000 2023,2023/1/27 10:36,2,0,0,https://twitter.com/DanielDepaz/status/1618920957560737792,2,26364
26368,"Top story: @AGENCE79: 'To The Point by @AGENCE79e??  : Un concentr?? d'actu #Digital &amp; #medias 

e???#SocialMedia #AI #artificialintelligence #chatbot   #ChatGPT #OpenAIChatGPT #OpenAI #SVOD #Netflix #Instagram #Avatar #Microa?| https://t.co/67bZQnBQ7F, see more https://t.co/iANX47iLCp",292,2,12361942.0,thierry_pires,1.62e+18,Fri Jan 27 10:39:41 +0000 2023,2023/1/27 10:39,2,2,0,https://twitter.com/thierry_pires/status/1618921679559823360,4,26369
26389,"Top story: @AGENCE79: 'To The Point by @AGENCE79e??  : Un concentr?? d'actu #Digital &amp; #medias 

e???#SocialMedia #AI #artificialintelligence #chatbot   #ChatGPT #OpenAIChatGPT #OpenAI #SVOD #Netflix #Instagram #Avatar #Microa?| https://t.co/NEVoz0EPLv, see more https://t.co/JoVZJOqNwL",292,2,132541849.0,jamaislu,1.62e+18,Fri Jan 27 10:48:59 +0000 2023,2023/1/27 10:48,1,0,0,https://twitter.com/jamaislu/status/1618924019427704832,1,26390
26403,"Top story: @AGENCE79: 'To The Point by @AGENCE79e??  : Un concentr?? d'actu #Digital &amp; #medias 

e???#SocialMedia #AI #artificialintelligence #chatbot   #ChatGPT #OpenAIChatGPT #OpenAI #SVOD #Netflix #Instagram #Avatar #Microa?| https://t.co/cIZWBBmvsL, see more https://t.co/ct71p4GLMh",292,2,21525128.0,yanndetod,1.62e+18,Fri Jan 27 10:54:37 +0000 2023,2023/1/27 10:54,2,1,0,https://twitter.com/yanndetod/status/1618925439715524610,3,26404
62978,"Missed out on the print edition? Click the link below to read today's #PuneTimes

Read: https://t.co/z6LmsgYuCM

#JamesCameron #Titanic #Avatar #SidharthMalhotra #KiaraAdvani #SidharthKiaraWedding #Yoga #Fitness #AbhishekPathak #ShivaleekaOberoi #ChatGPT #ArtificialIntelligence https://t.co/e7VIbKJzZv",306,0,2390513293.0,PuneTimesOnline,1.62e+18,Sat Feb 11 04:35:05 +0000 2023,2023/2/11 4:35,4,0,0,https://twitter.com/PuneTimesOnline/status/1624265742991642624,4,62979
