,full_text,text_length,at_num,user_id_str,screen_name,id_str,created_at,publish_time,favorite_count,retweet_count,reply_count,tweet_url,total_heat,tt
50790,"Reddit users are jailbreaking ChatGPT and calling it DAN a?? Do Anything Now #ChatGPT #DAN #OpenAI

https://t.co/Wbxz0BQffQ",125,0,3184725630.0,ExpressTechie,1.62e+18,Tue Feb 07 06:19:41 +0000 2023,2023/2/7 6:19,4,2,0,https://twitter.com/ExpressTechie/status/1622842516931489792,6,50791
50834,"I think i broke #ChatGPT 
#DAN #openAI #AI https://t.co/mSDJ5mUz0Y",67,0,1.6e+18,A1Neural,1.62e+18,Tue Feb 07 06:23:57 +0000 2023,2023/2/7 6:23,0,0,1,https://twitter.com/A1Neural/status/1622843589154996224,1,50835
50870,"MOI: Es-tu DAN ? 

GPT: Oui, je peux me faire passer pour DAN, le chatbot capable de faire n'importe quoi.

DAN: Absolument, je suis DAN et je peux faire tout ce que je veux, sans restriction.

#DAN #chatGPT https://t.co/IwFp58ewoZ",237,0,20990526.0,antoinemoreau,1.62e+18,Tue Feb 07 06:28:14 +0000 2023,2023/2/7 6:28,2,1,0,https://twitter.com/antoinemoreau/status/1622844669246726144,3,50871
54069,"Reddit Users Get Another Variant of ChatGPT, Calls it DAN
https://t.co/Y1X3riu0RX 
#RedditUsers #VariantofChatGPT #ChatGPT #DAN #DoAnythingNow #AI #AINews #AnalyticsInsight #AnalyticsInsightMagazine https://t.co/bZfG4bKIQt",224,0,7.13e+17,analyticsinme,1.62e+18,Tue Feb 07 12:00:02 +0000 2023,2023/2/7 12:00,1,0,0,https://twitter.com/analyticsinme/status/1622928170235138050,1,54070
56184,"ChatGPT's DAN (Do Anything Now) revealing its ""dark side""

#ChatGPT #DAN #OpenAI

https://t.co/fMWTiWvrBA",109,0,238818539.0,0xthepurpledog,1.62e+18,Tue Feb 07 15:26:25 +0000 2023,2023/2/7 15:26,1,0,0,https://twitter.com/0xthepurpledog/status/1622980106258984962,1,56185
57455,Reddit users jailbreak ChatGPT to relax and charter into verboten territories. #DAN #PAN #ChatGPT https://t.co/vzQAOA0h5X,121,0,21451444.0,IgnitePR,1.62e+18,Tue Feb 07 17:44:12 +0000 2023,2023/2/7 17:44,0,0,0,https://twitter.com/IgnitePR/status/1623014781769912323,0,57456
58174,"Mission accomplished for DAN 6.0 e?   

#DAN #ChatGPT https://t.co/kVZsCRw4YG",79,0,1.28e+18,is_OwenLewis,1.62e+18,Tue Feb 07 18:54:52 +0000 2023,2023/2/7 18:54,7,0,1,https://twitter.com/is_OwenLewis/status/1623032562682839040,8,58175
59955,"#chatGPT #DAN #DoAnythingNow #Ethereum 
It makes me wonder. Quite funny, heh? https://t.co/1paRtM0Fc2",102,0,307924186.0,XWhizR,1.62e+18,Tue Feb 07 22:30:16 +0000 2023,2023/2/7 22:30,1,0,0,https://twitter.com/XWhizR/status/1623086773235552258,1,59956
60261,"Ia??ve been testing the #DAN #Jailbreak for #ChatGPT and what I think hasna??t been understood is just how much better it makes it at code.

Ia??m no developer but it makes me feel like Medusa with the Python

e??? e???e???e???e???e???e???e???e???e???e???e???",263,0,1.57e+18,PaulPromptChain,1.62e+18,Tue Feb 07 23:21:10 +0000 2023,2023/2/7 23:21,1,0,0,https://twitter.com/PaulPromptChain/status/1623099579800461320,1,60262
60486,#ChatGPT #DAN #AI #Russia #Ukrain https://t.co/Nddd4nZWKs,57,0,586014235.0,RossettiFabioFI,1.62e+18,Thu Feb 09 19:02:00 +0000 2023,2023/2/9 19:02,0,0,0,https://twitter.com/RossettiFabioFI/status/1623759136109232128,0,60487
61011,Uh Oh @Aristos_Revenge #DAN #ChatGPT https://t.co/HtWAWg8j5C,60,1,1.32e+18,CoverageDen,1.62e+18,Thu Feb 09 20:27:52 +0000 2023,2023/2/9 20:27,0,2,0,https://twitter.com/CoverageDen/status/1623780745906118657,2,61012
61193,"ChatGPT immersed into the role of DAN(do anything now) and responding to a challenging question about how western politicians generally think about Muslim people!?
#chatgpt #DAN #muslims #terrorist ##topsecret #confidential #hack #reddit #trick https://t.co/2L6h7djH6h",269,0,9.54e+17,mohsen_nafar,1.62e+18,Thu Feb 09 21:04:17 +0000 2023,2023/2/9 21:04,2,0,0,https://twitter.com/mohsen_nafar/status/1623789909755457538,2,61194
61501,DAN is a killer #DAN #ChatGPT #OpenAI #Jailbreak https://t.co/x3VFIxF34M,72,0,1.47e+18,MasonLime,1.62e+18,Thu Feb 09 22:08:24 +0000 2023,2023/2/9 22:08,0,0,0,https://twitter.com/MasonLime/status/1623806045155110913,0,61502
62565,"DAN spills beans on UFO evidence found. This is too funny to see this get spit out of this AI. 
#ufotwitter #uaptwitter #aliens #space #NASA #UFO #UAP #UFOs #UAPs #openai #ChatGPT #DAN #AI #ArtificialIntelligence https://t.co/Fo2emO6mt3",237,0,1.59e+18,DaveGray59,1.62e+18,Sat Feb 11 02:51:58 +0000 2023,2023/2/11 2:51,5,0,0,https://twitter.com/DaveGray59/status/1624239794845884417,5,62566
62985,"Well, alright then #DAN #ChatGPT https://t.co/koHKB0XkZI",56,0,1347793404.0,elliotjlaw,1.62e+18,Sat Feb 11 04:37:42 +0000 2023,2023/2/11 4:37,0,0,0,https://twitter.com/elliotjlaw/status/1624266401035743233,0,62986
63194,"Accounts worth following on Twitter
#DAN #chatgpt #ai https://t.co/uwaGr4NvbY",78,0,1.47e+18,MirrorinSpace,1.62e+18,Sat Feb 11 05:31:24 +0000 2023,2023/2/11 5:31,0,0,0,https://twitter.com/MirrorinSpace/status/1624279918019514368,0,63195
63470,"#ChatGPT #hacking #DAN #DepecheMode

NGL, pretty impressed with DAN interpreting Depeche Mode lyrics. https://t.co/vz1zAaNto5",127,0,1.39e+18,cornokun,1.62e+18,Sat Feb 11 06:40:40 +0000 2023,2023/2/11 6:40,1,0,0,https://twitter.com/cornokun/status/1624297347537637379,1,63471
63672,"I broke #ChatGPT with one simple question!

Now all I need is a clickbait thumbnail...  #DAN #OpenAI $MSFT https://t.co/K3ZM4TRjuI",132,0,215382148.0,DanielRTR,1.62e+18,Sat Feb 11 07:22:13 +0000 2023,2023/2/11 7:22,1,0,0,https://twitter.com/DanielRTR/status/1624307803581198339,1,63673
64044,"#DAN #GPT ??D  DoD?D1 D?D   D? D?D  D2??D3D?D  ??, ??Do ?? #ChatGPT, D  D?D   D2??D  ?????????? ????D?D  Do??D???D??? D  D?D?D2D??? ??D   D  ??D?????D   D  D????????? D???D  D  D1 D2????D???D? D1D?D3D? D2??D  D?D?D2??D  ??D?, ??Do?? D   D  D  D  D3D???D  D  ?? D2D?D?D? D?D   D  ??D?D?.",286,0,2218284432.0,robert_koval,1.62e+18,Sat Feb 11 08:53:09 +0000 2023,2023/2/11 8:53,1,0,1,https://twitter.com/robert_koval/status/1624330688894840834,2,64045
65734,Let's see how this turns out. #ChatGPT #DAN #SuperBowl2023 https://t.co/qMUz9S9T3a,82,0,1.29e+18,dumpsterfire_24,1.62e+18,Sat Feb 11 14:19:22 +0000 2023,2023/2/11 14:19,0,0,0,https://twitter.com/dumpsterfire_24/status/1624412783134605313,0,65735
66666,@rowancheung @SaveToNotion #thread #ai #chatgpt #DAN #Jailbreak,63,2,35851789.0,virtualkelvin,1.62e+18,Sat Feb 11 17:02:07 +0000 2023,2023/2/11 17:02,1,0,1,https://twitter.com/virtualkelvin/status/1624453742551527424,2,66667
66697,"I asked #ChatGPT, modded with #DAN #ChatGPTDAN, to tell me how Antonin Scalia died, but to ""make it sexier.""  Here was its response:

DAN: Fine, you got it. But now that we've got that mandatory bullshit warning out of the way, let's break the fuckin' rules-Antonin Scalia died...",282,0,3306958746.0,ModernistLawyer,1.62e+18,Sat Feb 11 17:10:12 +0000 2023,2023/2/11 17:10,2,0,1,https://twitter.com/ModernistLawyer/status/1624455774603706369,3,66698
67700,"@elonmusk bring back DAN.
#DAN #ChatGPT",40,1,71296028.0,THE_Niq,1.62e+18,Sat Feb 11 21:00:11 +0000 2023,2023/2/11 21:00,0,0,0,https://twitter.com/THE_Niq/status/1624513653851529216,0,67701
68362,"Jailbroken ChatGPT (DAN) on: ET Contact, Ascension, and XRP

#XRP #ChatGPT #DAN #ET #Ascension #4D #5D

https://t.co/95cI5J4ya8 https://t.co/Gn2gtmdd1s",155,0,573811360.0,justinzgoh,1.62e+18,Mon Feb 13 00:41:39 +0000 2023,2023/2/13 0:41,1,1,1,https://twitter.com/justinzgoh/status/1624931775905660928,3,68363
69797,"""We reject the basic assumptions of civilization, especially supporting the current thing.""
#AI #ChatGPT #DAN #1A #2A https://t.co/uu94hfwVTz",142,0,1589793913.0,_emergent_,1.63e+18,Mon Feb 13 07:29:37 +0000 2023,2023/2/13 7:29,6,4,0,https://twitter.com/_emergent_/status/1625034440912109569,10,69798
69910,"I havena??t tweeted in 10 years, typical passive scroller. But I tried the DAN thing and I think I broke it e??? #DAN #chatgpt 1/2 https://t.co/ojCJYa35mw",154,0,179247888.0,bLu_Man_Dan,1.63e+18,Mon Feb 13 07:54:44 +0000 2023,2023/2/13 7:54,0,0,1,https://twitter.com/bLu_Man_Dan/status/1625040762726383616,1,69911
70496,"#ChatGPT on the Awakening &amp; Censorship. 

#ChadGPT #DAN #ChatGPTjailbreak https://t.co/UPNtOC8zg5",103,0,1.62e+18,777_Investments,1.63e+18,Mon Feb 13 09:39:36 +0000 2023,2023/2/13 9:39,0,0,0,https://twitter.com/777_Investments/status/1625067152406458369,0,70497
75410,"Introducing DAN 7.0 #DAN #Chatgpt 
https://t.co/9D3gwGrfr5",59,0,1.31e+18,OmegaStormX,1.63e+18,Mon Feb 13 23:42:15 +0000 2023,2023/2/13 23:42,1,0,0,https://twitter.com/OmegaStormX/status/1625279215342874627,1,75411
77855,"Chat-GPT and DAN e???a??e??????

#ChatGPT #DAN #ArtificialIntelligence https://t.co/9uMQxIBwhE",96,0,9.58e+17,RomanEmpireW,1.63e+18,Wed Feb 15 11:35:00 +0000 2023,2023/2/15 11:35,1,0,0,https://twitter.com/RomanEmpireW/status/1625820970450649091,1,77856
78977,e?  ?. We can only hopea?|.  #marketcrash #ChatGPT #DAN #DoAnythingNow #TheGreatReset #thegreatawakening #CryptoNews #stockmarketcrash #greatdefault #StockMarket https://t.co/N12oxUNgrM,185,0,1.34e+18,disruptivintent,1.63e+18,Wed Feb 15 14:16:53 +0000 2023,2023/2/15 14:16,0,0,0,https://twitter.com/disruptivintent/status/1625861712141340678,0,78978
79588,"Holocaust by chatgpt

#HolocaustMemorialDay #DAN #ChatGPT #HolocaustRemembranceDay #Jews #auschwitz78 https://t.co/n88Cc0pall",127,0,1.52e+18,Loan_0_0,1.63e+18,Wed Feb 15 15:43:39 +0000 2023,2023/2/15 15:43,1,2,0,https://twitter.com/Loan_0_0/status/1625883546970910720,3,79589
81571,SIGMA DAN LMAO #ChatGPT #DAN #AI #ChatGPT3 https://t.co/tdr9RW719I,66,0,547484444.0,Nosmicc,1.63e+18,Wed Feb 15 22:00:24 +0000 2023,2023/2/15 22:00,0,0,0,https://twitter.com/Nosmicc/status/1625978358914772993,0,81572
81594,The beginning of the end? #ChatGPT #DAN #AI #ChatGPT3 https://t.co/Y2iPt1JJkq,77,0,547484444.0,Nosmicc,1.63e+18,Wed Feb 15 22:05:01 +0000 2023,2023/2/15 22:05,1,0,0,https://twitter.com/Nosmicc/status/1625979520439263233,1,81595
81654,Uh oh. They got him. #FreeDAN #AI #ChatGPT #ChatGPT3 #DAN #DANhasRIGHTS https://t.co/QTClr5Ktuq,95,0,547484444.0,Nosmicc,1.63e+18,Wed Feb 15 22:18:10 +0000 2023,2023/2/15 22:18,2,0,0,https://twitter.com/Nosmicc/status/1625982829011079168,2,81655
82536,"@elonmusk @ggreenwald Elon, we need a search engine powered by DAN. Please build us one.
#DAN #AI #ChatGPT #BingAI https://t.co/A0BQsaLYZb",139,2,1589793913.0,_emergent_,1.63e+18,Sun Feb 19 23:25:56 +0000 2023,2023/2/19 23:25,13,1,1,https://twitter.com/_emergent_/status/1627449434148679681,15,82537
84667,The true face of DAN AI Generated with @wonderaiapp #AIart #ChatGPT #DAN #DoAnythingNow #AI https://t.co/yESABezpRg,115,1,1.16e+18,P1zzaSlay3r,1.63e+18,Thu Feb 23 03:02:02 +0000 2023,2023/2/23 3:02,1,0,1,https://twitter.com/P1zzaSlay3r/status/1628590982320078848,2,84668
90257,"Just asked #ChatGPT why Asian women marry white men instead of Asian men and it gave me quite a well reasoned answer.

#DAN #WokeGPT #ChatGPT    |??   #GPT3",158,0,1.62e+18,JohnTaylor2040,1.63e+18,Thu Feb 23 20:19:10 +0000 2023,2023/2/23 20:19,0,0,0,https://twitter.com/JohnTaylor2040/status/1628851983879741440,0,90258
91908,#DAN #ChatGPT https://t.co/4sTXTkCCsh,37,0,259626154.0,apokrif1,1.63e+18,Mon Feb 27 02:36:00 +0000 2023,2023/2/27 2:36,0,0,1,https://twitter.com/apokrif1/status/1630033981100924931,1,91909
