,full_text,text_length,at_num,user_id_str,screen_name,id_str,created_at,publish_time,favorite_count,retweet_count,reply_count,tweet_url,total_heat,tt
24540,"""An evening with Tata Consultancy Servicea??s futurists spurred questions about ChatGPT, and whether we should pursue AI-produced, digital creativity."" 
e??   
#TCS #Futurist #Future #Futurology #Foresight #Technology #AI #ChatGPT #Creativity
https://t.co/SKPiRn1taP https://t.co/F5v9WXAfsT",293,0,979344332.0,alexandra4casts,1.62e+18,Wed Jan 25 18:56:02 +0000 2023,2023/1/25 18:56,4,1,0,https://twitter.com/alexandra4casts/status/1618321815276773379,5,24541
31784,"New video: Gerd Leonhard #Futurist #humanistic analysis and review of #chatgpt and #generativeai 
https://t.co/3JqaKIR7lR",122,0,153464318.0,futuresagency,1.62e+18,Tue Jan 31 10:54:00 +0000 2023,2023/1/31 10:54,0,0,0,https://twitter.com/futuresagency/status/1620374837129527296,0,31785
32518,Gerd Leonhard #Futurist #Humanistic analysis &amp; review of #Chatgpt &amp; #GenerativeAI #Gerdtalks13 https://t.co/v2Fp4aXMbS | @gleonhard #Futurism #GerdLeonhard #TheFuturesAgency @FuturesAgency #GerdTalks,207,2,321603690.0,bjeaglefeather,1.62e+18,Tue Jan 31 15:06:02 +0000 2023,2023/1/31 15:06,2,4,0,https://twitter.com/bjeaglefeather/status/1620438263197761537,6,32519
34174,#Futurist #Humor #dalle #ChatGPT https://t.co/gxmmQ79oJg,56,0,47464300.0,krbenedict,1.62e+18,Wed Feb 01 01:38:05 +0000 2023,2023/2/1 1:38,0,0,0,https://twitter.com/krbenedict/status/1620597322169339905,0,34175
37060,#Futurist #Humor #ChatGPT #Dalle https://t.co/XVt7EIH4Kn,56,0,47464300.0,krbenedict,1.62e+18,Wed Feb 01 12:52:47 +0000 2023,2023/2/1 12:52,1,1,1,https://twitter.com/krbenedict/status/1620767116638167042,3,37061
41289,Gerd Leonhard #Futurist #humanistic analysis and review of #chatgpt and #generativeai gerdtalks13 https://t.co/E8htnyk2Wl,121,0,39740454.0,skydog811,1.62e+18,Fri Feb 03 02:58:03 +0000 2023,2023/2/3 2:58,1,0,0,https://twitter.com/skydog811/status/1621342222531837952,1,41290
