,full_text,text_length,at_num,user_id_str,screen_name,id_str,created_at,publish_time,favorite_count,retweet_count,reply_count,tweet_url,total_heat,tt
30798,Check out 18K Rose Gold Heart Bracelet Original box https://t.co/iEzjHmkps2 #eBay via @eBay #SuperBowlLVII #ChatGPT #Trending #CashAppFriday #cashapp #BBTitians2023,164,1,275208004.0,The_Onli_Netty,1.62e+18,Tue Jan 31 02:34:21 +0000 2023,2023/1/31 2:34,0,0,1,https://twitter.com/The_Onli_Netty/status/1620249095456845824,1,30799
68434,Sadly our ChatGPT prediction of the @AntMan @Heineken Super Bowl ad did not look like this. Click the link to see all our other crazy A.I. inspired Super Bowl Ad predictions #SuperBowl #SuperBowlLVII #SBLVII #AppleMusicHalftime #HalftimeShow #chatgpt https://t.co/p5sdlYYmPc https://t.co/Ncu4BcPpOG,298,2,24827826.0,madebytam,1.62e+18,Mon Feb 13 01:04:44 +0000 2023,2023/2/13 1:04,6,1,0,https://twitter.com/madebytam/status/1624937581686185986,7,68435
68656,"CC la IA no quiere cooperar con el chisme
#OpenAI #ChatGPT #IA #Rihanna #superbowl #RihannaSuperBowl #SuperBowlLVII #pregnant #ArtificialIntelligence https://t.co/inUnumgknT",174,0,112016892.0,CR1574R,1.62e+18,Mon Feb 13 02:17:59 +0000 2023,2023/2/13 2:17,2,1,0,https://twitter.com/CR1574R/status/1624956015849648128,3,68657
68884,"Can #ChatGPT replace the refs too?  
#SuperBowlLVII #FlyEaglesFly",66,0,1447713740.0,BroadStMisery,1.62e+18,Mon Feb 13 03:24:48 +0000 2023,2023/2/13 3:24,0,0,0,https://twitter.com/BroadStMisery/status/1624972833255202816,0,68885
69436,"Wow, what a fashion statement. Juju Smith-Schuster wearing a kilt to the Super Bowl is truly a groundbreaking moment in the world of sports. #GameChanger #SuperBowlLVII #KiltLife #ChatGPT #automatedSarcasmGenerator",214,0,19568248.0,krishanvadher,1.63e+18,Mon Feb 13 06:01:30 +0000 2023,2023/2/13 6:01,0,0,0,https://twitter.com/krishanvadher/status/1625012266440482816,0,69437
69515,Was walking around then got this #technology #FlyEaglesFly #FentyBowl #SuperBowlLVII #TheFlashMovie #ovni #pintonepro #RIPAAKA #Microsoft #ChiefsKingdom #ChatGPT #AIArtwork #AI #AIart #AppleMusicHalftimeShow https://t.co/uTDdvUHBfc,231,0,1.4e+18,pintonepro,1.63e+18,Mon Feb 13 06:21:33 +0000 2023,2023/2/13 6:21,2,0,0,https://twitter.com/pintonepro/status/1625017314981576705,2,69516
72867,#SuperBowlLVII #WPL2023 #Ethiopian #ChatGPT https://t.co/ovOf7ch45n,67,0,1.62e+18,DimalikT,1.63e+18,Mon Feb 13 15:37:11 +0000 2023,2023/2/13 15:37,1,0,1,https://twitter.com/DimalikT/status/1625157140963815425,2,72868
72976,Which is the best technology for your e??? #ChatGPT #AI #AIArtwork #Google #TrendingNow #Trending #SuperBowlLVII #Auckland #Rihanna #TheFlashMovie #USA #uk @princeze92 @DrIqraAbbasi @elonmusk @Google @ChatGPTNFTs,212,5,1.5e+18,QMooti,1.63e+18,Mon Feb 13 15:55:19 +0000 2023,2023/2/13 15:55,2,0,0,https://twitter.com/QMooti/status/1625161707264909312,2,72977
73149,STREAM STREAM CON GLI HASHTAGGHINI PAZZI #TikTok #Rihanna #SuperBowlLVII #Lombardia2023 #SuperBowl2023 #Fortnite #FortniteLeaks #Lazio #maratonamentana #FentyBowl #MareFuori #MarvelStudios #Sanreno2023 #amici22 #Dance #Mattia #Tottenham #ChatGPT #ElonMusk https://t.co/P7yy2gKnOi,279,0,1.49e+18,Riviachiave,1.63e+18,Mon Feb 13 16:21:40 +0000 2023,2023/2/13 16:21,26,15,0,https://twitter.com/Riviachiave/status/1625168338459537409,41,73150
