,full_text,text_length,at_num,user_id_str,screen_name,id_str,created_at,publish_time,favorite_count,retweet_count,reply_count,tweet_url,total_heat,tt
22450,"#ChatGPT derken #Cere de a??Hello World!a?? demi??! ??stelik yerli bir giri??im. Tebrikler @cerebrum_tech @ErdemErkul e???e??? 

#yapayzeka #web3 #teknoloji #IoT",163,2,710411736.0,snrkul,1.62e+18,Wed Jan 25 05:01:48 +0000 2023,2023/1/25 5:01,1,0,0,https://twitter.com/snrkul/status/1618111874054393857,1,22451
23002,"e??oYapay zeka ChatGPT ??imdi de doktorlar?  n mesle??ine g??z dikti 
#ChatGPT #yapayzeka #AI #teknoloji #haber
https://t.co/SgpMvUU2ly",137,0,2785569453.0,megabaythaber,1.62e+18,Wed Jan 25 09:41:06 +0000 2023,2023/1/25 9:41,0,0,0,https://twitter.com/megabaythaber/status/1618182162876071939,0,23003
23067,"Yapay Zeka her ??eyin fark?  nda. Biz de??il kendisi anlat?  yor... e???

#nettenkirala #ara?  kiralama #yapayzeka #teknoloji #ChatGPT https://t.co/X0iTKRvV4q",160,0,1.4e+18,nettenkirala,1.62e+18,Wed Jan 25 10:03:23 +0000 2023,2023/1/25 10:03,5,0,0,https://twitter.com/nettenkirala/status/1618187769842659336,5,23068
32277,"B??t??nlemeye kalan ????rencilerin g??z?? ya??l?   e?  2 

#Pazarlamasyon #ChatGPT #yapayzeka #teknoloji #bilgi https://t.co/5R4j68oW13",137,0,263299878.0,Pazarlamasyon,1.62e+18,Tue Jan 31 13:45:52 +0000 2023,2023/1/31 13:45,2,2,1,https://twitter.com/Pazarlamasyon/status/1620418088310280195,5,32278
35550,"ChatGPT pazarlamada kurallar?   ba??tan a??a???   de??i??tirecek https://t.co/qipLHzQEKL

#tech #ai #chatgpt #marketing #teknoloji #software #Metavarse #EmrahPamuk #gundem https://t.co/cNGvdgoxxw",197,0,487811981.0,technologictr,1.62e+18,Wed Feb 01 07:44:08 +0000 2023,2023/2/1 7:44,1,0,0,https://twitter.com/technologictr/status/1620689441806327809,1,35551
41750,"Robotlara kapt?  rmayaca???  m?  z tek i??imiz uyumak heralde e???e???e???e??? Uyku sever uykucular ses verin e?    e??  
.
.
.
#g??n??nkarikat??r?? #t??rk?  ekarikat??r #komik #komikkarikat??rler #karikat??r #robot #yapayzeka #chatgpt #midjourney #teknoloji #yenilik #geli??im #i?? #work #ke??fet #fyp #uyku #uykucu https://t.co/nxXbEXpL8E",344,0,516412750.0,limonilezeytin,1.62e+18,Fri Feb 03 05:10:00 +0000 2023,2023/2/3 5:10,2,1,0,https://twitter.com/limonilezeytin/status/1621375427234119683,3,41751
43967,"USBa??nin yapt?  ???   kullan?  c?   say?  s?   ara??t?  rmas?   sonucu OpenAl taraf?  ndan geli??tirilen sohbet robotu, ocak ay?  nda ayl?  k 100 milyondan fazla aktif kullan?  c?  ya ula??t?  .  Detaylar i?  ine???

#teknoloji #chatgpt #teknolojihaberleri

https://t.co/Hn1DK5yxkN",286,0,400774204.0,indir_com,1.62e+18,Fri Feb 03 12:04:33 +0000 2023,2023/2/3 12:04,1,0,0,https://twitter.com/indir_com/status/1621479751691952130,1,43968
44854,Bill Gates: Chat GPT en az PC ve internet kadar de??erli #billgates #chatGPT #microsoft #internet #teknoloji #pc #google #yat?  r?  m - https://t.co/CPBCyMI3Ur https://t.co/npFXPphL5M,183,0,47070156.0,borsagundem,1.62e+18,Fri Feb 03 14:10:03 +0000 2023,2023/2/3 14:10,8,0,0,https://twitter.com/borsagundem/status/1621511335250104324,8,44855
59155,"Google'?  n ChatGPT'ye rakip olarak geli??tirdi??i Bard g??n say?  yor https://t.co/6wmjbQeJmR

#tech #AI #ChatGPT #GoogleBard #Bard #teknoloji #Artificialintelligence #DeepMind https://t.co/ciH9JJUj67",203,0,487811981.0,technologictr,1.62e+18,Tue Feb 07 20:39:19 +0000 2023,2023/2/7 20:39,1,0,0,https://twitter.com/technologictr/status/1623058848188604495,1,59156
93417,T??rkiye'de ?  al?  ??anlar i??lerini robota kapt?  rmaktan korkuyor #robot #teknoloji #t??rkiye #i?? #i???  i #yapayzeka #ChatGPT #?  al?  ??an #insan - https://t.co/3FQcrJrTqU https://t.co/cpx4uJw7M4,201,0,161227295.0,finansgundemcom,1.63e+18,Mon Feb 27 10:02:26 +0000 2023,2023/2/27 10:02,0,0,0,https://twitter.com/finansgundemcom/status/1630146332185829378,0,93418
93442,T??rkiye'de ?  al?  ??anlar?  n robot korkusu #robot #teknoloji #t??rkiye #i?? #i???  i #yapayzeka #ChatGPT #?  al?  ??an #insan - https://t.co/wCI2NJ2xUm https://t.co/3EFos5tRET,178,0,2250523256.0,teknolojigndm,1.63e+18,Mon Feb 27 10:08:30 +0000 2023,2023/2/27 10:08,2,0,0,https://twitter.com/teknolojigndm/status/1630147856173617154,2,93443
96438,"??al?  ??anlar i??lerini robotlara kapt?  rmaktan korkuyor https://t.co/X8xtDRRVYQ

#tech #robots #factory #production #teknoloji #ChatGPT #Otomasyon #BlackHat https://t.co/kQo66DCC1A",185,0,487811981.0,technologictr,1.63e+18,Mon Feb 27 19:00:40 +0000 2023,2023/2/27 19:00,1,0,0,https://twitter.com/technologictr/status/1630281779675295746,1,96439
