,full_text,text_length,at_num,user_id_str,screen_name,id_str,created_at,publish_time,favorite_count,retweet_count,reply_count,tweet_url,total_heat,tt
46425,"Vid??o actu #NFT &amp; #WEB3 du jour!e??  

Sommaire:

#OpenSea d??voile la r??gle des 3 heures, #Google concurrence #ChatGPT , s??curit?? #Metamask, concert #Metaverse dans @Roblox , jouer ?? DOOM sur la #Blockchain #Bitcoin , le token #ILV de @illuviumio explose ...

https://t.co/ushsNJCDII",299,2,1.31e+18,MonsieuRabbit,1.62e+18,Fri Feb 03 17:57:56 +0000 2023,2023/2/3 17:57,15,0,0,https://twitter.com/MonsieuRabbit/status/1621568684828286977,15,46426
46824,"https://t.co/iPHahznfKo

*Embrace The #AI #Web3 #NFT &amp; #blockchain Movement!

#web3community #Web3Domain #NFTs #NFTCommunity #nftdomain #Crypto #AiDomain #startups #IoT #ML #Digital #Robot #Robot #Robotic #ETH #ArtificialIntelligence #VCS #VC #XR #VentureCapital #ChatGPT #Health https://t.co/2VAgx2ZXtG",311,0,1.53e+18,SoldXyz,1.62e+18,Fri Feb 03 19:03:08 +0000 2023,2023/2/3 19:03,7,0,1,https://twitter.com/SoldXyz/status/1621585093230993410,8,46825
83697,"https://t.co/jq8RFBm9C7

** Embrace The #AI #Web3 #NFT &amp; #blockchain Movement! **

#web3community #Web3Domain #NFTs #NFTCommunity #nftdomain #Crypto #AiDomain #startups #IoT #ML #Digital #Robot #Robot #Robotic #ArtificialIntelligence #VCS #VC #VentureCapital #ChatGPT #Metaverse https://t.co/o29JkaVHbi",310,0,1.53e+18,SoldXyz,1.63e+18,Tue Feb 21 20:15:16 +0000 2023,2023/2/21 20:15,9,1,0,https://twitter.com/SoldXyz/status/1628126226786435073,10,83698
89195,"https://t.co/ic6TlWdVSv

** Embrace The #AI #Web3 #NFT &amp; #blockchain Movement! **

#web3community #Web3Domain #NFTs #NFTCommunity #nftdomain #Crypto #AiDomain #startups #IoT #ML #Digital #Robot #Robot #Robotic #ArtificialIntelligence #VCS #VC #VentureCapital #ChatGPT #Metaverse https://t.co/ABIE9AjmBY",310,0,1.53e+18,SoldXyz,1.63e+18,Thu Feb 23 16:58:16 +0000 2023,2023/2/23 16:58,3,0,0,https://twitter.com/SoldXyz/status/1628801428528697344,3,89196
90248,"https://t.co/MVaGDkmYh6

** Embrace The #AI #Web3 #NFT &amp; #blockchain Movement! **

#web3community #Web3Domain #NFTs #NFTCommunity #nftdomain #Crypto #AiDomain #startups #IoT #ML #Digital #Robot #Robot #Robotic #ArtificialIntelligence #VCS #VC #VentureCapital #ChatGPT #Metaverse https://t.co/KxOdufaXI4",310,0,1.53e+18,SoldXyz,1.63e+18,Thu Feb 23 20:17:22 +0000 2023,2023/2/23 20:17,7,0,1,https://twitter.com/SoldXyz/status/1628851530614083589,8,90249
