,full_text,text_length,at_num,user_id_str,screen_name,id_str,created_at,publish_time,favorite_count,retweet_count,reply_count,tweet_url,total_heat,tt
21855,"Microsoft invierte miles de millones en OpenAI, creador de ChatGPT https://t.co/lsYnPzzkPO

#tecnologia #microsoft #ChatGPT #OpenAI #republicadominicana #dominicanrepublic #santodomingo #dominicanos #noticias #ndigital #zdigital #cdn37 https://t.co/cHMWDVqZiQ",261,0,9.07e+17,InvertixRD,1.62e+18,Mon Jan 23 22:14:49 +0000 2023,2023/1/23 22:14,2,0,0,https://twitter.com/InvertixRD/status/1617647067261992960,2,21856
22942,25 Enero 2023 #noticiashoy #noticiasdeld?-a #noticias #americalatina #chatgpt #colombia #chimpance https://t.co/ZYkxYi7tnM VIDEOOOO !!,134,0,1.23e+18,estebantecs,1.62e+18,Wed Jan 25 09:15:26 +0000 2023,2023/1/25 9:15,0,0,0,https://twitter.com/estebantecs/status/1618175702292987904,0,22943
42608,"Nuevo VIDEOOOO !!
3 Febrero 2023 #noticias #noticiasdeld?-a #noticiashoy #colombia #chatgpt #usa #china #starwars https://t.co/fIeilzlsk5",138,0,1.23e+18,estebantecs,1.62e+18,Fri Feb 03 08:15:03 +0000 2023,2023/2/3 8:15,0,1,0,https://twitter.com/estebantecs/status/1621421998923472903,1,42609
43439,"Chat GPT: entenda a nova ferramenta do trabalhador remoto, uma ferramenta de Intelig?ancia artificial que possui m?oltiplas fun?  ?  es, desde a cria?  ?  o de c?3digos ?? cria?  ?  o de conte?odo SEO. 

https://t.co/J9tYlkMdGR

#ecommerce #noticias #SEO #chatGPT #dados",274,0,9.91e+17,EcommerceNewsPT,1.62e+18,Fri Feb 03 10:40:53 +0000 2023,2023/2/3 10:40,0,0,0,https://twitter.com/EcommerceNewsPT/status/1621458696546009088,0,43440
51860,"Nuevo VIDEOOOO !!
7 Febrero 2023 #noticias #noticiasdeld?-a #noticiashoy #turquia #terremoto #google #chatgpt #mschf https://t.co/Uj923zluvc",141,0,1.23e+18,estebantecs,1.62e+18,Tue Feb 07 08:15:09 +0000 2023,2023/2/7 8:15,0,0,0,https://twitter.com/estebantecs/status/1622871575736332290,0,51861
77626,??Amigos! e??   ??Cansados de las noticias sesgadas y poco confiables? ??nete a nosotros!  17 hs cte por #FacebookLive donde analizamos las noticias m??s importantes con una mirada esc??ptica #GuerraEnUcrania #LRDFDM #podcast #noticias #esc??pticos #OhioTrainDisaster #ChatGPT #ChatGPTdan,288,0,1.22e+18,lrdfdm,1.63e+18,Wed Feb 15 10:49:02 +0000 2023,2023/2/15 10:49,1,0,0,https://twitter.com/lrdfdm/status/1625809404829351937,1,77627
83203,"e??2e???Env?-anos un DM Ser?? muy divertida la experiencia que crearemos juntos para aumentar tus clientes potencialese???
https://t.co/16922jcWgg.

#marketing #marketingdigital #negocios #empresas #publicidad #marca #logo #estrategias #economia #noticias #veracruz #bocadelrio #chatgpt https://t.co/DrmIAAg5Bk",313,0,4753915093.0,mktlagrancampa,1.63e+18,Tue Feb 21 18:40:23 +0000 2023,2023/2/21 18:40,0,0,0,https://twitter.com/mktlagrancampa/status/1628102350702247937,0,83204
84108,"L?-deres religiosos testam o Chat GPT, uma intelig?ancia artificial, que funciona como um programa de computador. #gospel #noticias #chatGPT https://t.co/y1TZRhfcWl",164,0,1.47e+18,hitnewsbr,1.63e+18,Tue Feb 21 22:01:03 +0000 2023,2023/2/21 22:01,1,0,0,https://twitter.com/hitnewsbr/status/1628152847702405121,1,84109
