,full_text,text_length,at_num,user_id_str,screen_name,id_str,created_at,publish_time,favorite_count,retweet_count,reply_count,tweet_url,total_heat,tt
8888,"#Microsoft is reportedly closing in on a $10 Billion investment into #ChatGPT creator #OpenAI, a large language model chatbot that has gained buzz on the internet recently.

#OpenAIChatGPT #StockMarket #stocks #StoxBoxIndia",225,0,1.21e+18,StoxboxIndia,1.61e+18,Wed Jan 11 11:35:24 +0000 2023,2023/1/11 11:35,0,1,0,https://twitter.com/StoxboxIndia/status/1613137497730744320,1,8889
9014,"TOP 10
#BTC #bsc #BUSD #Crypto #XRP #cryptoart #art #DeFi #Matic #stocks #altcoin #ETH #AVAX #web3 #Tesla #Airdrop #Binance #Cardano #ADA #Twitter #ElonMusk #NFT #BNB #NFTs #Doge #CRO #USA #AI #hodl #DC #USDT #SOL #SHIB #USDC #eur #FTX #FTT #DOT #SAFEMOON #LINK #UNI #CHZ #ChatGPT https://t.co/HTXr7S0KOz",305,0,1.36e+18,bgm_fx,1.61e+18,Wed Jan 11 12:32:41 +0000 2023,2023/1/11 12:32,6,0,3,https://twitter.com/bgm_fx/status/1613151910613209090,9,9015
14984,"For anyone that invests or works with unstructured data this way to use ChatGPT *changes* the game.

I think it's worth 4 mins of your time to watch! 

https://t.co/rGH18SRS6N

#ai #stocks #ChatGPT https://t.co/dHRjIUCzEQ",227,0,705727692.0,1dolinski,1.62e+18,Tue Jan 17 00:25:57 +0000 2023,2023/1/17 0:25,5,1,1,https://twitter.com/1dolinski/status/1615143349136293888,7,14985
19528,"Microsoft $MSFT Adding ChatGPT to Products: Is This The Next Over-Hyped Tech Advancement?

#Microsoft #ChatGPT #stockstowatch #investing #stockmarket #finance #investor #trading #investment #stockmarketinvesting #stocks #wallstreet #personalfinance #money

https://t.co/dgEL4D9OgK",284,0,627695874.0,IOInvestors,1.62e+18,Thu Jan 19 20:41:36 +0000 2023,2023/1/19 20:41,1,0,0,https://twitter.com/IOInvestors/status/1616174055555481607,1,19529
22465,"When you short $MSFT and it reverses beautifully off your level. 

#trading #stocks #microsoft #qqq #teck #xlk #cloud #azzure #chatgpt #ai #trader https://t.co/rMOKdlkg4e",172,0,1.2e+18,Fourdaywork,1.62e+18,Wed Jan 25 05:08:20 +0000 2023,2023/1/25 5:08,0,0,0,https://twitter.com/Fourdaywork/status/1618113516417781760,0,22466
22669,"#MarketsWithMC  - ChatGPT     ?    ?     |    ?          ?    ?    ?     ?    ?    ?     ?   琛?   ?    ?    ?     a    ?    悒? ?    ?    ?    ?    2    ?   琛?   ?,     ?    ?   琛?   ?    ?     ?    ?    ?     ?    悒? ?    悒? ?     ?    ?    a    ?    ? 

@BSEIndia @NSEIndia 

#chatGPT #StockMarket #stocks #stockstowatch #investment #portfolio #market #moneycontrol
https://t.co/XagnNAjUSG",395,2,1.16e+18,MoneycontrolH,1.62e+18,Wed Jan 25 07:06:38 +0000 2023,2023/1/25 7:06,0,0,0,https://twitter.com/MoneycontrolH/status/1618143288984502274,0,22670
22704,"#MarketsWithMC - AI     ?      ChatGPT     ?    ?     ?    ?   琛?    2    ?    ?    瑷? ?          ?    悒? ?    ?    ?     ?    ?    ?     ?   琛?   ?     1    ?    ?     1    ?           ?    ?    ?    ?     ?    1    ?   琛?   ?   琛?   ?    ?-    ?    台   ?    瑷? ?    ?    ?     2    ?    ?    台   ?    ?     ?    ?     悒? 1    ?     1    ?    ?,     瑷? ?    ?    台   ?    悒? ?    ?     ?   琛?   台   ?    ?     ?    ?     悒? 1    ?     1    ?    ?       

    a    ?    悒? ?     ?    ?    ?          a    楱? ?   琛?   ?     ?    ?     2    ?    ?    琛?   ?    ?    ?     ?    ?    2    ?    ?     ?    悒? ?    ? e???
https://t.co/XagnNAjUSG 
@BSEIndia @NSEIndia 
.
.
.
#chatGPT #StockMarket #stocks #stockstowatch https://t.co/QAHGqUVpYq",744,2,1.16e+18,MoneycontrolH,1.62e+18,Wed Jan 25 07:26:13 +0000 2023,2023/1/25 7:26,4,0,0,https://twitter.com/MoneycontrolH/status/1618148217673351169,4,22705
23059,"Is AI just a trend for weeks or an investment opportunity stretching for years? Find out more in our latest Seasonal Insights article, which stocks may come into play: https://t.co/Wt7diPlJFQ
#markets #stocks #invest #ai #tech #chatgpt #microsoft #fintech #assetmanagement",273,0,2600097296.0,seasonaxapp,1.62e+18,Wed Jan 25 10:01:09 +0000 2023,2023/1/25 10:01,2,1,1,https://twitter.com/seasonaxapp/status/1618187209999269888,4,23060
23171,"When ChatGPT and financial advisors go to battle, the real winner is always your bank account.... because it's gonna be empty either way e???

#chatgpt #finance #stocks #trading #investing #pockeful #business #stockmarket https://t.co/H1AshwJtpb",247,0,1.54e+18,Pocketful_HQ,1.62e+18,Wed Jan 25 10:45:29 +0000 2023,2023/1/25 10:45,2,1,0,https://twitter.com/Pocketful_HQ/status/1618198364423847938,3,23172
24525,"BlogPost : 

ChatGPT and Blockchain: The Perfect Pair for Disrupting the Financial Industry

https://t.co/gGMqv9pRfu a?|

#dao #bitcoina?  a?  a?   #ETH #Ethereum #blockchain #Metaverse #DeFi #Binancea?  a?  a?   #Crypto #CryptocurrencyMarket #cryptomarket #stocks #StockMarket #dex #ChatGPT",297,0,2286339128.0,ReiniLuup,1.62e+18,Wed Jan 25 18:48:30 +0000 2023,2023/1/25 18:48,0,0,1,https://twitter.com/ReiniLuup/status/1618319918549827584,1,24526
26964,"What will AI do to the workforce? 
.
. 
#AI #ChatGPT #recession #inflation #economy #stocks #marketcrash #recession2023 https://t.co/yrgt806vC0",146,0,1.23e+18,CommuneCapital,1.62e+18,Fri Jan 27 14:09:54 +0000 2023,2023/1/27 14:09,0,0,0,https://twitter.com/CommuneCapital/status/1618974585621446656,0,26965
28246,"BUZZFEED STOCK IS UP 200%a?????e??  

#stockmarket #stocks #stockmemes #memes #buzzfeed #openai #chatgpt #artificialintelligence #ai #software #technology #news https://t.co/E0tQzJfWN2",186,0,1.31e+18,stocks_tok,1.62e+18,Fri Jan 27 22:42:33 +0000 2023,2023/1/27 22:42,1,0,0,https://twitter.com/stocks_tok/status/1619103596750188544,1,28247
29503,"ChatGPT may be the most important  technical breakthrough since iPhone.

 I am working on a podcast with Dr. Natasha Arora on 10 stocks that will benefit.

https://t.co/tvFOS2xIsB

#investing #investment  #stocks #stockmarket #market #markets  #invest #ChatGPT $msft",272,0,20327105.0,TheAroraReport,1.62e+18,Sun Jan 29 14:14:05 +0000 2023,2023/1/29 14:14,5,0,1,https://twitter.com/TheAroraReport/status/1619700413137317888,6,29504
30430,"5) Upon slightly re-framing my request, or repeating it in a separate conversation, it would finally comply. It was as if I had ""fooled"" ChatGPT into doing something it wasn't supposed to do!

#artficialintelligence #AI #ChatGPT #investing #finance #fintech #stocks #stockmarkets",281,0,236517149.0,robthoburn,1.62e+18,Sun Jan 29 22:03:18 +0000 2023,2023/1/29 22:03,0,1,0,https://twitter.com/robthoburn/status/1619818492861235200,1,30431
31113,"Top 5 stock trading rules by ChatGPT

    1. Have a plan and stick to it.
    2. Diversify your portfolio.
    3. Keep emotions in check.
    4. Do thorough research before investing.
    5. Don't chase returns, focus on long-term growth.

#stocks #trading #Ai #ChatGPT",277,0,14051297.0,docking,1.62e+18,Tue Jan 31 06:01:48 +0000 2023,2023/1/31 6:01,0,1,1,https://twitter.com/docking/status/1620301301660753920,2,31114
31129,"I asked ChatGPT what it's ""Favorite stock trading tactic"" was.
Here is a picture of it's reply.

#stocks #trading #Ai #ChatGPT https://t.co/y1iMeUyvPS",153,0,14051297.0,docking,1.62e+18,Tue Jan 31 06:12:23 +0000 2023,2023/1/31 6:12,1,0,0,https://twitter.com/docking/status/1620303964968259585,1,31130
33706,Top 10 Artificial Intelligence Stocks to Buy in 2023 https://t.co/sx61GrJGk9 #AI #ArtificialIntelligence  #stocks #StocksToBuy #tradingstrategy #ChatGPT #bzfd #sfund https://t.co/AlSa7TkZ2i,189,0,1.51e+18,shawn_crelly,1.62e+18,Tue Jan 31 22:23:57 +0000 2023,2023/1/31 22:23,36,4,1,https://twitter.com/shawn_crelly/status/1620548466459164673,41,33707
35396,"#Forecasting has become very critical for #businesses since the #supplychainrisks have increased more than ever, so the requirement of #data and #algorithmic #intelligence has gone up very high. 

#AI #ChatGPT #chatseksyuk #Budget2023 #BudgetSession2023 #stocks #DataScience #data https://t.co/PACzGaKwJf",306,0,1.17e+18,SCManlytiks,1.62e+18,Wed Feb 01 07:04:36 +0000 2023,2023/2/1 7:04,4,2,0,https://twitter.com/SCManlytiks/status/1620679492011446272,6,35397
38938,"[???????   ??   #AI   ????????] ????????  ???????   ?????o???  ???2????????-  ????1???????AI  ???    ??????  ?????AI?o???  ????????-?????  ???  ???o? #ChatGPT ??????  ??????  ?  ????  AI  ????????

e??? #Shopify Inc $SHOP
e??? #OpenText Corp $OTEX
e??? #Docebo Inc. $DCBO

  ????a?o?     ???https://t.co/0vkSg5WQj6

#stocks #artificialintelligence #technology https://t.co/iHC9QfEuTU",391,0,43948487.0,NAI500,1.62e+18,Wed Feb 01 17:30:30 +0000 2023,2023/2/1 17:30,0,0,0,https://twitter.com/NAI500/status/1620837005348278273,0,38939
39123,"#ArtificialIntelligence #AI #ChatGPT #stocks #ETF 
$AI $PATH $BZFD $VERI",73,0,1.33e+18,GeniusTrader777,1.62e+18,Wed Feb 01 18:00:02 +0000 2023,2023/2/1 18:00,1,1,0,https://twitter.com/GeniusTrader777/status/1620844436220698624,2,39124
40232,"BuzzFeed stock skyrockets as the company announces its plan to work with @OpenAI, the creator of the latest viral #AI chat bot, #ChatGPT to produce content and transform quizzes.??

#bots #tech #stocks #business #finance #DigitalMedia #TechStock #BuzzFeed
https://t.co/sbeB12MEXp",282,1,1.55e+18,CosmosFunds,1.62e+18,Wed Feb 01 21:01:26 +0000 2023,2023/2/1 21:01,0,0,0,https://twitter.com/CosmosFunds/status/1620890090401665025,0,40233
40850,#investing #investment #stocks #stockmarket #ChatGPT #Wallstreet https://t.co/KU4JFrq4zp,88,0,9.83e+17,remuneratechanc,1.62e+18,Wed Feb 01 22:43:20 +0000 2023,2023/2/1 22:43,0,0,0,https://twitter.com/remuneratechanc/status/1620915733252251649,0,40851
41832,"Open AI has launched its paid version of chatGPT e?  ? meanwhile #Microsoft  announced its #investment  in #OpenAI 

#chatgpt #ChatGPTPlus #ArtificialIntelligence #StocksToBuy #stocks #StockMarket #krishaIncap #krishafinance #freedemataccount #Trending #tech #Bot #AI https://t.co/pRx9al6I0Q",293,0,1.57e+18,wekrishafinance,1.62e+18,Fri Feb 03 05:26:37 +0000 2023,2023/2/3 5:26,1,0,0,https://twitter.com/wekrishafinance/status/1621379609894989824,1,41833
44389,"TOP 10
#BTC #bsc #BUSD #Crypto #XRP #cryptoart #art #DeFi #Matic #stocks #altcoin #ETH #AVAX #web3 #Tsla #Airdrop #Binance #Cardano #ADA #Twitter #ElonMusk #NFT #BNB #NFTs #Doge #CRO #USA #AI #hodl #DC #USDT #SOL #SHIB #USDC #CHATGPT #FTX #FTT #DOT #SAFEMOON #LINK $META #EUR #FED https://t.co/6Hch479psP",305,0,1.36e+18,bgm_fx,1.62e+18,Fri Feb 03 13:07:02 +0000 2023,2023/2/3 13:07,3,0,4,https://twitter.com/bgm_fx/status/1621495477794488323,7,44390
48965,"I wouldna??t bet against #Google long. 
Ia??d George it instead e??   #ai #stockmarket #stocks #ChatGPT https://t.co/jZGfZkF5r9",128,0,26943695.0,TommyMackATX,1.62e+18,Tue Feb 07 01:04:50 +0000 2023,2023/2/7 1:04,3,0,0,https://twitter.com/TommyMackATX/status/1622763281562718209,3,48966
49277,Bard or Chat GPT? #chatgpt #stocks #invest #money #finance $GOOG $GOOGL $MSFT $TSLA $WFC $SPOT https://t.co/NJboahLEpD,118,0,7.65e+17,ProStockTrade,1.62e+18,Tue Feb 07 02:15:08 +0000 2023,2023/2/7 2:15,0,0,0,https://twitter.com/ProStockTrade/status/1622780973950590977,0,49278
54105,"Baidu to finish testing ChatGPT-style project a??Ernie Bota?? in March; stocks rally
https://t.co/K734X0TsKe
#traderchamp #crypto #forex #btc #gold #gbpusd #trading #nft #binance #coinbase #ftx #news #stocks #stockmarket #crudeoil #ChatGPT #Baidu #China",255,0,1.51e+18,traderchamp_,1.62e+18,Tue Feb 07 12:02:00 +0000 2023,2023/2/7 12:02,10,2,7,https://twitter.com/traderchamp_/status/1622928664215310337,19,54106
54432,"Hot list stocks for today e??  
$AI 
$VERI 
$BBBY 

#stocks #stockmarket #stocks2023 #Stock #trading #daytrading #optionstrading #daytradingtips #technicalanalysis #AI #chatgpt #Artificialintelligence #Investing $PLTR $MSFT #tech #future",242,0,1.57e+18,TCG_Hotlist,1.62e+18,Tue Feb 07 12:39:31 +0000 2023,2023/2/7 12:39,4,0,0,https://twitter.com/TCG_Hotlist/status/1622938104280543233,4,54433
55134,"TOP 10
#BTC #bsc #BUSD #Crypto #XRP #cryptoart #art #DeFi #Matic #stocks #altcoin #ETH #AVAX #web3 #Tsla #Airdrop #Binance #Cardano #ADA #Twitter #ElonMusk #NFT #BNB #NFTs #Doge #CRO #USA #AI #hodl #DC #USDT #SOL #SHIB #USDC #CHATGPT #FTX #FTT #DOT #SAFEMOON #LINK #EUR #CHZ $META https://t.co/maDyoylKJC",305,0,1.36e+18,bgm_fx,1.62e+18,Tue Feb 07 13:46:13 +0000 2023,2023/2/7 13:46,8,0,2,https://twitter.com/bgm_fx/status/1622954891084812288,10,55135
55326,"We at Streetwhacks are utilising complex algos to enable efficient trading picks. #ChatGPT 

#Nifty #StockMarkets #nifty50 #stocks #NiftyBank #StocksToBuy #StockMarket #StockMarketindia #Streetwhacks https://t.co/H5p5hNc7be",225,0,1.49e+18,streetwhacks,1.62e+18,Tue Feb 07 14:05:12 +0000 2023,2023/2/7 14:05,2,1,0,https://twitter.com/streetwhacks/status/1622959666627231744,3,55327
55643,"Here is the full list of #ChatGPT stocks.

#chatgpt #stocks #tipranks #list #companies #comparison 

https://t.co/YXvQinaXjP",128,0,140618811.0,richardkimphd,1.62e+18,Tue Feb 07 14:34:07 +0000 2023,2023/2/7 14:34,0,0,0,https://twitter.com/richardkimphd/status/1622966945279770624,0,55644
55827,"El neobanco Revolut lanza la funci?3n de staking 
#BTC #bsc #BUSD #Crypto #XRP #art #DeFi #Matic #stocks #altcoin #ETH #AVAX #web3 #Tsla #ADA #NFT #BNB #NFTs #Doge #CRO #USA #AI #hodl #DC #USDT #SOL #SHIB #USDC #CHATGPT #FTX #FTT #DOT #LINK #EUR #CHZ $META
https://t.co/ADOEIztAa0",282,0,1.36e+18,bgm_fx,1.62e+18,Tue Feb 07 14:49:39 +0000 2023,2023/2/7 14:49,5,0,4,https://twitter.com/bgm_fx/status/1622970852466900992,9,55828
56803,"TuitionGPT (.com) 
#domainname for #sale

https://t.co/A9CuVNQl1j 

#ai #ChatGPT #Google #cryptomarket #machinelearning 
#artificialintelligence 
#openai #development 
#trading #stocks #forextrading
#microsoft #googleai #Bitcoin
#tuition #training #education
#Domains #domain",286,0,1.12e+18,PrimaryDomain,1.62e+18,Tue Feb 07 16:30:05 +0000 2023,2023/2/7 16:30,1,0,0,https://twitter.com/PrimaryDomain/status/1622996129276362752,1,56804
59443,"Three AI Companies That Aren't Microsoft or Google

$MSFT $GOOG $GOOGL $SOUN $BBAI $AI

#microsoft #google #AI #chatgpt #c3ai #bigbearai #SoundHound #stockstowatch #investing #stockmarket #finance #invest #investor #trading #investment #stocks #wallstreet

https://t.co/ONRPYI4a7V",286,0,627695874.0,IOInvestors,1.62e+18,Tue Feb 07 21:15:02 +0000 2023,2023/2/7 21:15,2,0,0,https://twitter.com/IOInvestors/status/1623067837248970752,2,59444
60434,"Shares of employee-recruitment firm Staffing 360 traded 9% lower Tuesday after seeing a roughly 25% surge following an announcement involving #ArtificialIntelligence.

#stocks #chatgpt #month #deal #activatestaff #intelligence #stock 

https://t.co/THVZnvvD9A",263,0,140618811.0,richardkimphd,1.62e+18,Tue Feb 07 23:49:32 +0000 2023,2023/2/7 23:49,1,0,0,https://twitter.com/richardkimphd/status/1623106718782885888,1,60435
60537,Using #ChatGPT to construct the perfect stock portfolio! e??? Full video on YT: investwithjo e??o #chatgpt #OpenAI #ArtificialIntelligence #stocks #dividends #robinhood #Passivelncome #Crypto #stockmarket #Bitcoin #SBF #FTX $XRP $XPR https://t.co/Ch71LhrGGw,257,0,1.39e+18,investwithjo,1.62e+18,Thu Feb 09 19:09:34 +0000 2023,2023/2/9 19:09,2,0,0,https://twitter.com/investwithjo/status/1623761037672722440,2,60538
60540,Using #ChatGPT to construct the perfect stock portfolio! e??? Full video on YT: investwithjo e??o #chatgpt #OpenAI #ArtificialIntelligence #stocks #dividends #robinhood #Passivelncome #Crypto #stockmarket #Bitcoin #SBF #FTX $XRP $XPR https://t.co/MHGb1oVRzL,257,0,1.39e+18,investwithjo,1.62e+18,Thu Feb 09 19:10:27 +0000 2023,2023/2/9 19:10,2,0,0,https://twitter.com/investwithjo/status/1623761261073932289,2,60541
60929,"How to use ChatGPT for??trading?
#ChatGPT #chatgpt3 #trading #stocks #StockTrading 

https://t.co/eBBP57Fqqo",111,0,8.14e+17,ThomasBabychan,1.62e+18,Thu Feb 09 20:12:11 +0000 2023,2023/2/9 20:12,1,0,0,https://twitter.com/ThomasBabychan/status/1623776798910689280,1,60930
61503,"https://t.co/DxkgFa6mh3 ""Google shares drop $100 billion after its new AI chatbot makes a mistake"" #google #chat #ai #artificialintelligence #chatgpt #openai #googlebard #humans #human #charlar #bavarder #bot #stocks #robot #humanos #hommes #googlestock",253,0,1.58e+18,publicgazette,1.62e+18,Thu Feb 09 22:09:05 +0000 2023,2023/2/9 22:09,1,0,0,https://twitter.com/publicgazette/status/1623806215393361920,1,61504
61808,"In the race to dominate the AI chatbot field, Google made a costly mistake with their ChatGPT rival, Bard, leading to a 9% stock drop and a missed opportunity to compete with Microsoft Bing. e???

#stocks #trending #chatgpt #openai #google #bard #ai #marketing #viral #latestnews... https://t.co/56WzV1pyXk",308,0,1.49e+18,growthvirality,1.62e+18,Thu Feb 09 23:23:29 +0000 2023,2023/2/9 23:23,0,0,0,https://twitter.com/growthvirality/status/1623824941497077760,0,61809
65514,"TOP 10
#BTC #bsc #BUSD #Crypto #XRP #cryptoart #art #DeFi #Matic #stocks #altcoin #ETH #AVAX #web3 #Tsla #Airdrop #Binance #Cardano #ADA #Twitter #ElonMusk #NFT #BNB #NFTs #Doge #CRO #USA #AI #hodl #DC #USDT #SOL #SHIB #USDC #CHATGPT #FTX #FTT #DOT #SAFEMOON #LINK #EUR #CHZ $META https://t.co/Hy3nCCH801",305,0,1.36e+18,bgm_fx,1.62e+18,Sat Feb 11 13:50:32 +0000 2023,2023/2/11 13:50,10,0,4,https://twitter.com/bgm_fx/status/1624405528683200513,14,65515
68003,"#ChatGPT is overhyped and the craze for #AI stocks is set to fizzle

@JimHarris @ronald_vanloon @fogoros @BetaMoroney 

#ai #companies #stocks #intelligence #chatgpt 

https://t.co/xF8VniU7yJ",197,4,140618811.0,richardkimphd,1.62e+18,Sat Feb 11 22:20:02 +0000 2023,2023/2/11 22:20,2,1,0,https://twitter.com/richardkimphd/status/1624533748057526272,3,68004
71949,"TOP 10
#BTC #bsc #BUSD #Crypto #XRP #cryptoart #art #DeFi #Matic #stocks #altcoin #ETH #AVAX #web3 #Tsla #Airdrop #Binance #Cardano #ADA #Twitter #ElonMusk #NFT #BNB #NFTs #Doge #CRO #USA #AI #hodl #DC #USDT #SOL #SHIB #USDC #CHATGPT #FTX #FTT #DOT #SAFEMOON #LINK #EUR #CHZ $META https://t.co/S0qG12Bls5",305,0,1.36e+18,bgm_fx,1.63e+18,Mon Feb 13 13:24:59 +0000 2023,2023/2/13 13:24,5,0,2,https://twitter.com/bgm_fx/status/1625123875708104704,7,71950
73012,"(4/6) Even relatively non-volatile large cap stocks can sometimes dip quickly or perform badly due to unfavorable market environments. Betting big on any company, no matter how reputed or stable, is a foolish choice. #Bard #Alphabet #ChatGPT #investment #stocks #diversification",278,0,1.58e+18,hedgefulapp,1.63e+18,Mon Feb 13 16:00:04 +0000 2023,2023/2/13 16:00,1,0,1,https://twitter.com/hedgefulapp/status/1625162903107129346,2,73013
73013,(3/6) So you don't need to start dumping your Alphabet shares yet. But there's a bigger takeaway from this event every retail investor should keep in mind. And that's the importance of diversification! #Bard #Alphabet #ChatGPT #investment #stocks #diversification #investmentapps,279,0,1.58e+18,hedgefulapp,1.63e+18,Mon Feb 13 16:00:04 +0000 2023,2023/2/13 16:00,0,0,1,https://twitter.com/hedgefulapp/status/1625162901911633920,1,73014
73015,"(6/6) Diversification makes your returns stable and keeps you insulated from market shocks like the one Google saw last week. As an investor, do you think you're well-diversified right now? #Bard #Alphabet #ChatGPT #investment #stocks #diversification",251,0,1.58e+18,hedgefulapp,1.63e+18,Mon Feb 13 16:00:05 +0000 2023,2023/2/13 16:00,1,0,0,https://twitter.com/hedgefulapp/status/1625162905699209217,1,73016
73986,RETAIL INVESTORS FLOCK TO SMALL-CAP AI FIRMS AS BIG TECH BATTLES FOR SHARE https://t.co/JB6fIddsTA #microsoft #investorsprism #smallcapai #ai #stocks #reuters #chatgpt,167,0,1.26e+18,PrismMarketView,1.63e+18,Mon Feb 13 18:41:49 +0000 2023,2023/2/13 18:41,1,0,0,https://twitter.com/PrismMarketView/status/1625203607929819149,1,73987
77820,"Check out what our Financial Analyst, Thapelo Mphoreng, had to say about the global financial markets last week: https://t.co/lp1xFP75Wh

#markets #finance #invest #chatgpt #usa #stocks #inflation #recession",209,0,9.74e+17,HoxtonCapital,1.63e+18,Wed Feb 15 11:27:17 +0000 2023,2023/2/15 11:27,1,0,0,https://twitter.com/HoxtonCapital/status/1625819027934220290,1,77821
78932,Where my #stock investors at? How legit is #chatgpt being? lol &gt;.&lt; #stocks #investment #market #economy #news https://t.co/vs7ReOJ2Ao,139,0,36116293.0,BrainGushersTV,1.63e+18,Wed Feb 15 14:10:22 +0000 2023,2023/2/15 14:10,0,0,0,https://twitter.com/BrainGushersTV/status/1625860070402584576,0,78933
79590,"El Gobierno de El Salvador anunci?3 la apertura de una nueva??a??Embajada #Bitcoina????en Texas
#BTC #bsc #BUSD #Crypto #XRP #cryptoart #art #DeFi #Matic #stocks #altcoin #ETH #web3 #Tsla #Airdrop #Binance #NFT #BNB #NFTs #Doge #CRO #USA #AI #hodl #ChatGPT $META
https://t.co/rWT3lN9yoG",288,0,1.36e+18,bgm_fx,1.63e+18,Wed Feb 15 15:43:57 +0000 2023,2023/2/15 15:43,12,0,2,https://twitter.com/bgm_fx/status/1625883622984019973,14,79591
79604,"TOP 10
#BTC #bsc #BUSD #Crypto #XRP #cryptoart #art #DeFi #Matic #stocks #altcoin #ETH #AVAX #web3 #Tsla #Airdrop #Binance #Cardano #ADA #Twitter #ElonMusk #NFT #BNB #NFTs #Doge #CRO #USA #AI #hodl #DC #USDT #SOL #SHIB #USDC #CHATGPT #FTX #FTT #DOT #SAFEMOON #LINK #EUR #CHZ $META https://t.co/NETN21M5rJ",305,0,1.36e+18,bgm_fx,1.63e+18,Wed Feb 15 15:46:11 +0000 2023,2023/2/15 15:46,14,1,9,https://twitter.com/bgm_fx/status/1625884182172905477,24,79605
79801,"Billionaire Mark Cuban Points Out Possible Big Problem With ChatGPT And Other AI Companies

https://t.co/sKl083Rbox #stocks #StockMarket #stock #invest #investing #investors #ai #artificialintelligence #ChatGPT #tech #technology #business #money",247,0,170896450.0,historianandrew,1.63e+18,Wed Feb 15 16:16:45 +0000 2023,2023/2/15 16:16,1,0,0,https://twitter.com/historianandrew/status/1625891876980273152,1,79802
80099,"Loving this #rally! #Google and #Apple are on the rise, made a quick flip on Apple calls after the #ChatGPT rumors. Took #profits with 30% gain, learning to prioritize taking profits sooner. #trading #stocks #profits 
$spy $googl $aapl $nvda $tsla $rblx $abnb $msft $meta $nflx $f",281,0,1.4e+18,tarango_chris,1.63e+18,Wed Feb 15 17:02:42 +0000 2023,2023/2/15 17:02,1,0,0,https://twitter.com/tarango_chris/status/1625903440105811972,1,80100
82733,"What Is algorithmic Trading? Leverage genetic algorithms to identify the best algo settings in seconds! Our platform compares thousands of input combinations for the most profitable returns at the click of a button.

#algotrading #stocks #chatgpt 

https://t.co/WR4d2tYx8P",276,0,1.63e+18,ChatGPTStocks,1.63e+18,Tue Feb 21 17:54:32 +0000 2023,2023/2/21 17:54,2,0,2,https://twitter.com/ChatGPTStocks/status/1628090809999294465,4,82734
87810,"#Tencent se une a varias compa?  ?-as blockchain para desarrollar #Web3
#BTC #bsc #BUSD #Crypto #XRP #cryptoart #art #DeFi #Matic #stocks #altcoin #ETH #AVAX #web3 #Tsla #Airdrop #Binance #ADA #NFT #BNB #NFTs #Doge #CRO #USA #AI #hodl #DC #CHATGPT $META
https://t.co/fmkXb62843",279,0,1.36e+18,bgm_fx,1.63e+18,Thu Feb 23 13:29:53 +0000 2023,2023/2/23 13:29,2,0,0,https://twitter.com/bgm_fx/status/1628748987233599488,2,87811
87843,"TOP 10
#BTC #bsc #BUSD #Crypto #XRP #cryptoart #art #DeFi #Matic #stocks #altcoin #ETH #AVAX #web3 #Tsla #Airdrop #Binance #Cardano #ADA #Twitter #ElonMusk #NFT #BNB #NFTs #Doge #CRO #USA #AI #hodl #DC #USDT #SOL #SHIB #USDC #CHATGPT #FTX #FTT #DOT #SAFEMOON #LINK #EUR #CHZ $META https://t.co/RHWMX2CrIl",305,0,1.36e+18,bgm_fx,1.63e+18,Thu Feb 23 13:33:31 +0000 2023,2023/2/23 13:33,7,1,2,https://twitter.com/bgm_fx/status/1628749898295218178,10,87844
89687,"Nvidia CEO Huang: ChatGPT speeds up our market

https://t.co/Jvk4epuw6Y

$NVDA $AMD $INTC

#investing #stocks #semiconductors #artificialintelligence #AI #deeplearning #ChatGPT #OpenAI https://t.co/BSHwjpzxj3",214,0,216798259.0,TiernanRayTech,1.63e+18,Thu Feb 23 18:19:52 +0000 2023,2023/2/23 18:19,2,0,2,https://twitter.com/TiernanRayTech/status/1628821963924815876,4,89688
89983,"Goldman ups Nvidia to Buy: valuation expands as revenue does

https://t.co/L1O3hdxJdb

$NVDA $AMD $INTC 

#investing #stocks #Nvidia #AI #artificialintelligence #ChatGPT #OpenAI #machinelearning https://t.co/FhetNiWzri",224,0,216798259.0,TiernanRayTech,1.63e+18,Thu Feb 23 19:14:58 +0000 2023,2023/2/23 19:14,1,0,0,https://twitter.com/TiernanRayTech/status/1628835830117662726,1,89984
90380,"Oops! ChatGPTa??s potential may be buried under an avalanche of suits

No Section 230 for you, eh?

https://t.co/NhwUcZlhD7

$MSFT $NVDA

#investing #stocks #ChatGPT #OpenAI #Nvidia https://t.co/luucMOuwuW",213,0,216798259.0,TiernanRayTech,1.63e+18,Thu Feb 23 20:50:10 +0000 2023,2023/2/23 20:50,3,0,0,https://twitter.com/TiernanRayTech/status/1628859786891591681,3,90381
93980,Cloud Stocks: @Google Flexes its AI Muscle to Take on ChatGPT #cloud #stocks #chatgpt #google https://t.co/D74yHOyhZY,117,1,6911662.0,sramana,1.63e+18,Mon Feb 27 12:00:31 +0000 2023,2023/2/27 12:00,0,0,0,https://twitter.com/sramana/status/1630176046069821441,0,93981
94261,Cloud Stocks: @Google Flexes its AI Muscle to Take on ChatGPT #cloud #stocks #chatgpt #google https://t.co/OQF9o3sO8L,117,1,182073270.0,1Mby1M,1.63e+18,Mon Feb 27 13:00:32 +0000 2023,2023/2/27 13:00,0,0,0,https://twitter.com/1Mby1M/status/1630191149246824451,0,94262
94609,Harnessing #Chatbot Fever -- 1 Magnificent #GrowthStock to Buy Now and Hold Forever @themotleyfool #investing #stocks #ChatGPT #BardAI #search #cloudcomputing #AI #ArtificialIntelligence #OpenAI #OpenAIChatGPT https://t.co/ahE6dPpddA,233,1,612187786.0,dannyvena,1.63e+18,Mon Feb 27 14:07:52 +0000 2023,2023/2/27 14:07,4,1,0,https://twitter.com/dannyvena/status/1630208094134484996,5,94610
95521,"Asking new Bing for stock tips is poor advice. If it got the iPhone detail wrong, how wrong is the rest of it?

#bing #chatgpt #microsoft #stocks #iphone https://t.co/718se4mDws",179,0,300629597.0,SidJayisAOK,1.63e+18,Mon Feb 27 16:14:57 +0000 2023,2023/2/27 16:14,0,0,0,https://twitter.com/SidJayisAOK/status/1630240078969593869,0,95522
95861,"TOP 10
#BTC #bsc #BUSD #Crypto #XRP #cryptoart #art #DeFi #Matic #stocks #altcoin #ETH #AVAX #web3 #Tsla #Airdrop #Binance #Cardano #ADA #Twitter #ElonMusk #NFT #BNB #NFTs #Doge #CRO #USA #AI #hodl #DC #USDT #SOL #SHIB #USDC #CHATGPT #FTX #FTT #DOT #SAFEMOON #LINK #EUR #CHZ $META https://t.co/SeQMvQDEAG",305,0,1.36e+18,bgm_fx,1.63e+18,Mon Feb 27 17:09:08 +0000 2023,2023/2/27 17:09,7,0,5,https://twitter.com/bgm_fx/status/1630253712164679680,12,95862
96993,"Microsofta??s bing has yet to dent Google search traffic, says Merrill 

https://t.co/L2FojSlXSS

$MSFT $GOOGL 

#investing #stocks #AI #artificialintelligence #ChatGPT #Bing https://t.co/Jko6vVzsw6",204,0,216798259.0,TiernanRayTech,1.63e+18,Mon Feb 27 21:16:36 +0000 2023,2023/2/27 21:16,5,0,0,https://twitter.com/TiernanRayTech/status/1630315991002406914,5,96994
