,full_text,text_length,at_num,user_id_str,screen_name,id_str,created_at,publish_time,favorite_count,retweet_count,reply_count,tweet_url,total_heat,tt
46228,ChatGPT sets record for 'fastest-growing' user basehttps://www.geo.tv/latest/468798-chatgpt-sets-record-for-fastest-growing-user-base-analyst-note #ChatGPT #shibainu #Shibarium #ShibaNFT,186,0,1.52e+18,MehvishJohn,1.62e+18,Fri Feb 03 17:27:03 +0000 2023,2023/2/3 17:27,0,0,0,https://twitter.com/MehvishJohn/status/1621560914641129474,0,46229
57015,"??La frescura llega a tu guardarropa con Brisa Studio! Sudaderas c?3modas y con estilo
#Bitcoin #DOGE #Shibarium #ElonMusk #Ethereum #Binance #ChatGPT #HappyINDay #CantStopFallingForIN #  ??  ? 洙??  ??_  ?  ???  ?????_  ??  ??    ?  2?  ?? #  ?  ?????????  ??  a?????  -2023 https://t.co/kzF99K9pkL",299,0,1.49e+18,TrendyShopMC,1.62e+18,Tue Feb 07 16:52:32 +0000 2023,2023/2/7 16:52,1,0,0,https://twitter.com/TrendyShopMC/status/1623001778601046035,1,57016
57669,"??Atenci?3n astronautas urbanos! Sudaderas Astro-Space con mini astronautas para un look fuera de este mundo
#Bitcoin #DOGE #Shibarium #ElonMusk #Ethereum #Binance #ChatGPT #HappyINDay #CantStopFallingForIN #  ??  ? 洙??  ??_  ?  ???  ?????_  ??  ??    ?  2?  ?? #  ?  ?????????  ??  a?????  -2023 https://t.co/gJ5VcE90dD",321,0,1.49e+18,TrendyShopMC,1.62e+18,Tue Feb 07 18:08:11 +0000 2023,2023/2/7 18:08,1,0,0,https://twitter.com/TrendyShopMC/status/1623020817838665736,1,57670
58345,"??Empieza el d?-a con estilo! Sudaderas ""Have a good Day"" para un comienzo fresco y motivado
#Bitcoin #DOGE #Shibarium #ElonMusk #Ethereum #Binance #ChatGPT #HappyINDay #CantStopFallingForIN #  ??  ? 洙??  ??_  ?  ???  ?????_  ??  ??    ?  2?  ?? #  ?  ?????????  ??  a?????  -2023 https://t.co/Quk91RcTiY",305,0,1.49e+18,TrendyShopMC,1.62e+18,Tue Feb 07 19:10:41 +0000 2023,2023/2/7 19:10,0,0,1,https://twitter.com/TrendyShopMC/status/1623036546101219366,1,58346
58363,"??Invoca la fuerza del tigre con nuestra sudadera con talism??n de tigre! Dale un toque ex?3tico a tu guardarropa
#Bitcoin #DOGE #Shibarium #ElonMusk #Ethereum #Binance #ChatGPT #HappyINDay #CantStopFallingForIN #  ??  ? 洙??  ??_  ?  ???  ?????_  ??  ??    ?  2?  ?? #  ?  ?????????  ??  a?????  -2023 https://t.co/TykwHaj2PP",326,0,1.49e+18,TrendyShopMC,1.62e+18,Tue Feb 07 19:11:52 +0000 2023,2023/2/7 19:11,0,0,1,https://twitter.com/TrendyShopMC/status/1623036841438941184,1,58364
67155,"Crypto saves. It's like storing gold, but without taking up as much space or carrying weight.
Be Holders e???

#Bitcoin #Shibarium #Shib #Bone #Leash #ChatGPT #Metaverse #NFT #binace #CoinMarketCap",200,0,1473525348.0,thibatiista,1.62e+18,Sat Feb 11 18:46:54 +0000 2023,2023/2/11 18:46,0,0,2,https://twitter.com/thibatiista/status/1624480110547009536,2,67156
69525,"Top Tech News Today: Hallucination in AI: Google Search Boss Warns about ChatGPT and Other AI Chatbots! Shibarium Has No Exact Release Date, Shiba Inu Lead Developer Declares
https://t.co/5CU5PJn1cv
#TechNews #Google #ChatGPT #ShibaInu #Shibarium #AI #AINews #AnalyticsInsight https://t.co/ovE3WqBLoF",302,0,7.13e+17,analyticsinme,1.63e+18,Mon Feb 13 06:25:38 +0000 2023,2023/2/13 6:25,1,0,0,https://twitter.com/analyticsinme/status/1625018339201523712,1,69526
