,full_text,text_length,at_num,user_id_str,screen_name,id_str,created_at,publish_time,favorite_count,retweet_count,reply_count,tweet_url,total_heat,tt
58030,On Demand viewing for today's announcement will be available at Noon PST! #Microsoft #AI #Bing #MicrosoftEdge #ChatGPT,118,0,1499636593.0,paulstorms,1.62e+18,Tue Feb 07 18:40:36 +0000 2023,2023/2/7 18:40,0,1,0,https://twitter.com/paulstorms/status/1623028973902118913,1,58031
58046,"Microsoft D  D?D?D???D?????D  ?? D?D?D2??D   Bing D? Edge D?D   D  D  D  D   D?D  D?D?D2D?D  D?D?D?D3D? ChatGPT #Microsoft #ChatGPT #Bing #MicrosoftEdge #D?D???D  ??D?D  ??

https://t.co/ED32WjpTca
https://t.co/ED32WjpTca",224,0,18288928.0,comss,1.62e+18,Tue Feb 07 18:41:30 +0000 2023,2023/2/7 18:41,1,0,0,https://twitter.com/comss/status/1623029200310439949,1,58047
58792,"Microsoft Edge ora include tecnologie IA integrate
#App #Bing #Browser #ChatBot #ChatGPT #Edge #IA #Implementazioni #IntelligenzaArtificiale #Internet #Microsoft #MicrosoftEdge #Notizie #Novit?? #OpenAI #Ricerca #Software #Tech #TechNews #Tecnologia #Web

https://t.co/pKNe2pa4ie https://t.co/WlUhhtPQoR",306,0,1.01e+18,CeotechI,1.62e+18,Tue Feb 07 19:59:19 +0000 2023,2023/2/7 19:59,3,3,0,https://twitter.com/CeotechI/status/1623048785508139010,6,58793
59180,"Microsoft???ChatGPT AI???? 獭 ???????????  ?????a?  ??   ??  ??3?????3???Bing?????  Web????????|??????Edge????????o  ?   | TEXAL 
#ChatGPT #Bing #Microsoft #MicrosoftEdge #Edge #????????|??? #AI #?????  ?????-??????
https://t.co/OCwFkKt4Sw",240,0,1.49e+18,infoTEXAL,1.62e+18,Tue Feb 07 20:42:01 +0000 2023,2023/2/7 20:42,1,0,0,https://twitter.com/infoTEXAL/status/1623059527586451459,1,59181
59300,"?? Microsoft ?  ???  ?o???1???????  ?1 ???   ???-?   ?  ???  ???????  ???   Bing ?o?  ?1 ???????3???  ?????   ???  ???1???3?  ???  ?? Edge ???   ???  ???????????3?  ?   OpenAI
?? Microsoft ?  ?  ???   ?????1 ???   ?  ?  ???  ?1 ?????  ?? ?????  ?3???  ???1?o?????  ???   ???1?? ?1?????????? ?  ???? ???? ?????-?????? ChatGPT AI bot ?????? OpenAI.
#Bing #ChatGPT #Microsoft #MicrosoftEdge #openai 
--&gt;https://t.co/gicQ0cQHyk https://t.co/7rDXDSpEMm",453,0,1.03e+18,COREpliroforiki,1.62e+18,Tue Feb 07 20:57:28 +0000 2023,2023/2/7 20:57,0,0,0,https://twitter.com/COREpliroforiki/status/1623063418046660609,0,59301
59432,"D?D  Do D?D?D???D?D  D?D2D  ???? D?D?D2??D1 D?D?D???Do Microsoft Bing ?? D?D?D  D  D  ??D?DoD?D1 ChatGPT #Microsoft #ChatGPT #Bing #MicrosoftEdge #D?D???D  ??D?D  ??

https://t.co/pHZ9SiXxuw
https://t.co/pHZ9SiXxuw",217,0,18288928.0,comss,1.62e+18,Tue Feb 07 21:12:57 +0000 2023,2023/2/7 21:12,6,0,0,https://twitter.com/comss/status/1623067312696750084,6,59433
60439,Microsofta??s Edge web browser gets ChatGPT-like features e?  ? #Microsoft #MicrosoftEdge #ChatGPT #Search #AI #Tech  https://t.co/cVVWfKCLur,141,0,1155145640.0,MizuryTM,1.62e+18,Tue Feb 07 23:50:30 +0000 2023,2023/2/7 23:50,2,0,0,https://twitter.com/MizuryTM/status/1623106961578524674,2,60440
63570,"I must say, since switching from chrome to edge, it does feel like a premium browser compared to chrome. Loving it so much. 

#MicrosoftEdge #chrome #aiwar #ChatGPT @kirinyetbrian @EricMahasi @essumankwesi_",208,3,1.57e+18,rodney_ml,1.62e+18,Sat Feb 11 07:00:49 +0000 2023,2023/2/11 7:00,4,0,2,https://twitter.com/rodney_ml/status/1624302418878951424,6,63571
66801,#ChatGPT #MicrosoftEdge #Chrome All in! https://t.co/mmQblwZBth,63,0,864945391.0,tauseef_xavi,1.62e+18,Sat Feb 11 17:31:56 +0000 2023,2023/2/11 17:31,0,0,0,https://twitter.com/tauseef_xavi/status/1624461247063154693,0,66802
68487,#MicrosoftEdge #ChatGPT https://t.co/N2d6KoaUwe,47,0,1559293735.0,niceblueman,1.62e+18,Mon Feb 13 01:19:41 +0000 2023,2023/2/13 1:19,1,0,0,https://twitter.com/niceblueman/status/1624941346602582017,1,68488
70454,"ChatGPT integration with Edge is live on my account. e?  ? 
#ChatGPT #MicrosoftEdge #Bing https://t.co/O8GRF60317",114,0,7.29e+17,prabhatisme,1.63e+18,Mon Feb 13 09:31:28 +0000 2023,2023/2/13 9:31,0,0,0,https://twitter.com/prabhatisme/status/1625065108987875328,0,70455
70616,"Thanks to @OpenAI's #ChatGPT, I've been convinced to give #Microsoft Edge another try and I'm loving it! Smooth browsing and seamless integration, what's not to love e??? #MicrosoftEdge #Technology",197,1,1.46e+18,B1TCO,1.63e+18,Mon Feb 13 10:01:48 +0000 2023,2023/2/13 10:01,0,0,0,https://twitter.com/B1TCO/status/1625072741832396800,0,70617
70717,"Opera integrer?? ChatGPT nella barra laterale molto presto
#ArtificialIntelligence #Bard #Browser #ChatBot #ChatGPT #Chrome #Google #IntelligenzaArtificiale #Microsoft #MicrosoftEdge #Notizia #Notizie #OpenAI #Opera #OperaBrowser #Tech #TechNews

https://t.co/usQY1a24Fb https://t.co/fsTZ00zERD",297,0,1.01e+18,CeotechI,1.63e+18,Mon Feb 13 10:16:16 +0000 2023,2023/2/13 10:16,4,3,0,https://twitter.com/CeotechI/status/1625076383087984642,7,70718
72496,I'm really curious about the ratio that people who already use the new Bing from Microsoft. So have you use the new Bing yet? #newbing #MicrosoftEdge #ChatGPT,158,0,450712857.0,tsonubin,1.63e+18,Mon Feb 13 14:45:16 +0000 2023,2023/2/13 14:45,0,0,0,https://twitter.com/tsonubin/status/1625144076155899906,0,72497
75774,"Finally got my New @bing access. Time to get creative and have some fun.
#Bing #ChatGPT #AI #MicrosoftEdge #Microsoft #NewBing https://t.co/nXr9O12Ei4",151,1,14779559.0,Hoorge,1.63e+18,Wed Feb 15 03:51:58 +0000 2023,2023/2/15 3:51,8,0,2,https://twitter.com/Hoorge/status/1625704444670124034,10,75775
77097,"ChatGPT si innamora, si arrabbia ed intristisce
#ArtificialIntelligence #Bing #ChatBot #ChatGPT #Google #IntelligenzaArtificiale #MicrosoftBing #MicrosoftEdge #Notizia #Notizie #RispostaErrata #RisposteIntelligenti #Tech #TechNews

https://t.co/NaEzajZ2RC https://t.co/8HgPXLQQv7",282,0,1.01e+18,CeotechI,1.63e+18,Wed Feb 15 09:16:45 +0000 2023,2023/2/15 9:16,2,2,0,https://twitter.com/CeotechI/status/1625786178426339330,4,77098
78196,"Microsoft D?D3??D  D?D???D?D?D   ??D  D  D????? ????D?Do??D?D? ??D  D  ???? D2 D?D?D2D?D? D?D?D???DoD   Bing ??D?D???DoD? D  ??D  ??D  D  ??D?D? Microsoft Edge #Microsoft #ChatGPT #Bing #MicrosoftEdge #D?D???D  ??D?D  ??

https://t.co/BxlYg6oprp",247,0,18288928.0,comss,1.63e+18,Wed Feb 15 12:32:39 +0000 2023,2023/2/15 12:32,1,0,0,https://twitter.com/comss/status/1625835479751962628,1,78197
89128,"Tecnologia de ponta! e?  ? #TudoCelular #ChatGPT #Microsoft #Edge #MicrosoftEdge #Bing #Skype #Tecnologia #Tech #Not?-cias 
https://t.co/nT1eTCJs7M",148,0,122042593.0,TudoCelular,1.63e+18,Thu Feb 23 16:45:00 +0000 2023,2023/2/23 16:45,2,0,0,https://twitter.com/TudoCelular/status/1628798087840821249,2,89129
90840,"Microsoft Expands Today AI Chat Elements to Bing Mobile, Edge, and Skype... https://t.co/ogZThh8fJK

#ChatGPT #Skype #MicrosoftEdge #BingAI #Edge https://t.co/zM8RHwWSGJ",171,0,70776608.0,erlingasjokvist,1.63e+18,Thu Feb 23 22:49:11 +0000 2023,2023/2/23 22:49,0,0,0,https://twitter.com/erlingasjokvist/status/1628889738428968961,0,90841
