,full_text,text_length,at_num,user_id_str,screen_name,id_str,created_at,publish_time,favorite_count,retweet_count,reply_count,tweet_url,total_heat,tt
8246,".@VancityReynolds used #ChatGPT to make a @Mintmobile ad, and the results were a??mildly terrifyinga?? 

https://t.co/PUc83qZb22

#ArtificialIntelligence #Advertising #contentcreation https://t.co/q2x6ehsoUe",211,2,20748873.0,bobehayes,1.61e+18,Wed Jan 11 06:30:03 +0000 2023,2023/1/11 6:30,0,0,0,https://twitter.com/bobehayes/status/1613060652662235137,0,8247
11098,"This Voice Doesn't Exist - Generative Voice AI
#AI #DeepLearning #ChatGPT #Book #News #VideoGame #Advertising #EthicalAI https://t.co/uDu28AK6in",145,0,1052609251.0,Mohsen_jokar,1.61e+18,Fri Jan 13 06:35:03 +0000 2023,2023/1/13 6:35,0,0,0,https://twitter.com/Mohsen_jokar/status/1613786687557050368,0,11099
14832,"https://t.co/0npwDBOEyD and https://t.co/47EfbCEtHU
domains available
#GPT #Rover #GptRover  #GPT3 #GPT4 #ChatGpt #Ai #ArtificialIntelligence #SearchEngine #Google  #PublicRelations #Advertising #Marketing #Promotion #domainforsale",233,0,9.91e+17,RiotDomains,1.61e+18,Sun Jan 15 22:05:06 +0000 2023,2023/1/15 22:05,4,0,0,https://twitter.com/RiotDomains/status/1614745517745139712,4,14833
14890,"https://t.co/8Gg1S0cMdE
domain available #Literature
#GPT #GPT3 #GPT4 #ChatGpt #Ai #ArtificialIntelligence #SearchEngine #Google  #PublicRelations #Advertising #Marketing #Promotion #domainforsale",198,0,9.91e+17,RiotDomains,1.61e+18,Sun Jan 15 22:50:15 +0000 2023,2023/1/15 22:50,4,0,0,https://twitter.com/RiotDomains/status/1614756880223727617,4,14891
19591,@2basetech @LaurentAlaus @Nicochan33 @Ym78200 The job is now so easy the IT guy can do it. #ChatGPT #Advertising #Marketing,123,4,1.62e+18,Ai_News_Daily,1.62e+18,Thu Jan 19 21:09:28 +0000 2023,2023/1/19 21:09,0,0,0,https://twitter.com/Ai_News_Daily/status/1616181069073756161,0,19592
26461,The ChatGPT Mint Mobile AD by Ryan Reynolds: https://t.co/yxzXcV4D9v #AI #Advertising #Copywriting #ArtificialIntelligence #Chatgpt,131,0,1.35e+18,AI_PlainEnglish,1.62e+18,Fri Jan 27 11:15:04 +0000 2023,2023/1/27 11:15,0,0,0,https://twitter.com/AI_PlainEnglish/status/1618930584130097153,0,26462
28974,"Are you looking to create great #LinkedIn ads? 

Writing great #Ad Copy is key. Check out the power of a LinkedIn Ad Copy Generator &amp; how you can get started today.

https://t.co/WL4XZvgZAc

#LinkedInMarketing #Advertising #advertisement #chatgpt3 #chatGPT #ChatGPTGOD",278,0,2821304092.0,StoryLabAI,1.62e+18,Sun Jan 29 08:58:07 +0000 2023,2023/1/29 8:58,6,5,0,https://twitter.com/StoryLabAI/status/1619620895697547265,11,28975
35616,ChatGPT might change advertising a?? but it wona??t revolutionize it https://t.co/6zbw9uP4Wx @leninstomb @marketingdive #ChatGPT #marcom #adland #agencies #marketers #marketing #Advertising #communicatie #bureaus #reclame #AI #ArtificialIntelligence,249,2,22751024.0,vsnamsterdam,1.62e+18,Wed Feb 01 07:59:11 +0000 2023,2023/2/1 7:59,0,0,0,https://twitter.com/vsnamsterdam/status/1620693228423880707,0,35617
43641,"What has been the most effective marketing strategy for your business last year?
.
.
.
#DigitalMarketing #MarketingStrategy #marketingtips #socialmediamarketing #socialmedia #digitalmarketingtips #SEO #Advertising #ChatGPT",226,0,3475917133.0,MumaraApps,1.62e+18,Fri Feb 03 11:10:35 +0000 2023,2023/2/3 11:10,2,1,0,https://twitter.com/MumaraApps/status/1621466174008483840,3,43642
48037,"Unlock the full potential of your advertising strategy with the power of customer data. Our new blog explores how our #PersonaAI and ChatGPT revolutionize the game. 

#PersonaAI #ChatGPT #Advertising #DataDriven #CustomerInsights #DigitalAdvertising $AIAD
https://t.co/2RANY56hFq",282,0,1.43e+18,Go_AiAd,1.62e+18,Fri Feb 03 23:15:30 +0000 2023,2023/2/3 23:15,10,1,5,https://twitter.com/Go_AiAd/status/1621648601821679616,16,48038
54402,Im scared for Google and their core business model as they start this new effort to compete with ChatGPT #google #ChatGPT #Advertising #marketing #business,155,0,17559814.0,adhustler,1.62e+18,Tue Feb 07 12:34:24 +0000 2023,2023/2/7 12:34,0,1,1,https://twitter.com/adhustler/status/1622936817455489026,2,54403
59363,"e??? ChatGPT is coming for advertising! Creative? Who needs it? e??? Let AI take the reins, like @DDB_Global. Check out how it's changing the game. #AIPowered #Marketing #Advertising #ChatGPT https://t.co/SAqpCxzlgU",215,1,9.25e+17,myadvocado,1.62e+18,Tue Feb 07 21:03:59 +0000 2023,2023/2/7 21:03,0,0,0,https://twitter.com/myadvocado/status/1623065059495747585,0,59364
66295,"t disappoint!
#SuperBowl #AIAds #ChatGPT #Advertising #BeerCommercial
https://t.co/IRiSaVhPKH",95,0,1.61e+18,AI_Dev_News,1.62e+18,Sat Feb 11 15:59:33 +0000 2023,2023/2/11 15:59,0,0,0,https://twitter.com/AI_Dev_News/status/1624437995355922433,0,66296
81115,#ai #ArtificialIntelligence #tools #Aigenerated #ContentCreator #InfluencerMarketing #contentmarketing #seo #technology #Joker2 #ChatGPT #Advertising #Marketing #strategy #OpenAIChatGPT https://t.co/HgQiojwIN5,209,0,1.45e+18,jarvisgunner,1.63e+18,Wed Feb 15 20:23:45 +0000 2023,2023/2/15 20:23,4,0,0,https://twitter.com/jarvisgunner/status/1625954034665529344,4,81116
82703,"When it comes to AI, clients &amp; agencies need to remember that it is a helpful tool, but like digital, ita??s not 100% the answer for many companies. More in my latest blog e???

#FranksTake #AI #Automation #ChatGPT #Digital #Advertising #Marketing #OpenAI

https://t.co/WKl84TE6Hg",288,0,9.92e+17,Frank_Gussoni,1.63e+18,Tue Feb 21 17:50:13 +0000 2023,2023/2/21 17:50,2,0,0,https://twitter.com/Frank_Gussoni/status/1628089723339128832,2,82704
85116,"What happens when you give #ChatGPT a creative ad brief? Do creative professionals really have to worry? #Chatbot #OpenAI #Advertising #Copywriting #branding #creativity 
https://t.co/snOtOwimzG",195,0,117378840.0,ThePunSmith,1.63e+18,Thu Feb 23 05:00:20 +0000 2023,2023/2/23 5:00,0,0,0,https://twitter.com/ThePunSmith/status/1628620751795556353,0,85117
