,full_text,text_length,at_num,user_id_str,screen_name,id_str,created_at,publish_time,favorite_count,retweet_count,reply_count,tweet_url,total_heat,tt
40267,ChatGPTa??s competitors.. #Fintech #coding #Data #Analytics #technology #innovation #digital #100DaysOfCode #Metaverse #BigData #NFTGiveaway #ETH #BTC????#CryptoNews #doge #nft #web3 #Metamask #payments #blockchain #Ethereum #cryptocurrencies @Microsoft #ChatGPT #OpenAI #Swift #xrp https://t.co/j2XC1Nb9hb,306,1,1.25e+18,HasanAskari2020,1.62e+18,Wed Feb 01 21:07:00 +0000 2023,2023/2/1 21:07,5,1,4,https://twitter.com/HasanAskari2020/status/1620891490984787969,10,40268
46845,Present &amp; future of BNPL .. #Fintech #coding #Data #Analytics #technology #innovation #digital #100DaysOfCode #Metaverse #BigData #NFTGiveaway #ETH #BTC????#CryptoNews #doge #nft #web3 #Metamask #payments #blockchain #Ethereum #cryptocurrencies @Microsoft #ChatGPT #OpenAI #WWE2K23 https://t.co/hDVDZPmtBi,309,1,1.25e+18,HasanAskari2020,1.62e+18,Fri Feb 03 19:05:55 +0000 2023,2023/2/3 19:05,7,2,0,https://twitter.com/HasanAskari2020/status/1621585794350649347,9,46846
46932,Top trends in Payments .. #Fintech #coding #Data #Analytics #technology #innovation #digital #100DaysOfCode #Metaverse #BigData #NFTGiveaway #ETH #BTC????#CryptoNews #doge #nft #web3 #Metamask #payments #blockchain #Ethereum #cryptocurrencies @Microsoft #ChatGPT #OpenAI @Capgemini https://t.co/TnewKfJ9KS,305,2,1.25e+18,HasanAskari2020,1.62e+18,Fri Feb 03 19:22:27 +0000 2023,2023/2/3 19:22,7,1,1,https://twitter.com/HasanAskari2020/status/1621589955842654208,9,46933
61228,Digital transformation.. #Fintech #coding #Data #Analytics #technology #innovation #digital #100DaysOfCode #Metaverse #BigData #NFTGiveaway #ETH #BTC????#CryptoNews #doge #nft #web3 #Metamask #payments #blockchain #Ethereum @Gartner_inc #ChatGPT #OpenAI #  ?  ??  23??????#CX #ux #ui #design https://t.co/Z2qrFygatS,315,1,1.25e+18,HasanAskari2020,1.62e+18,Thu Feb 09 21:11:26 +0000 2023,2023/2/9 21:11,3,0,0,https://twitter.com/HasanAskari2020/status/1623791706486325249,3,61229
81193,Asset management firms .. #Fintech #coding #Data #Analytics #technology #innovation #digital #100DaysOfCode #Metaverse #BigData #NFTGiveaway #ETH #BTC????#CryptoNews #doge #nft #web3 #Metamask #payments #blockchain #Ethereum @Gartner_inc #ChatGPT #OpenAI #ui #design @Investywise https://t.co/2CcbvKOiAV,303,2,1.25e+18,HasanAskari2020,1.63e+18,Wed Feb 15 20:41:34 +0000 2023,2023/2/15 20:41,8,2,0,https://twitter.com/HasanAskari2020/status/1625958520293101568,10,81194
