,full_text,text_length,at_num,user_id_str,screen_name,id_str,created_at,publish_time,favorite_count,retweet_count,reply_count,tweet_url,total_heat,tt
24495,"ChatGPT, dis-nous les num??ros gagnants qui vont sortir prochainement au Loto et ?? l'EuroMillions - Et qu'est-ce qu'il nous a r??pondu d'apr?  s vous ? a????? https://t.co/WZxFcWZxBY --- #FDJ #ChatGPT #casino #France #gagnerargent #loto #euromillions https://t.co/91uYgdw8ew",275,0,100773495.0,CPresseJeu,1.62e+18,Wed Jan 25 18:35:24 +0000 2023,2023/1/25 18:35,1,0,0,https://twitter.com/CPresseJeu/status/1618316624465104896,1,24496
85239,"e??   Psst. 

e??? Hey you! 

a?? Your move.

e??? https://t.co/iTg1uhvW9r

#domains #domainname #domainnameforsale #casino #brand #vc #startup #startups #tech #gaming #fun #chess #lottery #powerball #gpt #chatgpt #ai #vr #ar #xr #mx #money #crypto #gamble #bet #win #play #lottery #act https://t.co/c0QDu65BSA",318,0,23559425.0,mainnetdomains,1.63e+18,Thu Feb 23 05:33:57 +0000 2023,2023/2/23 5:33,2,1,0,https://twitter.com/mainnetdomains/status/1628629213086466048,3,85240
85257,"Play the game to win!

https://t.co/WDF01SNbFm is available!

e???https://t.co/ikYM27dReS

#domains #domainnameforsale #casino #brand #vc #startup #startups #tech #gaming #fun #chess #lottery #powerball #gpt #chatgpt #ai #vr #ar #xr #mx #money #crypto #bet #win #play #lottery #act https://t.co/vb7Jazd9aM",311,0,23559425.0,mainnetdomains,1.63e+18,Thu Feb 23 05:40:40 +0000 2023,2023/2/23 5:40,1,0,0,https://twitter.com/mainnetdomains/status/1628630904837967872,1,85258
85287,"Win with depth and flow!

e??? https://t.co/bWz3AL8Ruw is available!

e???https://t.co/ZiX6FWGeGM

#domains #domainnameforsale #casino #brand #vc #startup #startups #tech #gaming #fun #chess #lottery #powerball #gpt #chatgpt #ai #vr #ar #xr #mx #money #crypto #bet #win #play #lottery https://t.co/fu1AMo2TJ9",314,0,23559425.0,mainnetdomains,1.63e+18,Thu Feb 23 05:49:40 +0000 2023,2023/2/23 5:49,0,1,2,https://twitter.com/mainnetdomains/status/1628633169464381440,3,85288
85315,"e??? Win big at the a??Metaball Casinoa??.

e??   https://t.co/HNLCWuDZvd is available!

e???https://t.co/RaGBSp6gVW

#domains #domainnameforsale #casino #brand #vc #startup #startups #tech #gaming #fun #chess #lottery #powerball #gpt #chatgpt #ai #vr #ar #xr #money #crypto #bet #win #play https://t.co/7L4XoOPVBz",320,0,23559425.0,mainnetdomains,1.63e+18,Thu Feb 23 05:58:17 +0000 2023,2023/2/23 5:58,1,1,0,https://twitter.com/mainnetdomains/status/1628635334744342528,2,85316
85388,"e? 琛?https://t.co/wl5gUZkoWc is available!

e??? https://t.co/2fXeicf4os

Make your move to acquire it today! 

#domains #domainnameforsale #casino #brand #vc #startup #startups #tech #gaming #fun #chess #lottery #powerball #gpt #chatgpt #ai #vr #ar #xr #money #crypto #bet #win #play https://t.co/gtw3XVdKoq",314,0,23559425.0,mainnetdomains,1.63e+18,Thu Feb 23 06:14:06 +0000 2023,2023/2/23 6:14,1,0,0,https://twitter.com/mainnetdomains/status/1628639317521231876,1,85389
