,full_text,text_length,at_num,user_id_str,screen_name,id_str,created_at,publish_time,favorite_count,retweet_count,reply_count,tweet_url,total_heat,tt
5971,Palette generator using unsupervised K-Means clustering algorithm for getting colors from images @AvaloniaUI #dotnet #ChatGPT https://t.co/dJPOLbh7k1,149,1,454115072.0,wieslawsoltes,1.61e+18,Mon Jan 09 07:04:52 +0000 2023,2023/1/9 7:04,8,1,1,https://twitter.com/wieslawsoltes/status/1612344637502390272,10,5972
8992,"What is ChatGPT | How To Use ChatGPT by OpenAI https://t.co/QK4wIIzbT7

#ChatGPT #article #openai #AI #python #dotnet #coding #developer #ArtificialIntelligence",162,0,590629189.0,TheDotNetOffice,1.61e+18,Wed Jan 11 12:23:32 +0000 2023,2023/1/11 12:23,2,0,0,https://twitter.com/TheDotNetOffice/status/1613149608418643969,2,8993
38411,"e??? But going through this video series has allowed me to create an open source C# project for working with OpenAI.

e?????? You can check out the video here:
https://t.co/08UNa9LPkw

#dotnet #dotnetcore #openai #gpt3 #chatgpt #programming",245,0,1.61e+18,DevLeaderCa,1.62e+18,Wed Feb 01 16:07:23 +0000 2023,2023/2/1 16:07,1,1,0,https://twitter.com/DevLeaderCa/status/1620816088320671744,2,38412
57573,"Integrate OpenAI with #dotnetcore (.Net) and #Angular15 https://t.co/AOMceXpblt

#coding #developer #ChatGPT #openai #csharp  #ArtificialIntelligence #OpenAIChatGPT #dotnet #angular #bangalore #article #video #sql #Trending",225,0,590629189.0,TheDotNetOffice,1.62e+18,Tue Feb 07 17:58:57 +0000 2023,2023/2/7 17:58,2,0,0,https://twitter.com/TheDotNetOffice/status/1623018491480805376,2,57574
81684,"ChatGPT continues to impress me. I asked it write a .NET app with SignalR that provided a ""How many people are currently viewing this page"" feature and it's code was mostly correct on the first try. And it also provides helpful explanations.

#dotnet #programming #ChatGPT https://t.co/NBf2PlKHXe",298,0,1.61e+18,RaythaHQ,1.63e+18,Wed Feb 15 22:26:10 +0000 2023,2023/2/15 22:26,5,4,1,https://twitter.com/RaythaHQ/status/1625984841845014528,10,81685
84541,"Tomorrow @rlittlesii and I will be chatting with @ADefWebserver about exploring OpenAI with Blazor e??  
 
https://t.co/auZHPu5YHJ
#openai #ChatGPT #dotnet #blazor",166,2,14443030.0,cecilphillip,1.63e+18,Tue Feb 21 23:42:48 +0000 2023,2023/2/21 23:42,4,5,0,https://twitter.com/cecilphillip/status/1628178456121942016,9,84542
89496,"Started this C# wrapper for #OpenAI on @github that if you want to develop with or add onto... feel free!

https://t.co/womeBS0bGi

#dotnet #chatgpt #gpt3",158,1,1.61e+18,DevLeaderCa,1.63e+18,Thu Feb 23 17:51:19 +0000 2023,2023/2/23 17:51,0,1,0,https://twitter.com/DevLeaderCa/status/1628814779157733376,1,89497
