,full_text,text_length,at_num,user_id_str,screen_name,id_str,created_at,publish_time,favorite_count,retweet_count,reply_count,tweet_url,total_heat,tt
22405,"1 of 10 a??
#question and #answer for #ChatGPT #AI #artificialintelligence
#topic : #CBDC and #Risk
e??1
e??   #music e??? #heavenvshell #btcvscbdc
https://t.co/Vtlscy4xCu https://t.co/lRpfpHvInK",200,0,1.36e+18,roman_sustek,1.62e+18,Wed Jan 25 04:29:00 +0000 2023,2023/1/25 4:29,1,0,0,https://twitter.com/roman_sustek/status/1618103618564931584,1,22406
34699,"4 of 10 a??
#question and #answer for #ChatGPT #AI #artificialintelligence
#topic : #CBDC #vs #risk 
( #financial #economia #financialfreedom ) 
e??1
e??   #synthwave #cinematic #music 
e??? #heavenvshell #btcvscbdc
https://t.co/Pl56zhVGBB https://t.co/DIqoD0cyP2",270,0,1.36e+18,roman_sustek,1.62e+18,Wed Feb 01 04:08:30 +0000 2023,2023/2/1 4:08,1,1,0,https://twitter.com/roman_sustek/status/1620635174584176648,2,34700
41569,"5 of 10 a??
#question and #answer for #ChatGPT #AI #artificialintelligence
#topic : #CBDC #vs #risk 
( #financial #economia #financialfreedom ) 
e??1
e??   #synthwave #cinematic #music 
e??? #heavenvshell #btcvscbdc
https://t.co/Pl56zhVGBB https://t.co/YyldWl1P4K",270,0,1.36e+18,roman_sustek,1.62e+18,Fri Feb 03 04:21:00 +0000 2023,2023/2/3 4:21,2,1,0,https://twitter.com/roman_sustek/status/1621363095888068609,3,41570
69026,"9 of 10 a??
#question and #answer for #ChatGPT #AI #artificialintelligence
#topic : #CBDC #vs #risk 
( #financial #economia #financialfreedom ) 
e??1
e??   #synthwave #cinematic #music 
e??? #heavenvshell #btcvscbdc
https://t.co/Pl56zhVGBB https://t.co/hvuFfDTgVb",270,0,1.36e+18,roman_sustek,1.62e+18,Mon Feb 13 04:09:00 +0000 2023,2023/2/13 4:09,2,1,0,https://twitter.com/roman_sustek/status/1624983954703978496,3,69027
75840,"10 of 10 a??
#question and #answer for #ChatGPT #AI #artificialintelligence
#topic : #CBDC #vs #risk 
( #financial #economia #financialfreedom ) 
e??1
e??   #synthwave #cinematic #music 
e??? #heavenvshell #btcvscbdc
https://t.co/Pl56zhVGBB https://t.co/hRv9sHhN1S",271,0,1.36e+18,roman_sustek,1.63e+18,Wed Feb 15 04:07:00 +0000 2023,2023/2/15 4:07,1,1,0,https://twitter.com/roman_sustek/status/1625708227198435328,2,75841
