,full_text,text_length,at_num,user_id_str,screen_name,id_str,created_at,publish_time,favorite_count,retweet_count,reply_count,tweet_url,total_heat,tt
71889,"e???PREMARKET WATCHe???

$CETX $AI $VLON $GFAI $BZFD $BBAI

OTC TODAY
$AIAD e??   $CRTD $BIXT $CEOS $GTII 

e???Watching these out the gate today!! e???e???e???e???e???e???

#NakedShorts #MMTLP #NakedShortWar #nakedshortdeeznuts #AI #artificalintelligence #GoogleAI #ChatGPT https://t.co/9xYREVTWTT",307,0,104499427.0,realsheepwolf,1.63e+18,Mon Feb 13 13:16:00 +0000 2023,2023/2/13 13:16,4,0,0,https://twitter.com/realsheepwolf/status/1625121611996188672,4,71890
96356,What kind of liability would a brokerage like TD Ameritrade face if they sold shares they are unable to locate? @TDAmeritrade @CharlesSchwab #FinraFraud $MMTLP #RetailTogetherStrong #NakedShortWar #Fraud #ChatGPT #OpenAI https://t.co/8wOrvr8Cx9,244,2,8.6e+17,RareDealsHere,1.63e+18,Mon Feb 27 18:41:13 +0000 2023,2023/2/27 18:41,49,29,0,https://twitter.com/RareDealsHere/status/1630276885493211137,78,96357
96809,"Why might brokerages with no apparent relation, share the same internal cusip for a security? #FinraFraud $MMTLP #ChatGPT #OpenAI #RetailTogetherStrong #NakedShortWar #COUNTERFEITSHARES https://t.co/uee1m20v4w",209,0,8.6e+17,RareDealsHere,1.63e+18,Mon Feb 27 20:27:07 +0000 2023,2023/2/27 20:27,38,21,0,https://twitter.com/RareDealsHere/status/1630303537929543680,59,96810
96898,Why does Finra have a poor reputation? #FinraFraud $MMTLP #ChatGPT #OpenAI #RetailTogetherStrong #NakedShortWar #COUNTERFEITSHARES https://t.co/3UV0HXJyOK,154,0,8.6e+17,RareDealsHere,1.63e+18,Mon Feb 27 20:49:39 +0000 2023,2023/2/27 20:49,67,30,4,https://twitter.com/RareDealsHere/status/1630309208599175168,101,96899
96914,"What are the risks of algorithmic trading, particularly in relation to shorting securities? #FinraFraud $MMTLP #ChatGPT #OpenAI #RetailTogetherStrong #NakedShortWar #COUNTERFEITSHARES https://t.co/NGRYc2Xy9F",207,0,8.6e+17,RareDealsHere,1.63e+18,Mon Feb 27 20:55:16 +0000 2023,2023/2/27 20:55,20,13,1,https://twitter.com/RareDealsHere/status/1630310620632596480,34,96915
96956,Why does it take up to a decade in many cases for FINRA to discover financial crimes? #FinraFraud $MMTLP #RetailTogetherStrong #ChatGPT #OpenAI #NakedShortWar #SRO #COUNTERFEITSHARES @SECGov @FINRA @FBI @TheJusticeDept @The_DTCC https://t.co/1aPADxuJNr,252,5,8.6e+17,RareDealsHere,1.63e+18,Mon Feb 27 21:03:37 +0000 2023,2023/2/27 21:03,48,31,3,https://twitter.com/RareDealsHere/status/1630312722717110273,82,96957
