,full_text,text_length,at_num,user_id_str,screen_name,id_str,created_at,publish_time,favorite_count,retweet_count,reply_count,tweet_url,total_heat,tt
21198,"Uffici popolati solo da robot, ma anche macchine che ruberanno il lavoro agli umani. ...
.
#attualit??milano #chatgpt #economia #intelligenzaartificiale #lavoro #milanoattualit?? #newsmilano #notiziemilano #tecnologia

https://t.co/KlDJioyAlD",246,0,8.98e+17,Gazzettadmilano,1.62e+18,Mon Jan 23 17:49:01 +0000 2023,2023/1/23 17:49,0,0,0,https://twitter.com/Gazzettadmilano/status/1617580174870036484,0,21199
34699,"4 of 10 a??
#question and #answer for #ChatGPT #AI #artificialintelligence
#topic : #CBDC #vs #risk 
( #financial #economia #financialfreedom ) 
e??1
e??   #synthwave #cinematic #music 
e??? #heavenvshell #btcvscbdc
https://t.co/Pl56zhVGBB https://t.co/DIqoD0cyP2",270,0,1.36e+18,roman_sustek,1.62e+18,Wed Feb 01 04:08:30 +0000 2023,2023/2/1 4:08,1,1,0,https://twitter.com/roman_sustek/status/1620635174584176648,2,34700
41569,"5 of 10 a??
#question and #answer for #ChatGPT #AI #artificialintelligence
#topic : #CBDC #vs #risk 
( #financial #economia #financialfreedom ) 
e??1
e??   #synthwave #cinematic #music 
e??? #heavenvshell #btcvscbdc
https://t.co/Pl56zhVGBB https://t.co/YyldWl1P4K",270,0,1.36e+18,roman_sustek,1.62e+18,Fri Feb 03 04:21:00 +0000 2023,2023/2/3 4:21,2,1,0,https://twitter.com/roman_sustek/status/1621363095888068609,3,41570
55033,"Entre otros hechos importantes que tuvieron lugar en enero #ecopetrol #economia #deuda #chatgpt #poblaci?3n #?-ndicedeconfianzasectorial #ICS #sectorial a?????
https://t.co/DbTHWeiKGa",184,0,350555179.0,SectorialCo,1.62e+18,Tue Feb 07 13:37:27 +0000 2023,2023/2/7 13:37,1,0,0,https://twitter.com/SectorialCo/status/1622952681890512897,1,55034
57602,"Wall Street al bivio: bull trap o inversione duratura? ne parliamo quie???https://t.co/b7H9nn1H10 
#tradingonline #forex #economia #finanza #Crypto #analisiciclica #NFTs #BitcoinCrash #crisieconomica #spread #investimenti #soldi #FTX #DAX40 #ChatGPT https://t.co/sHWgdblYdI",274,0,7.85e+17,MaxVantaggio,1.62e+18,Tue Feb 07 18:01:00 +0000 2023,2023/2/7 18:01,0,1,1,https://twitter.com/MaxVantaggio/status/1623019007384358912,2,57603
69026,"9 of 10 a??
#question and #answer for #ChatGPT #AI #artificialintelligence
#topic : #CBDC #vs #risk 
( #financial #economia #financialfreedom ) 
e??1
e??   #synthwave #cinematic #music 
e??? #heavenvshell #btcvscbdc
https://t.co/Pl56zhVGBB https://t.co/hvuFfDTgVb",270,0,1.36e+18,roman_sustek,1.62e+18,Mon Feb 13 04:09:00 +0000 2023,2023/2/13 4:09,2,1,0,https://twitter.com/roman_sustek/status/1624983954703978496,3,69027
75840,"10 of 10 a??
#question and #answer for #ChatGPT #AI #artificialintelligence
#topic : #CBDC #vs #risk 
( #financial #economia #financialfreedom ) 
e??1
e??   #synthwave #cinematic #music 
e??? #heavenvshell #btcvscbdc
https://t.co/Pl56zhVGBB https://t.co/hRv9sHhN1S",271,0,1.36e+18,roman_sustek,1.63e+18,Wed Feb 15 04:07:00 +0000 2023,2023/2/15 4:07,1,1,0,https://twitter.com/roman_sustek/status/1625708227198435328,2,75841
76990,"Il Bear Market far?? come l'Araba Fenice, ne parliamo quie???https://t.co/Tdin78vpsI
#tradingonline #forex #economia #finanza #Crypto #analisiciclica #NFTs #BitcoinCrash #crisieconomica #spread #investimenti #soldi #FTX #DAX40 #ChatGPT https://t.co/jp7pi46FSs",260,0,7.85e+17,MaxVantaggio,1.63e+18,Wed Feb 15 08:57:00 +0000 2023,2023/2/15 8:57,3,1,1,https://twitter.com/MaxVantaggio/status/1625781207870107648,5,76991
83203,"e??2e???Env?-anos un DM Ser?? muy divertida la experiencia que crearemos juntos para aumentar tus clientes potencialese???
https://t.co/16922jcWgg.

#marketing #marketingdigital #negocios #empresas #publicidad #marca #logo #estrategias #economia #noticias #veracruz #bocadelrio #chatgpt https://t.co/DrmIAAg5Bk",313,0,4753915093.0,mktlagrancampa,1.63e+18,Tue Feb 21 18:40:23 +0000 2023,2023/2/21 18:40,0,0,0,https://twitter.com/mktlagrancampa/status/1628102350702247937,0,83204
89828,"Microsoft $MSFT sta testando ChatGPT nei robot.
#criptovalute #finanza #bitcoinitalia #tradingitalia #binanceitalia #blockchainitalia #economia #mercati #robot #openai #chatgpt #microsoft https://t.co/A0nPT98dLl https://t.co/6v9TetK2K5",236,0,1.61e+18,ita_insider,1.63e+18,Thu Feb 23 18:47:08 +0000 2023,2023/2/23 18:47,0,0,0,https://twitter.com/ita_insider/status/1628828822421340161,0,89829
