,full_text,text_length,at_num,user_id_str,screen_name,id_str,created_at,publish_time,favorite_count,retweet_count,reply_count,tweet_url,total_heat,tt
12080,"e???Ve V??no??n?- epizod?? podcastu #DataTalk s hosty @GiulianoCZ a @codeas byla prob?-r??na t??mata jako generativn?- #AI, #ChatGPT a #Midjourney, stejn?? jako #Google a #AutoML . Pokud jste tento podcast minuli, nev??hejte si ho pustit a????? https://t.co/IdE1LzdXCH https://t.co/rpAgTf5Piz",292,2,1.38e+18,datapunkers,1.61e+18,Fri Jan 13 14:46:32 +0000 2023,2023/1/13 14:46,5,1,0,https://twitter.com/datapunkers/status/1613910374377455616,6,12081
50477,"#Bard, la respuesta de #Google a #ChatGPT https://t.co/KNSoWArqeT",65,0,141214180.0,viadescapetv,1.62e+18,Tue Feb 07 05:39:13 +0000 2023,2023/2/7 5:39,0,0,0,https://twitter.com/viadescapetv/status/1622832332267716610,0,50478
50950,"#Bard non ?   la risposta di #Google a #ChatGPT. ?? la risposta alla potenziale integrazione di ChatGPT su #Bing.

#AI #LLM #IntelligenzaArtificiale #GPT3

https://t.co/keYjVo33g0",183,0,28334936.0,alepom,1.62e+18,Tue Feb 07 06:36:04 +0000 2023,2023/2/7 6:36,1,0,0,https://twitter.com/alepom/status/1622846640531857408,1,50951
52005,"AI vs. AI

Bemutatta a #Google a #ChatGPT riv??lis??t, itt a #GoogleBard
a????? https://t.co/7gEBoWuUdv",106,0,274522710.0,_MaZsola_,1.62e+18,Tue Feb 07 08:31:52 +0000 2023,2023/2/7 8:31,0,0,0,https://twitter.com/_MaZsola_/status/1622875780140130304,0,52006
56579,"La respuesta de #Google a #ChatGPT se llama #Bard y ya est?? en beta privada https://t.co/AmfcLDAL2P a trav??s de @ReasonWhy 

#marketingdigital #negocios #negociosdigitales #emprendedores",190,1,192313255.0,Donald_Munoz,1.62e+18,Tue Feb 07 16:04:09 +0000 2023,2023/2/7 16:04,2,0,0,https://twitter.com/Donald_Munoz/status/1622989603778035717,2,56580
56825,La respuesta de #Google a #ChatGPT ya est?? aqu?-: Se llama #Brad y ya est?? en versi?3n beta privada. https://t.co/xEXJ0oG2sx,126,0,8.32e+17,GUIONETcom,1.62e+18,Tue Feb 07 16:32:12 +0000 2023,2023/2/7 16:32,0,0,0,https://twitter.com/GUIONETcom/status/1622996660149166082,0,56826
57256,"E, come preannunciato, arriva #Bard la risposta di #Google a #Chatgpt

https://t.co/WPMwCtrbj9
#AI https://t.co/JAo8yYQdB6",125,0,963879234.0,ValerioMorfio,1.62e+18,Tue Feb 07 17:17:11 +0000 2023,2023/2/7 17:17,0,0,0,https://twitter.com/ValerioMorfio/status/1623007981267824650,0,57257
58610,La respuesta de #Google a #ChatGPT se llama Bard y ya est?? en beta privada https://t.co/TwZTkY28Mf,99,0,132831855.0,malvareznieto,1.62e+18,Tue Feb 07 19:39:01 +0000 2023,2023/2/7 19:39,0,0,0,https://twitter.com/malvareznieto/status/1623043673167433739,0,58611
