,full_text,text_length,at_num,user_id_str,screen_name,id_str,created_at,publish_time,favorite_count,retweet_count,reply_count,tweet_url,total_heat,tt
15946,"Interest in #AI-related #crypto assets has increased due to rumors that #Microsoft may invest $10 billion in #OpenAI, the company behind #ChatGPT, an artificial intelligence #chatbot that specializes in dialogs.e?  ?

#cryptocurrency #BREAKING #news 

https://t.co/LAT1gKc3qb",279,0,1.57e+18,chaincluded,1.62e+18,Tue Jan 17 09:12:49 +0000 2023,2023/1/17 9:12,1,0,0,https://twitter.com/chaincluded/status/1615275941131091968,1,15947
31016,"#Microsoft is investing billions more into #OpenAI, the company behind #ChatGPT. Stay tuned for new #enterprise services powered by OpenAI's generative #AI products.

https://t.co/bxgGNEHkGy

@ParisGeek",206,1,22873424.0,CIOonline,1.62e+18,Tue Jan 31 05:05:19 +0000 2023,2023/1/31 5:05,4,3,0,https://twitter.com/CIOonline/status/1620287087906852864,7,31017
51737,"Herea??s a brief history of #OpenAI, the company behind #ChatGPT - by @washingtonpost https://t.co/IaGRmf50vA",109,1,7.52e+17,AlainDeMaurier,1.62e+18,Tue Feb 07 08:01:31 +0000 2023,2023/2/7 8:01,0,0,0,https://twitter.com/AlainDeMaurier/status/1622868142610427904,0,51738
52885,"Herea??s a brief history of #OpenAI, the company behind #ChatGPT - by  @washingtonpost  https://t.co/RhLfcj9a9Q",111,1,7.82e+17,PostClick_Media,1.62e+18,Tue Feb 07 10:00:25 +0000 2023,2023/2/7 10:00,0,0,0,https://twitter.com/PostClick_Media/status/1622898065198706688,0,52886
58998,"@Microsoft announced a new Bing homepage powered by AI, shortly after heavy investment in #OpenAI, the company behind #ChatGPT.

What does this mean for the future of search?

#Bing #searchengine #microsoft #AI 

https://t.co/udjeHvUlr7",242,1,1208436560.0,EAConsultingSL,1.62e+18,Tue Feb 07 20:22:47 +0000 2023,2023/2/7 20:22,0,0,0,https://twitter.com/EAConsultingSL/status/1623054690341756930,0,58999
59028,"Microsoft just announced a revamp of its Bing search engine and Edge web browser powered by artificial intelligence, weeks after it confirmed plans to invest billions in #OpenAI, the company behind #ChatGPT. https://t.co/mLEJ7Kf38y",231,0,17497054.0,stiel,1.62e+18,Tue Feb 07 20:25:31 +0000 2023,2023/2/7 20:25,0,0,0,https://twitter.com/stiel/status/1623055377335201792,0,59029
68528,"Both #Google and #OpenAI, the company behind #ChatGPT, have developed software that creates vocals and music in the style of certain artists and genres.

@JimHarris 

#music #ai #artists #chatgpt #creators #works 

https://t.co/kXUvdr5JqE",244,1,140618811.0,richardkimphd,1.62e+18,Mon Feb 13 01:33:43 +0000 2023,2023/2/13 1:33,1,0,1,https://twitter.com/richardkimphd/status/1624944876751294464,2,68529
92712,"#Tools to identify whether a piece of text was written by #AI have started to emerge in recent months, including one created by #OpenAI, the company behind #ChatGPT. https://t.co/W1FJghNbgW",189,0,268201193.0,DeccanHerald,1.63e+18,Mon Feb 27 07:15:09 +0000 2023,2023/2/27 7:15,0,0,0,https://twitter.com/DeccanHerald/status/1630104233398730752,0,92713
