,full_text,text_length,at_num,user_id_str,screen_name,id_str,created_at,publish_time,favorite_count,retweet_count,reply_count,tweet_url,total_heat,tt
31001,"What's #chatgpt ?
It's an #AI #chatbot that can be interacted with and simulate human conversations. Chat-GPT can be used for a variety of uses. 

#edenai #automation #codingpractices #algorithms #AI #ML #data #programming #Engineering #software #artificialintelligence #analysts https://t.co/oCsd1hh26G",306,0,1.4e+18,EdenAiza,1.62e+18,Tue Jan 31 04:56:41 +0000 2023,2023/1/31 4:56,1,1,0,https://twitter.com/EdenAiza/status/1620284915131781121,2,31002
34920,"9 Top Data Science Best Practices Generated by #ChatGPT

@DrJDrooghaag @fogoros @GlenGilmore @nigewillson 

#data #science #models #field #insights #scientists #algorithms #datadata 

https://t.co/68j8u0vWUX",213,4,140618811.0,richardkimphd,1.62e+18,Wed Feb 01 05:00:58 +0000 2023,2023/2/1 5:00,1,0,0,https://twitter.com/richardkimphd/status/1620648378119118849,1,34921
40319,"Protect Your Written Work with Spot: The AI-Driven Plagiarism Detection Solution #AI #algorithms #chatGPT #detectiontool #Efficiency #GPT3 #plagiarism #publishers #researchers #students #teachers #writtenwork

https://t.co/ei61f5lWch https://t.co/mLBMoeTG2M",259,0,1.61e+18,AITechHub1,1.62e+18,Wed Feb 01 21:15:02 +0000 2023,2023/2/1 21:15,0,2,0,https://twitter.com/AITechHub1/status/1620893510919491584,2,40320
43623,"Proximal Policy Optimisation, the reinforcement learning algorithm that powers ChatGPT 

 #algorithms #learning #reinforcementlearning #ppo #chatgpt #chatgpt3 #technology #machinelearning #deepreinforcementlearning #deeplearning https://t.co/kPopeIi7x0",254,0,79393214.0,bhagirathl,1.62e+18,Fri Feb 03 11:08:03 +0000 2023,2023/2/3 11:08,0,0,0,https://twitter.com/bhagirathl/status/1621465534314192896,0,43624
45139,"#100DaysOfCode #100daysofcoding #100Devs #machinelearning #algorithms #AI #digitalage #computerscience #ChatGPT
https://t.co/4yg4YULPJj",136,0,8.18e+17,donnamware,1.62e+18,Fri Feb 03 14:51:44 +0000 2023,2023/2/3 14:51,0,0,0,https://twitter.com/donnamware/status/1621521827393830920,0,45140
59901,"Just tried Bing with OpenAI (as Ia??ll call it), and ita??s impressive. Google needs to level up, Wea??ve only at the tip of the iceberg. #bing #chatgpt #openai #ai #search #algorithms #future #tech #google #microsoft https://t.co/tt6cPoGHJJ",241,0,531661803.0,syed_mamoon99,1.62e+18,Tue Feb 07 22:22:07 +0000 2023,2023/2/7 22:22,0,1,0,https://twitter.com/syed_mamoon99/status/1623084719964315651,1,59902
69924,"Are we losing or winning the battle to deploy edge A.I.(s) to all of us? https://t.co/uUZNJ4N7GX
#chatgpt #bardai #dalle2 #generativeai #gpu #bing #openai #algorithms #entrepreneurship #startups #machinelearning #AI #Technology
 #innovation #DataScience #Artificialintelligence https://t.co/liWozUOKeF",303,0,617073962.0,VivancosDavid,1.63e+18,Mon Feb 13 07:58:55 +0000 2023,2023/2/13 7:58,1,1,0,https://twitter.com/VivancosDavid/status/1625041815685439488,2,69925
76833,"Revolutionize your #elearning with #aicontent Creation tools like #ParadisoAI smart assistant, and AI-Powered LMS- https://t.co/eXdm3tbaVe

#ai #training #future #content #elearning #learning #engagement #algorithms #chatgpt #chatgpt3 #chatgpt4 #chatgptai #chatgptnews #aipowered https://t.co/PK7xujHZUh",305,0,331009962.0,paradiso_lms,1.63e+18,Wed Feb 15 08:18:54 +0000 2023,2023/2/15 8:18,1,0,0,https://twitter.com/paradiso_lms/status/1625771622501347328,1,76834
77092,"Generative AI is trained on algorithms to produce new text, images, code, video, or audio. Jassy said: a??I think it's exciting, what's possible with generative AI"".

@amazon 

#ETCIO #amazon #algorithms #video #ai #chatgpt #nextgentech #microsoft
https://t.co/9llDkQ1hPj",276,1,2541189847.0,ET_CIO,1.63e+18,Wed Feb 15 09:15:58 +0000 2023,2023/2/15 9:15,1,0,0,https://twitter.com/ET_CIO/status/1625785981482962946,1,77093
86754,"Is #ChatGPT AI the next Superman or humanitya??s Kryptonite? 

#AINews #ArtificialIntelligence #AIEthics #AI #DigitalEthics #MachineLearning #ML #BigData #tech #data  #digital #innovation #ethics #algorithms #bias #leadership #DeepLearning #AGI
https://t.co/MB7qlqLtRF",271,0,3937914677.0,TechNative,1.63e+18,Thu Feb 23 10:35:00 +0000 2023,2023/2/23 10:35,5,6,5,https://twitter.com/TechNative/status/1628704976309563392,16,86755
92251,"Added new set of questions HARD RUBY #difficulties. Can you pass it? #quiz #chatgpt   #ruby #algorithms #code #challenge 
https://t.co/BkQxwow2F1 https://t.co/x0afb7XisB",170,0,3004939712.0,nezirzahirovic,1.63e+18,Mon Feb 27 04:38:17 +0000 2023,2023/2/27 4:38,0,0,0,https://twitter.com/nezirzahirovic/status/1630064755074269185,0,92252
