,full_text,text_length,at_num,user_id_str,screen_name,id_str,created_at,publish_time,favorite_count,retweet_count,reply_count,tweet_url,total_heat,tt
5885,"""The cosmos is all that is or was or ever will be."" - Carl Sagan

Watch Here: https://t.co/QF7fivYcOf

#midjourney #ChatGPT #midjourneyV4 #AI #AIart #aiartcommunity #stablediffusion #NFTs #Crypto #Web3 #Photoshop #Illustrator #art #NFT #Metaverse #Art #DigitalArt #SurrealArt https://t.co/9SrlAubbN1",303,0,1.57e+18,wildfruitarian,1.61e+18,Mon Jan 09 05:47:03 +0000 2023,2023/1/9 5:47,9,0,0,https://twitter.com/wildfruitarian/status/1612325053974351873,9,5886
8884,"Amazing Web Design with AI e?  ?

Watch here: https://t.co/YRFOve2fVX

#midjourney #ChatGPT  #midjourneyV4 #AI #AIart #aiartcommunity #stablediffusion #NFTs #Crypto #AIIA #Photoshop #Illustrator #NFT #Metaverse #Art #DigitalArt #PsychedelicArt #Upwork #Fiverr #OpenSea #AIartists #AI https://t.co/beDBJtkV7B",311,0,1.57e+18,wildfruitarian,1.61e+18,Wed Jan 11 11:32:48 +0000 2023,2023/1/11 11:32,11,0,0,https://twitter.com/wildfruitarian/status/1613136840361652226,11,8885
12520,"Where the #AI #Art #Boom Came From and Where Ita??s Going 
https://t.co/y7KKgNVudu

#cryptocurrencies #MachineLearning #AI #Python #DeepLearning #100DaysOfCode #fintech #nocode #bitcoin #cybersecurity #cybersecurite #inSurTech #ChatGPT https://t.co/URKufpOCWY",262,0,1.27e+18,VeilleCyber3,1.61e+18,Fri Jan 13 17:45:00 +0000 2023,2023/1/13 17:45,1,1,1,https://twitter.com/VeilleCyber3/status/1613955283633438747,3,12521
14635,A #Space Title by #ChatGPT #Art #NFTs #Music #Share your #Views @TheVECentre @artist_jodi @SalsaMish @DaStreamCatcher @3D_MadNess_ @DocWuWu @TaxwriteoffNft @nagz_mo @modestminer @m00nvera @Steve_Walson @Hurric4n3Ike Set a reminder for my upcoming Space! https://t.co/2gq9m8Sxht,277,12,1.48e+18,TheVECentre,1.61e+18,Sun Jan 15 19:19:56 +0000 2023,2023/1/15 19:19,7,2,1,https://twitter.com/TheVECentre/status/1614703950518956032,10,14636
23335,"Misty peak of majestic mountain range | by #Midjourney &amp; #ChatGPT e?  ?

 #AIIA #AI #AIart #aiartcommunity #stablediffusion #NFTs #Crypto #AIArtist #Photoshop #Illustrator #NFT #Metaverse #Art #DigitalArt #Illustration #Upwork #Fiverr #OpenSea #Canva #Design #Painting #OpenAI #DALLE https://t.co/dbgrdvgs3x",313,0,1.57e+18,wildfruitarian,1.62e+18,Wed Jan 25 11:53:18 +0000 2023,2023/1/25 11:53,6,1,3,https://twitter.com/wildfruitarian/status/1618215432519049216,10,23336
26681,"#ChatGPT beats Wharton Students + Is this the #Singularity Moment? #AI &amp; #Art #Copyright #Collide + Schools Sue Social Media - Join us - fast-moving 30 min intimate chat about AI, Innovation &amp; Ethics in Business 1pm GMT on Fri in the SOSTAC(r) Plans Club in the clubhouse app. https://t.co/TzcHfAB1O9",308,0,16219286.0,PR_Smith,1.62e+18,Fri Jan 27 12:35:11 +0000 2023,2023/1/27 12:35,0,0,0,https://twitter.com/PR_Smith/status/1618950747944624130,0,26682
32432,"Day 18 daily posts from #ChatGPT. Much better artwork in my opinion by @midjourney_ai.

Seems the articles are getting more interesting. 

@OpenAI #OpenAI #midjourney #ArtificialIntelligence #Art #blog #sports 

https://t.co/Qocy5QhP05",241,2,1.47e+18,gurupa_eth,1.62e+18,Tue Jan 31 14:36:51 +0000 2023,2023/1/31 14:36,2,2,0,https://twitter.com/gurupa_eth/status/1620430916886884353,4,32433
36654,"The Enchanted Vortex: A Journey into the Heart of Wonderland's Magic

More here: https://t.co/BZJY7ySqOY

#midjourney #ChatGPT #AIIA #AI #AIart #aiartcommunity #stablediffusion #NFTs #Crypto #AIArtist #Photoshop #Illustrator #NFT #Metaverse #Art #DigitalArt #Illustration https://t.co/ZDTmRZXw4t",299,0,1.57e+18,wildfruitarian,1.62e+18,Wed Feb 01 11:39:34 +0000 2023,2023/2/1 11:39,6,2,0,https://twitter.com/wildfruitarian/status/1620748690536411138,8,36655
42689,"ChatGPT: Complete ChatGPT Guide For Beginners  
1 hour | 120 students  | January 2023 release 

e??? LINK =&gt; https://t.co/ALhlIS1YbN 

#Udemy #Chatbot #AI #Text-to-Image #Art #Generation #ChatGPT #Generative https://t.co/x3VIHiK92U",239,0,1.01e+18,comidoc,1.62e+18,Fri Feb 03 08:25:56 +0000 2023,2023/2/3 8:25,2,0,1,https://twitter.com/comidoc/status/1621424735325245440,3,42690
54841,"Flowers wirh Purple e??? &amp; Green e??? Gradient Shades e???e??oe???e??1e??  e???e???

#midjourney #ChatGPT #artificialinspiration #AI #AIart #aiartcommunity #stablediffusion #NFTs #Crypto #AIArtist #Photoshop #Illustrator #NFT #Metaverse #Art #DigitalArt #Illustration #Upwork #Fiverr #OpenSea #Canva https://t.co/qy0X11ajN5",329,0,1.57e+18,wildfruitarian,1.62e+18,Tue Feb 07 13:20:35 +0000 2023,2023/2/7 13:20,4,0,2,https://twitter.com/wildfruitarian/status/1622948440056508420,6,54842
56595,"ChatGPT: Earning Money With ChatGPT - Easy Way For Beginners  
1.5 hours 

e??? LINK =&gt; https://t.co/fHsFUvPSpI 

#Udemy #Chatbot #AI #Text-to-Image #Art #Generation #ChatGPT https://t.co/osvJNlkrSs",206,0,1.01e+18,comidoc,1.62e+18,Tue Feb 07 16:06:46 +0000 2023,2023/2/7 16:06,1,0,0,https://twitter.com/comidoc/status/1622990261314805760,1,56596
57029,"Mutation 2
#artist #Art #digitalart #chatgpt #AIArtwork #AI #Artificial_Intelligence #artistsontwitter https://t.co/0TSAMARlNa",127,0,1.45e+18,cscreativemind,1.62e+18,Tue Feb 07 16:54:34 +0000 2023,2023/2/7 16:54,0,0,0,https://twitter.com/cscreativemind/status/1623002290100600834,0,57030
57054,"Mutation 3
#Art #digitalart #chatgpt #AI #AIart #artist #artistsontwitter https://t.co/a8sOXnxwPc",98,0,1.45e+18,cscreativemind,1.62e+18,Tue Feb 07 16:57:52 +0000 2023,2023/2/7 16:57,1,1,1,https://twitter.com/cscreativemind/status/1623003120367284228,3,57055
57160,"Wearing the MultiColors e??  e???e??  e??  e??  

View more at: e???

https://t.co/3SxIabwAmB

#midjourney #ChatGPT #AIIA #artificialinspiration #AI #AIart #aiartcommunity #stablediffusion #NFTs #Crypto #AIArtist #Photoshop #Illustrator #NFT #Metaverse #Art #DigitalArt #Illustration #Upwork https://t.co/u5Kfviqyvi",321,0,1.57e+18,wildfruitarian,1.62e+18,Tue Feb 07 17:07:01 +0000 2023,2023/2/7 17:07,6,0,1,https://twitter.com/wildfruitarian/status/1623005423338151936,7,57161
57515,"Artwork of the day: #7

Soon available as painting on canvas at our new Art Gallery on https://t.co/ilhk4nyw2W

#AIart #Art #aiartcommunity #MidJourney #midjourneyart #dalle2 #AIArtwork #ChatGPT #CanvasOfMirrors #deepdream #DigitalArt https://t.co/csykor4Jxm",262,0,1.62e+18,CanvasOfMirrors,1.62e+18,Tue Feb 07 17:50:55 +0000 2023,2023/2/7 17:50,1,0,0,https://twitter.com/CanvasOfMirrors/status/1623016469557612558,1,57516
73249,"Sci-Fi 12
#AIart #ai #Art #digitalart #chatgpt #stablediffusion #spacewoman #midjourney https://t.co/6uVeDbzZ3v https://t.co/D0KpXIzlCs",136,0,1.45e+18,cscreativemind,1.63e+18,Mon Feb 13 16:38:44 +0000 2023,2023/2/13 16:38,4,3,0,https://twitter.com/cscreativemind/status/1625172632810274829,7,73250
73417,"Fish 02
#Art #digitalart #chatgpt #AI #stablediffusion #midjourney #lexicart #playground https://t.co/DTTmEYw8R0 https://t.co/WXjX2p74pa",137,0,1.32e+18,thefantasticai,1.63e+18,Mon Feb 13 17:04:11 +0000 2023,2023/2/13 17:04,15,4,1,https://twitter.com/thefantasticai/status/1625179036845588491,20,73418
73501,"Spacewoman03
#AIart #ai #Art #digitalart #chatgpt #stablediffusion #spacewoman #midjourney
https://t.co/FkWGaMMnnC https://t.co/qmr7LRNsvt",140,0,1.45e+18,cscreativemind,1.63e+18,Mon Feb 13 17:16:37 +0000 2023,2023/2/13 17:16,4,3,0,https://twitter.com/cscreativemind/status/1625182166542958617,7,73502
74190,"Fish 04
#Art #digitalart #chatgpt #AI #stablediffusion #midjourney #lexicart #playground https://t.co/DTTmEYw8R0 https://t.co/6yHdYhgWAj",137,0,1.32e+18,thefantasticai,1.63e+18,Mon Feb 13 19:21:33 +0000 2023,2023/2/13 19:21,6,3,0,https://twitter.com/thefantasticai/status/1625213607892983810,9,74191
75384,"Fish 14 
#Art #digitalart #chatgpt #AI #stablediffusion #midjourney #lexicart #playground https://t.co/DTTmEYw8R0 https://t.co/XDLfUtEpxu",138,0,1.32e+18,thefantasticai,1.63e+18,Mon Feb 13 23:33:47 +0000 2023,2023/2/13 23:33,1,1,0,https://twitter.com/thefantasticai/status/1625277083365638147,2,75385
78095,"Own a piece of NFT history with Sara Lee - a captivating digital girl from the 90s, now making a comeback. #SaraLee #NFT #90s #Diversity #Art #ChatGPT #OpenAI. https://t.co/Q15nwsZ3Xx",183,0,1.62e+18,4sara_lee,1.63e+18,Wed Feb 15 12:17:19 +0000 2023,2023/2/15 12:17,3,0,0,https://twitter.com/4sara_lee/status/1625831622657585152,3,78096
79188,"Sci-Fi 11
#AIart #ai #Art #digitalart #chatgpt #stablediffusion #spacewoman #midjourney https://t.co/6uVeDbzZ3v https://t.co/WlBUl5BjNs",136,0,1.45e+18,cscreativemind,1.63e+18,Wed Feb 15 14:46:49 +0000 2023,2023/2/15 14:46,3,2,0,https://twitter.com/cscreativemind/status/1625869244914102272,5,79189
79216,"Sci-Fi 09
#AIart #ai #Art #digitalart #chatgpt #stablediffusion #spacewoman #midjourney https://t.co/6uVeDbzZ3v https://t.co/8781TK0E7L",136,0,1.45e+18,cscreativemind,1.63e+18,Wed Feb 15 14:52:56 +0000 2023,2023/2/15 14:52,2,2,0,https://twitter.com/cscreativemind/status/1625870781325492225,4,79217
79386,"Fish 07
#Art #digitalart #chatgpt #AI #stablediffusion #midjourney #lexicart #playground https://t.co/DTTmEYw8R0 https://t.co/PPkVcVd68i",137,0,1.32e+18,thefantasticai,1.63e+18,Wed Feb 15 15:14:50 +0000 2023,2023/2/15 15:14,5,2,0,https://twitter.com/thefantasticai/status/1625876294125645827,7,79387
79544,"Fish 06
#Art #digitalart #chatgpt #AI #stablediffusion #midjourney #lexicart #playground https://t.co/DTTmEYw8R0 https://t.co/BHfirA4F24",137,0,1.32e+18,thefantasticai,1.63e+18,Wed Feb 15 15:38:37 +0000 2023,2023/2/15 15:38,2,2,0,https://twitter.com/thefantasticai/status/1625882281435926531,4,79545
81539,"Sci-Fi 10
#AIart #ai #Art #digitalart #chatgpt #stablediffusion #sci-fi #midjourney https://t.co/6uVeDbzZ3v https://t.co/azB9Wn5O0g",132,0,1.45e+18,cscreativemind,1.63e+18,Wed Feb 15 21:55:31 +0000 2023,2023/2/15 21:55,6,2,0,https://twitter.com/cscreativemind/status/1625977129673392153,8,81540
82013,"Fish 05
#Art #digitalart #chatgpt #AI #stablediffusion #midjourney #lexicart #playground https://t.co/DTTmEYw8R0 https://t.co/9M5gtfGKlJ",137,0,1.32e+18,thefantasticai,1.63e+18,Wed Feb 15 23:56:56 +0000 2023,2023/2/15 23:56,4,3,0,https://twitter.com/thefantasticai/status/1626007683340836865,7,82014
87920,"The  breathtaking Startrails | Midjourney AI Art e?  ?

View more at: e???
https://t.co/cFFwGKYima

#midjourney #ChatGPT #AIIA #AI #AIart #aiartcommunity #stablediffusion #NFTs #Crypto #AIArtist #Photoshop #Illustrator #NFT #Metaverse #Art #DigitalArt #Illustration #Upwork #Fiverr https://t.co/gwxS1cQL5g",310,0,1.57e+18,wildfruitarian,1.63e+18,Thu Feb 23 13:45:31 +0000 2023,2023/2/23 13:45,7,0,2,https://twitter.com/wildfruitarian/status/1628752920681279488,9,87921
87987,"Floral Astronaut 02
#AIart #ai #Art #digitalart #chatgpt #stablediffusion #space #midjourney #AICommunity #AiTwitter https://t.co/DTTmEYw8R0 https://t.co/h3NpIwfOxn",165,0,1.32e+18,thefantasticai,1.63e+18,Thu Feb 23 13:55:13 +0000 2023,2023/2/23 13:55,3,2,0,https://twitter.com/thefantasticai/status/1628755361363623940,5,87988
88898,"Floral Astronaut
#AIart #ai #Art #digitalart #chatgpt #stablediffusion #space #midjourney #AICommunity #AiTwitter https://t.co/DTTmEYw8R0 https://t.co/Z3OdubI61q",162,0,1.32e+18,thefantasticai,1.63e+18,Thu Feb 23 16:07:37 +0000 2023,2023/2/23 16:07,5,2,0,https://twitter.com/thefantasticai/status/1628788681933824001,7,88899
89292,"Floral Astronaut 04
#AIart #ai #Art #digitalart #chatgpt #stablediffusion #space #midjourney #AICommunity #AiTwitter https://t.co/DTTmEYw8R0 https://t.co/m31XrwCvi2",165,0,1.32e+18,thefantasticai,1.63e+18,Thu Feb 23 17:11:54 +0000 2023,2023/2/23 17:11,7,1,0,https://twitter.com/thefantasticai/status/1628804856138940419,8,89293
90156,"e??  e??  e??  
https://t.co/BjGeVCJEek

#MF_GPT #MetaFantasy #ChatGPT #VirtualWorld #Metaverse #AI #VirtualReality #Gaming #Education #Art #VirtualCharacters #InteractiveExperience #Innovation",196,0,1.38e+18,MetaFantasy_MMO,1.63e+18,Thu Feb 23 19:57:33 +0000 2023,2023/2/23 19:57,5,3,2,https://twitter.com/MetaFantasy_MMO/status/1628846545046241281,10,90157
94334,"ChatGPT: Complete ChatGPT Guide For Beginners  
1 hour | 4502 students  | February 2023 release 

e??? LINK =&gt; https://t.co/ALhlIS1YbN 

#Udemy #Chatbot #AI #Text-to-Image #Art #Generation #ChatGPT #Generative https://t.co/SsQximokRa",241,0,1.01e+18,comidoc,1.63e+18,Mon Feb 27 13:16:08 +0000 2023,2023/2/27 13:16,1,0,0,https://twitter.com/comidoc/status/1630195075811618817,1,94335
94635,"Embrace and extend #Excel for #Ai #Data prep

-- Technology | The Digital ...: https://t.co/T3vmPsqIbK.

#2022 #2023 #Amp #Analysis #Applications #Approach #Architecture #Art #Article #ArtificialIntelligence #Billion #Bing #Business #BusinessApplications #CEO #ChatGPT ... https://t.co/9ZsTIAluTD",300,0,37716311.0,MrMarchi,1.63e+18,Mon Feb 27 14:12:21 +0000 2023,2023/2/27 14:12,2,1,0,https://twitter.com/MrMarchi/status/1630209224339779586,3,94636
97520,"Listed at @Undeveloped,@afternic,@Sedo, @Daazcom

#domains #domainnames #domainsforsale #domainforsale #DomainNameForSale #AI #AI??  ?????1??? #ArtificialIntelligence #AGI #Software #neuralnetworks #ChatGPT #BARD #BingAI #TikTok?????  ??? #TikTok #NFT #NFTCommunity #NFTart #Art #Gaming",288,4,1.56e+18,GalaxyCavalier,1.63e+18,Mon Feb 27 23:41:24 +0000 2023,2023/2/27 23:41,5,0,0,https://twitter.com/GalaxyCavalier/status/1630352429848883201,5,97521
