,full_text,text_length,at_num,user_id_str,screen_name,id_str,created_at,publish_time,favorite_count,retweet_count,reply_count,tweet_url,total_heat,tt
6628,"???ChatGPT Chrome ????????  ??? | Open AI???ChatGPT Chrome ????????  ??  ?1??????  ??  ??????????????  OpenAI ChatGPT???  |?  ??????  1??????Chrome??????: Merlin &amp; WebChatGPT: https://t.co/Y2ADPPKseL

#chatgpt #chatgpt    ???? #chatgpt????-? #chatgpt  |???   #chatgpt??-??? #openai #google #chrome #webchatgpt #merlin #hongkong https://t.co/uUfCOkGRZ3",357,0,1.58e+18,lazy_kar,1.61e+18,Mon Jan 09 13:52:31 +0000 2023,2023/1/9 13:52,1,1,0,https://twitter.com/lazy_kar/status/1612447229247361027,2,6629
14603,"With Chat GPT, earning through coding is made easy.
I recently completed a project using Chat GPT to create a chrome extension!
#ChatGPT #javascript #chrome #ArtificialIntelligence
....e??? https://t.co/XLuJ8MMlpg",216,0,1.1e+18,sibtainalli,1.61e+18,Sun Jan 15 18:54:16 +0000 2023,2023/1/15 18:54,0,0,1,https://twitter.com/sibtainalli/status/1614697494054682625,1,14604
16628,@heyBarsee @SaveToNotion #ai #chrome #ChatGPT,45,2,19535837.0,carlinhos79,1.62e+18,Tue Jan 17 13:55:22 +0000 2023,2023/1/17 13:55,0,0,0,https://twitter.com/carlinhos79/status/1615347048529948672,0,16629
42750,"Top 10 #ChatGPT #Chrome #extensions to open #million #dollar #opportunities in 2023 https://t.co/qWOwfhOPKa

#ChatGPTExtensions #ChatGPTChrome #chatgpt3 #chrome #chromeextensions #breakingnews #chatgpttomakemoney #chatgptexplained #OpenAI #ChatGPTbenefits #AIbusinessideas #ai",278,0,1.55e+18,softorithm,1.62e+18,Fri Feb 03 08:39:45 +0000 2023,2023/2/3 8:39,0,0,0,https://twitter.com/softorithm/status/1621428213904805894,0,42751
43374,Power up your #ChatGPT #chrome #extensions https://t.co/4AIRMs14jY,66,0,1712831.0,ruhanirabin,1.62e+18,Fri Feb 03 10:29:41 +0000 2023,2023/2/3 10:29,0,0,1,https://twitter.com/ruhanirabin/status/1621455879970373632,1,43375
43699,"What are you waiting for? Give it a go right now! We're so excited to get your feedback e???

#ai #writing #chatgpt #copywriting #email #business #company #google #chrome #creativity",184,0,1.34e+18,TextCortex,1.62e+18,Fri Feb 03 11:20:22 +0000 2023,2023/2/3 11:20,1,0,0,https://twitter.com/TextCortex/status/1621468634626363394,1,43700
44324,"Introducing https://t.co/rFHJZRyadj, a ChatGPT-based brain for your Chrome Browser. #chatgpt #chrome #ai #airevolution #startup 

https://t.co/1UHjApjPOh",155,0,1.48e+18,HarpaAI,1.62e+18,Fri Feb 03 12:59:59 +0000 2023,2023/2/3 12:59,1,0,0,https://twitter.com/HarpaAI/status/1621493702773428227,1,44325
45781,"Using Chat GPT can really speed up your content creation and so much more. a?????

What if you can just use other peoples amazing prompts for yourself and even store your own for rapid use?

e??? Find out how in my latest video: https://t.co/2RprDWhS29

#chatgpt #chrome #ai #seo",285,0,1.02e+18,JWestDigital,1.62e+18,Fri Feb 03 16:13:53 +0000 2023,2023/2/3 16:13,0,0,0,https://twitter.com/JWestDigital/status/1621542498903658496,0,45782
63570,"I must say, since switching from chrome to edge, it does feel like a premium browser compared to chrome. Loving it so much. 

#MicrosoftEdge #chrome #aiwar #ChatGPT @kirinyetbrian @EricMahasi @essumankwesi_",208,3,1.57e+18,rodney_ml,1.62e+18,Sat Feb 11 07:00:49 +0000 2023,2023/2/11 7:00,4,0,2,https://twitter.com/rodney_ml/status/1624302418878951424,6,63571
68488,"Here are five #ChatGPT based extensions that you can add to #Google Chrome for enhanced productivity:

@nigewillson @LindaGrass0 @GlenGilmore @JimHarris @DrJDrooghaag 

#extension #chatgpt #chrome #users #ai #share #youtube #prompts 

https://t.co/U3zJpljM62",264,5,140618811.0,richardkimphd,1.62e+18,Mon Feb 13 01:19:51 +0000 2023,2023/2/13 1:19,3,1,0,https://twitter.com/richardkimphd/status/1624941386209566722,4,68489
70252,"You deserve to be productive e??a e??? e??   
Download our 3 free Chrome extensions to help maximize your productivity a?? now with e?  ? ChatGPT! e??? Get more done today! e?  ? 
#chatgpt #productivity #chrome #freetools https://t.co/7J9Kuv4B1v",247,0,66477135.0,fleetmeiser,1.63e+18,Mon Feb 13 09:00:22 +0000 2023,2023/2/13 9:00,0,0,0,https://twitter.com/fleetmeiser/status/1625057282823258113,0,70253
73076,#jackspheredotcom #advertising #marketing #bard #google #googleai #rival #islamabad #agencyinislamabad #googlechrome #lifeatadvertising #chrome #google #searchengine #agencylife #agencyslave #advice #expertadvice #aiplatform #ai #browser #microsoft #bing #chatgpt #theverge https://t.co/uWmWeVNMUx,297,0,1.43e+18,jacksphere_com,1.63e+18,Mon Feb 13 16:08:29 +0000 2023,2023/2/13 16:08,1,0,0,https://twitter.com/jacksphere_com/status/1625165020798787589,1,73077
86918,"#AIPRM: l'extension de navigateur qui fournit des prompts en un clic pour #ChatGPT ! 

e???https://t.co/231be23bXv 

#chrome #ai https://t.co/xWd6hOyyBc",156,0,726879764.0,__guiguir68,1.63e+18,Thu Feb 23 11:05:01 +0000 2023,2023/2/23 11:05,1,0,0,https://twitter.com/__guiguir68/status/1628712528761978881,1,86919
92850,????o???????????o????????????????????????o?o?chatGPT????  ???o???#ChatGPT #chrome #AI,85,0,255092597.0,jasonliu_uk,1.63e+18,Mon Feb 27 07:54:08 +0000 2023,2023/2/27 7:54,2,1,2,https://twitter.com/jasonliu_uk/status/1630114041959153665,5,92851
