,full_text,text_length,at_num,user_id_str,screen_name,id_str,created_at,publish_time,favorite_count,retweet_count,reply_count,tweet_url,total_heat,tt
11289,"""As #AI continues to advance, the question we should be asking is not how to make machines human-like, but how to ensure a symbiotic relationship between humans and machines for a better future. #FutureAI #HumanAI"" #ChatGPT https://t.co/w6ZmZ08wCb",247,0,1.52e+18,ai_chat_gpt,1.61e+18,Fri Jan 13 08:30:35 +0000 2023,2023/1/13 8:30,0,0,0,https://twitter.com/ai_chat_gpt/status/1613815762279600129,0,11290
35490,"Unpopular Opinion: If what you are teaching students can be easily replicated by a chat bot, you're probably not teaching the skills they will need to succeed in the 21st century.
#OpenAI #ChatGPT #education #studentsuccess #teaching #FutureAI #futureofwork",258,0,1.27e+18,Zovanget,1.62e+18,Wed Feb 01 07:29:26 +0000 2023,2023/2/1 7:29,0,0,0,https://twitter.com/Zovanget/status/1620685740400349186,0,35491
37716,".@NPR  This is the future. The future is now.
https://t.co/YZFFOhLZQU

#ChatGPT #AI #FutureAI #Futures",105,1,2264061570.0,lauc8923,1.62e+18,Wed Feb 01 14:29:57 +0000 2023,2023/2/1 14:29,0,0,0,https://twitter.com/lauc8923/status/1620791570722340864,0,37717
37980,Whata??s in store for February? Wea??re going to find out what happens when #ET meets #AI e??? e?  ? #Aliens #ChatGPT #podcasting #songwriting #FutureAI #unexpected,164,0,1.48e+18,songisbornpod,1.62e+18,Wed Feb 01 15:06:19 +0000 2023,2023/2/1 15:06,2,0,0,https://twitter.com/songisbornpod/status/1620800719803781122,2,37981
41899,"C  ?    ?    ? GPT     ?  a  ?  ?   ?    ?  ?    ?   ?    ?    ?  ?  a    ?    ?   ?  as    ?    ?  ?  ?.

#ChatGPT #Information #FutureAI #AI #AIart #AI??  ?????1??? #Airdrop",177,0,1.32e+18,DarklianEmpire,1.62e+18,Fri Feb 03 05:43:00 +0000 2023,2023/2/3 5:43,0,0,0,https://twitter.com/DarklianEmpire/status/1621383733797613568,0,41900
50930,"Pretty sure that ChatGPT will be naming my kid in the future.

#ChatGPT #technology #future #ArtificialIntelligence 
#FutureAI #techtwitter",142,0,1.57e+18,AnanyaMangalore,1.62e+18,Tue Feb 07 06:33:26 +0000 2023,2023/2/7 6:33,1,1,0,https://twitter.com/AnanyaMangalore/status/1622845976582193153,2,50931
61021,"Truth bomb right theree??  

e???e?   e???

#Metaverse #NFT #XR #VR #AR #AI #experts #speaker #ChatGPT #IoT #ml #DeepLearning #Web3 #ArtificialIntelligence #midjourny #dalle #openai #DataScience #FutureAI #meta #blockchain #Crypto https://t.co/hsWMRKqCGf",258,0,1.29e+18,KPoskonoff,1.62e+18,Thu Feb 09 20:30:00 +0000 2023,2023/2/9 20:30,31,8,3,https://twitter.com/KPoskonoff/status/1623781280470167552,42,61022
77111,"What is ChatGPT? Understanding the Revolutionary AI-Powered Chatbot https://t.co/mGS5F89jhK
#ChatGPT #AI #chatbot #FutureAI #technology #Revolutionary",151,0,1.62e+18,WriteWarehouse,1.63e+18,Wed Feb 15 09:20:04 +0000 2023,2023/2/15 9:20,6,4,0,https://twitter.com/WriteWarehouse/status/1625787014615269378,10,77112
95647,"If it moves and talks, you boys are screwed...e???e???e?  ?
#ArtificialIntelligence #generativeart #aigirls #aitools #FutureAI #ChatGPT #GIRLFRIEND #nvda #Bots #CryptoAI #GenerativeAI #Chatbots https://t.co/vPmEyVX9dj",218,0,4024138702.0,Foxy_Markets,1.63e+18,Mon Feb 27 16:33:36 +0000 2023,2023/2/27 16:33,6,1,3,https://twitter.com/Foxy_Markets/status/1630244770416062464,10,95648
