,full_text,text_length,at_num,user_id_str,screen_name,id_str,created_at,publish_time,favorite_count,retweet_count,reply_count,tweet_url,total_heat,tt
14687,"""Are you a Gauss rifle? Because you shoot straight to my heart, my love for you, forever to be an art"" 

#chatGPT #WastelandValentine #Fallout #Fallout76",155,0,1.02e+18,PlaysVitriol,1.61e+18,Sun Jan 15 20:07:00 +0000 2023,2023/1/15 20:07,13,2,0,https://twitter.com/PlaysVitriol/status/1614715796919402496,15,14688
15038,"""Like Taggerdy's Thunder, you strike my heart, my love for you, forever to be an art.""

#WastelandValentine #Fallout #Fallout76 #ChatGPT",138,0,1.02e+18,PlaysVitriol,1.62e+18,Tue Jan 17 01:02:56 +0000 2023,2023/1/17 1:02,6,1,0,https://twitter.com/PlaysVitriol/status/1615152656611254273,7,15039
22188,"""A star in the sky, you guide me through the dark, your love for me, forever to be a stark""

Hmm...they aren't all keepers mmmk.

#WastelandValentine #ChatGPT #Fallout #Fallout76",182,0,1.02e+18,PlaysVitriol,1.62e+18,Wed Jan 25 02:02:35 +0000 2023,2023/1/25 2:02,1,0,0,https://twitter.com/PlaysVitriol/status/1618066771990433792,1,22189
56012,"""A legendary weapon, you bring power to my life, with you by my side, I'll survive any strife""

#WastelandValentine #ChatGPT #Fallout #Fallout76 https://t.co/7fpQA4wVxo",170,0,1.02e+18,PlaysVitriol,1.62e+18,Tue Feb 07 15:06:14 +0000 2023,2023/2/7 15:06,10,0,0,https://twitter.com/PlaysVitriol/status/1622975027598565377,10,56013
62583,"""In this wasteland of grey, you are my ray of light, my one true delight""

#WastelandValentine #ChatGPT #Fallout #Fallout76 https://t.co/sjhdVK8DqB",149,0,1.02e+18,PlaysVitriol,1.62e+18,Sat Feb 11 02:57:51 +0000 2023,2023/2/11 2:57,10,1,0,https://twitter.com/PlaysVitriol/status/1624241275997237248,11,62584
68041,"""Like a Scorched Earth, you burn with passion, my love for you, forever to be in fashion.""

#WastelandValentine #ChatGPT #Fallout76 #Fallout https://t.co/U3p2yH4ma8",166,0,1.02e+18,PlaysVitriol,1.62e+18,Sat Feb 11 22:31:13 +0000 2023,2023/2/11 22:31,13,1,0,https://twitter.com/PlaysVitriol/status/1624536562259091457,14,68042
