,full_text,text_length,at_num,user_id_str,screen_name,id_str,created_at,publish_time,favorite_count,retweet_count,reply_count,tweet_url,total_heat,tt
7001,"ICYMI Friday: Report | ChatGPT creator @OpenAI valued at $29 billion in talks with investors | https://t.co/24qvpcu42g

#ChatGPT has already changed the world. We look at how it has, and what the future of #AI looks like too. 

#OpenAI  #chaptgpt3 https://t.co/E8SZfZMROa",275,1,1398258216.0,FathymIt,1.61e+18,Mon Jan 09 16:57:23 +0000 2023,2023/1/9 16:57,1,2,0,https://twitter.com/FathymIt/status/1612493749254516737,3,7002
8369,a?????Vorsicht! Drittanbieter verkaufen teure Abos f??r Chatbot ChatGPT auf iPhone-Apps. Nutzung von OpenAI Interface und Logo ohne Erlaubnis. Entwickler und Nutzer frustriert. #ChatGPT #AppStoreScam #OpenAI  #BewareofThirdPartyApps https://t.co/p457iK2vUO,256,0,1.57e+18,pramy1985,1.61e+18,Wed Jan 11 07:30:06 +0000 2023,2023/1/11 7:30,0,0,1,https://twitter.com/pramy1985/status/1613075763237888000,1,8370
10302,"#OpenAI  #ChatGPT  #coming #soon #pyresearch
What is ChatGPT and How You Can Use It https://t.co/cTGb39irks via @YouTube",121,1,8.95e+17,Noorkhokhar10,1.61e+18,Wed Jan 11 20:33:30 +0000 2023,2023/1/11 20:33,2,0,0,https://twitter.com/Noorkhokhar10/status/1613272915746881543,2,10303
10782,"CryptoNFT Project [ETHEREUM] 
Bitcoin [BTC] Opensea Link e???e???a??
https://t.co/zfZuKcPPk5 
#opensea #OpenSeaNFT #OpenAI  #ChatGPT https://t.co/7FGXsKo2ON",159,0,1.52e+18,CryptoNFTweb4,1.61e+18,Fri Jan 13 01:51:37 +0000 2023,2023/1/13 1:51,58,3,1,https://twitter.com/CryptoNFTweb4/status/1613715356647931910,62,10783
11556,"El fundador de OpenAI, Sam Altman, hizo el anuncio en una publicaci?3n en el canal oficial de OpenAI en Discord
https://t.co/1d6h0r4FiA
#OpenAI  #ChatGPT  #SamAltman",167,0,1.35e+18,Terradealti1,1.61e+18,Fri Jan 13 10:50:03 +0000 2023,2023/1/13 10:50,0,0,0,https://twitter.com/Terradealti1/status/1613850857702817792,0,11557
13487,"Introduction to #chatgpt

Chat gpt is the chat bot developed using #OpenAI  #ArtificialIntelligence 

#webdev #programming 
Continue e???",142,0,2567443994.0,treyvijay,1.61e+18,Sun Jan 15 05:29:26 +0000 2023,2023/1/15 5:29,2,2,2,https://twitter.com/treyvijay/status/1614494950422622210,6,13488
15792,Microsoft is widening access to ChatGPT from OpenAI via Azure OpenAI https://t.co/hwKx1d4cHY  #ChatGPT  #OpenAI  #Microsoft #technology  #tech  #technews #TechnologyNews  #ArtificialIntelligence  #AI  #Azure  #azurecloud #AzureOpenAI,233,0,1635038190.0,OnBRM,1.62e+18,Tue Jan 17 08:10:57 +0000 2023,2023/1/17 8:10,0,0,0,https://twitter.com/OnBRM/status/1615260372000178177,0,15793
17685,"@FuturumResearch principal analyst @ShellyKramer was tapped by @techmonitorai to provide insights into the possible integration of ChatGPT into @Microsofta??s Bing search engine in the near future. @OpenAI
https://t.co/hgeuH3soV1 

#ChatGPT #Microsoft #OpenAI  #AI @TheFuturumGroup https://t.co/UCaYgM7y5w",308,6,8.35e+17,fow_media,1.62e+18,Tue Jan 17 21:14:01 +0000 2023,2023/1/17 21:14,3,0,0,https://twitter.com/fow_media/status/1615457437103816705,3,17686
18517,"This book created by #chatGPT 

order now - https://t.co/hRyNZRuqRG

#nikhilpatel  #ChatGPT  #elonmusk  #OpenAI  #ai  e?  ? https://t.co/gY9igVS5aS",151,0,1.58e+18,NikhilP03299343,1.62e+18,Thu Jan 19 13:48:46 +0000 2023,2023/1/19 13:48,0,0,0,https://twitter.com/NikhilP03299343/status/1616070160829534214,0,18518
19827,"#OpenAI  #ChatGPT #chatgpt3 #chatgpt4 #OpenAIChatGPT  #AIContentLabs #ChatGPTGOD https://t.co/Yb24omiot9""",105,0,1.57e+18,AIContentLabs,1.62e+18,Thu Jan 19 23:38:03 +0000 2023,2023/1/19 23:38,0,0,1,https://twitter.com/AIContentLabs/status/1616218461390213120,1,19828
19837,We didn't stop there! Our advanced document editor feature allows for full control and customization of your article. #OpenAI  #ChatGPT #chatgpt3 #chatgpt4 #OpenAIChatGPT  #AIContentLabs #ChatGPTGOD https://t.co/t9ceIAAab0,222,0,1.57e+18,AIContentLabs,1.62e+18,Thu Jan 19 23:47:55 +0000 2023,2023/1/19 23:47,0,0,0,https://twitter.com/AIContentLabs/status/1616220945013678081,0,19838
20895,"e??  ChatGPT Create Polymorphic Malware a?????
#OpenAI  #ChatGPT   #polymorphic #cybersecurity #Malware https://t.co/UTh70KNPmf",128,0,1.55e+18,hj_sarvenaz,1.62e+18,Sat Jan 21 20:45:13 +0000 2023,2023/1/21 20:45,0,0,0,https://twitter.com/hj_sarvenaz/status/1616899740628647936,0,20896
22573,"Das Startup Open AI will die Welt retten, aber ohne zu sagen, wie. Im Silicon Valley ist man besorgt.
a?|@NZZa?? 

#AI #KI #ChatGPT #OpenAI  #Microsoft  https://t.co/tJ9kChz9YK",179,1,608045450.0,KlausW_Pohlmann,1.62e+18,Wed Jan 25 06:12:12 +0000 2023,2023/1/25 6:12,3,0,0,https://twitter.com/KlausW_Pohlmann/status/1618129589351419904,3,22574
25057,"Microsoft's integration of ChatGPT into its Bing search engine highlights the potential of advanced large language models in improving search capabilities and potentially revolutionizing the way we access information
#Search  #ChatGPT #OpenAI  #AI 
https://t.co/hBi936i2tA",274,0,265814274.0,siddarthpaim,1.62e+18,Wed Jan 25 22:53:01 +0000 2023,2023/1/25 22:53,3,2,0,https://twitter.com/siddarthpaim/status/1618381454505041920,5,25058
25741,"According to users who have early access to the paid version of the service, ChatGPT Professional provides users with faster responses, more reliable access, and early access to new features.

#ChatGPT  #OpenAI  #subscription #OpenAIChatGPT 

https://t.co/FHwrWIMCfE https://t.co/OmFHB5Fh5G",294,0,402000136.0,gizbot,1.62e+18,Fri Jan 27 06:07:47 +0000 2023,2023/1/27 6:07,0,0,0,https://twitter.com/gizbot/status/1618853255571972097,0,25742
25747,"El lado del mal - ChatGPT, OpenAI y los cr??ditos de Azure que pueden colocar a Microsoft como l?-der mundial en Inteligencia Artificial https://t.co/qwm7pu9ozd #azure #cloud #chatgpt #microsoft #AI #IA #InteligenciaArtificial #OpenAI  #CloudComputing https://t.co/obsDWj0POC",275,0,109488608.0,chemaalonso,1.62e+18,Fri Jan 27 06:10:49 +0000 2023,2023/1/27 6:10,167,127,1,https://twitter.com/chemaalonso/status/1618854020143271937,295,25748
25820,"Mom isn't always right, folks #ChatGPT #OpenAI  #OpenAIChatGPT https://t.co/L8dc2FBCD5",86,0,1.49e+18,TheSaaSMantra,1.62e+18,Fri Jan 27 06:48:45 +0000 2023,2023/1/27 6:48,1,1,0,https://twitter.com/TheSaaSMantra/status/1618863562839191552,2,25821
28730,"Constellation Generator???
???????o  ????????  ???
Colorless green ideas dream #122

The star system of the metaverse is automatically generated by artificial intelligence.
?????3?????????????3???  ?oo?    ??    ??????????  ??|  ?a??????????????????

#ChatGPT #OpenAI  #ElonMusk",285,0,1.26e+18,midori_the_poet,1.62e+18,Sun Jan 29 05:43:50 +0000 2023,2023/1/29 5:43,32,13,2,https://twitter.com/midori_the_poet/status/1619572004042199045,47,28731
31497,OpenAI leading the AI revolution &amp; making billions with #ChatGPT . Strategic partnerships &amp; licensing agreements with top tech companies &amp; research institutions driving success. Language models shaping future of AI. #OpenAI  #innovation #Trending,258,0,1.61e+18,oki_seiichi,1.62e+18,Tue Jan 31 08:52:03 +0000 2023,2023/1/31 8:52,2,0,0,https://twitter.com/oki_seiichi/status/1620344146971217921,2,31498
32795,"Con lo inevitable, colabora...

#OpenAI  #ChatGPT #nature #valorcomplutense #ucm

https://t.co/nhbYJRHWKA",109,0,399288790.0,javardiaz,1.62e+18,Tue Jan 31 16:35:01 +0000 2023,2023/1/31 16:35,5,1,0,https://twitter.com/javardiaz/status/1620460654430924801,6,32796
33040,"It's is a revolutionary technology because ita??s trained to learn what humans mean when they ask a question. 
Have you all used ChatGPT?
@tieachieve @Shubham73653277 @Rishi__Tweets @YashDugad1 
#ChatGPT  #OpenAI  #ArtificialIntelligence  #chatbots  #aitools  #futuretech https://t.co/4RWqoR9PEZ",298,4,1.62e+18,tieachieve,1.62e+18,Tue Jan 31 17:51:43 +0000 2023,2023/1/31 17:51,2,1,0,https://twitter.com/tieachieve/status/1620479958358585345,3,33041
33121,"https://t.co/4vyY11cfoI

#OpenAI  #ChatGPT #WolframAlpha #DeepLearning",72,0,402116505.0,LoAjek,1.62e+18,Tue Jan 31 18:21:54 +0000 2023,2023/1/31 18:21,0,0,0,https://twitter.com/LoAjek/status/1620487552619925504,0,33122
33712,"OpenAI introduces a new classifier to differentiate between AI-written and human-written text.  

Read more: https://t.co/evXYBMyggm

#OpenAI  #chatGPT https://t.co/PokFfX42rc",179,0,1.49e+18,aiframewerks,1.62e+18,Tue Jan 31 22:27:12 +0000 2023,2023/1/31 22:27,0,0,0,https://twitter.com/aiframewerks/status/1620549284797218818,0,33713
35496,"Just got #ChatGPT to write a promo / advert for my #podcast a??A Wee Nattera??. Turn out ita??s not done a bad job. Team it up with AI speech and I dona??t even have to bother recording it! 

#OpenAI  #OpenAIChatGPT https://t.co/goc7hLZHxw",241,0,81327685.0,steelegbr,1.62e+18,Wed Feb 01 07:30:36 +0000 2023,2023/2/1 7:30,2,0,0,https://twitter.com/steelegbr/status/1620686036455292928,2,35497
36842,"Jobs are safe guys! e???
#OpenAI  #ChatGpt https://t.co/W9H66k7Kbi",67,0,1.29e+18,PritamS85605257,1.62e+18,Wed Feb 01 12:09:30 +0000 2023,2023/2/1 12:09,3,0,0,https://twitter.com/PritamS85605257/status/1620756222462013440,3,36843
37076,"Google is freaking out about ChatGPT ...
So may be they will buy 
https://t.co/WHjEg9615w domain for google next AI projecte???
#ChatGPT  #OpenAI  #domainname  @Google #googleAI @GoogleAI 
https://t.co/obIkltWEZZ",216,2,9.36e+17,domain4flip,1.62e+18,Wed Feb 01 12:55:51 +0000 2023,2023/2/1 12:55,0,0,0,https://twitter.com/domain4flip/status/1620767886439747584,0,37077
38435,Vou pedir ao chatGPT para responder a este teste e daqui pouco j?? digo alguma coisa... #OpenAI  #ChatGPT #IA #tecnologia,121,0,7.05e+17,AlvegaLourenco,1.62e+18,Wed Feb 01 16:11:32 +0000 2023,2023/2/1 16:11,0,0,1,https://twitter.com/AlvegaLourenco/status/1620817134174748672,1,38436
38535,profissional se necess??rio... #OpenAI  #ChatGPT #IA #tecnologia,64,0,7.05e+17,AlvegaLourenco,1.62e+18,Wed Feb 01 16:26:59 +0000 2023,2023/2/1 16:26,0,0,0,https://twitter.com/AlvegaLourenco/status/1620821023053746176,0,38536
41188,"ChatGPT bateu 100 milh?  es usu??rios mensais ativos no m?as passado, apenas 2 meses ap?3s o lan?  amento, ganhando o posto de a??aplicativo de consumo com crescimento mais r??pido da hist?3riaa??. 

V?-deo mat??ria:
https://t.co/kR2alG5MG6
Fonte:
https://t.co/dALPo8uIPM
.
#ChatGPT #OpenAI  #IA",302,0,49021405.0,vicentereisinfo,1.62e+18,Fri Feb 03 02:32:39 +0000 2023,2023/2/3 2:32,0,0,0,https://twitter.com/vicentereisinfo/status/1621335830764584961,0,41189
42749,"Tarihin en h?  zl?   b??y??yen t??ketici uygulamas?   olan #ChatGPT, 2 ayda 100 milyon aktif kullan?  c?  ya ula??t?  . #OpenAI  #YapayZeka  #ai",144,0,1.46e+18,hkoctrader,1.62e+18,Fri Feb 03 08:39:41 +0000 2023,2023/2/3 8:39,10,1,1,https://twitter.com/hkoctrader/status/1621428196313808897,12,42750
44013,"I just published Integrating ChatGPT with Mac: A Guide to Directly Use ChatGPT  Anywhere on Your Mac 
https://t.co/Lr8W5llczN 

#ChatGPT #Mac #Apple #OpenAIChatGPT #OpenAI  #medium #mediumwriters #automation #Productivity",224,0,1.61e+18,Tech1nsider,1.62e+18,Fri Feb 03 12:11:50 +0000 2023,2023/2/3 12:11,0,0,0,https://twitter.com/Tech1nsider/status/1621481584888094723,0,44014
48331,"Watch out how ChatGPT helps to find good beauty makeup products.
https://t.co/X4IQgqLdhz

#AI  #ChatGPT  #subscribe  #OpenAI  #beauty  #beautytips  #beautyproducts #ChatGPTsays https://t.co/UIdMaLMyMJ",203,0,1.62e+18,chatGPTsay,1.62e+18,Sun Feb 05 22:32:44 +0000 2023,2023/2/5 22:32,0,0,0,https://twitter.com/chatGPTsay/status/1622362617552535552,0,48332
48467,"ChatGPT has amazIng feedback for hair care products.
https://t.co/icl2lewzAa

#AI  #ChatGPT  #OpenAI  #ChatGPTsays #beauty  #HairCare  #haircaretips  @Redken5thAve    @aveda    @Pantene https://t.co/ffqB2g6LkM",212,3,1.62e+18,chatGPTsay,1.62e+18,Sun Feb 05 23:05:45 +0000 2023,2023/2/5 23:05,0,0,0,https://twitter.com/chatGPTsay/status/1622370923738267649,0,48468
49450,Top Technology #Twordly (last 12 hours): #ChatGPT #Google #Microsoft #ElonMusk #Twitter #Amazon #Samsung #DellTechnology #SamsungGalaxy #TheLastOfUs #Netflix #TikTok #OpenAI  #Sony #FTXExchange https://t.co/zAhaQKngQm,217,0,1.61e+18,TwordlyTech,1.62e+18,Tue Feb 07 02:46:55 +0000 2023,2023/2/7 2:46,0,0,0,https://twitter.com/TwordlyTech/status/1622788973365010435,0,49451
52196,"Google     ?    ? 8     ?    悒? 台   悒? ?     ?    ?     1    ?     ?    ?    ?     ?    台   ?    ?    ?, AI     a          1    ?    ?    ?     ?    ?    ?    ?, ChatGPT     ?    ?    琛?   ?    a    ?   琛?   ?     ?    ?     1    ?     瑷? ?   琛?   ?    悒? ?!

#ChatGPT #google #bard #artificialintelligence 
#SundarPichai #OpenAI  #AI  #technologynews #news #update https://t.co/2enZTyyrNq",392,0,1.19e+18,topchandnews,1.62e+18,Tue Feb 07 08:54:37 +0000 2023,2023/2/7 8:54,0,0,0,https://twitter.com/topchandnews/status/1622881507810631681,0,52197
60430,Microsoft announces integration of #ChatGPT into Bing search engine and Edge browser! The future of AI-powered search is here e???e??? #Microsoft #OpenAI  #AI https://t.co/BUm7fm6UeT,182,0,1.58e+18,_thejosebarros,1.62e+18,Tue Feb 07 23:48:41 +0000 2023,2023/2/7 23:48,8,3,0,https://twitter.com/_thejosebarros/status/1623106505984679936,11,60431
66076,What is ChatGPT &amp; Who is Behind it? https://t.co/uBCX5YJ4Bk via @YouTube #ChatGPT #MachineLearning #OpenBO #OpenAI  #AI,123,1,121158667.0,Basraoil,1.62e+18,Sat Feb 11 15:18:45 +0000 2023,2023/2/11 15:18,0,0,1,https://twitter.com/Basraoil/status/1624427730241523713,1,66077
66084,What is ChatGPT &amp; Who is Behind it? https://t.co/95tN6NO7mv via @YouTube #ChatGPT #MachineLearning #OpenBO #OpenAI  #AI,123,1,110701909.0,sjibara,1.62e+18,Sat Feb 11 15:19:42 +0000 2023,2023/2/11 15:19,0,0,1,https://twitter.com/sjibara/status/1624427967773278212,1,66085
83188,"How should #AI systems behave, and who should decide? #OpenAI  #ChatGPT #LLM 
https://t.co/Omeuq10KGQ",102,0,14465063.0,ePotentia,1.63e+18,Tue Feb 21 18:38:03 +0000 2023,2023/2/21 18:38,0,0,0,https://twitter.com/ePotentia/status/1628101760806944778,0,83189
83706,"See what ChatGPTsays about California and its best places to visit.
https://t.co/nJW5s7y2vh

#AI  #ChatGPT  #chatgptsays #OpenAI  #USA  #USANewsToday  #California  #californiaadventures #SanFrancisco  #LosAngeles  #SanDiego  #laketahoe  #SantaBarbara  @CAgovernor https://t.co/BPuGp532OW",290,1,1.62e+18,chatGPTsay,1.63e+18,Tue Feb 21 20:16:44 +0000 2023,2023/2/21 20:16,0,0,0,https://twitter.com/chatGPTsay/status/1628126595402829824,0,83707
83820,"See how ChatGPT suggests integration of youtube with reddit.
https://t.co/Q8UsobewoY

#AI  #ChatGPT  #subscribe  #OpenAI  #chatgptsays #YouTube  #reddit  #API  #integration https://t.co/iwJu3YWW50",199,0,1.62e+18,chatGPTsay,1.63e+18,Tue Feb 21 20:47:58 +0000 2023,2023/2/21 20:47,0,0,0,https://twitter.com/chatGPTsay/status/1628134457759920128,0,83821
83983,"See what ChatGPTsays about Doctors and their best field to practice.
https://t.co/pXg6HL9Vfm

#AI  #ChatGPT  #OpenAI  #chatgptsays #Doctors  #doctorstv #Medical  #medicalstudent  #professionals https://t.co/Vs7sTWUgsc",220,0,1.62e+18,chatGPTsay,1.63e+18,Tue Feb 21 21:26:24 +0000 2023,2023/2/21 21:26,0,0,0,https://twitter.com/chatGPTsay/status/1628144130084970497,0,83984
86741,"ChatGPT???Bard?-??????????????????1?????  ?????  ????  ?????  ?  ?????????  ??  ????????  ??????????????????|??????  3??  ?    ?????  ??????????
?????  ??  ?????a????????  ??  ?????|  ?  ?????  ??????
#ChatGPT #OpenAI  #AI

https://t.co/6qofMTAOSK
a????a??1??1???",268,0,1.32e+18,sousitu8,1.63e+18,Thu Feb 23 10:32:46 +0000 2023,2023/2/23 10:32,3,0,0,https://twitter.com/sousitu8/status/1628704413299916800,3,86742
87598,#ChatGPT  #bard #google #OpenAI  #ArtificialIntelligence  What are you most likely to use ? https://t.co/ogjAFy1guO,115,0,1.16e+18,dhruvresearch,1.63e+18,Thu Feb 23 12:55:45 +0000 2023,2023/2/23 12:55,4,2,0,https://twitter.com/dhruvresearch/status/1628740397144100867,6,87599
89079,"https://t.co/ttTVWlycjt Your Personal AI Medical Assistant in Over 100 Languages!
Get instant medical advice, answers to your health queries and much more, anytime, anywhere! #ChatGPT #OpenAI  #OpenAIChatGPT #drchatgpt",219,0,1.62e+18,Speak2AI,1.63e+18,Thu Feb 23 16:38:27 +0000 2023,2023/2/23 16:38,0,0,0,https://twitter.com/Speak2AI/status/1628796440460812289,0,89080
90230,"ChatGPT`ye sordum ""Neden T??rkiye`de olan depremlerde can kayb?   ?  ok oluyor?""  
@OpenAI 
#ChatGPT #deprem #OpenAI  #ArtificialIntelligence #deprem #earthquake https://t.co/cmwn8sPktO",187,1,10976272.0,ferittuncer,1.63e+18,Thu Feb 23 20:12:30 +0000 2023,2023/2/23 20:12,3,1,0,https://twitter.com/ferittuncer/status/1628850308536233990,4,90231
90363,#AI #OpenAI  #ChatGPT #OpenAIChatGPT #AIPoetry #poetry #poetrylovers #poetrytwitter  #ROKOSBASILISK https://t.co/gEqjDggALM,123,0,2440668112.0,yomimbi,1.63e+18,Thu Feb 23 20:46:30 +0000 2023,2023/2/23 20:46,1,0,1,https://twitter.com/yomimbi/status/1628858865633599507,2,90364
90703,"Watch How ChatGPT helps you in making good smashed beef burgers.
https://t.co/vjX3iMlqiv

#AI  #ChatGPT  #subscribe  #OpenAI  #chatgptsays #foodlover  #Foodies  #burgers  #smashedburger #beefburgers #potatobun @potatorolls https://t.co/YzXk7y7vSx",249,1,1.62e+18,chatGPTsay,1.63e+18,Thu Feb 23 22:13:41 +0000 2023,2023/2/23 22:13,1,0,0,https://twitter.com/chatGPTsay/status/1628880803349540864,1,90704
91669,"Drake by ChatGPT!
https://t.co/FFtYWZRl7y
a?? @Drake   #Drake  #draketypebeat #Drakengard #DRAKERELATED  #drakebeat #AI  #ChatGPT  #OpenAI  #chatgptsays https://t.co/bMyhH86VwP",178,1,1.62e+18,chatGPTsay,1.63e+18,Mon Feb 27 01:08:53 +0000 2023,2023/2/27 1:08,0,0,0,https://twitter.com/chatGPTsay/status/1630012059935973377,0,91670
91678,#ChatGPT #NFT #AI #artificialintelligence #OpenAI  #Google #Chatgpt3 #AIToken #Ukraine #Putin #Russia #Tech #gamer TruthGPT Cocaine Bear Zendaya Purdue Clippers Wuhan Iowa Fran Potter hailey INEC NATO #Covid Cartel #Chelsea Fauci Witchcraft Social Security Paul Ryan Woody Fauci,278,0,1.37e+18,kl84181958,1.63e+18,Mon Feb 27 01:11:15 +0000 2023,2023/2/27 1:11,2,0,0,https://twitter.com/kl84181958/status/1630012655242211328,2,91679
91754,"ChatGpT  ??   ??  ? 悒? ?  ? 台 ??  ??    ?  ??  ??  ?    ? 台 ? 悒? ?   ??  ?      ?  ? 瑷??  ?    ? 悒??..? 
ChatGpT  ??   ?a  ?      ?  ?    ??   ??  ? 台 ? 悒? ?   ??    ?  ??    ?  ??   ??  ? 瑷??  ? 悒? ?  ??    ?  ??  ??   ? 瑷??  ? 台 ?2    ?..
#ChatGPT  #OpenAI  #Technology  

https://t.co/aSIuGSu9AH",302,0,7.39e+17,News18TamilNadu,1.63e+18,Mon Feb 27 01:46:18 +0000 2023,2023/2/27 1:46,3,1,0,https://twitter.com/News18TamilNadu/status/1630021472378060800,4,91755
92066,#ChatGPT #NFT #AI #artificialintelligence #OpenAI  #Google #Chatgpt3 #AIToken #Ukraine #Putin #Russia #Tech #gamer TruthGPT Cocaine Bear Zendaya Purdue Clippers Wuhan Iowa Fran Potter hailey INEC NATO #Covid Cartel #Chelsea Fauci  Witchcraft Social Security Paul Ryan Woody Fauci,279,0,1.37e+18,kl84181958,1.63e+18,Mon Feb 27 03:31:22 +0000 2023,2023/2/27 3:31,2,0,0,https://twitter.com/kl84181958/status/1630047915212410884,2,92067
93064,Chronique de @andreabensaid : Google #Bard??: le moteur de recherche r??pond ?? #ChatGPT??https://t.co/ehMCsuOzmH via @journaldunet   #Bard #Microsoft #OpenAI  #Google  #AI #disruption,184,2,14696624.0,EROL_MVP,1.63e+18,Mon Feb 27 08:48:44 +0000 2023,2023/2/27 8:48,1,0,0,https://twitter.com/EROL_MVP/status/1630127781487996928,1,93065
93740,"Check it out peeps, do you ever get the feeling you're chattin' with a robot instead of a real live human? I mean, the technology's so good these days, who even knows anymore? Maybe I'm just paranoid, or maybe I'm on to something... #OpenAI  #ChatGPT  #AIOrDie #HumanOrMachine. https://t.co/333ylIjX5L",301,0,1.58e+18,Listochoice,1.63e+18,Mon Feb 27 11:13:39 +0000 2023,2023/2/27 11:13,31,10,0,https://twitter.com/Listochoice/status/1630164252207071232,41,93741
93850,"???  ?  ?????|?   ?oo??  ????????a???????  ??  3a?  
#AIart   #????  ??  3???#AI?  ????  #Chilloutmix  #stablediffusion  #AIart  #aiphotography  #OpenAI  #ChatGPT https://t.co/BdRH4mQcBL",187,0,1.63e+18,TikTok66164835,1.63e+18,Mon Feb 27 11:35:00 +0000 2023,2023/2/27 11:35,0,1,0,https://twitter.com/TikTok66164835/status/1630169624762535938,1,93851
94715,"Mac????????????  ???????  ????????????
CleanMyMac X ??  ???  ?  ?????|?????|a?????

  ?a?????  ??  ?  ??????o?????a???
???  ?  ?????  ????????????????  ???o?????|
???  ?  ??  ?????????e???a?  

e???  ?3?   ??  ?????????
https://t.co/ky9Wgd3YCL

#CleanMyMac #Figma #AftreEffects #???????      ?? #????????  ?????? #photoshop #canva #?????-??  ??????  ?? #OpenAI  #ChatGPT #MacBookPro https://t.co/cXFKghB4S0",416,0,1.09e+18,heysenseiii,1.63e+18,Mon Feb 27 14:24:31 +0000 2023,2023/2/27 14:24,6,3,0,https://twitter.com/heysenseiii/status/1630212286140026881,9,94716
95926,#ULTIMAHORA se cae #ChatGPT. Usuarios han reportado que no funcional el chat de open ai y que solo aparece una pantalla blanca. Algunos aseguran que lo han hackeado. #OpenAI  #ElonMuskNews https://t.co/Uj424S57HN,212,0,1.19e+18,brita_ia,1.63e+18,Mon Feb 27 17:18:44 +0000 2023,2023/2/27 17:18,0,0,2,https://twitter.com/brita_ia/status/1630256129631551490,2,95927
