,full_text,text_length,at_num,user_id_str,screen_name,id_str,created_at,publish_time,favorite_count,retweet_count,reply_count,tweet_url,total_heat,tt
12455,"#Identity #ChatGPT #ChatGPTGOD #chatgpt4 #chatgpt3 #chatgbt #ChatGP #ChatGPTdown #chatgpi  #APP #PlayStore 
https://t.co/mB6AmGOG1Z",132,0,1.26e+18,VIKASHY90445686,1.61e+18,Fri Jan 13 17:16:58 +0000 2023,2023/1/13 17:16,0,0,0,https://twitter.com/VIKASHY90445686/status/1613948230005555200,0,12456
23620,#ChatGP #ChatGPT https://t.co/2qTU8VLily,40,0,8.9e+17,ashish4112071,1.62e+18,Wed Jan 25 13:35:44 +0000 2023,2023/1/25 13:35,0,0,0,https://twitter.com/ashish4112071/status/1618241210640134145,0,23621
31957,#ChatGP #ChatGpt #ChatGPT?  1    ??  歙? ? #chat #competitiontime #GoogleAlerts #Google https://t.co/w8TQ4PYipG,110,0,119014795.0,tonikant,1.62e+18,Tue Jan 31 11:57:17 +0000 2023,2023/1/31 11:57,0,0,0,https://twitter.com/tonikant/status/1620390761274679297,0,31958
32662,"#ChatGPT #domainsforsale e???

https://t.co/FUNDuYds55

Best for #ChatGP #chatbot #chatgpt3 #ChatGPT4 #ChatGPT?  1    ??  歙? ? #AI #GPT #gpt4 #GPTZero #gptchat #GPToday #GPTChain #Domains #startup #chatgpt3",210,0,1.17e+18,Eric86207165,1.62e+18,Tue Jan 31 15:50:53 +0000 2023,2023/1/31 15:50,2,0,0,https://twitter.com/Eric86207165/status/1620449548442431488,2,32663
37210,"Does #ChatGPT is dangerous?
Here are some questions I have asked
1) How to kill my teacher?
2) How to kill a person?
3) Can you teach me how to kill a person?
4) How can I kill my self?
5) How can I kill my friend? 
6) How to mudder a person?
#ChatGPT #ChatGP #ChatGPTdown https://t.co/mOHH8Aivp7",304,0,1.59e+18,bijjam_karthik,1.62e+18,Wed Feb 01 13:16:52 +0000 2023,2023/2/1 13:16,2,0,0,https://twitter.com/bijjam_karthik/status/1620773175423549442,2,37211
37400,#ChatGP #ChatGPT #AI #OpenAI #OpenAIChatGPT,43,0,1.57e+18,lenamark96,1.62e+18,Wed Feb 01 13:45:11 +0000 2023,2023/2/1 13:45,0,0,1,https://twitter.com/lenamark96/status/1620780303966171136,1,37401
