,full_text,text_length,at_num,user_id_str,screen_name,id_str,created_at,publish_time,favorite_count,retweet_count,reply_count,tweet_url,total_heat,tt
45341,#ChatGPT #3Dprinting #homework,30,0,438101286.0,infonyourmark,1.62e+18,Fri Feb 03 15:15:51 +0000 2023,2023/2/3 15:15,0,0,0,https://twitter.com/infonyourmark/status/1621527893942874112,0,45342
46512,#ChatGPT #ArtificialIntelligence #AI #robot #robots #robotics #innovation #automation #sustainability #SustainableDevelopment #futurism #autonomous #3Dprinting #3dart #3dmodeling #3dprint #3Dprinted  #patents #smartcity #Robotic #industry #ChatGPTGOD #startups #startup #business https://t.co/WyRXh6Hxof,303,0,58422778.0,razhakar,1.62e+18,Fri Feb 03 18:11:06 +0000 2023,2023/2/3 18:11,4,1,0,https://twitter.com/razhakar/status/1621572000547487744,5,46513
55838,"Big #ideas 2023. Thoughts?
#ArtificialIntelligence #Digital #wallets #blockchain #Bitcoin #NFT #PrecisionMedicine #healthcare #Health #digitalhealth #AutonomousVehicles #automation #ChatGPT #5G #IoT #Robotics #3Dprinting #technology #innovation #Genetics #openai #AGI #healthTech https://t.co/o5cIC6UR6J",304,0,1.03e+18,sonu_monika,1.62e+18,Tue Feb 07 14:51:25 +0000 2023,2023/2/7 14:51,54,43,37,https://twitter.com/sonu_monika/status/1622971296975052805,134,55839
56446,"RT @sonu_monika: Big #ideas 2023. Thoughts?
#ArtificialIntelligence #Digital #wallets #blockchain #Bitcoin #NFT #PrecisionMedicine #healthcare #Health #digitalhealth #AutonomousVehicles #automation #ChatGPT #5G #IoT #Robotics #3Dprinting #technology #inna?| https://t.co/iTBfuKAZgD",282,1,9.81e+17,AlanMuttonUK,1.62e+18,Tue Feb 07 15:53:11 +0000 2023,2023/2/7 15:53,11,5,1,https://twitter.com/AlanMuttonUK/status/1622986840889237506,17,56447
62905,Voila! e???e?  ?e??? Your Homework is done- powered by tech. See the combined power of #ChatGPT &amp; #3Dprinting https://t.co/FCoPjzOMpl #ChatGPT #3Dprinting #AI #OpenAI #innovation #NLP #ArtificialIntelligence #MachineLearning #Tech #FutureTech #ML #programming #IoT https://t.co/FhXfulRkX3,292,0,1.46e+18,Loopinfility,1.62e+18,Sat Feb 11 04:18:20 +0000 2023,2023/2/11 4:18,1,1,0,https://twitter.com/Loopinfility/status/1624261530572451840,2,62906
66893,Asking #ChatGPT a few questions about learnbylayers... pretty impressed with the outcome. https://t.co/hCw04Usqkc #3Dprinting #education https://t.co/XWf80J3oLN,160,0,1611000422.0,learnbylayers3D,1.62e+18,Sat Feb 11 17:51:21 +0000 2023,2023/2/11 17:51,4,2,1,https://twitter.com/learnbylayers3D/status/1624466133012164611,7,66894
85288,"#ArtificialIntelligence and other tech was earlier a luxury afforded by industrialists and big corporations. Projects like #ChatGPT and even #RepRap are turning the tables and the atmosphere has never been more conducive for innovation.
#3Dprinting #AI",253,0,1.42e+18,ikgiddu,1.63e+18,Thu Feb 23 05:50:00 +0000 2023,2023/2/23 5:50,0,1,0,https://twitter.com/ikgiddu/status/1628633250875977728,1,85289
85583,Looking to save time on homework? Why not try using AI and a 3D printer like this genius student did! Is it cheating or just clever use of technology? You decide! #ChatGPT #AItechnology #3Dprinting #geniusstudent #TheMetaPaddock #NonObviousDisabilities  https://t.co/6TCcFsFPLw https://t.co/xP5JoEcBv7,301,0,1.55e+18,TheMetaPaddock,1.63e+18,Thu Feb 23 06:54:40 +0000 2023,2023/2/23 6:54,2,0,0,https://twitter.com/TheMetaPaddock/status/1628649524108353536,2,85584
