,full_text,text_length,at_num,user_id_str,screen_name,id_str,created_at,publish_time,favorite_count,retweet_count,reply_count,tweet_url,total_heat,tt
37281,"Now You Can Check Whether An Article Is Written By ChatGPT

#ChatGPT #Android #news #smartphones #like4like #likeforlike #follow4follow #techblog #technews #futuretechnology #socialmedia #innovation #apple #iPhone #5G #iOS #world #gadgets #engineering

https://t.co/5j63UsDBkA https://t.co/wKZHm5xEIZ",304,0,7.35e+17,TechnobuggTweet,1.62e+18,Wed Feb 01 13:26:57 +0000 2023,2023/2/1 13:26,0,0,0,https://twitter.com/TechnobuggTweet/status/1620775716349513733,0,37282
38358,"Now You Can Check Whether An Article Is Written By ChatGPT
https://t.co/OBQOOsS8fK

#ChatGPT #Android #news #smartphones #like4like #likeforlike #follow4follow #techblog #technews",182,0,91537313.0,akhiljoseph,1.62e+18,Wed Feb 01 16:00:06 +0000 2023,2023/2/1 16:00,0,0,0,https://twitter.com/akhiljoseph/status/1620814253820383232,0,38359
43657,"Google To Challenge ChatGPT

#ChatGPT #Google #Android #news #smartphones #like4like #likeforlike #follow4follow #techblog #technews #futuretechnology #socialmedia #innovation #apple #iPhone #5G #iOS #world #gadgets #engineering

https://t.co/FZk78kvwq8 https://t.co/advYwMzO02",281,0,7.35e+17,TechnobuggTweet,1.62e+18,Fri Feb 03 11:13:51 +0000 2023,2023/2/3 11:13,0,0,0,https://twitter.com/TechnobuggTweet/status/1621466992480862209,0,43658
43983,"Google To Challenge ChatGPT

https://t.co/JiIfntbNgs 

#ChatGPT #Google #Android #news #smartphones #like4like #likeforlike #follow4follow #techblog #technews #futuretechnology",180,0,91537313.0,akhiljoseph,1.62e+18,Fri Feb 03 12:06:53 +0000 2023,2023/2/3 12:06,0,0,0,https://twitter.com/akhiljoseph/status/1621480341205573637,0,43984
50320,"e???e???e??? e???e??? e??  e???e??2 e??  e???e??2e???e???e???a??e??? e???e???-e??  e???e???e??2e???e??2e??   e???e??  e???e???e???e??  e??   e???e??? e???e??  e??  e???e???e??2 e???e???e??   e???e???e??  e???e???e???e??  ?
https://t.co/qSiw0BKJBW
#OpenAI #ChatGPT #Android #iPhone #AIChatbot #AI #AINews #AnalyticsInsight #AnalyticsInsightMagazine https://t.co/6TnqGqNfoT",373,0,7.13e+17,analyticsinme,1.62e+18,Tue Feb 07 05:16:47 +0000 2023,2023/2/7 5:16,0,0,0,https://twitter.com/analyticsinme/status/1622826687791771648,0,50321
51701,"Say Hello To Google Bard - Conversational AI Technology to Rival ChatGPT
https://t.co/muasQ9NLN1

#ChatGPT #Google #GoogleBard #Android #news #smartphones #like4like #likeforlike #follow4follow #techblog #technews #futuretechnology #socialmedia",247,0,91537313.0,akhiljoseph,1.62e+18,Tue Feb 07 07:58:12 +0000 2023,2023/2/7 7:58,1,0,0,https://twitter.com/akhiljoseph/status/1622867307222507520,1,51702
52967,"Google introduces ChatGPT competitor Bard.

Read more at:
https://t.co/BJ1oFfeVYq

#Bard #Google #ChatGPT #Android #iOS",124,0,2231824970.0,narutokyuubi22,1.62e+18,Tue Feb 07 10:09:53 +0000 2023,2023/2/7 10:09,0,0,0,https://twitter.com/narutokyuubi22/status/1622900449694355459,0,52968
52989,"Want the power of #ChatGPT at your fingertips 24/7? Alpha AI: ChatGPT AI Assistant offers you just that! Download the app for free and get the incredible #AI capabilities on your Android device right now!

https://t.co/hvmwzQVDuD

#Android #App #GooglePlay #ArtificialIntelligence",284,0,1.11e+18,AwesomeAndroid4,1.62e+18,Tue Feb 07 10:11:59 +0000 2023,2023/2/7 10:11,3,1,0,https://twitter.com/AwesomeAndroid4/status/1622900976884543488,4,52990
53750,"Google Bard AI vs. Open AI ChatGPT: Differences. e??  ???e?  ? #Google #ChatGPT #Android #iOS #Windows
Fresh Data, Conversations, Interaction with Humans, Understanding, Safety, and Personal Data. https://t.co/So5SSkHmt6 https://t.co/wEci9sIvPb",245,0,4802011153.0,AndroidInfotec,1.62e+18,Tue Feb 07 11:28:10 +0000 2023,2023/2/7 11:28,0,0,0,https://twitter.com/AndroidInfotec/status/1622920149845278720,0,53751
55101,"#Bard do @Google n?  o ?? nada de novo, apenas a #IA da empresa, j?? existente, ajustada para fazer mais, e provavelmente melhor, que o #ChatGPT.
Anos de an??lise do conte?odo disponibilizado pelos usu??rios. Algu??m d?ovida?
#technology #AI @Android #Android #Siri @canaltech @marchwill",289,4,51748771.0,santicioli,1.62e+18,Tue Feb 07 13:43:31 +0000 2023,2023/2/7 13:43,0,0,0,https://twitter.com/santicioli/status/1622954211091812353,0,55102
66212,"Microsoft Reportedly Planning To Unveil ChatGPT-Like Feature In Office Apps
https://t.co/Q49MRnjlXa

#ChatGPT #Microsoft #Android #news #smartphones #like4like #likeforlike #follow4follow #techblog #technews #futuretechnology #socialmedia #innovation #apple #iPhone #5G #iOS",277,0,91537313.0,akhiljoseph,1.62e+18,Sat Feb 11 15:45:33 +0000 2023,2023/2/11 15:45,0,0,0,https://twitter.com/akhiljoseph/status/1624434472392224769,0,66213
69366,"Opera Browser Getting ChatGPT On Its Sidebar

#ChatGPT #Opera #Android #news #smartphones #like4like #likeforlike #follow4follow #techblog #technews #futuretechnology #socialmedia #innovation #apple #iPhone #5G #iOS #world #gadgets #engineering

https://t.co/wJVBELEavh https://t.co/abHXZv1qWm",297,0,7.35e+17,TechnobuggTweet,1.63e+18,Mon Feb 13 05:46:39 +0000 2023,2023/2/13 5:46,0,0,0,https://twitter.com/TechnobuggTweet/status/1625008529219231745,0,69367
69888,"Opera Browser Getting ChatGPT On Its Sidebar
https://t.co/slpImZm4hu

#ChatGPT #Opera #Android #news #smartphones #like4like #likeforlike #follow4follow #techblog #technews #futuretechnology https://t.co/slpImZm4hu",217,0,91537313.0,akhiljoseph,1.63e+18,Mon Feb 13 07:49:13 +0000 2023,2023/2/13 7:49,0,0,0,https://twitter.com/akhiljoseph/status/1625039374550196232,0,69889
74152,"Microsoft Bing con ChatGPT sar?? presto su Android e iOS
#Android #Apple #Bing #ChatGPT #Google #IA #IntelligenzaArtificiale #iOS #iPhone #MicrosoftBing #MobileNews #MotoreDiRicerca #Notizie #Novit?? #OpenAI #Smartphone #TechNews #Tecnologia #Telefonia

https://t.co/AgGjs0dEKC https://t.co/IhkU3DJxQN",304,0,1.01e+18,CeotechI,1.63e+18,Mon Feb 13 19:11:42 +0000 2023,2023/2/13 19:11,3,3,0,https://twitter.com/CeotechI/status/1625211127922626577,6,74153
74634,O Android 14 com Bard seria a maneira perfeita de desafiar o ChatGPT https://t.co/IVs1GV8ZWV #Not?-cias #Android #Bard #ChatGPT #desafiar,137,0,7.2e+17,AndroidFinal,1.63e+18,Mon Feb 13 20:48:33 +0000 2023,2023/2/13 20:48,0,4,0,https://twitter.com/AndroidFinal/status/1625235501669310464,4,74635
76964,Comment utiliser ChatGPT sur Android et iOS ? https://t.co/ptTIqCEJEm via @BlogNT #ChatGPT #Android #iOS https://t.co/6jROi34zoR,128,1,103639401.0,BlogNT,1.63e+18,Wed Feb 15 08:52:32 +0000 2023,2023/2/15 8:52,0,0,0,https://twitter.com/BlogNT/status/1625780085960613888,0,76965
77663,"Microsoft to soon bring ChatGPT-powered Bing AI to Android and iOS devices

#microsoft #chatGPT #Android #iOS 

Read more: https://t.co/vAzZcMhOcc",150,0,1.29e+18,gadgettimesnow,1.63e+18,Wed Feb 15 10:55:56 +0000 2023,2023/2/15 10:55,0,0,1,https://twitter.com/gadgettimesnow/status/1625811140973559813,1,77664
82056,"Ep. 6 - UI Design &amp; Function - Flutter + ChatGPT 

Our app gets a sweet GUI using Flutter + code from ChatGPT to create the graphics &amp; effects!

https://t.co/L5V3Uosp4m

#ChatGPT #OpenAI #AI #Flutter #Dart #Android #iOS #codinglife #Coding",253,0,1.48e+18,giftedcromag,1.63e+18,Fri Feb 17 22:00:01 +0000 2023,2023/2/17 22:00,0,0,0,https://twitter.com/giftedcromag/status/1626703037061541895,0,82057
84853,"#hackers use fake #ChatGPT apps to push #Windows, #Android #malware #cybersecurity #CyberSec https://t.co/os2uK3lL2c",116,0,37453039.0,michvictor,1.63e+18,Thu Feb 23 03:46:32 +0000 2023,2023/2/23 3:46,0,0,0,https://twitter.com/michvictor/status/1628602182571376642,0,84854
85521,"Microsoft Brings Binga??s ChatGPT To iOS, Android, &amp; Skype
https://t.co/NVfeUYGBRZ

#ChatGPT #Microsoft #MicrosoftBing #Skype #Android #news #smartphones #like4like #likeforlike https://t.co/NVfeUYGBRZ",208,0,91537313.0,akhiljoseph,1.63e+18,Thu Feb 23 06:42:13 +0000 2023,2023/2/23 6:42,0,0,0,https://twitter.com/akhiljoseph/status/1628646393333092352,0,85522
85653,"e??? Fake ChatGPT-Apps verteilen Malware f??r Android und Windows
#K??nstlicheIntelligenz #Malware #Android #Aurora #ChatGPT #ChatGPTApps #ChatGPTPlus #GooglePlayStore #Infostealer #Lumma #RedLine #windows https://t.co/nbsbNVzM4n",230,0,376057331.0,lsobiraj,1.63e+18,Thu Feb 23 07:07:02 +0000 2023,2023/2/23 7:07,0,0,0,https://twitter.com/lsobiraj/status/1628652637494161411,0,85654
85654,"e??? Fake ChatGPT-Apps verteilen Malware f??r Android und Windows
#K??nstlicheIntelligenz #Malware #Android #Aurora #ChatGPT #ChatGPTApps #ChatGPTPlus #GooglePlayStore #Infostealer #Lumma #RedLine #windows https://t.co/Zn3D4cLfbF",230,0,2399220564.0,tarnkappe_info,1.63e+18,Thu Feb 23 07:07:02 +0000 2023,2023/2/23 7:07,1,1,0,https://twitter.com/tarnkappe_info/status/1628652636483342336,2,85655
85727,"?? Microsoft ???-?????  ?1 ???? Bing AI ???   ?o?1???  ???? ?o?  ?1 Skype
???????1?o??, ?   ?  ?????  ???????  ???   ???????????  ???  ???  ?1 ?????  ?? ?  ???  ???????3?? Bing ?3?1?   iOS ?o?  ?1 Android
#Bing #??ingAI #chatbot #ChatGPT #Microsoft #Skype #iOS #Android #software #search 
--&gt;https://t.co/jxH1ReIRJa https://t.co/uRDViEPSWN",345,0,1.03e+18,COREpliroforiki,1.63e+18,Thu Feb 23 07:24:09 +0000 2023,2023/2/23 7:24,0,0,0,https://twitter.com/COREpliroforiki/status/1628656946654879744,0,85728
88777,Users looking for ChatGPT apps get malware instead - https://t.co/Jlx2NdVjS8 - @AuCyble @alvosec @AlvieriD #ChatGPT #OpenAI #Phishing #Malware #Cybercrime #Windows #Android #CybersecurityNews #InfosecNews https://t.co/BXvVHg0fjw,228,3,14293266.0,helpnetsecurity,1.63e+18,Thu Feb 23 15:49:45 +0000 2023,2023/2/23 15:49,6,4,0,https://twitter.com/helpnetsecurity/status/1628784186130563074,10,88778
89140,"Users looking for ChatGPT apps get malware instead  https://t.co/B7I46ORRwg 
#ChatGPT #OpenAI #Phishing #Malware #Cybercrime #Windows #Android #CybersecurityNews #InfosecNews #InfoSecurity",189,0,3044325247.0,SouthSeasData,1.63e+18,Thu Feb 23 16:46:05 +0000 2023,2023/2/23 16:46,1,0,0,https://twitter.com/SouthSeasData/status/1628798361792053248,1,89141
89536,".#Hackers use fake #ChatGPT #Apps to push #Windows, #Android #Malware :::: #phone #CellPhone 
https://t.co/N3KCX6AmCl",118,0,8.14e+17,JPierceA,1.63e+18,Thu Feb 23 17:57:56 +0000 2023,2023/2/23 17:57,0,0,0,https://twitter.com/JPierceA/status/1628816444333993986,0,89537
89845,"ChatGPT Plus, attenzione a questi client Windows e Android
#Android #App #ChatBot #ChatGPT #ChatGPTPlus #CyberNews #CyberSecurity #Google #Hacker #Malware #Microsoft #Notizie #OpenAI #PlayStore #Programmi #Sicurezza #TechNews #Tecnologia #Windows

https://t.co/3HN82yoQz6 https://t.co/P3IYONcWG7",298,0,1.01e+18,CeotechI,1.63e+18,Thu Feb 23 18:49:22 +0000 2023,2023/2/23 18:49,3,3,0,https://twitter.com/CeotechI/status/1628829387427573761,6,89846
89975,Fake #ChatGPT apps spread Windows and #Android #malware https://t.co/SuALFkIs8K,79,0,429580982.0,secguro,1.63e+18,Thu Feb 23 19:13:05 +0000 2023,2023/2/23 19:13,1,0,1,https://twitter.com/secguro/status/1628835356605915141,2,89976
91100,"#Hackers use fake #ChatGPT apps to push #Windows &amp; #Android #malware.
#CyberSecurity #infosec #cybercrime
https://t.co/6DG8yjDJKR https://t.co/54nw7HQiIR",159,0,110700737.0,twelvesec,1.63e+18,Sat Feb 25 21:35:01 +0000 2023,2023/2/25 21:35,0,0,0,https://twitter.com/twelvesec/status/1629595848144216067,0,91101
94466,"ChatGPT Phishing Attacks Distribute Windows and Android Malware
https://t.co/jTjni49WaH

#Infosec #Secinfo #Security #CeptBiro #Cybersecurity #ChatGPT #PhishingAttacks #Windows #Android #Malware",197,0,1884513522.0,CeptBiro,1.63e+18,Mon Feb 27 13:42:08 +0000 2023,2023/2/27 13:42,0,0,0,https://twitter.com/CeptBiro/status/1630201621438144512,0,94467
94487,"ChatGPT Phishing Attacks Distribute Windows and Android Malware
https://t.co/af3PC1Crn5

#Infosec #Secinfo #Security #CeptBiro #Cybersecurity #ChatGPT #PhishingAttacks #Windows #Android #Malware",197,0,100560178.0,ReneRobichaud,1.63e+18,Mon Feb 27 13:46:09 +0000 2023,2023/2/27 13:46,0,0,0,https://twitter.com/ReneRobichaud/status/1630202631627874312,0,94488
96423,"Beware of ChatGPT Phishing Attacks: A New Threat Distributing Windows and Android Malware
#ChatGPT #Phishing #Attacks #Windows #Android #Malware
https://t.co/oBQVKpAjoV https://t.co/hkRNKsA1wD",194,0,1.61e+18,LeaiserN,1.63e+18,Mon Feb 27 18:57:20 +0000 2023,2023/2/27 18:57,0,0,0,https://twitter.com/LeaiserN/status/1630280940512739329,0,96424
