,full_text,text_length,at_num,user_id_str,screen_name,id_str,created_at,publish_time,favorite_count,retweet_count,reply_count,tweet_url,total_heat,tt
5626,"9/1/2023 TL;DR Week in Review 
#WorldNews #CryptoNews #Markets #Blockchain #Web3 #FTX  #SBF #GameFi #NFT #COVID19 #China #y00ts #ChatGPT #Tesla #BYD #Indonesia #Binance #Voyager #Wyre #DeGods #Solana #Silvergate #Ferrari #STMTN

e?   ",237,0,1.53e+18,xMuteID,1.61e+18,Mon Jan 09 00:55:30 +0000 2023,2023/1/9 0:55,2,2,2,https://twitter.com/xMuteID/status/1612251686386675713,6,5627
8304,"ChatGPT ???????????-?????  ?????  ?????3 ??2???????????    ????  ?????  ?????|?  ???-????????????

#ChatGPT #AI #BlockchainGaming #GameFi #BSC #ETH #gaming #crypto https://t.co/xaY5N5NDTT
 #chatgpt 
https://t.co/qeYsnBECCN",226,0,1.16e+18,translation_ja,1.61e+18,Wed Jan 11 07:00:17 +0000 2023,2023/1/11 7:00,0,0,0,https://twitter.com/translation_ja/status/1613068261020819458,0,8305
9228,"Microsoft in talks to invest 10 BILLION into ChatGPT.

Sourcee???https://t.co/ukQlSQxhgU

#Revenant #Metis #blockchain #blockchaingaming #GameFi #gaming #news #ChatGPT #Microsoft #AI https://t.co/PGOoU3JEf0",210,0,1.46e+18,RevenantGamefi,1.61e+18,Wed Jan 11 14:00:28 +0000 2023,2023/1/11 14:00,3,1,1,https://twitter.com/RevenantGamefi/status/1613174002473656320,5,9229
36144,This was waaay before #ChatGPT #HX #xr #ar #Web3 #DeFi #DAOs #NFTs #DesignThinking #InfiniteJourneys #ai #ia #rpa #crypto #bc #FutureOfWork #iot #metaverse #VirtualWorld #GameFi #3D #FutureBack #Innovation #ODI #jtbd  https://t.co/faF6RGamHy,241,0,15262593.0,mentalmarketer,1.62e+18,Wed Feb 01 09:49:42 +0000 2023,2023/2/1 9:49,0,1,0,https://twitter.com/mentalmarketer/status/1620721042078695424,1,36145
36183,"Day 11 of Chinese New Year, wish everyone healthy and happy.

#GameFi #SocialFi #Crypto #NFT #LUNCCcommunity #BNB #CZBinance #ChineseNewYear #Throne #ChatGPT #FinancialFreedom",177,0,1.58e+18,Kingsthroneinfo,1.62e+18,Wed Feb 01 09:55:47 +0000 2023,2023/2/1 9:55,1,0,1,https://twitter.com/Kingsthroneinfo/status/1620722570600550400,2,36184
44699,"https://t.co/1r4nzalxpf is now available for sale

#Happy #Wallet #Web3 #Metaverse #NFTs #HappyWallet #Giveaway #meta #Metaverse #Social #Defi #SocialFi  #Payback #GameFi #pay #btc??#bnb????#eth #ChatGPT #ChatGPTs #NFT??#domainsales #domainsforsale #domain #domains https://t.co/RN9d2pFshy",291,0,1.55e+18,bullishnames,1.62e+18,Fri Feb 03 13:50:17 +0000 2023,2023/2/3 13:50,3,2,1,https://twitter.com/bullishnames/status/1621506361141133312,6,44700
71810,"Recently there are a lot of UFO news....so is time to launch a gameplay for UFO? e???

#UFOs #cryptocurrency #bullish #NFTartwork #Airdrop #BTC #GameFi #Blockchain #P2E #socialFi #blockchain #ChatGPT https://t.co/Pv8wq7eye6",225,0,1.58e+18,Kingsthroneinfo,1.63e+18,Mon Feb 13 13:06:00 +0000 2023,2023/2/13 13:06,0,0,0,https://twitter.com/Kingsthroneinfo/status/1625119095409586176,0,71811
77120,"Great news! We're excited to announce that we've updated our lottery, Sean Mark 5, to Sean Mark 4.  participants can now submit a set of four numbers. This change has been made to make the game more accessible and enjoyable for all players. #ASTAR @OpenAI #ChatGPT #GameFi #BTC",277,1,1.51e+18,Starfish_Fi,1.63e+18,Wed Feb 15 09:21:30 +0000 2023,2023/2/15 9:21,14,6,3,https://twitter.com/Starfish_Fi/status/1625787376982278144,23,77121
78032,"https://t.co/FiTRP67Hyv is now available for sale

#EverMeta #Ever #midjourney #midjourneyart #Web3 #Metaverse #NFTs #meta #Metaverse #Protocol #Defi #GameFi #btc??????#bnb????????#eth #ChatGPT #BardAI #ErnieBot #GoogleAi #OpenSeaNFT??#domainsales #domainsforsale #domain #domains https://t.co/otZ3C0ZwfV",306,0,1.55e+18,bullishnames,1.63e+18,Wed Feb 15 12:05:17 +0000 2023,2023/2/15 12:05,10,3,0,https://twitter.com/bullishnames/status/1625828591740280834,13,78033
86539,"Are you curious about the amazing potential of #ChatGPT? e?  ?

e???Let's talk about ""GAME"" using ChatGPT

Comment share your chat conversatione???

#NFT  #web3 #P2EGame #GameFi #Hippoclub #HippoNFT https://t.co/1g5TMA6QQG",228,0,1.5e+18,Gameta_Official,1.63e+18,Thu Feb 23 10:00:00 +0000 2023,2023/2/23 10:00,9,3,3,https://twitter.com/Gameta_Official/status/1628696167101104128,15,86540
94670,"Earn $TEL by staking and referring in the #Telcoin App. Tap to begin: https://t.co/yTmX4sEfwA

Referral Code: 2c2b637f6e0

#AI #Web3 #ChatGPT #Staking #NFT #DeFi #GameFi #altcoins #altcoin #1000xgem #1000x #100xgem #500X #10X #Crypto #cryptocurrency #CryptoNews #CryptoMarket https://t.co/dKBU59083a",303,0,1.43e+18,DWB124,1.63e+18,Mon Feb 27 14:17:06 +0000 2023,2023/2/27 14:17,10,2,4,https://twitter.com/DWB124/status/1630210418684706816,16,94671
