,full_text,text_length,at_num,user_id_str,screen_name,id_str,created_at,publish_time,favorite_count,retweet_count,reply_count,tweet_url,total_heat,tt
16773,"A threade?   5:
Political instability or social unrest: Political instability or social unrest in Finland may make some individuals feel unsafe or uncomfortable, leading them to seek a more stable environment abroad.
#TalentBoost #finlandworks #workinfinland  #AskAfnanKhan #ChatGPT",284,0,2205179306.0,askafnankhan,1.62e+18,Tue Jan 17 14:44:39 +0000 2023,2023/1/17 14:44,1,0,1,https://twitter.com/askafnankhan/status/1615359450608709632,2,16774
16774,"A threade?   6:
Lack of diversity: Finland is a relatively homogenous society, which may not appeal to some individuals looking for a more diverse cultural experience.
#TalentBoost #finlandworks #workinfinland  #AskAfnanKhan #ChatGPT",235,0,2205179306.0,askafnankhan,1.62e+18,Tue Jan 17 14:45:21 +0000 2023,2023/1/17 14:45,1,0,1,https://twitter.com/askafnankhan/status/1615359625364406273,2,16775
16776,"A threade?   7:
Climate and environment: Some individuals may find the long, dark winters and cold climate of Finland difficult to cope with, leading them to seek a warmer and more pleasant environment abroad.
#TalentBoost #finlandworks #workinfinland  #AskAfnanKhan #ChatGPT",277,0,2205179306.0,askafnankhan,1.62e+18,Tue Jan 17 14:45:54 +0000 2023,2023/1/17 14:45,1,0,1,https://twitter.com/askafnankhan/status/1615359766779531268,2,16777
16778,"A threade?   8:
Education and training opportunities: Finland is well-known for its education system, but some individuals may be looking for more specialized training or education opportunities abroad.
#TalentBoost #finlandworks #workinfinland  #AskAfnanKhan #ChatGPT",270,0,2205179306.0,askafnankhan,1.62e+18,Tue Jan 17 14:46:37 +0000 2023,2023/1/17 14:46,1,0,1,https://twitter.com/askafnankhan/status/1615359944341213185,2,16779
16781,"A threade?   9:
Personal reasons: Some individuals may choose to leave Finland for personal reasons such as family or relationships, or simply to have new experiences and see new places.
#TalentBoost #finlandworks #workinfinland  #AskAfnanKhan #ChatGPT",254,0,2205179306.0,askafnankhan,1.62e+18,Tue Jan 17 14:47:28 +0000 2023,2023/1/17 14:47,1,0,1,https://twitter.com/askafnankhan/status/1615360158913400833,2,16782
