,full_text,text_length,at_num,user_id_str,screen_name,id_str,created_at,publish_time,favorite_count,retweet_count,reply_count,tweet_url,total_heat,tt
21598,#chatgpt #chatbots #robots #robotics #verobotics #fastestfasterpetascale #exascale #neuromorphic #fullnuclearspintronicsmlai #fasterfastestquintillionstrillionsqubitsmlai appleiosiphonesipadssamsunggalaxyappssmartphonesmobilesphonesmicrosoftwindowssoftwareprogramsfilesdownloads,278,0,1.45e+18,grokgemini1,1.62e+18,Mon Jan 23 20:18:18 +0000 2023,2023/1/23 20:18,0,0,0,https://twitter.com/grokgemini1/status/1617617741606965248,0,21599
21642,#chatgpt #chatbots #robots #robotics #verobotics #fastestfasterpetascale #exascale #neuromorphic #fullnuclearspintronicsmlai #fastestonlinecloudstrillionsqubitsmlai appleiosiphonesipadssamsunggalaxyappssmartphonesmobilesphonesmicrosoftwindowssoftwareprogramsfilesdownloadscoding,278,0,1.45e+18,grokgemini1,1.62e+18,Mon Jan 23 20:36:29 +0000 2023,2023/1/23 20:36,0,0,0,https://twitter.com/grokgemini1/status/1617622320562212865,0,21643
49817,#hologramsmetamaterialswormholestimetravel #radarssubyocotoscopes #googleapprentice #samsung #sympy #numpy #scipy #chatgpt  #robots #robotics #verobotics #codescoding  infiniteinfinityinfinitelytopologicalpcprocessorsprocessingcomputingcomputationscomputationalcpucomputersc++,276,0,1.56e+18,ctvottawa3,1.62e+18,Tue Feb 07 03:52:42 +0000 2023,2023/2/7 3:52,0,0,0,https://twitter.com/ctvottawa3/status/1622805525384536064,0,49818
49824,#googleapprentice #samsung #hologramsmetamaterialswormholestimetravelspactimes #sympy #numpy #scipy #chatgpt #chatbots #robots #robotics #verobotics #codescoding  infiniteinfinityinfinitelytopologicaltopologypcprocessorsprocessingcomputingcomputationscomputationalcpucomputersc++,279,0,1.56e+18,ctvottawa3,1.62e+18,Tue Feb 07 03:53:53 +0000 2023,2023/2/7 3:53,0,0,0,https://twitter.com/ctvottawa3/status/1622805824434491393,0,49825
49829,#quantum #sympy #numpy #scipy #chatgpt #google  #robots #robotics #verobotics #codescoding infiniteinfinityinfinitelytopologicaltopologygaugeqftsupersymmetriessymmetricpcprocessorsprocessingcomputingcomputationscomputationalmicrocontrollerscpualgorithmsalgorithmicscomputersc++,277,0,1.56e+18,ctvottawa3,1.62e+18,Tue Feb 07 03:54:54 +0000 2023,2023/2/7 3:54,0,0,0,https://twitter.com/ctvottawa3/status/1622806080484159488,0,49830
