,full_text,text_length,at_num,user_id_str,screen_name,id_str,created_at,publish_time,favorite_count,retweet_count,reply_count,tweet_url,total_heat,tt
42954,"e???Google CEO Sundar Pichai announced that the company will be incorporating advanced artificial intelligence into its search engine.

Brought to you by: https://t.co/gmruyVdOpr

#google #ceo #artificialintelligence #ai #chatgpt #searchengine #thecodework https://t.co/BDgJm6tQzp",284,0,1.13e+18,thecodework,1.62e+18,Fri Feb 03 09:18:47 +0000 2023,2023/2/3 9:18,2,2,0,https://twitter.com/thecodework/status/1621438034960056327,4,42955
44474,"Google will make its Ai-based language models available ""in the coming weeks and.months"" Alphabet CEO Sundar Pichai said.

Visit our website for daily news update
https://t.co/DE4ULsLLwQ

#TIM #theinternationalmagazine #sundarpichai #google #alphabet #ceo #ChatGPT @Google https://t.co/2A9JRYt6b9",301,1,1.41e+18,TIMOFFICIAL94,1.62e+18,Fri Feb 03 13:17:14 +0000 2023,2023/2/3 13:17,2,1,0,https://twitter.com/TIMOFFICIAL94/status/1621498043370713089,3,44475
50606,"Google     ?    ?     ?    ?    ?    ?     ?    ?    ?    |          a    ?    ?    ?    ?    琛?   ?     a    ?    ?     ?    ?   琛?   ?     ?    ?    ?-    ?    ?    a    ?    ?    ?     a    ?    悒? 瑷? ?    |    ?    台   ?    |    ?    台   ?     ?    ?    悒? ?    ?
@Google @GoogleCloud_IN @GooglePlay @gmail @googlechrome @googlemaps @sundarpichai @Sundarpichai14 #google #ceo #sundarpichai #introduces #ChatGPT #rivalBard #medhajnews 
https://t.co/ix0YI5BfFX",464,8,2935748226.0,MedhajNewsApp,1.62e+18,Tue Feb 07 05:57:07 +0000 2023,2023/2/7 5:57,4,3,0,https://twitter.com/MedhajNewsApp/status/1622836837273468929,7,50607
54741,"#SundarPichai, Google's CEO, announced #LaMDA-powered chatbot, Bard, will soon be available to the public.

A new #Google AI creation called Bard is designed to directly compete with #ChatGPT. 

#ceo #future #ai #bard #tech #technology #BardAI #microsoft #GoogleAI #GoogleBard https://t.co/rn1kIlwXhq",304,0,1.31e+18,MultiQoS,1.62e+18,Tue Feb 07 13:09:22 +0000 2023,2023/2/7 13:09,5,1,0,https://twitter.com/MultiQoS/status/1622945615205531650,6,54742
63209,"Open AI has launched a paid version of ChatGPT. This chatbot is capable of understanding human languages and even generates responses in a human-like manner too.

Read More: https://t.co/B18oXvPTWp

#ceoadvertising #ceo #ceomagazine #openai #chatgptplus #ChatGPT https://t.co/liIcYLUaIq",290,0,1.45e+18,ceoadvertising,1.62e+18,Sat Feb 11 05:34:39 +0000 2023,2023/2/11 5:34,1,0,0,https://twitter.com/ceoadvertising/status/1624280732947431424,1,63210
74230,"If you have someone to say to you that, ""Just believe in ALLAH &amp; yourself while doing efforts - you'll cross the winning line, You're blessed.
#saqibazhar #enablers #ceo #worc #lahore #ecommerce #freelancing #digitalmarketing #websitedesign #it #trends #chatgpt #ai #development https://t.co/bj8JDGNbHl",307,0,1.6e+18,itheahmadhassan,1.63e+18,Mon Feb 13 19:29:41 +0000 2023,2023/2/13 19:29,0,0,0,https://twitter.com/itheahmadhassan/status/1625215652209238017,0,74231
75241,The founder behind ChatGPT once gave a lecture on how to launch a startup. It's still required viewing 9 years later. https://t.co/JcGT3lKO1P via @businessinsider #ceo #founders #startup #lecture #chatgpt,204,1,4709558918.0,daniellestraus,1.63e+18,Mon Feb 13 22:57:17 +0000 2023,2023/2/13 22:57,1,0,0,https://twitter.com/daniellestraus/status/1625267899349839872,1,75242
86465,"Ahead of Ernie Bot's launch in March, Baidu CEO Robin Li told reporters on a conference call to discuss fourth-quarter results that users would be more dependent on the Baidu search engine.

@Baidu_Inc

#ETCIO #userexperience #ceo #ai #google #chatgpt
https://t.co/w22S6ItWfS",280,1,2541189847.0,ET_CIO,1.63e+18,Thu Feb 23 09:46:58 +0000 2023,2023/2/23 9:46,0,0,0,https://twitter.com/ET_CIO/status/1628692888292048898,0,86466
92456,"(8/n)e??? GitHub repo: https://t.co/9EEx3E8LXw

#ai #job #management #ceo #github #designer #chatgpt #dalle2 #otter #developers #managers #machinelearning #deeplearning #nlp #computervision #neuralnetworks #datascience #reinforcementlearning #chatbots #robotics #supervisedlearning",283,0,3231290160.0,lakhera2015,1.63e+18,Mon Feb 27 05:51:58 +0000 2023,2023/2/27 5:51,1,1,0,https://twitter.com/lakhera2015/status/1630083299480842240,2,92457
93509,"    ?    ?         ?         ?     ?    ?    ?    ?    ?    ?     ?    悒? ?     ?    ?    ?    ?    ?     ?    ?    ?    ?    ?   洹?   ?    ?    ?     ?    ?    ?    ?   洹?   ?     悒? ?    ?   洹?   ?    ?    ?    ?     ?   洌?  洹?   ?    戗? ?     ?    a    ?    a    ?    ?     ?    ?    台   ?         ?              ?    ?     ?    ?    ?    ?    ?   洹?   ?    ?    ?   洹?   ?   洹?   瑷? ?

#chatgpt #chatbots #ceo #viralpost2023

https://t.co/hRZampqujk",457,0,7.39e+17,News18Kerala,1.63e+18,Mon Feb 27 10:24:58 +0000 2023,2023/2/27 10:24,0,0,0,https://twitter.com/News18Kerala/status/1630152002868244480,0,93510
