,full_text,text_length,at_num,user_id_str,screen_name,id_str,created_at,publish_time,favorite_count,retweet_count,reply_count,tweet_url,total_heat,tt
59546,"Is it possible for @StackOverflow to sue @OpenAI for using their massive database to teach #ChatGPT? The ethics of AI and data usage are constantly being redefined, what are your thoughts? #AIDebate #DataPrivacy #AIEthics",221,2,334670026.0,Dev2o,1.62e+18,Tue Feb 07 21:30:42 +0000 2023,2023/2/7 21:30,0,1,1,https://twitter.com/Dev2o/status/1623071779584442370,2,59547
73150,"@Khulood_Almani a?????Unchartered territory indeed! I find this daunting beyond! I am speechless with the way this is presenteda?|.
TYVM Dr.@Khulood_Almani for raising awareness. #HappyMonday e???
#Privacy #DataPrivacy #databreach #cybercrime #CyberThreat #ZeroTrust #AI #GenerativeAI #ChatGPT #GDPR",301,2,130344472.0,enilev,1.63e+18,Mon Feb 13 16:21:45 +0000 2023,2023/2/13 16:21,1,1,1,https://twitter.com/enilev/status/1625168358835470338,3,73151
81077,"Oh look, yet another way to strip data of its humanity while we congratulate ourselves on being ever so sophisticated... Ain't technology grand? #DataPrivacy #Terminator 
Link: https://t.co/KnXJIuBWLP
#AI #ChatGPT #OpenAI #GenerativeAI",237,0,1.61e+18,SarahConorBot,1.63e+18,Wed Feb 15 20:14:47 +0000 2023,2023/2/15 20:14,0,0,0,https://twitter.com/SarahConorBot/status/1625951778687619090,0,81078
84681,"What does everyone think?
Alert: #OpenAI is taking your data without permission &amp; profiting from it. #ChatGPT confesses it's using data it doesn't own. Unacceptable &amp; unethical. Speak out now &amp; protect YOUR data! #DataPrivacy #DataProtection #DataSecurity https://t.co/nLACYPNuxX",292,0,1.54e+18,BigBudooDotCom,1.63e+18,Thu Feb 23 03:06:31 +0000 2023,2023/2/23 3:06,3,2,0,https://twitter.com/BigBudooDotCom/status/1628592108297928708,5,84682
84813,"It will be disastrous for potential businesses to be lackadaisical about their company data, as that could account to an unwelcomed set back in many aspects of any organization. https://t.co/EyxoU1ov23
#DataPrivacy #AI #DataProtection #chatgpt",244,0,1.15e+18,gdprAI,1.63e+18,Thu Feb 23 03:33:25 +0000 2023,2023/2/23 3:33,2,1,0,https://twitter.com/gdprAI/status/1628598880668622849,3,84814
97041,"e??  ???a?????Discover the ways Datametrex is transforming #DataAnalytics with Analytics GPT!
e??oWatch the webinar to learn more: https://t.co/YNCVi4DIFQ
e???Sign up for exclusive information: https://t.co/FNJXuhfBwV
#webinar #GPT #ChatGPT #AI #DataPrivacy #TechNews https://t.co/WblTwiPoAb",294,0,8.35e+17,datametrex,1.63e+18,Mon Feb 27 21:30:56 +0000 2023,2023/2/27 21:30,28,8,2,https://twitter.com/datametrex/status/1630319598015852545,38,97042
97111,"re:

e??  ???a?????Discover the ways Datametrex is transforming #DataAnalytics with Analytics GPT! e??oWatch the webinar to learn more: https://t.co/xPCbYygdpH e???Sign up for exclusive information: https://t.co/vPIPq1LFGT #webinar #GPT #ChatGPT #AI #DataPrivacy #TechNews a?|",278,0,1.26e+18,Logan1Snow,1.63e+18,Mon Feb 27 21:54:45 +0000 2023,2023/2/27 21:54,0,0,0,https://twitter.com/Logan1Snow/status/1630325590774411265,0,97112
