,full_text,text_length,at_num,user_id_str,screen_name,id_str,created_at,publish_time,favorite_count,retweet_count,reply_count,tweet_url,total_heat,tt
25552,"#LinknRed : #Web3 : Transformaci?3n Digital para las empresas.

Esta es la URL que analiz?3 #ChatGPT sobre #LinknRed e???

https://t.co/1SmhsQLUBA

#Pymes #Latam #empresas #RedNews #Tron #TRX #Tronics https://t.co/OMJtQ2m2c1",230,0,2163668912.0,LinknRed,1.62e+18,Fri Jan 27 04:10:46 +0000 2023,2023/1/27 4:10,3,3,0,https://twitter.com/LinknRed/status/1618823804863778818,6,25553
26297,"Historia de un ensayo: La #InteligenciaArtifical de #ChatGPT versus los analistas de #WallStreet

#WallStreet desafia a ChatGPT, la herramienta que est?? conquistando #Internet, para ganar en el mercado de valores
#empresas #tecnologia #mercados
https://t.co/iM1T3Vmzum",273,0,1.44e+18,forbesuruguay,1.62e+18,Fri Jan 27 10:09:30 +0000 2023,2023/1/27 10:09,0,0,0,https://twitter.com/forbesuruguay/status/1618914083855630336,0,26298
29387,"Historia de un ensayo: La #InteligenciaArtifical de #ChatGPT versus los analistas de #WallStreet

#WallStreet desafia a ChatGPT, la herramienta que est?? conquistando #Internet, para ganar en el mercado de valores
#empresas #tecnologia #mercados
https://t.co/iM1T3Vmzum",273,0,1.44e+18,forbesuruguay,1.62e+18,Sun Jan 29 13:10:30 +0000 2023,2023/1/29 13:10,0,0,0,https://twitter.com/forbesuruguay/status/1619684410105774080,0,29388
33199,"ChatGPT: 5 usos para mejorar la productividad de tu pyme.
#tecnologia #empresas #ChatGPT  https://t.co/bFXpxIFm4X https://t.co/VWw97WtkQR",138,0,116840462.0,TuDecidesmx,1.62e+18,Tue Jan 31 18:49:42 +0000 2023,2023/1/31 18:49,0,0,0,https://twitter.com/TuDecidesmx/status/1620494548307939328,0,33200
47200,"e??  e?  ? ChatGPT est?? causando m??s revuelo que la canci?3n de Shakira con BZRP

https://t.co/RUrZAxmkHt

#IngunzaPartners #IA #ChatGPT #Google #Microsfot #Contenidos #IAMarketing #marcas #empresas #empresasencrecimiento",227,0,1.15e+18,IngunzaPartners,1.62e+18,Fri Feb 03 20:17:12 +0000 2023,2023/2/3 20:17,0,0,0,https://twitter.com/IngunzaPartners/status/1621603730918412293,0,47201
57007,"Bard vs ChatGP: la batalla de las inteligencias artificiales a comenzado
 
#chatgpt #google #bard #ia #ai #empresas #negocios #batalla #tecnologia #trend #buscadores #poder #dinero #finanzas #actualidad https://t.co/8OYvi04RDK",228,0,56226737.0,Lwyllid,1.62e+18,Tue Feb 07 16:51:56 +0000 2023,2023/2/7 16:51,1,0,0,https://twitter.com/Lwyllid/status/1623001625949532161,1,57008
67451,"Nosso s?3cio respons??vel pelo setor de tecnologia, @Wagner_Chavez_ fala sobre a guerra entre o Google e Microsoft em intelig?ancia artificial !

#openAI #tecnologia #google #microsoft #empresas #investimentos #ChatGPT #intelig?anciaartificial #AI #a?  ?  es #ondeinvestir #fintwit https://t.co/kFoqD6gzQ0",307,1,1.28e+18,SFAInvest,1.62e+18,Sat Feb 11 19:52:11 +0000 2023,2023/2/11 19:52,4,3,1,https://twitter.com/SFAInvest/status/1624496539031707649,8,67452
83203,"e??2e???Env?-anos un DM Ser?? muy divertida la experiencia que crearemos juntos para aumentar tus clientes potencialese???
https://t.co/16922jcWgg.

#marketing #marketingdigital #negocios #empresas #publicidad #marca #logo #estrategias #economia #noticias #veracruz #bocadelrio #chatgpt https://t.co/DrmIAAg5Bk",313,0,4753915093.0,mktlagrancampa,1.63e+18,Tue Feb 21 18:40:23 +0000 2023,2023/2/21 18:40,0,0,0,https://twitter.com/mktlagrancampa/status/1628102350702247937,0,83204
