,full_text,text_length,at_num,user_id_str,screen_name,id_str,created_at,publish_time,favorite_count,retweet_count,reply_count,tweet_url,total_heat,tt
78213,There's no doubt #ChatGPT is a hot topic today. Discover #generativeAI and explore how this new technology could kick off the way to #AIOps in a recent blog by Lori MacVittie. It has broader applications than simply writing high school essays. https://t.co/79QvQ4h84q https://t.co/IT3MwCiKZg,291,0,33626059.0,1mikemcclure,1.63e+18,Wed Feb 15 12:34:58 +0000 2023,2023/2/15 12:34,2,1,0,https://twitter.com/1mikemcclure/status/1625836061053136896,3,78214
79756,There's no doubt #ChatGPT is a hot topic today. Discover #generativeAI and explore how this new technology could kick off the way to #AIOps in a recent blog by Lori MacVittie. It has broader applications than simply writing high school essays. https://t.co/7DzPsYsEr0 https://t.co/cJdmI2IMIe,291,0,1.07e+18,KoracMate,1.63e+18,Wed Feb 15 16:09:27 +0000 2023,2023/2/15 16:09,0,2,0,https://twitter.com/KoracMate/status/1625890039065415680,2,79757
80088,There's no doubt #ChatGPT is a hot topic today. Discover #generativeAI and explore how this new technology could kick off the way to #AIOps in a recent blog by Lori MacVittie. It has broader applications than simply writing high school essays. https://t.co/gZ1WpmaIRP https://t.co/nUh1V1W3OL,291,0,1.52e+18,F5jglascock,1.63e+18,Wed Feb 15 17:01:03 +0000 2023,2023/2/15 17:01,0,1,0,https://twitter.com/F5jglascock/status/1625903023615619091,1,80089
80713,There's no doubt #ChatGPT is a hot topic today. Discover #generativeAI and explore how this new technology could kick off the way to #AIOps in a recent blog by Lori MacVittie. It has broader applications than simply writing high school essays. https://t.co/ccFZB1SvQj https://t.co/HnZsm3JWFV,291,0,22961027.0,DanContreras9,1.63e+18,Wed Feb 15 19:01:08 +0000 2023,2023/2/15 19:01,0,0,0,https://twitter.com/DanContreras9/status/1625933246071439397,0,80714
86238,There's no doubt #ChatGPT is a hot topic today. Discover #generativeAI and explore how this new technology could kick off the way to #AIOps in a recent blog by Lori MacVittie. It has broader applications than simply writing high school essays. https://t.co/ygqmBcz6XW https://t.co/2er5To8dTd,291,0,2163870062.0,shufenchia,1.63e+18,Thu Feb 23 09:04:20 +0000 2023,2023/2/23 9:04,0,0,0,https://twitter.com/shufenchia/status/1628682157714448384,0,86239
