,full_text,text_length,at_num,user_id_str,screen_name,id_str,created_at,publish_time,favorite_count,retweet_count,reply_count,tweet_url,total_heat,tt
18000,"#PollOfTheDay #polls #tweetpolls #polling #ChatGPT #artificalintelligence #LinkedIn #tech 
Do you think that ChatGPT will replace professions in coming years?",159,0,8.69e+17,talent_stack,1.62e+18,Thu Jan 19 09:17:41 +0000 2023,2023/1/19 9:17,0,0,0,https://twitter.com/talent_stack/status/1616001941930397699,0,18001
25354,"https://t.co/kGVqVTssQw

Created a small chrome extension for LinkedIn to generate different types of comments for Posts using GPT. Would you like to give it a try and share your feedback?

#LinkedIn #AI #gpt3 #chatGPT #comment #Chrome #Productivity",253,0,1.03e+18,vbudichenko,1.62e+18,Fri Jan 27 02:03:32 +0000 2023,2023/1/27 2:03,2,0,0,https://twitter.com/vbudichenko/status/1618791787900047361,2,25355
35946,"Get free ChatGPT prompts for your LinkedIn posts a??

https://t.co/9Lgosso6vq

#LinkedIn #chatgpt",101,0,347829874.0,im_usamakhalid,1.62e+18,Wed Feb 01 09:08:07 +0000 2023,2023/2/1 9:08,3,0,0,https://twitter.com/im_usamakhalid/status/1620710577541881856,3,35947
42191,"You Need More Sales in 2023?

2 FREE advertisement tacts you need!

Go to https://t.co/HxX8jyxBW3 &gt;&gt;&gt; Recent Posts

#apikiknet #Google #ChatGPT #Facebook #Instagram #LinkedIn #Twitter #Programming #marketing #DIGITALMARKETING https://t.co/n5yqGh3hty",264,0,8.51e+17,AbdulAhmeed8,1.62e+18,Fri Feb 03 06:55:15 +0000 2023,2023/2/3 6:55,1,1,0,https://twitter.com/AbdulAhmeed8/status/1621401917317423104,2,42192
48403,ChatGPT In TOP 15%  on #LinkedIn #JavaScript Assessment Test #chatgpt #openai #linkedinassessment https://t.co/bBEpoSRkyk via @YouTube,134,1,72749923.0,Azn_CyberSleuth,1.62e+18,Sun Feb 05 22:49:33 +0000 2023,2023/2/5 22:49,1,1,0,https://twitter.com/Azn_CyberSleuth/status/1622366847302770690,2,48404
86961,"Tune in as we delve deeper into the new world of Generative AI : https://t.co/UNF6cJ4SRs 

#BigQuestions #ChatGPT #GenerativeAI #AI #chatbot #artificialintelligence #HR #machinelearning #technology #digitaltransformation #business #automation #LinkedIn #LinkedInLive #Tomorrow",278,0,183295405.0,Ester_Matters,1.63e+18,Thu Feb 23 11:12:37 +0000 2023,2023/2/23 11:12,0,0,2,https://twitter.com/Ester_Matters/status/1628714439938822145,2,86962
92959,"A/B Test Linkedin Ads With #ArtificialIntelligence 

Let #AI help you Improve your ROI

#LinkedIn #LinkedInMarketing #ChatGPT #GrowthHacking #Ads https://t.co/RZHl316I3o RT @StoryLabAI",188,1,22174087.0,DailySEO,1.63e+18,Mon Feb 27 08:20:43 +0000 2023,2023/2/27 8:20,6,0,0,https://twitter.com/DailySEO/status/1630120730611335172,6,92960
93034,"A/B Test Linkedin Ads With #ArtificialIntelligence 

Let #AI help you Improve your ROI

#LinkedIn #LinkedInMarketing #ChatGPT #GrowthHacking #Ads https://t.co/yGQlcN4eUI RT @StoryLabAI",188,1,724827451.0,austin_media,1.63e+18,Mon Feb 27 08:40:37 +0000 2023,2023/2/27 8:40,6,0,0,https://twitter.com/austin_media/status/1630125740824973313,6,93035
93131,"A/B Test Linkedin Ads With #ArtificialIntelligence 

Let #AI help you Improve your ROI

#LinkedIn #LinkedInMarketing #ChatGPT #GrowthHacking #Ads https://t.co/uuvzKfYUee RT @StoryLabAI",188,1,111350997.0,Obadeyemi,1.63e+18,Mon Feb 27 09:00:38 +0000 2023,2023/2/27 9:00,6,0,0,https://twitter.com/Obadeyemi/status/1630130779450757121,6,93132
93224,"A/B Test Linkedin Ads With #ArtificialIntelligence 

Let #AI help you Improve your ROI

#LinkedIn #LinkedInMarketing #ChatGPT #GrowthHacking #Ads https://t.co/WKukwCouu5 RT @StoryLabAI",188,1,133178883.0,AmitVAngel,1.63e+18,Mon Feb 27 09:20:37 +0000 2023,2023/2/27 9:20,6,0,0,https://twitter.com/AmitVAngel/status/1630135806013702146,6,93225
93313,"A/B Test Linkedin Ads With #ArtificialIntelligence 

Let #AI help you Improve your ROI

#LinkedIn #LinkedInMarketing #ChatGPT #GrowthHacking #Ads https://t.co/SaMJ9byLbD RT @StoryLabAI",188,1,14879374.0,enstinemuki,1.63e+18,Mon Feb 27 09:40:36 +0000 2023,2023/2/27 9:40,6,0,0,https://twitter.com/enstinemuki/status/1630140835177156608,6,93314
93404,"A/B Test Linkedin Ads With #ArtificialIntelligence 

Let #AI help you Improve your ROI

#LinkedIn #LinkedInMarketing #ChatGPT #GrowthHacking #Ads https://t.co/4Ee4q3k8Oo RT @StoryLabAI",188,1,173118412.0,Anita_Clark,1.63e+18,Mon Feb 27 10:00:37 +0000 2023,2023/2/27 10:00,6,0,0,https://twitter.com/Anita_Clark/status/1630145875023364096,6,93405
93490,"A/B Test Linkedin Ads With #ArtificialIntelligence 

Let #AI help you Improve your ROI

#LinkedIn #LinkedInMarketing #ChatGPT #GrowthHacking #Ads https://t.co/dlLYucRxJG RT @StoryLabAI",188,1,20160897.0,andynathan,1.63e+18,Mon Feb 27 10:20:37 +0000 2023,2023/2/27 10:20,7,0,0,https://twitter.com/andynathan/status/1630150904849498112,7,93491
93577,"A/B Test Linkedin Ads With #ArtificialIntelligence 

Let #AI help you Improve your ROI

#LinkedIn #LinkedInMarketing #ChatGPT #GrowthHacking #Ads https://t.co/t4zJ7raw2a RT @StoryLabAI",188,1,762399145.0,AboutFreelance,1.63e+18,Mon Feb 27 10:40:35 +0000 2023,2023/2/27 10:40,6,0,0,https://twitter.com/AboutFreelance/status/1630155932947685376,6,93578
93670,"A/B Test Linkedin Ads With #ArtificialIntelligence 

Let #AI help you Improve your ROI

#LinkedIn #LinkedInMarketing #ChatGPT #GrowthHacking #Ads https://t.co/XeIwuzeL4F RT @StoryLabAI",188,1,6236572.0,logz05,1.63e+18,Mon Feb 27 11:00:38 +0000 2023,2023/2/27 11:00,6,0,0,https://twitter.com/logz05/status/1630160976174538759,6,93671
93772,"A/B Test Linkedin Ads With #ArtificialIntelligence 

Let #AI help you Improve your ROI

#LinkedIn #LinkedInMarketing #ChatGPT #GrowthHacking #Ads https://t.co/1E9npnNNcU RT @StoryLabAI",188,1,567580716.0,Bonesstyle,1.63e+18,Mon Feb 27 11:20:36 +0000 2023,2023/2/27 11:20,6,0,0,https://twitter.com/Bonesstyle/status/1630166001206677504,6,93773
93887,"A/B Test Linkedin Ads With #ArtificialIntelligence 

Let #AI help you Improve your ROI

#LinkedIn #LinkedInMarketing #ChatGPT #GrowthHacking #Ads https://t.co/FzO8wU3QjO RT @StoryLabAI",188,1,2489222034.0,marketingnsmnia,1.63e+18,Mon Feb 27 11:40:35 +0000 2023,2023/2/27 11:40,6,0,0,https://twitter.com/marketingnsmnia/status/1630171030017679361,6,93888
93982,"A/B Test Linkedin Ads With #ArtificialIntelligence 

Let #AI help you Improve your ROI

#LinkedIn #LinkedInMarketing #ChatGPT #GrowthHacking #Ads https://t.co/uh7eVoPsvo RT @StoryLabAI",188,1,21727456.0,angelaksgiles,1.63e+18,Mon Feb 27 12:00:36 +0000 2023,2023/2/27 12:00,6,0,0,https://twitter.com/angelaksgiles/status/1630176068324798468,6,93983
94084,"A/B Test Linkedin Ads With #ArtificialIntelligence 

Let #AI help you Improve your ROI

#LinkedIn #LinkedInMarketing #ChatGPT #GrowthHacking #Ads https://t.co/cOsbxOldO5 RT @StoryLabAI",188,1,2508550544.0,WillB90210,1.63e+18,Mon Feb 27 12:20:34 +0000 2023,2023/2/27 12:20,6,0,0,https://twitter.com/WillB90210/status/1630181094917038082,6,94085
94161,"A/B Test Linkedin Ads With #ArtificialIntelligence 

Let #AI help you Improve your ROI

#LinkedIn #LinkedInMarketing #ChatGPT #GrowthHacking #Ads https://t.co/sbsJbZCc6s RT @StoryLabAI",188,1,2717845313.0,Nwamaky,1.63e+18,Mon Feb 27 12:40:36 +0000 2023,2023/2/27 12:40,6,0,0,https://twitter.com/Nwamaky/status/1630186132993454080,6,94162
94355,"A/B Test Linkedin Ads With #ArtificialIntelligence 

Let #AI help you Improve your ROI

#LinkedIn #LinkedInMarketing #ChatGPT #GrowthHacking #Ads https://t.co/8Irj5iWxGp RT @StoryLabAI",188,1,72076552.0,dkspeaks,1.63e+18,Mon Feb 27 13:20:34 +0000 2023,2023/2/27 13:20,6,0,0,https://twitter.com/dkspeaks/status/1630196191626506240,6,94356
94451,"A/B Test Linkedin Ads With #ArtificialIntelligence 

Let #AI help you Improve your ROI

#LinkedIn #LinkedInMarketing #ChatGPT #GrowthHacking #Ads https://t.co/C95lrC3XH9 RT @StoryLabAI",188,1,4059750855.0,ReviewznTipscom,1.63e+18,Mon Feb 27 13:40:35 +0000 2023,2023/2/27 13:40,6,0,0,https://twitter.com/ReviewznTipscom/status/1630201228658450441,6,94452
94566,"A/B Test Linkedin Ads With #ArtificialIntelligence 

Let #AI help you Improve your ROI

#LinkedIn #LinkedInMarketing #ChatGPT #GrowthHacking #Ads https://t.co/fx6mxVWW3d RT @StoryLabAI",188,1,1577838469.0,BizSmallBiz,1.63e+18,Mon Feb 27 14:00:34 +0000 2023,2023/2/27 14:00,6,0,0,https://twitter.com/BizSmallBiz/status/1630206257440194561,6,94567
94691,"A/B Test Linkedin Ads With #ArtificialIntelligence 

Let #AI help you Improve your ROI

#LinkedIn #LinkedInMarketing #ChatGPT #GrowthHacking #Ads https://t.co/Lsg4SvMOVz RT @StoryLabAI",188,1,8.04e+17,Vlad221180,1.63e+18,Mon Feb 27 14:20:36 +0000 2023,2023/2/27 14:20,6,0,0,https://twitter.com/Vlad221180/status/1630211298620329986,6,94692
94794,"A/B Test Linkedin Ads With #ArtificialIntelligence 

Let #AI help you Improve your ROI

#LinkedIn #LinkedInMarketing #ChatGPT #GrowthHacking #Ads https://t.co/bzxVpoSnV6 RT @StoryLabAI",188,1,2569282225.0,southsabre19,1.63e+18,Mon Feb 27 14:40:33 +0000 2023,2023/2/27 14:40,6,0,0,https://twitter.com/southsabre19/status/1630216321689419777,6,94795
94920,"A/B Test Linkedin Ads With #ArtificialIntelligence 

Let #AI help you Improve your ROI

#LinkedIn #LinkedInMarketing #ChatGPT #GrowthHacking #Ads https://t.co/4hDPnWWIvX RT @StoryLabAI",188,1,7.25e+17,TweetStarFollow,1.63e+18,Mon Feb 27 15:00:34 +0000 2023,2023/2/27 15:00,6,0,0,https://twitter.com/TweetStarFollow/status/1630221357379198982,6,94921
95139,"A/B Test Linkedin Ads With #ArtificialIntelligence 

Let #AI help you Improve your ROI

#LinkedIn #LinkedInMarketing #ChatGPT #GrowthHacking #Ads https://t.co/7ne8AL5eI7 RT @StoryLabAI",188,1,31690161.0,WalAguia,1.63e+18,Mon Feb 27 15:20:33 +0000 2023,2023/2/27 15:20,6,6,0,https://twitter.com/WalAguia/status/1630226386425204736,12,95140
95317,"A/B Test Linkedin Ads With #ArtificialIntelligence 

Let #AI help you Improve your ROI

#LinkedIn #LinkedInMarketing #ChatGPT #GrowthHacking #Ads https://t.co/xSLGbQbtlm RT @StoryLabAI",188,1,479779850.0,perfimperfct,1.63e+18,Mon Feb 27 15:40:34 +0000 2023,2023/2/27 15:40,5,0,0,https://twitter.com/perfimperfct/status/1630231423633301505,5,95318
95430,"A/B Test Linkedin Ads With #ArtificialIntelligence 

Let #AI help you Improve your ROI

#LinkedIn #LinkedInMarketing #ChatGPT #GrowthHacking #Ads https://t.co/mjKv9XKfO2 RT @StoryLabAI",188,1,2426413352.0,stan_stewart,1.63e+18,Mon Feb 27 16:00:35 +0000 2023,2023/2/27 16:00,6,0,0,https://twitter.com/stan_stewart/status/1630236460099010560,6,95431
95555,"A/B Test Linkedin Ads With #ArtificialIntelligence 

Let #AI help you Improve your ROI

#LinkedIn #LinkedInMarketing #ChatGPT #GrowthHacking #Ads https://t.co/xWH8efw0Fu RT @StoryLabAI",188,1,94029076.0,NewHorizons123,1.63e+18,Mon Feb 27 16:20:33 +0000 2023,2023/2/27 16:20,7,0,0,https://twitter.com/NewHorizons123/status/1630241488079663104,7,95556
95695,"A/B Test Linkedin Ads With #ArtificialIntelligence 

Let #AI help you Improve your ROI

#LinkedIn #LinkedInMarketing #ChatGPT #GrowthHacking #Ads https://t.co/tR7CfAt1dg RT @StoryLabAI",188,1,189019079.0,BreezyPuffs,1.63e+18,Mon Feb 27 16:40:33 +0000 2023,2023/2/27 16:40,7,0,0,https://twitter.com/BreezyPuffs/status/1630246520468512768,7,95696
95813,"A/B Test Linkedin Ads With #ArtificialIntelligence 

Let #AI help you Improve your ROI

#LinkedIn #LinkedInMarketing #ChatGPT #GrowthHacking #Ads https://t.co/plR3bWzpza RT @StoryLabAI",188,1,7.42e+17,bizgenz,1.63e+18,Mon Feb 27 17:00:34 +0000 2023,2023/2/27 17:00,6,0,0,https://twitter.com/bizgenz/status/1630251555994607617,6,95814
95941,"A/B Test Linkedin Ads With #ArtificialIntelligence 

Let #AI help you Improve your ROI

#LinkedIn #LinkedInMarketing #ChatGPT #GrowthHacking #Ads https://t.co/AM87tCcUGu RT @StoryLabAI",188,1,43993611.0,Sassy_Brit,1.63e+18,Mon Feb 27 17:20:33 +0000 2023,2023/2/27 17:20,6,5,0,https://twitter.com/Sassy_Brit/status/1630256587863457792,11,95942
96067,"A/B Test Linkedin Ads With #ArtificialIntelligence 

Let #AI help you Improve your ROI

#LinkedIn #LinkedInMarketing #ChatGPT #GrowthHacking #Ads https://t.co/2XSFWrF9gn RT @StoryLabAI",188,1,3044624536.0,JohnGonzalezUK,1.63e+18,Mon Feb 27 17:40:34 +0000 2023,2023/2/27 17:40,6,0,0,https://twitter.com/JohnGonzalezUK/status/1630261621778964483,6,96068
96218,"A/B Test Linkedin Ads With #ArtificialIntelligence 

Let #AI help you Improve your ROI

#LinkedIn #LinkedInMarketing #ChatGPT #GrowthHacking #Ads https://t.co/OFlRImpzIH RT @StoryLabAI",188,1,9.05e+17,Hazloe3,1.63e+18,Mon Feb 27 18:00:35 +0000 2023,2023/2/27 18:00,6,0,0,https://twitter.com/Hazloe3/status/1630266660614549507,6,96219
96300,"A/B Test Linkedin Ads With #ArtificialIntelligence 

Let #AI help you Improve your ROI

#LinkedIn #LinkedInMarketing #ChatGPT #GrowthHacking #Ads https://t.co/pS0UG1dPY6 RT @StoryLabAI",188,1,812910.0,clickfire,1.63e+18,Mon Feb 27 18:20:33 +0000 2023,2023/2/27 18:20,6,0,0,https://twitter.com/clickfire/status/1630271686321795073,6,96301
