,full_text,text_length,at_num,user_id_str,screen_name,id_str,created_at,publish_time,favorite_count,retweet_count,reply_count,tweet_url,total_heat,tt
41667,"@ErocZ @Cernovich You want to laugh out loud - try asking it about vaccines. e???
Its not hard to see this isn't so much Ai as it is a ""progressive parrot"" generating responses based on its Leftist eltist academia creator's inputs.
#ChatGPT #VAXXED #C19
#vaccine #diedsuddenly #DiedSuddenlyNews
- https://t.co/k1cG7U756N",324,2,1.35e+18,MinderGold,1.62e+18,Fri Feb 03 04:48:37 +0000 2023,2023/2/3 4:48,2,1,0,https://twitter.com/MinderGold/status/1621370047317819392,3,41668
50041,CEO of Pfizer Albert Bourla was found GUILTY in the UK of misleading the public about the Covid Vaccine for Childrene??  e??  e??? #vaccine #Vaccine #PfizerExposed #USA #book #Ivermectin #truth #ChinaBalloon #Ukraine #AI #earthquake #China #Russian #COVID #COVID19 #SCAM #ChatGPT #Twitter https://t.co/2leVt3euyR,312,0,1.59e+18,RaineFXtrinity,1.62e+18,Tue Feb 07 04:33:34 +0000 2023,2023/2/7 4:33,0,0,0,https://twitter.com/RaineFXtrinity/status/1622815811290165249,0,50042
50056,CEO of Pfizer Albert Bourla was found GUILTY in the UK of misleading the public about the Covid Vaccine for Childrene??  e??  e??? #vaccine #Vaccine #PfizerExposed #USA #book #Ivermectin #truth #ChinaBalloon #Ukraine #AI #earthquake #China #Russian #COVID #COVID19 #SCAM #ChatGPT #Twitter https://t.co/RJYOVD59XW,312,0,1.59e+18,RaineFXtrinity,1.62e+18,Tue Feb 07 04:35:43 +0000 2023,2023/2/7 4:35,8,4,1,https://twitter.com/RaineFXtrinity/status/1622816351030071297,13,50057
61325,Higgins warns the Twitter employees that their depositions and arrests will soon be waiting for theme??  e??  e??  e???e??a #vaccine #sotu2023 #Treason #Turkey #TurkeyQuake #Vaccine #PfizerExposed #USA #book #Ivermectin #truth #Ukraine #AI #earthquake #Russian #COVID #COVID19 #SCAM #ChatGPT https://t.co/KbWMaBzSf4,315,0,1.59e+18,RaineFXtrinity,1.62e+18,Thu Feb 09 21:37:01 +0000 2023,2023/2/9 21:37,1,0,0,https://twitter.com/RaineFXtrinity/status/1623798146592567296,1,61326
62090,"02/07/2023 ???  ????????????1????a?  ??  ??1????????  ??????  ?  ??  ???????  o????  ????????   ?1??  ??????????????  ?    ????  ?  ???????oo  o????????  ???a???????3?????????  ?o???  ??3???

#USA #XiJinping #ChatGPT #???  ?3????? 悒?? #spyballoon #vaccine #?  ???? #?????? #??-??  ????-??o???-????oo #?1?  ???13 #  ? 洙? ??  ???? #???  ???????? https://t.co/DSC3bAVZP8",369,0,1.53e+18,NaomiLi14590801,1.62e+18,Sat Feb 11 00:29:31 +0000 2023,2023/2/11 0:29,1,1,1,https://twitter.com/NaomiLi14590801/status/1624203943424278528,3,62091
83404,"  ??????????????COVID??-  ?  ???1000?o??????????  ?3??  ????1  ????????3  |????????o???  ?a??????????????oo

#Pfizer's made  $100 billion dollars off of COVID is enough to buy anyone they want from the government to the media

#  ????????  ?? #covid19 #???  ???????? #?oo??? #chatgpt #vaccine #GETTR https://t.co/OYXXW9wMSm",327,0,1.53e+18,NaomiLi14590801,1.63e+18,Tue Feb 21 19:21:26 +0000 2023,2023/2/21 19:21,1,1,0,https://twitter.com/NaomiLi14590801/status/1628112678945230864,2,83405
88518,"#vaccine #lie #ChatGPT 

Minister Katherine Gallagher, Australia: https://t.co/UzYbD442OO

Senator Gerard Rennick for Queensland, Australia: https://t.co/ZaDdOKfC85

Dr. John Campbell's video: https://t.co/B8rqGMcNPg https://t.co/ik2wt6Cazs",246,0,1.5e+18,Luiza_Asyamova,1.63e+18,Thu Feb 23 15:05:49 +0000 2023,2023/2/23 15:05,0,0,0,https://twitter.com/Luiza_Asyamova/status/1628773125985906689,0,88519
