,full_text,text_length,at_num,user_id_str,screen_name,id_str,created_at,publish_time,favorite_count,retweet_count,reply_count,tweet_url,total_heat,tt
52208,"  ?? 歙??3?a? 歙?   ???  o ?  ?  ???   ?2  ??2  ???   ??   ?  ?|??     ?   ???3?  ?|  ??3?  ? 歙?   ??? ?  ?a?   ?  ???  

VIDEO &gt;&gt;&gt; https://t.co/4X0Q4ucxrN

#PervezMusharraf #earthquakeinturkey #Turkey #TurkeyEarthquake #Turkiye #turkeyearthquake2023 #turkiyeearthquake #ChatGPT #Lahore #Rupee #Turkish #PrayersForTurkey",331,0,1.46e+18,KhanTV65,1.62e+18,Tue Feb 07 08:56:05 +0000 2023,2023/2/7 8:56,1,0,0,https://twitter.com/KhanTV65/status/1622881877278457856,1,52209
52213,"  ?? 歙??3?a? 歙?   ???  o ?  ?  ???   ?2  ??2  ???   ??   ?  ?|??     ?   ???3?  ?|  ??3?  ? 歙?   ??? ?  ?a?   ?  ???  

VIDEO &gt;&gt;&gt; https://t.co/4X0Q4ucxrN

#PervezMusharraf #earthquakeinturkey #Turkey #TurkeyEarthquake #Turkiye #turkeyearthquake2023 #turkiyeearthquake #ChatGPT #Lahore #Rupee #Turkish #PrayersForTurkey https://t.co/fjGzTG5nzF",355,0,1.46e+18,KhanTV65,1.62e+18,Tue Feb 07 08:56:31 +0000 2023,2023/2/7 8:56,0,0,0,https://twitter.com/KhanTV65/status/1622881983474073601,0,52214
52635,"#Lahore #Rawalpindi #Allah  #Turkish #turkiyeearthquake #TurkishEarthquake #Rupee #Dollar #YellowStorm #PervezMusharraf #ChatGPT #PrayersForTurkey #Hindus #MujhePyarHu

Pray for Pakistan. https://t.co/oS1TXTmGyY",213,0,1.54e+18,DevAndroidify,1.62e+18,Tue Feb 07 09:35:59 +0000 2023,2023/2/7 9:35,0,0,0,https://twitter.com/DevAndroidify/status/1622891916126994433,0,52636
55824,#ChatGPT #Gwadar #turkiyeearthquake #Dollar Haina #gold Bangladesh #PervaizElahi #?  stanbul Adana https://t.co/OOfuPSzsDa,122,0,1.55e+18,MahamAneelaN,1.62e+18,Tue Feb 07 14:49:22 +0000 2023,2023/2/7 14:49,7,0,2,https://twitter.com/MahamAneelaN/status/1622970780786077696,9,55825
55901,"Heart Bet fast or any other problem solution with Dr Asif ch .
Learn more : 0326-9133332 l 0326-0433332 l 0326-0633332
whats app link : https://t.co/r3UEeyAHND
#turkiyeearthquake #NawazSharif #ChatGPT #sensex #PervezMusharraf #TaxTheChurches #Billions #TikTok #Hafiz #viral 
. https://t.co/XFJzPXrMvY",304,0,1.6e+18,ajmairfamily,1.62e+18,Tue Feb 07 14:58:17 +0000 2023,2023/2/7 14:58,0,0,0,https://twitter.com/ajmairfamily/status/1622973027318210561,0,55902
