,full_text,text_length,at_num,user_id_str,screen_name,id_str,created_at,publish_time,favorite_count,retweet_count,reply_count,tweet_url,total_heat,tt
49891,"Video : #DataEnrichment | use cases for #LocationIntelligence e??? e??? e??? - https://t.co/Fqx5t71GXE e???e??? See the ad, select the #CompanyLogoAPI that does what  #chatGPT cannot do #logoAPI https://t.co/W5c6FWwWfa",218,0,235439535.0,RiteKitAPI,1.62e+18,Tue Feb 07 04:06:06 +0000 2023,2023/2/7 4:06,0,0,0,https://twitter.com/RiteKitAPI/status/1622808897877856257,0,49892
66983,"Video : #DataEnrichment | use cases for #LocationIntelligence e??? e??? e??? - https://t.co/RgcsjrJX3M e???e??? See the ad, select the #CompanyLogoAPI that does what  #chatGPT cannot do https://t.co/YFj8WfoyNF",209,0,3004245990.0,ScrapeLogo,1.62e+18,Sat Feb 11 18:09:04 +0000 2023,2023/2/11 18:09,0,0,0,https://twitter.com/ScrapeLogo/status/1624470590106087426,0,66984
74156,"Video : #DataEnrichment | use cases for #LocationIntelligence e??? e??? e??? - https://t.co/RgcsjrJX3M e???e??? See the ad, select the #CompanyLogoAPI that does what  #chatGPT cannot do https://t.co/vkXWsRo81X",209,0,3004245990.0,ScrapeLogo,1.63e+18,Mon Feb 13 19:12:04 +0000 2023,2023/2/13 19:12,1,0,0,https://twitter.com/ScrapeLogo/status/1625211218754474004,1,74157
74802,"Video : #DataEnrichment | use cases for #LocationIntelligence e??? e??? e??? - https://t.co/wnvb6bzViD e???e??? See the ad, select the #CompanyLogoAPI that does what  #chatGPT cannot do https://t.co/EjaFTGHDqV",209,0,235439535.0,RiteKitAPI,1.63e+18,Mon Feb 13 21:20:08 +0000 2023,2023/2/13 21:20,0,0,0,https://twitter.com/RiteKitAPI/status/1625243447882838023,0,74803
90472,"Video : #DataEnrichment | use cases for #LocationIntelligence e??? e??? e??? - https://t.co/bNNHzItyHb e???e??? See the ad, select the #CompanyLogoAPI that does what  #chatGPT cannot do #logoAPI https://t.co/nT8NuR00Vs",218,0,3004245990.0,ScrapeLogo,1.63e+18,Thu Feb 23 21:16:04 +0000 2023,2023/2/23 21:16,0,0,0,https://twitter.com/ScrapeLogo/status/1628866302923231233,0,90473
