,full_text,text_length,at_num,user_id_str,screen_name,id_str,created_at,publish_time,favorite_count,retweet_count,reply_count,tweet_url,total_heat,tt
51153,"#Google annonce #Bard son #IA concurrente de #ChatGPT !!! 
https://t.co/rRg1M4Trkn",83,0,333034899.0,jplarger,1.62e+18,Tue Feb 07 06:59:33 +0000 2023,2023/2/7 6:59,0,0,0,https://twitter.com/jplarger/status/1622852547441565696,0,51154
52305,"#Google annonce #Bard, son #IA concurrente de #ChatGPT. La??une des diff??rences fondamentales entre Bard et ChatGPT concerne son acc?  s aux connaissances.Contrairement ?? ChatGPT, dont la BD sa??arr?ate ?? la fin de la??ann??e 2021, Bard sera capable da??acc??der ?? des infos sur le web https://t.co/iCKdqDCADo",313,0,2730681045.0,OlgaKavira,1.62e+18,Tue Feb 07 09:03:36 +0000 2023,2023/2/7 9:03,32,10,6,https://twitter.com/OlgaKavira/status/1622883765264560129,48,52306
52339,"#AI : #Google annonce #Bard, sa r??ponse ?? #ChatGPT, qui sera ouvert aux #d??veloppeurs en mars 

#LaMDA #API https://t.co/wpn7k0CD2f",136,0,3419973993.0,EsensConsulting,1.62e+18,Tue Feb 07 09:06:37 +0000 2023,2023/2/7 9:06,0,0,0,https://twitter.com/EsensConsulting/status/1622884524987219971,0,52340
52832,"#TechNews : #Google annonce #Bard, sa r??ponse ?? #ChatGPT, ainsi qu'un ??v??nement 'Live from Paris' le 8 f??vrier e???https://t.co/bCjTtGrZbb, alors que #Microsoft pr??voit une conf??rence de presse d?  s ce soir... e???

https://t.co/LY3WDKv5zf",249,0,3419973993.0,EsensConsulting,1.62e+18,Tue Feb 07 09:56:10 +0000 2023,2023/2/7 9:56,0,0,0,https://twitter.com/EsensConsulting/status/1622896997811322880,0,52833
54980,"#Google annonce #Bard, sa r??ponse ?? #ChatGPT : https://t.co/JMcQE2LJwz",72,0,104809132.0,superzombie71,1.62e+18,Tue Feb 07 13:32:25 +0000 2023,2023/2/7 13:32,0,0,0,https://twitter.com/superzombie71/status/1622951417982902272,0,54981
59119,"#IA a?????

#Google annonce #Bard, son IA concurrente de #ChatGPT e??  

e???e???e???
https://t.co/yioFSVsBfH",114,0,103839670.0,FranckDeO,1.62e+18,Tue Feb 07 20:35:52 +0000 2023,2023/2/7 20:35,0,0,0,https://twitter.com/FranckDeO/status/1623057983155605504,0,59120
59415,"#IA a?????

#Google annonce #Bard, son IA concurrente de #ChatGPT e??  

e???e???e???
https://t.co/yioFSVs3q9",114,0,103839670.0,FranckDeO,1.62e+18,Tue Feb 07 21:10:45 +0000 2023,2023/2/7 21:10,0,0,0,https://twitter.com/FranckDeO/status/1623066762286624790,0,59416
