,full_text,text_length,at_num,user_id_str,screen_name,id_str,created_at,publish_time,favorite_count,retweet_count,reply_count,tweet_url,total_heat,tt
11839,"Tackling ""pajama time"" for physicians in the EHR. Please reply with other factors contributing to ""pajama time"" or just other thoughts on this hot topic.

#AI #OpenAI #ChatGPT #technology #informatics #digitalhealth #EMRtraining https://t.co/7Ocn4A9CRx",254,0,1.14e+18,NerdMDs,1.61e+18,Fri Jan 13 13:05:41 +0000 2023,2023/1/13 13:05,0,0,0,https://twitter.com/NerdMDs/status/1613884992421089280,0,11840
16512,"The top 5 most common attributes for a successful CMIO. OpenAI ChatGPT has an answer. What other attributes do you think are key for CMIO success?

#AI #OpenAI #ChatGPT #technology #informatics #digitalhealth #CMIO #CIO https://t.co/0peWUgWiIT",245,0,1.14e+18,NerdMDs,1.62e+18,Tue Jan 17 13:04:31 +0000 2023,2023/1/17 13:04,0,0,0,https://twitter.com/NerdMDs/status/1615334251842486276,0,16513
26760,"How do we make a Primary Care career the most enticing for physicians? ChatGPT has some thoughts. Informatics can surely help improve the administrative burden. What are your thoughts?

#AI #OpenAI #ChatGPT #technology #informatics #digitalhealtha?| https://t.co/ksO3Npu6Uz",275,0,330675171.0,adamcarewe,1.62e+18,Fri Jan 27 13:02:42 +0000 2023,2023/1/27 13:02,0,0,0,https://twitter.com/adamcarewe/status/1618957672635633666,0,26761
26761,"How do we make a Primary Care career the most enticing for physicians? ChatGPT has some thoughts. Informatics can surely help improve the administrative burden. What are your thoughts?

#AI #OpenAI #ChatGPT #technology #informatics #digitalhealtha?| https://t.co/YcZ4ujYW4Y",275,0,1.14e+18,NerdMDs,1.62e+18,Fri Jan 27 13:02:53 +0000 2023,2023/1/27 13:02,0,0,0,https://twitter.com/NerdMDs/status/1618957717770571777,0,26762
32151,"What are the Top 5 ways to decrease the total cost of healthcare in the United States? ChatGPT has some thoughts. What else should be on this list?

#AI #OpenAI #ChatGPT #technology #informatics #insurance #costofcare #valuebasedcare https://t.co/gCjq1qKJA9",259,0,330675171.0,adamcarewe,1.62e+18,Tue Jan 31 13:01:42 +0000 2023,2023/1/31 13:01,0,0,0,https://twitter.com/adamcarewe/status/1620406972360101888,0,32152
