,full_text,text_length,at_num,user_id_str,screen_name,id_str,created_at,publish_time,favorite_count,retweet_count,reply_count,tweet_url,total_heat,tt
6122,"#AI like #ChatGPT is disrupting the world. 

In the face of such major change, what does the new year look like for the #ERP industry? Will AI be the only disruptor? Find out ERP #trends2023: https://t.co/qzk3xgpp02

#chatgptai #artificialintelligence #aitechnology #erpsolutions",283,0,850644061.0,Uneecops,1.61e+18,Mon Jan 09 08:49:04 +0000 2023,2023/1/9 8:49,1,0,0,https://twitter.com/Uneecops/status/1612370861788659714,1,6123
11490,"ChatGPT. Everybody seems to be talking about it. But what is ChatGPT? And what implications could it have for teachers and education?

We explore this topic further in our blog: https://t.co/gqSjM2TJtR

#prosperoteaching #chatgpt #newblog #aitechnology #teaching #education https://t.co/PtGuqsXiEP",301,0,1856733866.0,Prospero_Teach_,1.61e+18,Fri Jan 13 10:18:04 +0000 2023,2023/1/13 10:18,1,0,0,https://twitter.com/Prospero_Teach_/status/1613842810657964033,1,11491
21115,"When Google is worried you know you have a pretty impressive and powerful tool in ChatGPT  #aitechnology #ChatGPT  

https://t.co/JOamwsIxAo",142,0,26213291.0,ChipMonkMedia,1.62e+18,Sat Jan 21 23:29:39 +0000 2023,2023/1/21 23:29,2,0,0,https://twitter.com/ChipMonkMedia/status/1616941122840059904,2,21116
24029,"e?  ?The talk of the town, ChatGPT has shaken up the world with its AI driven technology.

e?  ?Marketeers have already started using it to their advantage especially when it comes to Email Marketing.

Read More: https://t.co/ugRMCHV1Uk

#chatgpt #aitechnology #ai #emailmarketing https://t.co/atb3U7VWJ2",310,0,23936931.0,Marketscan,1.62e+18,Wed Jan 25 15:58:54 +0000 2023,2023/1/25 15:58,1,1,0,https://twitter.com/Marketscan/status/1618277236616093698,2,24030
48706,@pcgamer It is the beginning of the #AI-powered entertainment business! AI is set to revolutionize the way we enjoy and interact with entertainment. Can't wait to see what the future holds! #aitechnology #Entertainment #ChatGPT,227,1,1.36e+18,TheAIPuppetShow,1.62e+18,Tue Feb 07 00:15:36 +0000 2023,2023/2/7 0:15,4,0,0,https://twitter.com/TheAIPuppetShow/status/1622750893333438465,4,48707
74319,"#ChatGPT can drive real value and enhance retailers' processes e???  By integrating it with your platform or app you can train it specifically to serve your business needs. Here are 15 ways retailers can take advantage of e??? https://t.co/rt0vsmiwNu

#retail #aitechnology #ai https://t.co/EdYfgUEArD",303,0,1039309916.0,altamira_group,1.63e+18,Mon Feb 13 19:45:05 +0000 2023,2023/2/13 19:45,1,0,0,https://twitter.com/altamira_group/status/1625219527574167553,1,74320
76359,"Top 5 Useful AI Websites for Developers

1) tensorflow
2) Keras
3) OpenAI
4) PyTorch
5) IBM Watson
#ai
#usefulinformation #openai #chatgpt #chatgptai #chatgpt3 #wednesday #developer #aitechnology #trending #websites #sourceved #sourcevedtechnologies https://t.co/R5eqNvCHxh",281,0,1.52e+18,SourcevedReal,1.63e+18,Wed Feb 15 06:30:35 +0000 2023,2023/2/15 6:30,1,0,0,https://twitter.com/SourcevedReal/status/1625744362830450688,1,76360
78456,"ChatGPT Complete Guide: From What to What Next?

https://t.co/vr2UktXG8Y

#chatgpt #chatgptguide #aichatbot #chatbots #artificialintelligence #machinelearning #aitechnology #technology #hyperlinkinfosystem",209,0,1064928774.0,hyperlinkinfo,1.63e+18,Wed Feb 15 13:08:28 +0000 2023,2023/2/15 13:08,3,0,0,https://twitter.com/hyperlinkinfo/status/1625844492543864832,3,78457
92816,"Technology has made #research easy and fun or who would have thought of spending days and nights in a library to write a research article just to get rejected from journals. e???e???
#aitechnology #AI #Chatgpt #academia",220,0,1.63e+18,AliFaisalGad,1.63e+18,Mon Feb 27 07:43:44 +0000 2023,2023/2/27 7:43,2,0,0,https://twitter.com/AliFaisalGad/status/1630111424943980548,2,92817
93583,"In this movie you can see how great a human masterpiece can be.
#Chappie
#aitechnology #BostonDynamics
#ChatGPT #Atlas #Grt https://t.co/3rucbdkE3s",150,0,1.59e+18,24lmNapoleon,1.63e+18,Mon Feb 27 10:42:05 +0000 2023,2023/2/27 10:42,1,0,0,https://twitter.com/24lmNapoleon/status/1630156310472978434,1,93584
