,full_text,text_length,at_num,user_id_str,screen_name,id_str,created_at,publish_time,favorite_count,retweet_count,reply_count,tweet_url,total_heat,tt
28348,This is an interesting article about how Big Tech is moving with AI tools. One argument some people make is that the public wouldna??t be ready for it. Imagine if the same were said when the printing press was invented! Worth looking at. #education  #ChatGPT https://t.co/7Rpysl3Lyx,282,0,24521928.0,Delta_Cephei,1.62e+18,Fri Jan 27 23:51:40 +0000 2023,2023/1/27 23:51,3,1,1,https://twitter.com/Delta_Cephei/status/1619120989635477504,5,28349
45457,"8. Educational applications: ChatGPT can be used to create educational apps, providing interactive lessons and quizzes.

#ChatGPT #ContentWriting #education  #AI #ArtificialIntelligence #tool #quiz",199,0,1.48e+18,sahu_deep2,1.62e+18,Fri Feb 03 15:31:39 +0000 2023,2023/2/3 15:31,0,0,1,https://twitter.com/sahu_deep2/status/1621531873737584640,1,45458
69881,"Educators remain divided over the larger effects of artificial intelligence technology, such as OpenAI's ChatGPT, as new studies demonstrate students are utilizing it.

#chatgpt  #AI  #education  #studentswork https://t.co/hHuhjtcngn",235,0,2264849412.0,LogicalIndians,1.63e+18,Mon Feb 13 07:48:44 +0000 2023,2023/2/13 7:48,7,0,2,https://twitter.com/LogicalIndians/status/1625039254828220416,9,69882
71583,"I just published How to reduce the negative impact of ChatGPT on education. 
#RPA  #ChatGPT  #education  #automation
https://t.co/T83xNwnxhV",142,0,1.59e+18,Tikflowrpa,1.63e+18,Mon Feb 13 12:34:07 +0000 2023,2023/2/13 12:34,0,0,0,https://twitter.com/Tikflowrpa/status/1625111072599580673,0,71584
75186,ChatGPT and Plagiarism: Student Cheating Concerns May Be Overblown https://t.co/ZYqNsWPxfj #college #collegetalk #essayhelp #collegeessay #highschool#education  #ChatGPT #Plagiarism https://t.co/Y41AZErjYO,205,0,106211314.0,College_Experts,1.63e+18,Mon Feb 13 22:45:12 +0000 2023,2023/2/13 22:45,0,0,0,https://twitter.com/College_Experts/status/1625264855019028480,0,75187
75509,ChatGPT and Plagiarism: Student Cheating Concerns May Be Overblown https://t.co/ZYqNsWPxfj #college #collegetalk #essayhelp #collegeessay #education  #highschool #ChatGPT #Plagiarism https://t.co/U7BMHItwXw,206,0,106211314.0,College_Experts,1.63e+18,Wed Feb 15 02:40:11 +0000 2023,2023/2/15 2:40,0,0,0,https://twitter.com/College_Experts/status/1625686379236655105,0,75510
76710,"The Ministry of #Electronics and #IT (MeitY) is reportedly working on a #ChatGPT -powered #WhatsApp chatbot to help Indian #farmers learn more about various #Government schemes

#chatbot #learn #scheme #education  #news  #NewsUpdates  #LatestNews #help #educational #AI https://t.co/emSYcWDbt5",295,0,7.76e+17,theknowledgerv,1.63e+18,Wed Feb 15 07:47:40 +0000 2023,2023/2/15 7:47,0,0,0,https://twitter.com/theknowledgerv/status/1625763762295967744,0,76711
79991,"Join us for a special webinar about designing lessons that cannot be completed using #AI tools. We specialize in bringing these types of #science inquiries to #classrooms, &amp; we're looking forward to hosting this session! @OfficialNGSS #education  #ChatGPT https://t.co/9F0qoEiE4E https://t.co/mDFan4TjI1",307,1,1.29e+18,HeadwatersInst,1.63e+18,Wed Feb 15 16:45:04 +0000 2023,2023/2/15 16:45,1,2,0,https://twitter.com/HeadwatersInst/status/1625899003761111057,3,79992
