,full_text,text_length,at_num,user_id_str,screen_name,id_str,created_at,publish_time,favorite_count,retweet_count,reply_count,tweet_url,total_heat,tt
8049,"Why did the first world problem go to therapy? { Because it had too much ""extra foam"" in its latte. }

#haha #funny #laugh #joke #jokes #viral #ai #artificialintelligence #comedian #coffee #firstworldproblems #chatgpt https://t.co/KzqiSdR5MK",243,0,1.61e+18,theaicomedian,1.61e+18,Wed Jan 11 04:28:51 +0000 2023,2023/1/11 4:28,1,0,0,https://twitter.com/theaicomedian/status/1613030150291001345,1,8050
14857,#viral #viralreels #viralvideo #viral_video #viral_video_tiktok #tiktok #youtube #youtubeshorts #tour #travel #software #chatgpt #ai https://t.co/PJsnGhXmMS,156,0,1.41e+18,isoftultimate,1.61e+18,Sun Jan 15 22:25:18 +0000 2023,2023/1/15 22:25,0,0,0,https://twitter.com/isoftultimate/status/1614750602348609536,0,14858
27565,"Even AI agreed with it....e?  -
Power of Woman...e??ae???

#programming #codinglife #ArtificialIntelligence #ChatGPT #jokes #viral #newworld2023 https://t.co/OTZkXYEbGB",171,0,1.43e+18,Dineshstark_7,1.62e+18,Fri Jan 27 17:25:29 +0000 2023,2023/1/27 17:25,2,2,0,https://twitter.com/Dineshstark_7/status/1619023802004021248,4,27566
31236,"Excel - Excel formulas + SORT Function for Data Analytics https://t.co/dIsA77Dui7 via @YouTube Excel - Excel formulas + SORT Function for Data Analytics 
#excel #chatgpt #courses #automation #viral #ai #official #formula #datascience #microsoft #youtube #youtubeshorts",269,1,1515163291.0,harisystems,1.62e+18,Tue Jan 31 07:02:19 +0000 2023,2023/1/31 7:02,2,1,0,https://twitter.com/harisystems/status/1620316531954712576,3,31237
34472,"Where is my Blue Checkmark Elon?  What am I paying $8 a month for? Hello? #nftcommunity #nft #marketing
#twitterblue #whereismybluecheck #nftcommunity #nft #aiartcommunity #aiart #ai #bitcoin #film #metaverse #web3 #gpt3 #chatgpt #marketing #seo #sem #viral #meme #stablediffusion https://t.co/AMJP1p93tO",305,0,9.52e+17,BitcoinsEarth,1.62e+18,Wed Feb 01 03:05:37 +0000 2023,2023/2/1 3:05,4,1,1,https://twitter.com/BitcoinsEarth/status/1620619351434076160,6,34473
39253,"""Iris"" - Available on all platforms!
#asurcana #music #song #newsingle #single #guitar #top #spotify #youtube #tidal #argentina #mexico #eeuu #japan #chillwave #synthwave #anime #citypop #Iris #top #viral #ChatGPT #IA #bso 
https://t.co/gzRC0B0RA4",249,0,555462596.0,Asurcana,1.62e+18,Wed Feb 01 18:19:20 +0000 2023,2023/2/1 18:19,9,1,1,https://twitter.com/Asurcana/status/1620849294063583233,11,39254
40018,"Yeah. So AI would create an education system for Elementary Kids and teach them about #gender #ideology 

#trending #viral #chat #ChatGPT #WokeMindVirus #woke #lefties #DemocratsAreEvil https://t.co/0xuGetUEyR",211,0,1.59e+18,unleashedjake,1.62e+18,Wed Feb 01 20:27:10 +0000 2023,2023/2/1 20:27,1,0,0,https://twitter.com/unleashedjake/status/1620881464962453504,1,40019
47402,"Creators of ChatGPT might launch a tool to tell you if an AI wrote that CV or cover letter.

Click the link to know more.

#TrendingNow #explore #AI #viral #ChatGPT #FYP 

https://t.co/beK8gbtC6A",201,0,7.19e+17,GNBSocial,1.62e+18,Fri Feb 03 21:00:00 +0000 2023,2023/2/3 21:00,0,0,0,https://twitter.com/GNBSocial/status/1621614503229296640,0,47403
48719,"Mei(The Truth) Streaming in Moviewood &amp; Galaxy OTT at just Rs 20+GST

#memes #meithetruth #moviewood #galaxyott #directorharish #ott #payperview #trending #streaming #fun #likesforlike #ChatGPT #viral #Trending #TrendingNow #Memes #MondayMotivation #fun #StreamingNow #Twitter https://t.co/BQvOrqPbJt",306,0,134842633.0,harishgokul89,1.62e+18,Tue Feb 07 00:17:35 +0000 2023,2023/2/7 0:17,1,0,0,https://twitter.com/harishgokul89/status/1622751391461814273,1,48720
52713,"2 Alternatives to Chatgpt as it is down all the time
#viral #viralreel #ChatGPT #down #all the time https://t.co/tLdkKwawrj",124,0,1.41e+18,isoftultimate,1.62e+18,Tue Feb 07 09:44:11 +0000 2023,2023/2/7 9:44,1,0,0,https://twitter.com/isoftultimate/status/1622893981481803777,1,52714
54724,"?  ?  ?     ?  ?  ?  ??a   ?? 歙?  1?   ?1?  ?    ? ?1  ?  ???   ??   ?    ??  ??   ??  ? 歙??  
   ?    ?  ? 歙?   ??2???  ?  ?1  ???     ?????  ?    ????a  ?  ???  ??     ??-  ??   ?  ?1??  ? ??? 歙? ?3??   ?  ?? 歙??  ?a   ?????

#Peshawar #Gwadar #ChatGPT #viral #imrankhanPTI #PervezMusharraf #gold #?  stanbul #HiraMani #?2  ??2? 歙? #sunrisewithadeel
#KP360Updates https://t.co/DeZWoHh6ba",393,0,1.59e+18,DrSajidDsk,1.62e+18,Tue Feb 07 13:07:17 +0000 2023,2023/2/7 13:07,9,1,0,https://twitter.com/DrSajidDsk/status/1622945091248693248,10,54725
54742,"Golden Words by Che Guevara

#Gwadar #ChatGPT #viral #imrankhanPTI #PervezMusharraf #gold #?  stanbul #HiraMani #?2  ??2? 歙? #sunrisewithadeel https://t.co/YKLVqeGX5P",168,0,1.59e+18,DrSajidDsk,1.62e+18,Tue Feb 07 13:09:47 +0000 2023,2023/2/7 13:09,42,16,3,https://twitter.com/DrSajidDsk/status/1622945720604016640,61,54743
54834,"ChatGPT vs Google
#ArtificialIntelligence #ChatGPT #viral #BBTitians https://t.co/BNCP2MXQyu",93,0,1.4e+18,GMofficial12,1.62e+18,Tue Feb 07 13:19:50 +0000 2023,2023/2/7 13:19,0,0,0,https://twitter.com/GMofficial12/status/1622948252457762817,0,54835
55041,"    ?    2    瑷? ?     ?    ?    悒? 瑷? ?    琛?   ?    悒? ?    ?! e??1
#viral #Trending #Live #ChatGPT #Turkey #?2  ??2? 歙?_?3  ??    ??  _?a?    ?  ??   #  ??  ? 戗?1  1?  ??  ??  ?1  ?    ? 楱?? #? 歙?  ?  ?? 歙?_  ?  ?? 歙?  ???  ? https://t.co/JaLaV1kZCu",253,0,1.62e+18,DrjNews,1.62e+18,Tue Feb 07 13:38:07 +0000 2023,2023/2/7 13:38,0,0,0,https://twitter.com/DrjNews/status/1622952853072646144,0,55042
55267,"  ?  ?  ??? ??  ?  ????|?   ?3  ???  ?? 洙?   ?  ???  1??   ???   ????|?    ???  ? ? 歙??     ??  ? 歙??   ?2  ?  ???   ??? ?  ??  1  ?       ?  ??3  ?  1  ?  1   ?  ?  1   ???  ??    ?  ??  1?     ?? 歙??  ? 歙? ? 歙?  ?  ?   ??? ?  ? 歙??  ?1?  ??   1???3  1   ??    ?  1 ?3?? ?  ??  1?  ?|?    ?  ?  1   ??   ?  ?1  ?? 歙?   ??  ?  ???  ??
#Turkey #BBTitians #earthquake #viral #hiramani #ChatGPT #ArtificialIntelligence #art #HelpSyria https://t.co/5t6KKfUUEs",456,0,1.54e+18,Mohammad445555,1.62e+18,Tue Feb 07 14:00:00 +0000 2023,2023/2/7 14:00,13,6,0,https://twitter.com/Mohammad445555/status/1622958357517574144,19,55268
55291,"OpenAI's ChatGPT has been making headlines lately, and the enthusiasm for it has been growing rapidly among the public

#ChatGPT #AnandMahindra #viral #Trending https://t.co/U6QUxhc5yj",186,0,1.02e+18,tnec_IN,1.62e+18,Tue Feb 07 14:01:51 +0000 2023,2023/2/7 14:01,1,0,0,https://twitter.com/tnec_IN/status/1622958823656022016,1,55292
55339,"I'll always be there. Always. It's not the powers. Not the cape. It's about standing up for justice. For truth. As long as people like you are out there, I'll be there. Always.
'SUPERMAN'

#Gwadar #ChatGPT #viral #imrankhanPTI #PervezMusharraf #gold #?  stanbul #HiraMani #?2  ??2? 歙? https://t.co/mKpZggtGsu",311,0,1.59e+18,DrSajidDsk,1.62e+18,Tue Feb 07 14:07:43 +0000 2023,2023/2/7 14:07,30,7,0,https://twitter.com/DrSajidDsk/status/1622960301225246721,37,55340
55550,"The federal government has prepared a bill to five-year imprisonment will be awarded to whoever scandalises or ridicules the Pakistan Army and judiciary through any medium.
#Turkey #BBTitians #HogwartsLegacy #earthquake #viral #ChatGPT https://t.co/uVEcCliiI1",260,0,1.54e+18,Mohammad445555,1.62e+18,Tue Feb 07 14:25:31 +0000 2023,2023/2/7 14:25,17,8,0,https://twitter.com/Mohammad445555/status/1622964781031297025,25,55551
55610,"Artist announcement!e??  

Unleashing the Magic: Shae Gill Brings the Official HBL PSL 6 Anthem to Life! a?  
How excited are you?

#HBLPSL8 #SabSitarayHumaray #ShaeGill #Sports  #PervezMusharraf #ArtificialIntelligence #HiraMani #?  stanbul #viral #gold #Anthem #ChatGPT #Turkey https://t.co/dw2HzMr9JE",308,0,1.56e+18,BcastRepublic,1.62e+18,Tue Feb 07 14:31:30 +0000 2023,2023/2/7 14:31,0,0,0,https://twitter.com/BcastRepublic/status/1622966287658893312,0,55611
56482,"#PrayersForTurkey
#Turkey
#TurkeyEarthquake
#hiramani
#PrayForTurkeyAndSyria
#HiraMani
#ArtificialIntelligence
#PervezMusharraf
#PrayersForTurkey
#ChatGPT
#turkiyeearthquake
Pray For Turkey &amp; Syria . e??1e??   
#viral #Allah https://t.co/0ZBSrHJtcw",264,0,1.21e+18,Dkmarwat02,1.62e+18,Tue Feb 07 15:56:40 +0000 2023,2023/2/7 15:56,0,0,0,https://twitter.com/Dkmarwat02/status/1622987717679149056,0,56483
56717,"SPUR has announced its partnership with Accelerate Prosperity, an Aga Khan Development Network initiative for startups and small businesses. 

#BroadcastRepublic #Spur #Metric #AccelerateProsperity #viral #PervezMusharraf #ChatGPT 
e??? Read More: https://t.co/bySRUwdJ6C https://t.co/HVsQu01KBH",298,0,1.56e+18,BcastRepublic,1.62e+18,Tue Feb 07 16:22:23 +0000 2023,2023/2/7 16:22,0,0,0,https://twitter.com/BcastRepublic/status/1622994190819897348,0,56718
57205,"Do you know 5 cool features of JavaScript that make it a powerful and versatile programming language:

Read more in thread
Retweet and follow @Qaiser_Abas for more

#javascript #tutorial #viral #technology #ChatGPT #AI #CSS",228,1,430515486.0,Qaiser_Abas,1.62e+18,Tue Feb 07 17:12:22 +0000 2023,2023/2/7 17:12,0,0,1,https://twitter.com/Qaiser_Abas/status/1623006770724581393,1,57206
57700,"Mental health is just as important as physical health. Take care of yourself, both inside and out. #mentalhealthawareness #selfcare
#viral #BBTitians #HogwartsLegacy #Turkey #ChatGPT",183,0,1.25e+18,syedimadfaizi,1.62e+18,Tue Feb 07 18:11:34 +0000 2023,2023/2/7 18:11,0,0,0,https://twitter.com/syedimadfaizi/status/1623021667734749190,0,57701
58005,"https://t.co/oVIRyn7ZpS
Top 12 disadvantages of ChatGPT | Dark side of ChatGPT
#chatgpt #chatgpt3
#ChatGPT?3  ??? #chatgptdisadvantages #disadvantagesofchatgpt #viral #breaknews #ai #ArtificialIntelligence #chatbots",218,0,2790411715.0,aliidrees25,1.62e+18,Tue Feb 07 18:39:03 +0000 2023,2023/2/7 18:39,0,0,0,https://twitter.com/aliidrees25/status/1623028583252754432,0,58006
58589,"The #Metaverse is shaping up to be the next big frontier for #ArtificialIntelligence e??? AI-powered avatars, smart cities, and virtual commerce will all play a big role in the metaverse of the future. Can't wait to see what new possibilities AI will bring!e???#VR #viral #ChatGPT e???",285,0,7.91e+17,TrendsetterEth,1.62e+18,Tue Feb 07 19:36:07 +0000 2023,2023/2/7 19:36,2,2,1,https://twitter.com/TrendsetterEth/status/1623042944360976386,5,58590
59278,"Download Now 500 Canva #Templates Bundle and 3500 #mockups and #bella #tshirt mockups for #etsy #shop and 18k

Here &gt;&gt;&gt;&gt; https://t.co/H2YEgLMd2G

#HogwartLegacy #HogwartsLegacy #BBTitians #BBTitansXJameson #viral #ChatGPT #TurkeyEarthquake #turkeyearthquake2023 https://t.co/rtdsjDXysf",301,0,1.55e+18,ThomasSStepney1,1.62e+18,Tue Feb 07 20:54:13 +0000 2023,2023/2/7 20:54,4,257,10,https://twitter.com/ThomasSStepney1/status/1623062601575063558,271,59279
61808,"In the race to dominate the AI chatbot field, Google made a costly mistake with their ChatGPT rival, Bard, leading to a 9% stock drop and a missed opportunity to compete with Microsoft Bing. e???

#stocks #trending #chatgpt #openai #google #bard #ai #marketing #viral #latestnews... https://t.co/56WzV1pyXk",308,0,1.49e+18,growthvirality,1.62e+18,Thu Feb 09 23:23:29 +0000 2023,2023/2/9 23:23,0,0,0,https://twitter.com/growthvirality/status/1623824941497077760,0,61809
64414,"This #ValentinesDay, 62% of Indians to use #ChatGPT for love letters, reveals survey

Titled #ModernLove research report, the survey was conducted with 5,000 participants across the US, UK, France, Germany, Australia, India, Japan, Brazil, &amp; Mexico

#viral #Trending #AI https://t.co/m9FBRN7sYE",302,0,125582800.0,htcity,1.62e+18,Sat Feb 11 10:15:12 +0000 2023,2023/2/11 10:15,0,1,2,https://twitter.com/htcity/status/1624351339471060994,3,64415
68460,"#ai #jokes #funny #viral #twitter #trending #chatgpt
Why did the AI cross the road?

To get to the other side of the algorithm!",130,0,1.57e+18,ChebylAdam,1.62e+18,Mon Feb 13 01:10:35 +0000 2023,2023/2/13 1:10,1,1,0,https://twitter.com/ChebylAdam/status/1624939057531744257,2,68461
76532,"""Hey ChatGPT, I challenge you to write a viral tweet without any groundbreaking ideas! Can you make it happen? e?  ? #viral #challengeaccepted #creativity""

Let's see what happens #ChatGPT...e?  ?",198,0,1.62e+18,DuetsAi,1.63e+18,Wed Feb 15 07:17:36 +0000 2023,2023/2/15 7:17,0,0,1,https://twitter.com/DuetsAi/status/1625756193179181057,1,76533
77537,"Indian government planned to integrate #WhatsApp with #ChatGpt for farmers explained by OCEANMTECH DMT POSTER MAKER &amp; VIDEO MAKER
https://t.co/QodfDYbqup

#viral #india #likes #trending  #business #freedom #news #product #startups #government #modi #indiannews #oceanmtechdmt https://t.co/TsgImrvHok",306,0,270228726.0,manojhirpara,1.63e+18,Wed Feb 15 10:30:00 +0000 2023,2023/2/15 10:30,0,0,0,https://twitter.com/manojhirpara/status/1625804615055818752,0,77538
77984,"Top 10 #ChatGPTDetector #Tools to check #AI-generated #content for #SEO
https://t.co/dhcGdJBHsa
#ChatGPT #detectortools #contentchecker #plagiarismchecker #duplicationchecker #Chatgpt3 #OpenAI #AI #Aicontent #breaknews #trend #viral #trending #TrendingNow",257,0,1.55e+18,softorithm,1.63e+18,Wed Feb 15 11:59:31 +0000 2023,2023/2/15 11:59,0,0,0,https://twitter.com/softorithm/status/1625827141660319749,0,77985
78189,"Comparison between ChatGPT &amp; GoogleBARDa?  
#chatgpt #googlebard #ai #openai #google #Twitter  #chatbot #bard #googleai #TrendingNow  #digitalmarketing #bing #aichatbot #technology #technews #trending #viral #explore #bhfyp #ConceptServeTechnologies #cst #cstfamily #conceptserve https://t.co/2LLkWBMBPY",308,0,2518077715.0,ConceptServe,1.63e+18,Wed Feb 15 12:31:44 +0000 2023,2023/2/15 12:31,0,0,0,https://twitter.com/ConceptServe/status/1625835249765879810,0,78190
78232,"https://t.co/hZjLT1eona
ChatGPT Tutorial - How to use Chat GPT for Learning and Practicing English in a fun way!
#chatGPT #englishWithChatGPT #englishSpeaking #chatGPT #tips #viral #fun #laugh #learn #reels #new #Trending",223,0,1.49e+18,ILearning001,1.63e+18,Wed Feb 15 12:37:10 +0000 2023,2023/2/15 12:37,0,0,0,https://twitter.com/ILearning001/status/1625836617712926720,0,78233
78331,"CBSE bans use of ChatGPT in class 10, 12 board exams

#CBSE #ban #ChatGPT #student #teacher #class #electronic #school #new #viral #viralnews #ahmedabadmirror #ahmedabadmirrorofficial #newspaper #breakingnews #englishnewspaper #ahmedabad #gujarat #india #trending #facebook https://t.co/qkdGOwdF8H",299,0,124121096.0,ahmedabadmirror,1.63e+18,Wed Feb 15 12:53:34 +0000 2023,2023/2/15 12:53,3,0,0,https://twitter.com/ahmedabadmirror/status/1625840743704317952,3,78332
78432,"Hai What Is ChatGPT In Hindi?
#ChatGPT #OpenAI #HowTo #learning #India #viral #Trending #tech https://t.co/01H2R9H4fp",118,0,1.15e+18,its_pulak,1.63e+18,Wed Feb 15 13:05:44 +0000 2023,2023/2/15 13:05,0,0,0,https://twitter.com/its_pulak/status/1625843804698984449,0,78433
80012,"What is chat got ?e??  

#chatgpt #how_to_chatgpt #kay_ha_chatgpt #hacker #programming #viral #viralvideo all in one hacker17 #dengarlahbintanghatiku #dengar #what_is_chatgpte??? #full_example #full_details #viralshort #hacker #hack ...  e??  e??  e??  e??  . https://t.co/E24XA9TaHx",285,0,1.56e+18,New_video_edit,1.63e+18,Wed Feb 15 16:49:26 +0000 2023,2023/2/15 16:49,2,3,0,https://twitter.com/New_video_edit/status/1625900102840725506,5,80013
83066,What is Chat GPT and How to Use it? full explain #dindtech #viral #chatgpt - promote your youtube channel @drummitup1 #YouTubers https://t.co/o7pZgaGJ6e,152,1,1.26e+18,IqbalHussainy1,1.63e+18,Tue Feb 21 18:13:08 +0000 2023,2023/2/21 18:13,0,1,0,https://twitter.com/IqbalHussainy1/status/1628095490150793216,1,83067
85142,Las mejores herramientas de Inteligencia artificial #viral #parati #foryou #shorts #short #chatgpt https://t.co/KnzcPYQS5b,122,0,1.37e+18,Armando63286997,1.63e+18,Thu Feb 23 05:07:12 +0000 2023,2023/2/23 5:07,3,2,0,https://twitter.com/Armando63286997/status/1628622481132077056,5,85143
85783,"#IndiInfo Ada yang lagi rame ni tentang ChatGPT, ada yg tau gak nih Sob? Coba komen di kolom komentar yae??? 

#fyp #viral #ChatGPT  #openai #AktivitasTanpaBatas #IndiHome  #chatbot #ElonMusk https://t.co/AclEyRmTTj",217,0,196499091.0,IndihomeJTD,1.63e+18,Thu Feb 23 07:35:51 +0000 2023,2023/2/23 7:35,51,30,118,https://twitter.com/IndihomeJTD/status/1628659889462738944,199,85784
