,full_text,text_length,at_num,user_id_str,screen_name,id_str,created_at,publish_time,favorite_count,retweet_count,reply_count,tweet_url,total_heat,tt
92537,"Read this blog https://t.co/Rkx28jtT7j for Differences and Similarities between Bing and #bardchat.
a?????a?????a?????a?????a?????a?????a?????a?????a?????
#sensationsolutions #ChatGPT #OpenAI #AI #Bard #Google #Microsoft #SundarPichai #Bard #bing #ArtificialIntelligence #BardAI #bingchatbot #bingAI",301,0,1272039889.0,SensationSol,1.63e+18,Mon Feb 27 06:21:54 +0000 2023,2023/2/27 6:21,1,0,1,https://twitter.com/SensationSol/status/1630090831192526848,2,92538
93238,"Difference between BARD AI and chatGPT AI

#BardAi #googlenews #viralnews #googlemarketing #alexa #TrendingNews #TrendingNewsinIndia  #viralnews #Microsoft #Chatgpt #bingchatbot #technology #sharemarketcrash

https://t.co/1ffNTZVEp7",236,0,150413952.0,iashishhdi,1.63e+18,Mon Feb 27 09:23:51 +0000 2023,2023/2/27 9:23,1,0,0,https://twitter.com/iashishhdi/status/1630136620212170752,1,93239
93250,"Bard Ai login and signup

#BardAi #googlenews #viralnews #googlemarketing #alexa #TrendingNews #TrendingNewsinIndia  #viralnews #Microsoft #Chatgpt #bingchatbot #technology

https://t.co/iQO1PTjEub",201,0,150413952.0,iashishhdi,1.63e+18,Mon Feb 27 09:26:20 +0000 2023,2023/2/27 9:26,0,0,0,https://twitter.com/iashishhdi/status/1630137247164137472,0,93251
93254,"What will be the impact of AI on seo in 2023 and beyond?

#BardAi #googlenews #viralnews #googlemarketing #alexa #TrendingNews #TrendingNewsinIndia  #viralnews #Microsoft #Chatgpt #bingchatbot #technology #DigitalMarketing 

https://t.co/xhskyB9lwD",252,0,150413952.0,iashishhdi,1.63e+18,Mon Feb 27 09:27:18 +0000 2023,2023/2/27 9:27,0,0,0,https://twitter.com/iashishhdi/status/1630137489079025664,0,93255
93280,"The Create a radio button has indeed been introduced to YouTube Music
#googlenews #viralnews #googlemarketing  #TrendingNews #TrendingNewsinIndia  #viralnews #Microsoft #Chatgpt #bingchatbot #technology #youtuberadio #Youtubenews #YouTube #YouTuber 

https://t.co/duZXB6qW7y",277,0,150413952.0,iashishhdi,1.63e+18,Mon Feb 27 09:33:17 +0000 2023,2023/2/27 9:33,0,0,0,https://twitter.com/iashishhdi/status/1630138995329073152,0,93281
97557,"Wow, Binga??s thirsty AF. ChatGPT doesn't give it up until the third prompt. #chatgpt #gpt #gpt3 #chatbot #bing #BingAI #bingchatbot #BingChatGPT #ai #ArtificialIntelligence #web3 #dtf #emoji https://t.co/zBRr73ib4e",215,0,1.6e+18,FunWithChatGPT,1.63e+18,Mon Feb 27 23:53:38 +0000 2023,2023/2/27 23:53,2,0,1,https://twitter.com/FunWithChatGPT/status/1630355508262739968,3,97558
