,full_text,text_length,at_num,user_id_str,screen_name,id_str,created_at,publish_time,favorite_count,retweet_count,reply_count,tweet_url,total_heat,tt
15677,"Design and Client
#chatgpt #chatgpt3 #designerlife #designer #meme #joy #fun https://t.co/rKaSelkHiC",101,0,1.2e+18,pankajyarg1,1.62e+18,Tue Jan 17 07:22:10 +0000 2023,2023/1/17 7:22,1,0,0,https://twitter.com/pankajyarg1/status/1615248093577969664,1,15678
22078,"Hashtagse???
#api #software #softwaredeveloper #programming
#programmer #coding #coder #code #web #website
#design #designer #development #developer
#webdesign  #webdevelopment
#webdeveloper #frontend #backend #frontenddeveloper
#backenddeveloper 
#javascript #js #reactjs #chatgpt",288,0,2772552182.0,michaelosas78,1.62e+18,Wed Jan 25 00:53:13 +0000 2023,2023/1/25 0:53,7,2,1,https://twitter.com/michaelosas78/status/1618049316056358915,10,22079
26724,"Weekend ist coming! #coding or #party? 

#indiedev #programmer #indiedevs #developer #designer #unity #java #python #chatgpt #motivation #projects #games #mobilegames #mobile #libgdx #react #angular #dotnet",208,0,1.57e+18,indiegamesspot,1.62e+18,Fri Jan 27 12:49:24 +0000 2023,2023/1/27 12:49,8,8,0,https://twitter.com/indiegamesspot/status/1618954325933584389,16,26725
32819,"Looking for a Brochure Design?
Get your quote- https://t.co/qTq2TnjxeT
https://t.co/5p2y2EghzY
#profile  #brochure #company #brochure #book #cover #design #brochure #companyprofile #businessprofile #graphicdesigner #portfolio #project #designer #brand #business #creative #ChatGPT https://t.co/wZojNwXYE3",307,0,1.32e+18,litonahammedgfx,1.62e+18,Tue Jan 31 16:45:39 +0000 2023,2023/1/31 16:45,1,0,0,https://twitter.com/litonahammedgfx/status/1620463331038593025,1,32820
35474,"Business Roll-Up Banner #design Template
.
Order Now: https://t.co/r66V9OYkan
:
Portfolio: https://t.co/I6CcQcE3Pz
:
Follow Me: https://t.co/tcHNoir517
:
#Corporate #business #signage #banner #Graphic #graphiccontent #GraphicDesign #ChatGPT #Creative #designer #company #branding https://t.co/ARwDxAb3bi",311,0,1.44e+18,DexignBuzz,1.62e+18,Wed Feb 01 07:24:58 +0000 2023,2023/2/1 7:24,2,1,0,https://twitter.com/DexignBuzz/status/1620684617333473280,3,35475
48306,"Excited to share my recent experience of building a simple portfolio website with the help of OpenAI's ChatGPT.  

Live Demo e??? https://t.co/iMbC21TNav 

Github e???  https://t.co/Nia1l2lxki 

 #portfolio #websitebuilding #chatgpt #openai #designer #githuba?|https://t.co/WdGbtuR19b",290,0,1.52e+18,legs_taken,1.62e+18,Sun Feb 05 22:24:24 +0000 2023,2023/2/5 22:24,0,0,0,https://twitter.com/legs_taken/status/1622360520517976065,0,48307
61875,"No Gym Today e???
#gym #fitness #fitnessgirl #work #streamer #gamer #designer #artist #TeamFortress2 #thefive #GoogleAI #AI #ChatGPT #thursdayvibes #fridaymorning #night #Motivation #FreelanceChat https://t.co/9URaIMv2ym",221,0,1.6e+18,KaylaWaltaz,1.62e+18,Thu Feb 09 23:36:15 +0000 2023,2023/2/9 23:36,1,0,0,https://twitter.com/KaylaWaltaz/status/1623828151712333824,1,61876
76553,"Tell that to AI e??? 

#ai #chatgpt #bardesign #design #designer #designers https://t.co/DZnktRy84w",101,0,1.6e+18,alvisadat1905,1.63e+18,Wed Feb 15 07:20:15 +0000 2023,2023/2/15 7:20,0,0,0,https://twitter.com/alvisadat1905/status/1625756861390786560,0,76554
77669,"Anyone using #finalcutpro?

Comment what you like most in this software which is not in other tools

#designer #videoeditor #chatgpt #tech #developer #ios #macbook #apple #applemacbook #adobe #adobepremiure",210,0,1.29e+18,TechDroidGear,1.63e+18,Wed Feb 15 10:57:02 +0000 2023,2023/2/15 10:57,0,0,0,https://twitter.com/TechDroidGear/status/1625811416057004034,0,77670
79835,"Day 69 - Trending

#DailyUI #ui #ux @figma @DailyUI
 
 #designers #UIUXDesigner #designthinking #designinspiration #100daysofpractice #appdesign #uidesign #designer #appdesign #app #web #food #tech #uiux #ChatGPT #developers 
#figma 

Other socials:
https://t.co/9EsWcPbirn https://t.co/GoUz73GgcC",305,2,1.08e+18,joshomo_,1.63e+18,Wed Feb 15 16:22:50 +0000 2023,2023/2/15 16:22,10,0,1,https://twitter.com/joshomo_/status/1625893405300588545,11,79836
92456,"(8/n)e??? GitHub repo: https://t.co/9EEx3E8LXw

#ai #job #management #ceo #github #designer #chatgpt #dalle2 #otter #developers #managers #machinelearning #deeplearning #nlp #computervision #neuralnetworks #datascience #reinforcementlearning #chatbots #robotics #supervisedlearning",283,0,3231290160.0,lakhera2015,1.63e+18,Mon Feb 27 05:51:58 +0000 2023,2023/2/27 5:51,1,1,0,https://twitter.com/lakhera2015/status/1630083299480842240,2,92457
