,full_text,text_length,at_num,user_id_str,screen_name,id_str,created_at,publish_time,favorite_count,retweet_count,reply_count,tweet_url,total_heat,tt
48471,"#Google is investing $300M in #Anthropic, an #OpenAI challenger that will take on #ChatGPT while focusing on #AI safety
https://t.co/JMYHj5nPz7
#siliconvalley #AIML #machinelearning #tech #cyberspace",201,0,18843840.0,hwingo,1.62e+18,Sun Feb 05 23:06:58 +0000 2023,2023/2/5 23:06,1,0,1,https://twitter.com/hwingo/status/1622371233374273536,2,48472
57153,Microsoft Teams Premium with ChatGPT: The Ultimate Workplace Solution #microsoft #teams #teamwork #collaboration #chatgpt #gpt3 #gearcloud #sanjose #siliconvalley #microsoftpartner #office365 https://t.co/BsO5Bddv8V https://t.co/5vyxNSIy0a,239,0,1.49e+18,RealGearCS,1.62e+18,Tue Feb 07 17:06:02 +0000 2023,2023/2/7 17:06,0,0,1,https://twitter.com/RealGearCS/status/1623005177140719634,1,57154
76845,"Why Microsoft and Silicon Valley is fascinated by this software? | Kalki... https://t.co/UTRYwFVt3B 
#chatgpt #openai #chatbot #microsoft #siliconvalley #kalkinemedia e???e???Get the #CompanyLogo #API that does what #chatGPT cannot https://t.co/zH8BnLeLXn",256,0,235439535.0,RiteKitAPI,1.63e+18,Wed Feb 15 08:20:07 +0000 2023,2023/2/15 8:20,0,0,0,https://twitter.com/RiteKitAPI/status/1625771925506084864,0,76846
96535,"When you embrace uncertainty, 
You find possibility everywhere. 

#quote #privateequity #familyoffice #venturecapital #la #austin #siliconvalley #chatgpt",156,0,1.41e+18,tahadawat,1.63e+18,Mon Feb 27 19:19:29 +0000 2023,2023/2/27 19:19,1,0,0,https://twitter.com/tahadawat/status/1630286516369911808,1,96536
96873,"Kickbacka?? a?? a new cartoon that illustrates how the circular the recent AI chatbot and big tech deals appear.

#siliconvalley #chatgpt #ai 

full description&gt; https://t.co/wafShFpOZa https://t.co/30DC1XTAVR",216,0,509313601.0,Ian_california,1.63e+18,Mon Feb 27 20:44:53 +0000 2023,2023/2/27 20:44,0,0,0,https://twitter.com/Ian_california/status/1630308007534907392,0,96874
