,full_text,text_length,at_num,user_id_str,screen_name,id_str,created_at,publish_time,favorite_count,retweet_count,reply_count,tweet_url,total_heat,tt
49891,"Video : #DataEnrichment | use cases for #LocationIntelligence e??? e??? e??? - https://t.co/Fqx5t71GXE e???e??? See the ad, select the #CompanyLogoAPI that does what  #chatGPT cannot do #logoAPI https://t.co/W5c6FWwWfa",218,0,235439535.0,RiteKitAPI,1.62e+18,Tue Feb 07 04:06:06 +0000 2023,2023/2/7 4:06,0,0,0,https://twitter.com/RiteKitAPI/status/1622808897877856257,0,49892
56608,"#Video: Introduction to TSO's #DataEnrichment Service -- DES e??? e??? - https://t.co/mtjM20Wrb1 e???e??? See the ad, select the #CompanyLogoAPI that does what  #chatGPT cannot do #logoAPI https://t.co/pHcpaM3Qr8",212,0,3004245990.0,ScrapeLogo,1.62e+18,Tue Feb 07 16:09:04 +0000 2023,2023/2/7 16:09,0,0,0,https://twitter.com/ScrapeLogo/status/1622990841039003651,0,56609
57674,"#Video: Easy #DataEnrichment in #Salesforce - with #PipeLaunch! e??? e??? - https://t.co/uCL6E3yhep e???e??? See the ad, select the #CompanyLogoAPI that does what  #chatGPT cannot do #logoAPI https://t.co/RTyEaANQ8t",215,0,3004245990.0,ScrapeLogo,1.62e+18,Tue Feb 07 18:09:04 +0000 2023,2023/2/7 18:09,1,0,0,https://twitter.com/ScrapeLogo/status/1623021039633502227,1,57675
58366,"#Video: What is #DataEnrichment? And how will it help your sales team close deals faster? e??1 e??   e??? e??? e??   a?? - https://t.co/yi8QswPzRi e???e??? See the ad, select the #CompanyLogoAPI that does what  #chatGPT cannot do #logoAPI https://t.co/gSIvrisdqD",262,0,3004245990.0,ScrapeLogo,1.62e+18,Tue Feb 07 19:12:04 +0000 2023,2023/2/7 19:12,0,0,0,https://twitter.com/ScrapeLogo/status/1623036892122910731,0,58367
59481,#Video: Extract data using API with #Python e??? e??1 e??? - https://t.co/jn8AJzvfJO e???e???Get the #CompanyLogo #API that does what #chatGPT cannot do #DataEnrichment https://t.co/jfhxPvgrsV,192,0,235439535.0,RiteKitAPI,1.62e+18,Tue Feb 07 21:20:09 +0000 2023,2023/2/7 21:20,0,0,0,https://twitter.com/RiteKitAPI/status/1623069127219769360,0,59482
61242,Leveraging the #Extract API to build sophisticated data models e??? e??? e??? - https://t.co/0kwXykSA39 e???e???Get the #CompanyLogoAPI that does what #chatGPT cannot do #DataEnrichment https://t.co/YTAVg0U5aF,209,0,3004245990.0,ScrapeLogo,1.62e+18,Thu Feb 09 21:16:04 +0000 2023,2023/2/9 21:16,0,0,0,https://twitter.com/ScrapeLogo/status/1623792874608291841,0,61243
63313,"#Video: What is #DataEnrichment? And how will it help your sales team close deals faster? e??1 e??   e??? e??? e??   a?? - https://t.co/CQHZPfy1Ek e???e??? See the ad, select the #CompanyLogoAPI that does what  #chatGPT cannot do #logoAPI https://t.co/qRmsZR3COT",262,0,235439535.0,RiteKitAPI,1.62e+18,Sat Feb 11 06:02:04 +0000 2023,2023/2/11 6:02,1,0,0,https://twitter.com/RiteKitAPI/status/1624287633663840257,1,63314
68601,#Video: Extract #SourceCode from Android app | Reverse Engineering | 2022 e???a??e??? e??1 e??   - https://t.co/MYq9OHq4TQ e???e???Get the #CompanyLogo #API that does what #chatGPT cannot do #DataEnrichment https://t.co/3fTLtQnfcm,230,0,235439535.0,RiteKitAPI,1.62e+18,Mon Feb 13 02:01:04 +0000 2023,2023/2/13 2:01,0,0,0,https://twitter.com/RiteKitAPI/status/1624951761516519424,0,68602
73042,#Video: What is ChatGPT and How You Can #UseIt e??? - https://t.co/iWizB6ADQp e???e???Get the #CompanyLogo #API that does what #chatGPT cannot do #DataEnrichment https://t.co/ZwJO1edxW4,185,0,3004245990.0,ScrapeLogo,1.63e+18,Mon Feb 13 16:03:04 +0000 2023,2023/2/13 16:03,0,0,0,https://twitter.com/ScrapeLogo/status/1625163656722890754,0,73043
73084,"#Video: How to Unlock The Power of Analytics Through #DataEnrichmente??? e??1 e??? e??? - https://t.co/WN8lSiBhDr e???e??? See the ad, select the #CompanyLogoAPI that does what  #chatGPT cannot do #logoAPI https://t.co/MxoaecTC4x",229,0,3004245990.0,ScrapeLogo,1.63e+18,Mon Feb 13 16:09:04 +0000 2023,2023/2/13 16:09,0,0,0,https://twitter.com/ScrapeLogo/status/1625165166785486850,0,73085
78251,"Video : #DataEnrichment #NowAvailable for Marketo! e??? e??? - https://t.co/gDru9G3htS e???e??? See the ad, select the #CompanyLogoAPI that does what  #chatGPT cannot do #logoAPI https://t.co/av1d0Pkz9h",202,0,235439535.0,RiteKitAPI,1.63e+18,Wed Feb 15 12:40:07 +0000 2023,2023/2/15 12:40,0,0,0,https://twitter.com/RiteKitAPI/status/1625837356363272192,0,78252
81364,Video : What Are #DLLs? e??1 - https://t.co/G5bicrxfMH e???e???Get the #CompanyLogo #API that does what #chatGPT cannot do #DataEnrichment https://t.co/8816x2X91n,162,0,235439535.0,RiteKitAPI,1.63e+18,Wed Feb 15 21:20:10 +0000 2023,2023/2/15 21:20,0,0,0,https://twitter.com/RiteKitAPI/status/1625968232627675139,0,81365
82070,#Video: How to Extract #PdfFile | Extract images from pdf | Extract Logo from pdf | Extract Icon from pdf e??? e??1 e??? e??? e??   - https://t.co/fHlM7nQTUr e???e???Get the #CompanyLogo #API that does what #chatGPT cannot do #DataEnrichment https://t.co/Nls3jnaEzI,265,0,3004245990.0,ScrapeLogo,1.63e+18,Fri Feb 17 22:02:04 +0000 2023,2023/2/17 22:02,0,0,0,https://twitter.com/ScrapeLogo/status/1626703553329876994,0,82071
83345,"#Video: SalesIntel's #DataEnrichment for Salesforce e??1 e??? - https://t.co/qGGtRtICH5 e???e??? See the ad, select the #CompanyLogoAPI that does what  #chatGPT cannot do #logoAPI https://t.co/90MmOtYJ55",203,0,3004245990.0,ScrapeLogo,1.63e+18,Tue Feb 21 19:12:03 +0000 2023,2023/2/21 19:12,0,0,0,https://twitter.com/ScrapeLogo/status/1628110320756457500,0,83346
85334,"#Video: How to use ChatGPT to #BuildBusiness Ideas, Sites &amp; Personal Projects e??? e??? e??1 e??   e??? e??o - https://t.co/BULh3QCVhG e???e???Get the #CompanyLogo #API that does what #chatGPT cannot do #DataEnrichment https://t.co/0D6MwnnwI2",246,0,235439535.0,RiteKitAPI,1.63e+18,Thu Feb 23 06:02:04 +0000 2023,2023/2/23 6:02,0,0,1,https://twitter.com/RiteKitAPI/status/1628636289435160576,1,85335
85998,"Video : #DataEnrichment for #FraudPrevention and Detection - How Does it Work? e??? e??1 e??? - https://t.co/n1NhxZMppF e???e??? See the ad, select the #CompanyLogoAPI that does what  #chatGPT cannot do #logoAPI https://t.co/jD6HsCDoMg",235,0,235439535.0,RiteKitAPI,1.63e+18,Thu Feb 23 08:20:07 +0000 2023,2023/2/23 8:20,0,0,1,https://twitter.com/RiteKitAPI/status/1628671030842609666,1,85999
90472,"Video : #DataEnrichment | use cases for #LocationIntelligence e??? e??? e??? - https://t.co/bNNHzItyHb e???e??? See the ad, select the #CompanyLogoAPI that does what  #chatGPT cannot do #logoAPI https://t.co/nT8NuR00Vs",218,0,3004245990.0,ScrapeLogo,1.63e+18,Thu Feb 23 21:16:04 +0000 2023,2023/2/23 21:16,0,0,0,https://twitter.com/ScrapeLogo/status/1628866302923231233,0,90473
90489,"#Video: #ContactDataEnrichment - UpLead e??1 e??? - https://t.co/HJldajxApP e???e??? See the ad, select the #CompanyLogoAPI that does what  #chatGPT cannot do #logoAPI https://t.co/POgw5cOa7T",191,0,235439535.0,RiteKitAPI,1.63e+18,Thu Feb 23 21:20:06 +0000 2023,2023/2/23 21:20,0,0,1,https://twitter.com/RiteKitAPI/status/1628867320834670596,1,90490
