,full_text,text_length,at_num,user_id_str,screen_name,id_str,created_at,publish_time,favorite_count,retweet_count,reply_count,tweet_url,total_heat,tt
29317,The Next ChatGPT Revolution: Intelligent Document Processing https://t.co/HhIcQz1fsS #EmergingTech #ChatGPT #AI #Fintech #Technology #Business #DocumentManagement #MachineLearning #PhotonCommerce #Coruzant,205,0,7.88e+17,Coruzant,1.62e+18,Sun Jan 29 12:31:00 +0000 2023,2023/1/29 12:31,1,0,0,https://twitter.com/Coruzant/status/1619674471228493825,1,29318
32259,The Next ChatGPT Revolution: Intelligent Document Processing https://t.co/vfVbMxoO9U #EmergingTech #ChatGPT #AI #Fintech #Technology #Business #DocumentManagement #MachineLearning #PhotonCommerce #Coruzant #TheDigitalExecutive,226,0,9.5e+17,CoruzantPod,1.62e+18,Tue Jan 31 13:39:00 +0000 2023,2023/1/31 13:39,1,0,0,https://twitter.com/CoruzantPod/status/1620416357501370371,1,32260
37003,The Next ChatGPT Revolution: Intelligent Document Processing https://t.co/HhIcQz1fsS #EmergingTech #ChatGPT #AI #Fintech #Technology #Business #DocumentManagement #MachineLearning #PhotonCommerce #Coruzant,205,0,7.88e+17,Coruzant,1.62e+18,Wed Feb 01 12:40:01 +0000 2023,2023/2/1 12:40,0,1,0,https://twitter.com/Coruzant/status/1620763901372547072,1,37004
37493,The Next ChatGPT Revolution: Intelligent Document Processing https://t.co/vfVbMxogkm #EmergingTech #ChatGPT #AI #Fintech #Technology #Business #DocumentManagement #MachineLearning #PhotonCommerce #Coruzant #TheDigitalExecutive,226,0,9.5e+17,CoruzantPod,1.62e+18,Wed Feb 01 13:56:00 +0000 2023,2023/2/1 13:56,0,1,0,https://twitter.com/CoruzantPod/status/1620783025041670157,1,37494
44104,The Next ChatGPT Revolution: Intelligent Document Processing https://t.co/9KNI3bDZKE #EmergingTech #ChatGPT #AI #Fintech #Technology #Business #DocumentManagement #MachineLearning #PhotonCommerce #CTO #Coruzant @drangelamurphy,226,1,3068690196.0,DivergentCIO,1.62e+18,Fri Feb 03 12:27:00 +0000 2023,2023/2/3 12:27,0,0,0,https://twitter.com/DivergentCIO/status/1621485403130761217,0,44105
44226,The Next ChatGPT Revolution: Intelligent Document Processing https://t.co/HhIcQz1fsS #EmergingTech #ChatGPT #AI #Fintech #Technology #Business #DocumentManagement #MachineLearning #PhotonCommerce #Coruzant,205,0,7.88e+17,Coruzant,1.62e+18,Fri Feb 03 12:47:00 +0000 2023,2023/2/3 12:47,0,0,0,https://twitter.com/Coruzant/status/1621490435548921856,0,44227
45433,The Next ChatGPT Revolution: Intelligent Document Processing https://t.co/vfVbMxogkm #EmergingTech #ChatGPT #AI #Fintech #Technology #Business #DocumentManagement #MachineLearning #PhotonCommerce #Coruzant #TheDigitalExecutive,226,0,9.5e+17,CoruzantPod,1.62e+18,Fri Feb 03 15:30:06 +0000 2023,2023/2/3 15:30,0,1,0,https://twitter.com/CoruzantPod/status/1621531482404560897,1,45434
54532,The Next ChatGPT Revolution: Intelligent Document Processing https://t.co/HhIcQz1fsS #EmergingTech #ChatGPT #AI #Fintech #Technology #Business #DocumentManagement #MachineLearning #PhotonCommerce #Coruzant,205,0,7.88e+17,Coruzant,1.62e+18,Tue Feb 07 12:50:00 +0000 2023,2023/2/7 12:50,1,0,0,https://twitter.com/Coruzant/status/1622940741864390657,1,54533
57460,The Next ChatGPT Revolution: Intelligent Document Processing https://t.co/vfVbMxogkm #EmergingTech #ChatGPT #AI #Fintech #Technology #Business #DocumentManagement #MachineLearning #PhotonCommerce #Coruzant #TheDigitalExecutive,226,0,9.5e+17,CoruzantPod,1.62e+18,Tue Feb 07 17:45:00 +0000 2023,2023/2/7 17:45,0,1,0,https://twitter.com/CoruzantPod/status/1623014980365783051,1,57461
71611,The Next ChatGPT Revolution: Intelligent Document Processing https://t.co/9KNI3bDZKE #EmergingTech #ChatGPT #AI #Fintech #Technology #Business #DocumentManagement #MachineLearning #PhotonCommerce #CTO #Coruzant @drangelamurphy,226,1,3068690196.0,DivergentCIO,1.63e+18,Mon Feb 13 12:37:00 +0000 2023,2023/2/13 12:37,5,1,0,https://twitter.com/DivergentCIO/status/1625111800285913091,6,71612
71735,The Next ChatGPT Revolution: Intelligent Document Processing https://t.co/HhIcQz1fsS #EmergingTech #ChatGPT #AI #Fintech #Technology #Business #DocumentManagement #MachineLearning #PhotonCommerce #Coruzant,205,0,7.88e+17,Coruzant,1.63e+18,Mon Feb 13 12:57:00 +0000 2023,2023/2/13 12:57,1,1,0,https://twitter.com/Coruzant/status/1625116830883803142,2,71736
73998,The Next ChatGPT Revolution: Intelligent Document Processing https://t.co/vfVbMxogkm #EmergingTech #ChatGPT #AI #Fintech #Technology #Business #DocumentManagement #MachineLearning #PhotonCommerce #Coruzant #TheDigitalExecutive,226,0,9.5e+17,CoruzantPod,1.63e+18,Mon Feb 13 18:45:00 +0000 2023,2023/2/13 18:45,0,1,0,https://twitter.com/CoruzantPod/status/1625204409322901504,1,73999
78284,The Next ChatGPT Revolution: Intelligent Document Processing https://t.co/9KNI3bDZKE #EmergingTech #ChatGPT #AI #Fintech #Technology #Business #DocumentManagement #MachineLearning #PhotonCommerce #CTO #Coruzant @drangelamurphy,226,1,3068690196.0,DivergentCIO,1.63e+18,Wed Feb 15 12:45:02 +0000 2023,2023/2/15 12:45,0,0,0,https://twitter.com/DivergentCIO/status/1625838595830341633,0,78285
78427,The Next ChatGPT Revolution: Intelligent Document Processing https://t.co/HhIcQz1fsS #EmergingTech #ChatGPT #AI #Fintech #Technology #Business #DocumentManagement #MachineLearning #PhotonCommerce #Coruzant,205,0,7.88e+17,Coruzant,1.63e+18,Wed Feb 15 13:05:00 +0000 2023,2023/2/15 13:05,0,0,0,https://twitter.com/Coruzant/status/1625843621223178245,0,78428
80787,The Next ChatGPT Revolution: Intelligent Document Processing https://t.co/vfVbMxogkm #EmergingTech #ChatGPT #AI #Fintech #Technology #Business #DocumentManagement #MachineLearning #PhotonCommerce #Coruzant #TheDigitalExecutive,226,0,9.5e+17,CoruzantPod,1.63e+18,Wed Feb 15 19:15:00 +0000 2023,2023/2/15 19:15,0,2,0,https://twitter.com/CoruzantPod/status/1625936733341683716,2,80788
83363,The Next ChatGPT Revolution: Intelligent Document Processing https://t.co/vfVbMxogkm #EmergingTech #ChatGPT #AI #Fintech #Technology #Business #DocumentManagement #MachineLearning #PhotonCommerce #Coruzant #TheDigitalExecutive,226,0,9.5e+17,CoruzantPod,1.63e+18,Tue Feb 21 19:15:00 +0000 2023,2023/2/21 19:15,0,1,0,https://twitter.com/CoruzantPod/status/1628111061399240750,1,83364
87538,The Next ChatGPT Revolution: Intelligent Document Processing https://t.co/9KNI3bDZKE #EmergingTech #ChatGPT #AI #Fintech #Technology #Business #DocumentManagement #MachineLearning #PhotonCommerce #CTO #Coruzant @drangelamurphy,226,1,3068690196.0,DivergentCIO,1.63e+18,Thu Feb 23 12:47:00 +0000 2023,2023/2/23 12:47,0,0,0,https://twitter.com/DivergentCIO/status/1628738192743464960,0,87539
87684,The Next ChatGPT Revolution: Intelligent Document Processing https://t.co/HhIcQz1fsS #EmergingTech #ChatGPT #AI #Fintech #Technology #Business #DocumentManagement #MachineLearning #PhotonCommerce #Coruzant,205,0,7.88e+17,Coruzant,1.63e+18,Thu Feb 23 13:07:00 +0000 2023,2023/2/23 13:07,0,1,0,https://twitter.com/Coruzant/status/1628743228567572480,1,87685
90047,The Next ChatGPT Revolution: Intelligent Document Processing https://t.co/vfVbMxogkm #EmergingTech #ChatGPT #AI #Fintech #Technology #Business #DocumentManagement #MachineLearning #PhotonCommerce #Coruzant #TheDigitalExecutive,226,0,9.5e+17,CoruzantPod,1.63e+18,Thu Feb 23 19:30:11 +0000 2023,2023/2/23 19:30,0,0,0,https://twitter.com/CoruzantPod/status/1628839658586005505,0,90048
94223,The Next ChatGPT Revolution: Intelligent Document Processing https://t.co/9KNI3bDZKE #EmergingTech #ChatGPT #AI #Fintech #Technology #Business #DocumentManagement #MachineLearning #PhotonCommerce #CTO #Coruzant @drangelamurphy,226,1,3068690196.0,DivergentCIO,1.63e+18,Mon Feb 27 12:52:00 +0000 2023,2023/2/27 12:52,0,0,0,https://twitter.com/DivergentCIO/status/1630189005034668034,0,94224
94328,The Next ChatGPT Revolution: Intelligent Document Processing https://t.co/HhIcQz1fsS #EmergingTech #ChatGPT #AI #Fintech #Technology #Business #DocumentManagement #MachineLearning #PhotonCommerce #Coruzant,205,0,7.88e+17,Coruzant,1.63e+18,Mon Feb 27 13:15:00 +0000 2023,2023/2/27 13:15,1,1,1,https://twitter.com/Coruzant/status/1630194791685271553,3,94329
96654,The Next ChatGPT Revolution: Intelligent Document Processing https://t.co/vfVbMxogkm #EmergingTech #ChatGPT #AI #Fintech #Technology #Business #DocumentManagement #MachineLearning #PhotonCommerce #Coruzant #TheDigitalExecutive,226,0,9.5e+17,CoruzantPod,1.63e+18,Mon Feb 27 19:45:00 +0000 2023,2023/2/27 19:45,0,1,0,https://twitter.com/CoruzantPod/status/1630292936985395200,1,96655
