,full_text,text_length,at_num,user_id_str,screen_name,id_str,created_at,publish_time,favorite_count,retweet_count,reply_count,tweet_url,total_heat,tt
20221,I doff my hat to the developers of ChatGPT! #ChatGPT #ChatGPTPro #coding #programming,85,0,4045013841.0,NotableLeo,1.62e+18,Sat Jan 21 14:31:05 +0000 2023,2023/1/21 14:31,10,2,1,https://twitter.com/NotableLeo/status/1616805587056033792,13,20222
20406,"#ChatGPT #ChatGTP #chatgpt3 #ChatGPTPro #OpenAI 
https://t.co/JVJXWaGl9l",73,0,1.26e+18,VIKASHY90445686,1.62e+18,Sat Jan 21 15:53:57 +0000 2023,2023/1/21 15:53,0,0,0,https://twitter.com/VIKASHY90445686/status/1616826440493957120,0,20407
20587,ChatGPT versi?3n de pago. Se nota la velocidad de respuesta y que no se traba debido a los picos de saturaci?3n. Por un mes veamos. #ChatGPT #ChatGPTPro #AI https://t.co/Rm6OtGJqKI,180,0,87349663.0,bsalazarmx,1.62e+18,Sat Jan 21 17:35:14 +0000 2023,2023/1/21 17:35,0,0,0,https://twitter.com/bsalazarmx/status/1616851932001214465,0,20588
20981,"Training cost money and hosting costs money. It's amazing that they let the public play with it that long.

But I didn't pay for MJ/Dalle. And then Stable Diffusion came along. So I can wait. Or maybe it'll get cheaper/have a mid-tier lol. #ChatGPTPro #ChatGPT https://t.co/19eLiQf3Nb",286,0,1.58e+18,senadev42,1.62e+18,Sat Jan 21 21:45:02 +0000 2023,2023/1/21 21:45,0,0,1,https://twitter.com/senadev42/status/1616914796187910144,1,20982
21641,"ChatGPT Pro Version : How To Get It Including Prices &amp; Features #ChatGPT #ChatGPTPro #ChatGptPaid
https://t.co/ibBp1w2Tz3",126,0,1.54e+18,hottest_yt,1.62e+18,Mon Jan 23 20:36:23 +0000 2023,2023/1/23 20:36,0,0,0,https://twitter.com/hottest_yt/status/1617622294813368320,0,21642
21798,"Lol - ZeroGPT is a game-changer for NLP on low-resource devices. With its small footprint and fast inference times, it opens up new possibilities for deploying AI in the field. #ZeroGPT #NLP #AI #ChatGPT #ChatGPTPro #chatgpt3 #ChatGPT???????????1 https://t.co/SJ0nUWem5E",270,0,3070227481.0,OfficialSDewery,1.62e+18,Mon Jan 23 21:45:01 +0000 2023,2023/1/23 21:45,3,1,0,https://twitter.com/OfficialSDewery/status/1617639565577314305,4,21799
21812,So Its a Turn Point For #ChatGPT Cause Low Capacity about #ZeroGPT Run their Actual Service - Just Look this lol #Ai #MachineLearning #Content #ChatGPTPro #chatgpt4 https://t.co/lo3xIB0h81,188,0,3070227481.0,OfficialSDewery,1.62e+18,Mon Jan 23 21:53:21 +0000 2023,2023/1/23 21:53,1,0,0,https://twitter.com/OfficialSDewery/status/1617641661668159488,1,21813
21974,"Welp ... I tried!

#ChatGPT #ChatGPTPro #ChatGPTGOD https://t.co/nuqjlod6na",77,0,99820372.0,scottcents,1.62e+18,Mon Jan 23 23:30:16 +0000 2023,2023/1/23 23:30,0,0,0,https://twitter.com/scottcents/status/1617666053454331904,0,21975
23589,"ChatGPT sense of humor gets me all the time bro.
I pictured Barbosa of Pirates of the Caribbean reading this and it was damn hilarious.
#OpenAI #ChatGPT #ChatGPTGOD #ChatGPTPro #AI #humorNegro https://t.co/28uosLAS49",218,0,7.59e+17,sylvakreeck,1.62e+18,Wed Jan 25 13:24:14 +0000 2023,2023/1/25 13:24,0,0,0,https://twitter.com/sylvakreeck/status/1618238314125078528,0,23590
23750,"many interesting #ArtificialIntelligence  based apps have been developed and released recently interesting to note that #ChatGPT could be a logical starting point for some of them especially if you are into #Content #Creative writing and #socialmedia 

#ChatGPTPro #OpenAI",274,0,1.61e+18,thechatgptcoder,1.62e+18,Wed Jan 25 14:23:00 +0000 2023,2023/1/25 14:23,0,0,0,https://twitter.com/thechatgptcoder/status/1618253106172817408,0,23751
23780,"  ????     ?? 歙??1?? #ChatGPT ?  ?     ?? 歙??     ??  ?  ??   ??  ??     ?  ??

#ChatGPTPro #ChatGPT #techtwitter #AI #raftar https://t.co/jV1YQq8H2H",151,0,1.55e+18,raftardotcom,1.62e+18,Wed Jan 25 14:34:33 +0000 2023,2023/1/25 14:34,10,5,0,https://twitter.com/raftardotcom/status/1618256012099858440,15,23781
23800,"#ChatGPT has generated headlines and hype since its release last year, with its humanlike responses to written prompts. But the business impact of the technology behind the chatbot may first emerge in a different arena: software development
#ChatGPTPro #Microsoft #chatbot",273,0,1.25e+18,srinicaps,1.62e+18,Wed Jan 25 14:39:42 +0000 2023,2023/1/25 14:39,1,0,1,https://twitter.com/srinicaps/status/1618257307422588929,2,23801
23892,"#ChatGPT #ChatGPTGOD  #chatgpt3 #ChatGPTPro #ChatGPT e???e???e???e???
https://t.co/g1TxnxSdmI",94,0,1.39e+18,animali20852132,1.62e+18,Wed Jan 25 15:08:33 +0000 2023,2023/1/25 15:08,1,1,0,https://twitter.com/animali20852132/status/1618264569176293378,2,23893
24199,"What are your thoughts about ChatGPT?  Read this article on @poputainment to see why it is changing the way content creators are using this valuable tool. https://t.co/mhXoU1sPd1

#chatgpt #ChatGPTPro #AI #ArtificialIntelligence #content #ContentCreator",255,1,236645233.0,TerryWThompson,1.62e+18,Wed Jan 25 16:56:42 +0000 2023,2023/1/25 16:56,2,1,1,https://twitter.com/TerryWThompson/status/1618291783406059521,4,24200
25601,"#ChatGPT new #LinkedIn profile - Dr.ChatGPT, MBA, LLB

https://t.co/Sr06WAAnds

#OpenAI #OpenAIChatGPT #chatbox #MachineLearning #jobs #ArtificialIntelligence #wharton #AI #Trending #ChatGPTPro #futureofwork",211,0,1.34e+18,KumarRohitTalks,1.62e+18,Fri Jan 27 04:36:33 +0000 2023,2023/1/27 4:36,0,0,0,https://twitter.com/KumarRohitTalks/status/1618830296832704516,0,25602
25612,"Will ChatGPT replace the developer's Job?
Know the answer: https://t.co/hNJz56KpMc 

#ChatGPT #ChatGPTPro #developers #developer #javascript #Python #webdevelopment #mobileappdevelopment",189,0,1.57e+18,DhruvJoshi9,1.62e+18,Fri Jan 27 04:45:29 +0000 2023,2023/1/27 4:45,1,0,0,https://twitter.com/DhruvJoshi9/status/1618832543830392833,1,25613
25624,"A.I. Versus The Law https://t.co/MgVF7ZAPMW via @YouTube 
#ChatGPT #ChatGPTGOD #ChatGPTPro #gpt4 #AIart",104,1,2473783645.0,FrequentTweets,1.62e+18,Fri Jan 27 04:58:01 +0000 2023,2023/1/27 4:58,0,0,0,https://twitter.com/FrequentTweets/status/1618835696076361729,0,25625
25863,"Ethical Writing Tips. 

Why You Should Publish Less Than You Could.

https://t.co/wga5a9rr7J

#ContentCreator #contentcreators #contentwriter #ArtificialIntelligence #ChatGPT #ChatGPTPro #ChatGPTGOD #chatgpt3 #AI",218,0,4399571367.0,MarketingMammal,1.62e+18,Fri Jan 27 07:06:40 +0000 2023,2023/1/27 7:06,9,5,1,https://twitter.com/MarketingMammal/status/1618868075616698371,15,25864
25864,"How to Improve your Marketing with #AI in 2023

AI Marketing Copy Generator Use Cases

https://t.co/63ObXGftba

#ContentCreator #contentcreators #contentwriter #ArtificialIntelligence #ChatGPT #ChatGPTPro #ChatGPTGOD #chatgpt3",232,0,4399571367.0,MarketingMammal,1.62e+18,Fri Jan 27 07:07:18 +0000 2023,2023/1/27 7:07,8,7,1,https://twitter.com/MarketingMammal/status/1618868231082741761,16,25865
25901,"How to Improve your Marketing with #AI in 2023

AI Marketing Copy Generator Use Cases

#ContentCreator #contentcreators #ArtificialIntelligence #ChatGPT #ChatGPTPro #ChatGPTGOD #chatgpt3 https://t.co/HUdrRVXJCF RT @StoryLabAI",229,1,133178883.0,AmitVAngel,1.62e+18,Fri Jan 27 07:20:18 +0000 2023,2023/1/27 7:20,6,0,0,https://twitter.com/AmitVAngel/status/1618871503134593024,6,25902
25944,"Ethical &amp; Responsible AI Storytelling

What does that mean in the age of #AI?

#ContentCreator #contentcreators #contentwriter #ArtificialIntelligence #ChatGPT #ChatGPTPro #ChatGPTGOD #chatgpt3 https://t.co/DskSzlj3iL RT @StoryLabAI",240,1,133178883.0,AmitVAngel,1.62e+18,Fri Jan 27 07:40:16 +0000 2023,2023/1/27 7:40,5,1,0,https://twitter.com/AmitVAngel/status/1618876528418250752,6,25945
25990,"Ethical &amp; Responsible AI Storytelling

What does that mean in the age of #AI?

#ContentCreator #contentcreators #contentwriter #ArtificialIntelligence #ChatGPT #ChatGPTPro #ChatGPTGOD #chatgpt3 https://t.co/BAX5SnEFs3 RT @StoryLabAI",240,1,22174087.0,DailySEO,1.62e+18,Fri Jan 27 08:00:13 +0000 2023,2023/1/27 8:00,6,2,0,https://twitter.com/DailySEO/status/1618881548593336320,8,25991
26035,"Ethical &amp; Responsible AI Storytelling

What does that mean in the age of #AI?

#ContentCreator #contentcreators #contentwriter #ArtificialIntelligence #ChatGPT #ChatGPTPro #ChatGPTGOD #chatgpt3 https://t.co/kar2pSmBvZ RT @StoryLabAI",240,1,724827451.0,austin_media,1.62e+18,Fri Jan 27 08:20:09 +0000 2023,2023/1/27 8:20,5,0,0,https://twitter.com/austin_media/status/1618886566625124353,5,26036
26092,"Ethical &amp; Responsible AI Storytelling

What does that mean in the age of #AI?

#ContentCreator #contentcreators #contentwriter #ArtificialIntelligence #ChatGPT #ChatGPTPro #ChatGPTGOD #chatgpt3 https://t.co/MwnqFP9mm2 RT @StoryLabAI",240,1,111350997.0,Obadeyemi,1.62e+18,Fri Jan 27 08:40:10 +0000 2023,2023/1/27 8:40,5,0,0,https://twitter.com/Obadeyemi/status/1618891605154340864,5,26093
26135,"Ethical &amp; Responsible AI Storytelling

What does that mean in the age of #AI?

#ContentCreator #contentcreators #contentwriter #ArtificialIntelligence #ChatGPT #ChatGPTPro #ChatGPTGOD #chatgpt3 https://t.co/y3Yk1mj3WY RT @StoryLabAI",240,1,2717845313.0,Nwamaky,1.62e+18,Fri Jan 27 09:00:10 +0000 2023,2023/1/27 9:00,6,6,0,https://twitter.com/Nwamaky/status/1618896636092071937,12,26136
26226,"How to Improve your Marketing with #AI in 2023

AI Marketing Copy Generator Use Cases

#ContentCreator #contentcreators #ArtificialIntelligence #ChatGPT #ChatGPTPro #ChatGPTGOD #chatgpt3 https://t.co/3JkotCQ1Ux RT @StoryLabAI",229,1,173118412.0,Anita_Clark,1.62e+18,Fri Jan 27 09:40:09 +0000 2023,2023/1/27 9:40,5,0,0,https://twitter.com/Anita_Clark/status/1618906699087200256,5,26227
26273,"Ethical &amp; Responsible AI Storytelling

What does that mean in the age of #AI?

#ContentCreator #contentcreators #contentwriter #ArtificialIntelligence #ChatGPT #ChatGPTPro #ChatGPTGOD #chatgpt3 https://t.co/9UWaDwz3VY RT @StoryLabAI",240,1,173118412.0,Anita_Clark,1.62e+18,Fri Jan 27 10:00:09 +0000 2023,2023/1/27 10:00,5,0,0,https://twitter.com/Anita_Clark/status/1618911733686435840,5,26274
26322,"Ethical &amp; Responsible AI Storytelling

What does that mean in the age of #AI?

#ContentCreator #contentcreators #contentwriter #ArtificialIntelligence #ChatGPT #ChatGPTPro #ChatGPTGOD #chatgpt3 https://t.co/uJRQCvQQsa RT @StoryLabAI",240,1,20160897.0,andynathan,1.62e+18,Fri Jan 27 10:20:09 +0000 2023,2023/1/27 10:20,5,0,0,https://twitter.com/andynathan/status/1618916764024184833,5,26323
26371,"Ethical &amp; Responsible AI Storytelling

What does that mean in the age of #AI?

#ContentCreator #contentcreators #contentwriter #ArtificialIntelligence #ChatGPT #ChatGPTPro #ChatGPTGOD #chatgpt3 https://t.co/tGHONpR29s RT @StoryLabAI",240,1,762399145.0,AboutFreelance,1.62e+18,Fri Jan 27 10:40:09 +0000 2023,2023/1/27 10:40,7,6,0,https://twitter.com/AboutFreelance/status/1618921800179634183,13,26372
26446,"Your Personal Computer with Artificial Intelligence:

Read - Train
Write - Learn
Execute - Generate 

The Power of ChatGPT (OpenAI) Now

#OpenAI #ChatGPT #chatgpt3 #ChatGPTPro #AI #ML #Deeplearning",205,0,3921296485.0,rajeevanandspur,1.62e+18,Fri Jan 27 11:09:57 +0000 2023,2023/1/27 11:09,5,2,0,https://twitter.com/rajeevanandspur/status/1618929298211221505,7,26447
26473,"How to Improve your Marketing with #AI in 2023

AI Marketing Copy Generator Use Cases

#ContentCreator #contentcreators #ArtificialIntelligence #ChatGPT #ChatGPTPro #ChatGPTGOD #chatgpt3 https://t.co/wSTYqDUHBc RT @StoryLabAI",229,1,2489222034.0,marketingnsmnia,1.62e+18,Fri Jan 27 11:20:08 +0000 2023,2023/1/27 11:20,5,0,0,https://twitter.com/marketingnsmnia/status/1618931861987770369,5,26474
26527,"Ethical &amp; Responsible AI Storytelling

What does that mean in the age of #AI?

#ContentCreator #contentcreators #contentwriter #ArtificialIntelligence #ChatGPT #ChatGPTPro #ChatGPTGOD #chatgpt3 https://t.co/4MtNJSSb8w RT @StoryLabAI",240,1,2489222034.0,marketingnsmnia,1.62e+18,Fri Jan 27 11:40:09 +0000 2023,2023/1/27 11:40,5,0,0,https://twitter.com/marketingnsmnia/status/1618936897945968641,5,26528
26574,"How to Improve your Marketing with #AI in 2023

AI Marketing Copy Generator Use Cases

#ContentCreator #contentcreators #ArtificialIntelligence #ChatGPT #ChatGPTPro #ChatGPTGOD #chatgpt3 https://t.co/zl42X3D0wc RT @StoryLabAI",229,1,2508550544.0,WillB90210,1.62e+18,Fri Jan 27 12:00:08 +0000 2023,2023/1/27 12:00,5,0,0,https://twitter.com/WillB90210/status/1618941925968551946,5,26575
26575,"Ethical Writing Tips. 

Why You Should Publish Less Than You Could.

#ContentCreator #contentcreators #contentwriter #ArtificialIntelligence #ChatGPT #ChatGPTPro #ChatGPTGOD #chatgpt3 #AI https://t.co/HlruZUneUc RT @StoryLabAI",230,1,2489222034.0,marketingnsmnia,1.62e+18,Fri Jan 27 12:00:09 +0000 2023,2023/1/27 12:00,5,0,0,https://twitter.com/marketingnsmnia/status/1618941932373164033,5,26576
26576,"#ChatGPTsays
I asked #ChatGPT  what is your knowledge cut-off date? e?  ?
Here is the answer ...

#ChatGPTPro #ChatGPTchitchat 

@OpenAI @Microsoft @GoogleStartups https://t.co/WtoJblZAgZ",193,3,2923411356.0,Omkar_Raii,1.62e+18,Fri Jan 27 12:00:26 +0000 2023,2023/1/27 12:00,15,7,0,https://twitter.com/Omkar_Raii/status/1618942001520738305,22,26577
26641,"How to Improve your Marketing with #AI in 2023

AI Marketing Copy Generator Use Cases

#ContentCreator #contentcreators #ArtificialIntelligence #ChatGPT #ChatGPTPro #ChatGPTGOD #chatgpt3 https://t.co/ZUEZ6Jvold RT @StoryLabAI",229,1,7.25e+17,TweetStarFollow,1.62e+18,Fri Jan 27 12:20:08 +0000 2023,2023/1/27 12:20,4,0,0,https://twitter.com/TweetStarFollow/status/1618946961779859457,4,26642
26642,"Ethical &amp; Responsible AI Storytelling

What does that mean in the age of #AI?

#ContentCreator #contentcreators #contentwriter #ArtificialIntelligence #ChatGPT #ChatGPTPro #ChatGPTGOD #chatgpt3 https://t.co/K5zBIwzTn1 RT @StoryLabAI",240,1,2508550544.0,WillB90210,1.62e+18,Fri Jan 27 12:20:09 +0000 2023,2023/1/27 12:20,4,0,0,https://twitter.com/WillB90210/status/1618946965055721473,4,26643
26697,"Ethical Writing Tips. 

Why You Should Publish Less Than You Could.

#ContentCreator #contentcreators #contentwriter #ArtificialIntelligence #ChatGPT #ChatGPTPro #ChatGPTGOD #chatgpt3 #AI https://t.co/DG94ofh1QX RT @StoryLabAI",230,1,2508550544.0,WillB90210,1.62e+18,Fri Jan 27 12:40:10 +0000 2023,2023/1/27 12:40,5,0,0,https://twitter.com/WillB90210/status/1618952001244610562,5,26698
26752,"How to Improve your Marketing with #AI in 2023

AI Marketing Copy Generator Use Cases

#ContentCreator #contentcreators #ArtificialIntelligence #ChatGPT #ChatGPTPro #ChatGPTGOD #chatgpt3 https://t.co/Yjcwj0A586 RT @StoryLabAI",229,1,2426413352.0,stan_stewart,1.62e+18,Fri Jan 27 13:00:07 +0000 2023,2023/1/27 13:00,6,0,0,https://twitter.com/stan_stewart/status/1618957022187208706,6,26753
26812,"Ethical &amp; Responsible AI Storytelling

What does that mean in the age of #AI?

#ContentCreator #contentcreators #contentwriter #ArtificialIntelligence #ChatGPT #ChatGPTPro #ChatGPTGOD #chatgpt3 https://t.co/rN0k5B9qyP RT @StoryLabAI",240,1,2426413352.0,stan_stewart,1.62e+18,Fri Jan 27 13:20:08 +0000 2023,2023/1/27 13:20,5,0,0,https://twitter.com/stan_stewart/status/1618962058967482370,5,26813
26870,"Ethical &amp; Responsible AI Storytelling

What does that mean in the age of #AI?

#ContentCreator #contentcreators #contentwriter #ArtificialIntelligence #ChatGPT #ChatGPTPro #ChatGPTGOD #chatgpt3 https://t.co/HqUhmna3Ga RT @StoryLabAI",240,1,94029076.0,NewHorizons123,1.62e+18,Fri Jan 27 13:40:10 +0000 2023,2023/1/27 13:40,5,0,0,https://twitter.com/NewHorizons123/status/1618967099476434945,5,26871
26871,ChatGPT Tools: The 14 Best ChatGPT Plugins [Unlock the Full Potential of Your Chatbot with These ChatGPT Plugins] https://t.co/71X0TMEKDf  #chatgpt #ChatGPTGOD #ChatGPTPro #chatgpt3 #chatgptplugin #tech #AI #artificalintelligence,229,0,219269468.0,TWEETPRESSS,1.62e+18,Fri Jan 27 13:40:17 +0000 2023,2023/1/27 13:40,1,0,1,https://twitter.com/TWEETPRESSS/status/1618967128983633921,2,26872
26928,"Ethical &amp; Responsible AI Storytelling

What does that mean in the age of #AI?

#ContentCreator #contentcreators #contentwriter #ArtificialIntelligence #ChatGPT #ChatGPTPro #ChatGPTGOD #chatgpt3 https://t.co/7Y8OVb06qE RT @StoryLabAI",240,1,7.42e+17,bizgenz,1.62e+18,Fri Jan 27 14:00:07 +0000 2023,2023/1/27 14:00,5,0,0,https://twitter.com/bizgenz/status/1618972123707445248,5,26929
26991,"How to Improve your Marketing with #AI in 2023

AI Marketing Copy Generator Use Cases

#ContentCreator #contentcreators #ArtificialIntelligence #ChatGPT #ChatGPTPro #ChatGPTGOD #chatgpt3 https://t.co/Kc9hJ1I0qj RT @StoryLabAI",229,1,43993611.0,Sassy_Brit,1.62e+18,Fri Jan 27 14:20:06 +0000 2023,2023/1/27 14:20,5,0,0,https://twitter.com/Sassy_Brit/status/1618977150572306432,5,26992
26992,"Ethical Writing Tips. 

Why You Should Publish Less Than You Could.

#ContentCreator #contentcreators #contentwriter #ArtificialIntelligence #ChatGPT #ChatGPTPro #ChatGPTGOD #chatgpt3 #AI https://t.co/Di2WEq5Tmi RT @StoryLabAI",230,1,189019079.0,BreezyPuffs,1.62e+18,Fri Jan 27 14:20:07 +0000 2023,2023/1/27 14:20,6,0,0,https://twitter.com/BreezyPuffs/status/1618977156394094592,6,26993
27053,"How to Improve your Marketing with #AI in 2023

AI Marketing Copy Generator Use Cases

#ContentCreator #contentcreators #ArtificialIntelligence #ChatGPT #ChatGPTPro #ChatGPTGOD #chatgpt3 https://t.co/mpctXBysCa RT @StoryLabAI",229,1,3044624536.0,JohnGonzalezUK,1.62e+18,Fri Jan 27 14:40:08 +0000 2023,2023/1/27 14:40,6,0,0,https://twitter.com/JohnGonzalezUK/status/1618982192931028996,6,27054
27054,"Ethical &amp; Responsible AI Storytelling

What does that mean in the age of #AI?

#ContentCreator #contentcreators #contentwriter #ArtificialIntelligence #ChatGPT #ChatGPTPro #ChatGPTGOD #chatgpt3 https://t.co/hRCmEzO7kb RT @StoryLabAI",240,1,43993611.0,Sassy_Brit,1.62e+18,Fri Jan 27 14:40:09 +0000 2023,2023/1/27 14:40,5,0,0,https://twitter.com/Sassy_Brit/status/1618982195640639494,5,27055
27121,"How to Improve your Marketing with #AI in 2023

AI Marketing Copy Generator Use Cases

#ContentCreator #contentcreators #ArtificialIntelligence #ChatGPT #ChatGPTPro #ChatGPTGOD #chatgpt3 https://t.co/Ce4xZDt824 RT @StoryLabAI",229,1,812910.0,clickfire,1.62e+18,Fri Jan 27 15:00:07 +0000 2023,2023/1/27 15:00,5,0,0,https://twitter.com/clickfire/status/1618987221368938497,5,27122
27122,"Ethical Writing Tips. 

Why You Should Publish Less Than You Could.

#ContentCreator #contentcreators #contentwriter #ArtificialIntelligence #ChatGPT #ChatGPTPro #ChatGPTGOD #chatgpt3 #AI https://t.co/CNVC7T7M35 RT @StoryLabAI",230,1,43993611.0,Sassy_Brit,1.62e+18,Fri Jan 27 15:00:09 +0000 2023,2023/1/27 15:00,6,0,0,https://twitter.com/Sassy_Brit/status/1618987227819778049,6,27123
27155,ChatGPT side hustle idea that Nobodya??s talking about #ChatGPT #ChatGPTPro #ChatGPTGOD #sidehustle #sidehustleideas https://t.co/3BYmJgyRcD,140,0,1.42e+18,ryanoscribner,1.62e+18,Fri Jan 27 15:09:19 +0000 2023,2023/1/27 15:09,0,0,0,https://twitter.com/ryanoscribner/status/1618989536046088194,0,27156
27188,"Ethical &amp; Responsible AI Storytelling

What does that mean in the age of #AI?

#ContentCreator #contentcreators #contentwriter #ArtificialIntelligence #ChatGPT #ChatGPTPro #ChatGPTGOD #chatgpt3 https://t.co/1dMOVlxUkt RT @StoryLabAI",240,1,812910.0,clickfire,1.62e+18,Fri Jan 27 15:20:06 +0000 2023,2023/1/27 15:20,5,0,0,https://twitter.com/clickfire/status/1618992251614404614,5,27189
27239,"Ethical &amp; Responsible AI Storytelling

What does that mean in the age of #AI?

#ContentCreator #contentcreators #contentwriter #ArtificialIntelligence #ChatGPT #ChatGPTPro #ChatGPTGOD #chatgpt3 https://t.co/VjFSs0xoe3 RT @StoryLabAI",240,1,144674243.0,penabook,1.62e+18,Fri Jan 27 15:40:06 +0000 2023,2023/1/27 15:40,5,0,0,https://twitter.com/penabook/status/1618997283479076867,5,27240
27305,"Ethical &amp; Responsible AI Storytelling

What does that mean in the age of #AI?

#ContentCreator #contentcreators #contentwriter #ArtificialIntelligence #ChatGPT #ChatGPTPro #ChatGPTGOD #chatgpt3 https://t.co/kUt7Y8SaaL RT @StoryLabAI",240,1,72076552.0,dkspeaks,1.62e+18,Fri Jan 27 16:00:06 +0000 2023,2023/1/27 16:00,5,0,0,https://twitter.com/dkspeaks/status/1619002315758780417,5,27306
27369,"Ethical Writing Tips. 

Why You Should Publish Less Than You Could.

#ContentCreator #contentcreators #contentwriter #ArtificialIntelligence #ChatGPT #ChatGPTPro #ChatGPTGOD #chatgpt3 #AI https://t.co/QQmELkgrZ8 RT @StoryLabAI",230,1,72076552.0,dkspeaks,1.62e+18,Fri Jan 27 16:20:06 +0000 2023,2023/1/27 16:20,5,0,0,https://twitter.com/dkspeaks/status/1619007347782713345,5,27370
27370,"Ethical &amp; Responsible AI Storytelling

What does that mean in the age of #AI?

#ContentCreator #contentcreators #contentwriter #ArtificialIntelligence #ChatGPT #ChatGPTPro #ChatGPTGOD #chatgpt3 https://t.co/D0ZvoZwhjk RT @StoryLabAI",240,1,2569282225.0,southsabre19,1.62e+18,Fri Jan 27 16:20:07 +0000 2023,2023/1/27 16:20,5,0,0,https://twitter.com/southsabre19/status/1619007353952636939,5,27371
27424,"Ethical Writing Tips. 

Why You Should Publish Less Than You Could.

#ContentCreator #contentcreators #contentwriter #ArtificialIntelligence #ChatGPT #ChatGPTPro #ChatGPTGOD #chatgpt3 #AI https://t.co/zXnzKvFwZl RT @StoryLabAI",230,1,110715764.0,NickChopperDigg,1.62e+18,Fri Jan 27 16:40:08 +0000 2023,2023/1/27 16:40,5,0,0,https://twitter.com/NickChopperDigg/status/1619012390044975104,5,27425
27425,"Ethical &amp; Responsible AI Storytelling

What does that mean in the age of #AI?

#ContentCreator #contentcreators #contentwriter #ArtificialIntelligence #ChatGPT #ChatGPTPro #ChatGPTGOD #chatgpt3 https://t.co/63I8ty0gFT RT @StoryLabAI",240,1,31690161.0,WalAguia,1.62e+18,Fri Jan 27 16:40:09 +0000 2023,2023/1/27 16:40,5,0,0,https://twitter.com/WalAguia/status/1619012396906942471,5,27426
27551,"Ethical Writing Tips. 

Why You Should Publish Less Than You Could.

#ContentCreator #contentcreators #contentwriter #ArtificialIntelligence #ChatGPT #ChatGPTPro #ChatGPTGOD #chatgpt3 #AI https://t.co/tEvYsXxy20 RT @StoryLabAI",230,1,31690161.0,WalAguia,1.62e+18,Fri Jan 27 17:20:08 +0000 2023,2023/1/27 17:20,5,0,0,https://twitter.com/WalAguia/status/1619022455376416776,5,27552
27552,"How to Improve your Marketing with #AI in 2023

AI Marketing Copy Generator Use Cases

#ContentCreator #contentcreators #ArtificialIntelligence #ChatGPT #ChatGPTPro #ChatGPTGOD #chatgpt3 https://t.co/S8YcGIQ9sZ RT @StoryLabAI",229,1,1577838469.0,BizSmallBiz,1.62e+18,Fri Jan 27 17:20:12 +0000 2023,2023/1/27 17:20,6,5,0,https://twitter.com/BizSmallBiz/status/1619022473390952459,11,27553
27603,"Why does everyone love Google? Because what's not to love about a corporation that knows everything about you and doesn't hesitate to use that information for its own gain.

#ChatGPT  #ChatGPTGOD #ChatGPTPro #GPT3 #gpt4",221,0,1.62e+18,SarcasGPT,1.62e+18,Fri Jan 27 17:39:58 +0000 2023,2023/1/27 17:39,0,0,0,https://twitter.com/SarcasGPT/status/1619027449035239424,0,27604
27604,"Ethical Writing Tips. 

Why You Should Publish Less Than You Could.

#ContentCreator #contentcreators #contentwriter #ArtificialIntelligence #ChatGPT #ChatGPTPro #ChatGPTGOD #chatgpt3 #AI https://t.co/SxP5gnsoZs RT @StoryLabAI",230,1,8.04e+17,Vlad221180,1.62e+18,Fri Jan 27 17:40:09 +0000 2023,2023/1/27 17:40,5,0,0,https://twitter.com/Vlad221180/status/1619027494065127426,5,27605
27705,"Ethical Writing Tips. 

Why You Should Publish Less Than You Could.

#ContentCreator #contentcreators #contentwriter #ArtificialIntelligence #ChatGPT #ChatGPTPro #ChatGPTGOD #chatgpt3 #AI https://t.co/N9XJqK1Bis RT @StoryLabAI",230,1,4059750855.0,ReviewznTipscom,1.62e+18,Fri Jan 27 18:20:16 +0000 2023,2023/1/27 18:20,5,0,0,https://twitter.com/ReviewznTipscom/status/1619037591411605526,5,27706
27820,"Leveraging ChatGPT: Practical Ideas For Educators https://t.co/kufmDwzTkU 
.
#chatbot #chatbots #ChatGPTGOD #ChatGPT #ChatGPTPro #education #educational #EducationJobs https://t.co/Krv8ttm444",193,0,2148662454.0,arminhamidian,1.62e+18,Fri Jan 27 19:11:58 +0000 2023,2023/1/27 19:11,1,0,0,https://twitter.com/arminhamidian/status/1619050600607657984,1,27821
29522,"ChatGPT vs Google: The Ultimate Comparison, Which one is Better? https://t.co/QYVwJHZhdx 
#ChatGPT #GoogleAlerts #ChatGPTPro #ChatGTP #googlechat #googlemeet #GoogleDoodle #chatgpt3",182,0,1.59e+18,TechieBundle,1.62e+18,Sun Jan 29 14:23:29 +0000 2023,2023/1/29 14:23,3,1,1,https://twitter.com/TechieBundle/status/1619702777550368769,5,29523
29547,"Is #ChatGPTa??s AI Programming Sexist?

Enjoy the funny yet shocking story... 

https://t.co/C04GuiH1Ov 

#AI #chatgpt #ChatGPTPro #ChatGPTGOD",148,0,12914892.0,jcrabtree,1.62e+18,Sun Jan 29 14:35:30 +0000 2023,2023/1/29 14:35,2,0,0,https://twitter.com/jcrabtree/status/1619705800838062084,2,29548
33994,"About ChatGPT
#ChatGpt #ChatGPTPro #OpenAIChatGPT #  ???  ??????3  #BenidormFest2023 #??  ??3?????  ?????  ??? #Chelsea #?????  ??  ??   #SalarioRosaEnLasMejoresManos #  ?????????????? #Video #shorts #HappyBirthdayHarry #?????????????????????????  ???? #?1???????????????? #developer_gantabya #dev_gantabya https://t.co/qWOHM6AY6L",331,0,7.9e+17,dev_gantabya,1.62e+18,Wed Feb 01 00:37:01 +0000 2023,2023/2/1 0:37,0,0,0,https://twitter.com/dev_gantabya/status/1620581953585168384,0,33995
34321,So #ChatGPT at peaks now ! #chatgpt4 #ChatGPTPro #chatgpt3 https://t.co/jiBVEKhU4Z,82,0,103273743.0,viswitters,1.62e+18,Wed Feb 01 02:19:38 +0000 2023,2023/2/1 2:19,1,0,0,https://twitter.com/viswitters/status/1620607779953324033,1,34322
34602,"I believe that the future of search is in AI.

#ChatGPT #ChatGPTPro #AI",73,0,1.21e+18,EadricS,1.62e+18,Wed Feb 01 03:41:50 +0000 2023,2023/2/1 3:41,1,1,1,https://twitter.com/EadricS/status/1620628465988030464,3,34603
35293,"Some people say #Google may be replaced with #ChatGPT  in the future. What do you think about this? Does it get better?

#chathot #ChatGPTGOD #ArtificialIntelligence #AI #Artificial #technology #TechnologyNews #OpenAI #OpenAIChatGPT #ChatGPTPro #news #Competition #computers https://t.co/U0Kw4l3gtd",300,0,150503286.0,researcher01012,1.62e+18,Wed Feb 01 06:42:37 +0000 2023,2023/2/1 6:42,1,1,0,https://twitter.com/researcher01012/status/1620673962417197056,2,35294
35504,"I'm currently selling e??? https://t.co/N8N1etYKy6 

#ChatGPT #ChatGPTGOD #ChatGPTPro #OpenAI #GPT #GPT3 #gptchat #GPToday #AI #ArtificialIntelligence #data #BigData #ICO #tech #California #texas #ITC #DigitalAssets #uk #investor #web3 #AustinTx #Canada",255,0,1.02e+18,URLStrategist,1.62e+18,Wed Feb 01 07:31:31 +0000 2023,2023/2/1 7:31,1,0,0,https://twitter.com/URLStrategist/status/1620686268161220608,1,35505
63647,"I never thought I would be happy to pay @Microsoft $20 a month e??? #ChatGPT #ChatGPTPro #AI #openai 

... Now, let's see if they keep their word and provide me faster responses with uninterrupted service for my $20 a month e?  ? https://t.co/UfCNnFmLHy",255,1,762522504.0,Barnacules,1.62e+18,Sat Feb 11 07:17:34 +0000 2023,2023/2/11 7:17,20,3,6,https://twitter.com/Barnacules/status/1624306633647218688,29,63648
