,full_text,text_length,at_num,user_id_str,screen_name,id_str,created_at,publish_time,favorite_count,retweet_count,reply_count,tweet_url,total_heat,tt
30613,"We asked AI to create some of your favorite characters from iconic TV Shows.. 
This is the beauty of AI, even if it was simple task for it. #ath3naai #ath3na #AI #artificialintelligence #news #aiupdate #chatgpt #midjourney #generativeart #art #imagination #tvshows https://t.co/CP4F2plVO3",289,0,1.62e+18,ath3na_ai,1.62e+18,Tue Jan 31 00:28:17 +0000 2023,2023/1/31 0:28,0,0,1,https://twitter.com/ath3na_ai/status/1620217366482419712,1,30614
32913,#ath3naai #ath3na #AI #artificialintelligence #aiupdate #chatgpt #openai #midjourney #generativeart https://t.co/fad2UMOlCW,123,0,1.62e+18,ath3na_ai,1.62e+18,Tue Jan 31 17:13:00 +0000 2023,2023/1/31 17:13,1,0,1,https://twitter.com/ath3na_ai/status/1620470211949527040,2,32914
34160,#ath3naai #ath3na #AI #artificialintelligence #aiupdate #chatgpt #midjourney #generativeart https://t.co/vXSoO94dfK,115,0,1.62e+18,ath3na_ai,1.62e+18,Wed Feb 01 01:32:27 +0000 2023,2023/2/1 1:32,0,1,0,https://twitter.com/ath3na_ai/status/1620595902476963841,1,34161
34161,#ath3naai #ath3na #AI #artificialintelligence #aiupdate #chatgpt #midjourney #generativeart https://t.co/RSler5jZpU,115,0,1.62e+18,ath3na_ai,1.62e+18,Wed Feb 01 01:32:37 +0000 2023,2023/2/1 1:32,0,1,0,https://twitter.com/ath3na_ai/status/1620595947142250496,1,34162
34167,#ath3naai #ath3na #AI #artificialintelligence #aiupdate #chatgpt #midjourney #generativeart https://t.co/2tmugl9405,115,0,1.62e+18,ath3na_ai,1.62e+18,Wed Feb 01 01:33:56 +0000 2023,2023/2/1 1:33,0,0,0,https://twitter.com/ath3na_ai/status/1620596278433550337,0,34168
