,full_text,text_length,at_num,user_id_str,screen_name,id_str,created_at,publish_time,favorite_count,retweet_count,reply_count,tweet_url,total_heat,tt
5883,"Watch Now: https://t.co/6rT468befk

#blazegoldburst #reversedorderexistence #chatgpt #author #writer #blogger #openai #youtube #subscribe #selfpublishing #publisher #explainervideo #authorservices #traditionalpublishing #writing #creativewriting #writerscommunity #BookReview",277,0,1.19e+18,blazegoldburst,1.61e+18,Mon Jan 09 05:45:50 +0000 2023,2023/1/9 5:45,0,0,0,https://twitter.com/blazegoldburst/status/1612324749551751169,0,5884
23070,"The Future of Writing: Will AI technologies like ChatGPT put writers out of business? 
#ChatGPT #writing #writers #writerscommunity #nonfiction #AI 

https://t.co/M7uCkJoJi3",176,0,20839094.0,PeteDomican,1.62e+18,Wed Jan 25 10:04:48 +0000 2023,2023/1/25 10:04,1,0,0,https://twitter.com/PeteDomican/status/1618188126429773824,1,23071
42298,Become a Published Author Using #ChatGPT  https://t.co/JT6iDyrfpz  A Step-by-Step Guide to #Writing and Publishing eBooks with ChatGPT  #data #writerscommunity #bookwormsat #BookTwitter #booklover #BookBoost  #amazonfinds #picoftheday #chatbots #AI  https://t.co/ND2ExVuAW8,273,0,1.48e+18,tobbyjaslee,1.62e+18,Fri Feb 03 07:14:03 +0000 2023,2023/2/3 7:14,0,0,0,https://twitter.com/tobbyjaslee/status/1621406645828845568,0,42299
46473,"How to use #ChatGPT for #copywriting,book #writing, #SEO optimization, and even #contentcreation.This guide is ideal for #authors,anybody interested  #AI revolution, https://t.co/lURL7otkAT #writerslift #writerscommunity #indiepub #amazonkdp #blogging  #socialmedia #fridayread https://t.co/Du600nZbgC",301,0,1.48e+18,tobbyjaslee,1.62e+18,Fri Feb 03 18:05:08 +0000 2023,2023/2/3 18:05,0,0,0,https://twitter.com/tobbyjaslee/status/1621570496511807488,0,46474
47437,"How to use #ChatGPT for #copywriting,book #writing, #SEO optimization, and even #contentcreation.This guide is ideal for #authors,anybody interested  #AI revolution, https://t.co/lURL7otkAT #writerslift #writerscommunity #indiepub #amazonkdp #blogging  #socialmedia #fridayread https://t.co/zWIBCFlWci",301,0,1.48e+18,tobbyjaslee,1.62e+18,Fri Feb 03 21:05:06 +0000 2023,2023/2/3 21:05,0,0,0,https://twitter.com/tobbyjaslee/status/1621615787273338885,0,47438
84939,"My latest #satire #ChatGPT #writerslift #writerscommunity #mediumwriters #AI  
https://t.co/5VtpOOZEA9",103,0,1.15e+18,zeno_carlo,1.63e+18,Thu Feb 23 04:06:59 +0000 2023,2023/2/23 4:06,1,0,0,https://twitter.com/zeno_carlo/status/1628607327858487296,1,84940
88435,"ChatGPT Empire shows you how to become an advanced user of ChatGPT to get any text you like for free from the bot, which can create books, reports, articles, product reviews and a lot more. https://t.co/dkNh250QHh
#ChatGPT #writers #writerscommunity #freelancers #copywriting https://t.co/QOwkMWM8gZ",300,0,1.43e+18,DigiArea24,1.63e+18,Thu Feb 23 14:57:57 +0000 2023,2023/2/23 14:57,0,0,0,https://twitter.com/DigiArea24/status/1628771148321239040,0,88436
89451,"ChatGPT vs. Human Writers: Which is Better for Content Creation? 

This blog compares #ChatGPT to human writers across various aspects to explore the question of whether #AI can replace human writerse?  ?#Movio 
???
https://t.co/faitaDNbbi 

#writerscommunity #contentcreation",282,0,1.55e+18,HeyGen_Official,1.63e+18,Thu Feb 23 17:44:18 +0000 2023,2023/2/23 17:44,9,5,0,https://twitter.com/HeyGen_Official/status/1628813010268573696,14,89452
