,full_text,text_length,at_num,user_id_str,screen_name,id_str,created_at,publish_time,favorite_count,retweet_count,reply_count,tweet_url,total_heat,tt
7825,"#AI #ChatGPT Homo Decentralizatus #future 
https://t.co/7BelOkdyyF
@nordicblock #web3community #Wednesdayvibe",111,1,213224325.0,MyBrandt,1.61e+18,Wed Jan 11 01:42:28 +0000 2023,2023/1/11 1:42,2,1,0,https://twitter.com/MyBrandt/status/1612988281293004800,3,7826
22470,"The Importance Of Responsive Web Design.
Read Blog:https://t.co/3AFbwE7Bmd
#ppcchat #?  ?  ?  ?-_? 歙???  ??   #?1  ??  ? 歙?_??? 歙?_??  ??  ?  ??_?  ??  ?_  ??  ?|  ? #?2  ?? 歙?_  ??  ?    ?_  ???  ?  ?  ? #digitalart #DigitalMarketing #Web3 #ChatGPT #web3community #brand #tech #technology #techno #Google #WhatsApp #facebookdown #business #Now https://t.co/PKokQNaPBS",370,0,1.15e+18,MightyWarners,1.62e+18,Wed Jan 25 05:11:34 +0000 2023,2023/1/25 5:11,3,0,0,https://twitter.com/MightyWarners/status/1618114330771488769,3,22471
26341,"I THINK WE HAVE TO IMPLEMENT THE TERM "" Graceful degradation"" IN OUR LIFE RATHER THEN ONLY IN CODE ......

#Web3 #webdevelopment #Webdesign #web3community #Job #jobsearch #success #ChatGPT #FrontEnd #backnumber #React #Astros",227,0,1.62e+18,AdityaJha0001,1.62e+18,Fri Jan 27 10:27:48 +0000 2023,2023/1/27 10:27,2,1,0,https://twitter.com/AdityaJha0001/status/1618918691277791233,3,26342
29826,"Day 59 of #100DaysOfCode Today I learned

a??useState in #React 

a??skimming of #js concepts

Follow e?   for more info
#Motivation @WeMakeDevs #coding #javascript #AI #Web3  #programming #development #DataScience #techtwitter #opensource  #web3community #100daysofcoding  #ChatGPT https://t.co/FHyRUoAG96",313,1,1.6e+18,jyothikumar003,1.62e+18,Sun Jan 29 16:47:48 +0000 2023,2023/1/29 16:47,5,4,2,https://twitter.com/jyothikumar003/status/1619739097316360193,11,29827
32790,"Day 61 of #100DaysOfCode Today I learned
a??hooks in #React 
a??skimming of #js concepts
Follow e?   for more info
#Motivation @WeMakeDevs #coding #javascript #AI #Web3  #programming #development #DataScience #techtwitter #opensource  #web3community #100daysofcoding  #ChatGPT #NodeJS https://t.co/FDGES9p7f1",312,1,1.6e+18,jyothikumar003,1.62e+18,Tue Jan 31 16:33:05 +0000 2023,2023/1/31 16:33,10,3,1,https://twitter.com/jyothikumar003/status/1620460168281718785,14,32791
37552,"Day 62 of #100DaysOfCode Today my work
a??#React revision
a??problem solving in leetcode
Follow e?   for more info #Motivation @WeMakeDevs #coding #javascript #AI #Web3  #programming #development #DataScience #techtwitter #opensource  #web3community #100daysofcoding  #ChatGPT #NodeJS https://t.co/aVqoQ7qoUU",311,1,1.6e+18,jyothikumar003,1.62e+18,Wed Feb 01 14:02:49 +0000 2023,2023/2/1 14:02,10,4,1,https://twitter.com/jyothikumar003/status/1620784739476209664,15,37553
44895,"Day 64 of #100DaysOfCode Today my work
a??#js revision
a??solved problems on sliding window
 #Motivation @WeMakeDevs #coding #javascript #AI #Web3 #programming #development #DataScience #techtwitter #opensource  #web3community #100daysofcoding  #ChatGPT #NodeJS #leetcode #Frontend https://t.co/AqUxAcC2vz",308,1,1.6e+18,jyothikumar003,1.62e+18,Fri Feb 03 14:16:31 +0000 2023,2023/2/3 14:16,9,1,2,https://twitter.com/jyothikumar003/status/1621512964632363010,12,44896
46824,"https://t.co/iPHahznfKo

*Embrace The #AI #Web3 #NFT &amp; #blockchain Movement!

#web3community #Web3Domain #NFTs #NFTCommunity #nftdomain #Crypto #AiDomain #startups #IoT #ML #Digital #Robot #Robot #Robotic #ETH #ArtificialIntelligence #VCS #VC #XR #VentureCapital #ChatGPT #Health https://t.co/2VAgx2ZXtG",311,0,1.53e+18,SoldXyz,1.62e+18,Fri Feb 03 19:03:08 +0000 2023,2023/2/3 19:03,7,0,1,https://twitter.com/SoldXyz/status/1621585093230993410,8,46825
55921,"#Metaverse and #ArtificialIntelligence are the hot topics of the momente??  

Leta??s look into how they are actually related to one anothere?  ?e??  
#Web3 #MetaverseGames #web3community #ChatGPT 

https://t.co/4eyHNH1uMV",227,0,8.9e+17,EsportsDotNet,1.62e+18,Tue Feb 07 15:00:00 +0000 2023,2023/2/7 15:00,1,0,0,https://twitter.com/EsportsDotNet/status/1622973459436556288,1,55922
58308,"https://t.co/sTZanuVT4T

*Embrace #AI

#Bot #Robot #Robots #Robotics #ArtificialIntelligence #Web3 #web3community #Web3domain #blockchain #Crypto #NFT #NFTCommunity #NFT #startup #streaming  #startups #IoT #VR  #ChatGPT #VentureCapital #gpt #GPT3  #VCS #Stream #Metaverse #Digital https://t.co/lNfeMNTfXv",308,0,1.53e+18,SoldXyz,1.62e+18,Tue Feb 07 19:07:31 +0000 2023,2023/2/7 19:07,8,3,3,https://twitter.com/SoldXyz/status/1623035748701331456,14,58309
59896,"https://t.co/mfXFuzTfUw

*Embrace #AI

#Bot #Robot #Robots #Robotics #ArtificialIntelligence #Web3 #web3community #Web3domain #blockchain #Crypto #NFT #NFTCommunity #NFT #startup #streaming  #startups #IoT #VR  #ChatGPT #VentureCapital #gpt #VCS #payment #Metaverse #Digital #GPT https://t.co/AeBwcSSS5h",307,0,1.53e+18,SoldXyz,1.62e+18,Tue Feb 07 22:21:25 +0000 2023,2023/2/7 22:21,10,0,1,https://twitter.com/SoldXyz/status/1623084545364090880,11,59897
74713,"https://t.co/MAxlaRFqW0
.
*Embrace #AI

#Bot #Robot #Robots #Robotics #ArtificialIntelligence #Web3 #web3community #Web3domain #blockchain #Crypto #NFT #NFTCommunity #NFT #Digital #streaming  #startups #IoT #VR  #ChatGPT #VentureCapital #gpt #GPT3  #VCS #Metaverse #Electrified https://t.co/YnSw0EvvwD",305,0,1.53e+18,SoldXyz,1.63e+18,Mon Feb 13 21:03:35 +0000 2023,2023/2/13 21:03,8,0,0,https://twitter.com/SoldXyz/status/1625239284256210945,8,74714
80304,"#AI #Domains
.
.
.
* * *  https://t.co/sbIf6pRjXs  * * *
.

.
#Web3 #web3community #web3domain #Web3Games #NFT #NFTCommunity #blockchain #ChatGPT #startup #AI #IoT #VCS #vc #VentureCapital #GPT #ML #artificalintelligence #Smart #Startups #AiNames #AiDomain #Movement #MVMT #web3AI https://t.co/lNSdgNV0qM",312,0,1.53e+18,SoldXyz,1.63e+18,Wed Feb 15 17:44:04 +0000 2023,2023/2/15 17:44,7,0,0,https://twitter.com/SoldXyz/status/1625913850536271873,7,80305
83697,"https://t.co/jq8RFBm9C7

** Embrace The #AI #Web3 #NFT &amp; #blockchain Movement! **

#web3community #Web3Domain #NFTs #NFTCommunity #nftdomain #Crypto #AiDomain #startups #IoT #ML #Digital #Robot #Robot #Robotic #ArtificialIntelligence #VCS #VC #VentureCapital #ChatGPT #Metaverse https://t.co/o29JkaVHbi",310,0,1.53e+18,SoldXyz,1.63e+18,Tue Feb 21 20:15:16 +0000 2023,2023/2/21 20:15,9,1,0,https://twitter.com/SoldXyz/status/1628126226786435073,10,83698
89195,"https://t.co/ic6TlWdVSv

** Embrace The #AI #Web3 #NFT &amp; #blockchain Movement! **

#web3community #Web3Domain #NFTs #NFTCommunity #nftdomain #Crypto #AiDomain #startups #IoT #ML #Digital #Robot #Robot #Robotic #ArtificialIntelligence #VCS #VC #VentureCapital #ChatGPT #Metaverse https://t.co/ABIE9AjmBY",310,0,1.53e+18,SoldXyz,1.63e+18,Thu Feb 23 16:58:16 +0000 2023,2023/2/23 16:58,3,0,0,https://twitter.com/SoldXyz/status/1628801428528697344,3,89196
90248,"https://t.co/MVaGDkmYh6

** Embrace The #AI #Web3 #NFT &amp; #blockchain Movement! **

#web3community #Web3Domain #NFTs #NFTCommunity #nftdomain #Crypto #AiDomain #startups #IoT #ML #Digital #Robot #Robot #Robotic #ArtificialIntelligence #VCS #VC #VentureCapital #ChatGPT #Metaverse https://t.co/KxOdufaXI4",310,0,1.53e+18,SoldXyz,1.63e+18,Thu Feb 23 20:17:22 +0000 2023,2023/2/23 20:17,7,0,1,https://twitter.com/SoldXyz/status/1628851530614083589,8,90249
91353,"https://t.co/suU9kGCNO8
.
* #VCS Investing in the NEW #AI

#Bot #Robot #Robots #Robotics #ArtificialIntelligence #Web3 #web3community #Web3domain #blockchain #Crypto #NFT #NFTCommunity #NFT #Digital #Startup  #startups #IoT #VR  #ChatGPT #VentureCapital #gpt  #Metaverse #Domain https://t.co/eDq6Mqe9Vb",306,0,1.53e+18,SoldXyz,1.63e+18,Sat Feb 25 23:10:52 +0000 2023,2023/2/25 23:10,11,1,0,https://twitter.com/SoldXyz/status/1629619971734274048,12,91354
91781,"CEO employs #ChatGPT to recover fees instead of lawyer, IPL teams utilize #AI; Your daily TLDR of important stories you must know about By: @Web3Grandpappa https://t.co/eHoSC6T3IW #web3grandpappa #ai #web3services #zentanewsdesk #web3 #web3community #news #zentapost #influencer",278,1,1.55e+18,zentaurios,1.63e+18,Mon Feb 27 01:55:00 +0000 2023,2023/2/27 1:55,4,3,0,https://twitter.com/zentaurios/status/1630023662588813313,7,91782
94410,This is an #educational institution who understands the power of #AIassisted #education! I am honored to be a part of an #IB #school! #AI #ChatGPT #Web3 #web3community #edtech #edutwitter,187,0,326210107.0,DoakShannon,1.63e+18,Mon Feb 27 13:32:04 +0000 2023,2023/2/27 13:32,6,2,0,https://twitter.com/DoakShannon/status/1630199088128958466,8,94411
94476,#AI  like #ChatGPT will be a part of the learning environment in #schools that support the #ethical use of these tools rather than #banning them. @iborganization #goodmove #Web3 #web3community #aiassistedlearning https://t.co/BMP5F1wITJ,236,1,326210107.0,DoakShannon,1.63e+18,Mon Feb 27 13:44:31 +0000 2023,2023/2/27 13:44,26,7,5,https://twitter.com/DoakShannon/status/1630202220774817792,38,94477
96037,"https://t.co/sTZanuVT4T

#AI &amp; #GPT

#Bot #Robot #Robots #Robotics #ArtificialIntelligence #Web3 #web3community #Web3domain #blockchain #Crypto #NFT #NFTCommunity #startup #streaming  #startups #IoT #VR  #ChatGPT #VentureCapital #GPT3  #VCS #Stream #Metaverse #Digital #domain https://t.co/4ktcXOKIhM",308,0,1.53e+18,SoldXyz,1.63e+18,Mon Feb 27 17:35:54 +0000 2023,2023/2/27 17:35,7,1,2,https://twitter.com/SoldXyz/status/1630260449639018497,10,96038
96227,"https://t.co/4A9DBNAbQd

*Embrace The #AI #movement

#Bot #Robot #Robots #Robotics #ArtificialIntelligence #Web3 #web3community #Web3domain #blockchain #Crypto #NFTCommunity #NFT #Digital #domain #startup #IoT #VR  #ChatGPT #VentureCapital #gpt #VCS #Movement #Metaverse #vc #mvmt https://t.co/CYFbCsVeP5",308,0,1.53e+18,SoldXyz,1.63e+18,Mon Feb 27 18:01:38 +0000 2023,2023/2/27 18:01,4,0,0,https://twitter.com/SoldXyz/status/1630266926713933825,4,96228
97297,"AI news Roundup: TCS keeps jobs with ChatGPT, Google hints at Imagen AI in Gboard, and Microsoft unveils telecom tools
https://t.co/niq2o4CqOj

#AI #web3 #web3community #Gboard #ChatGPT 
#GoogleAI #Blockchains https://t.co/7y11N4bDNm",237,0,1.56e+18,Web3Grandpappa,1.63e+18,Mon Feb 27 22:42:23 +0000 2023,2023/2/27 22:42,3,3,1,https://twitter.com/Web3Grandpappa/status/1630337577025933313,7,97298
97467,"Relegion, Science, physics, engineering, General discussion, Politics, Technology, Philosophy, Society &amp; Coding #web3community #ChatGPT",139,0,1.49e+18,zarr_amine,1.63e+18,Mon Feb 27 23:25:21 +0000 2023,2023/2/27 23:25,0,0,0,https://twitter.com/zarr_amine/status/1630348392487350278,0,97468
