,full_text,text_length,at_num,user_id_str,screen_name,id_str,created_at,publish_time,favorite_count,retweet_count,reply_count,tweet_url,total_heat,tt
19137,"#ChatGPT can even write #UrduPoetry. However, the quality of the #poetry differs for wife and girl friend e???e??? 
#artificalintelligence #Pakistan #Bollywood #UrduNews #Hindi https://t.co/jRysZiX0IY",201,0,18681638.0,hunzai,1.62e+18,Thu Jan 19 17:45:04 +0000 2023,2023/1/19 17:45,2,1,0,https://twitter.com/hunzai/status/1616129628044673024,3,19138
22221,"For Online Mode Degree &amp; PG Admissions in India's top recognized  universities please contact us. with best prices, if anybody interested  please contact us.

#BengaluruFC #chennaisangamam #JNU #MBA #Delhi #noidametro #Kolkata #ChatGPT #Bollywood #MumbaiMetro #Chennai #Jaipur https://t.co/fv8OPX7yIQ",306,0,1.61e+18,BestEducation_1,1.62e+18,Wed Jan 25 02:28:41 +0000 2023,2023/1/25 2:28,0,0,0,https://twitter.com/BestEducation_1/status/1618073340165652482,0,22222
29477,"Use of Artificial Intelligence and Machine Learning in the Film Industry, by @arshad_tanveer .   
https://t.co/GFCeK2PL8L 

#ArtificialIntelligence #ChatGPT #Bollywood #Tollywood #JustAMinuteMovie #MachineLearning #DataAnalytics",231,1,1.49e+18,RedswanEnterta1,1.62e+18,Sun Jan 29 13:56:16 +0000 2023,2023/1/29 13:56,1,0,0,https://twitter.com/RedswanEnterta1/status/1619695927878627328,1,29478
62715,"Here's a look at #DelhiTimes' front page. Click below to read the edition 

https://t.co/wgk3l8KuVl

#Bollywood #SidharthMalhotra #KiaraAdvani #SidKiara #SidKiaraKiShaadi #VidyaBalan #AliaBhatt #GangubaiKathiawadi #LeonardoDiCaprio #Assam #RakhiSawant #AdilDurrani #ChatGPT #AI https://t.co/4Ybs8baLqm",305,0,7.92e+17,DelhiTimesTweet,1.62e+18,Sat Feb 11 03:31:24 +0000 2023,2023/2/11 3:31,16,1,1,https://twitter.com/DelhiTimesTweet/status/1624249719810842624,18,62716
93257,"I asked @OpenAI (ChatGPT) to write a song in the style of Gulzar, @Javedakhtarjadu and @varungrover. Which do you think is the best? I personally feel it's pretty good.

 #Bollywood #ChatGPT #Lyrics #Hindi #javedakhtar #Gulzar  #poetrytwitter @TheSatyaShow https://t.co/eprOYXcJLi",282,4,1.45e+18,UdayB48297980,1.63e+18,Mon Feb 27 09:28:56 +0000 2023,2023/2/27 9:28,2,0,0,https://twitter.com/UdayB48297980/status/1630137900447981570,2,93258
