,full_text,text_length,at_num,user_id_str,screen_name,id_str,created_at,publish_time,favorite_count,retweet_count,reply_count,tweet_url,total_heat,tt
7460,"AI adaptations to cope with dodgy Generative AI ChatGPT pitfalls, showcased via AI LegalTech that answers law questions: https://t.co/JPWy72wD8j @LanceEliot #selfdriving #AI #autonomousvehicles #forbes #techbrium #aiethics @EthicsInAI #lawyers #AILaw #AI_Law #AI_Ethics #chatgpt",278,2,142113030.0,LanceEliot,1.61e+18,Mon Jan 09 21:12:26 +0000 2023,2023/1/9 21:12,0,1,0,https://twitter.com/LanceEliot/status/1612557934713798658,1,7461
10231,Predictions that prompt designers are needed for Generative AI ChatGPT might have missed the boat due to new AI aiming to do the same: https://t.co/anabIt3Mif @LanceEliot #selfdriving #AI #forbes #techbrium #aiethics @EthicsInAI #lawyers #AILaw #AI_Law #AI_Ethics #chatgpt,272,2,142113030.0,LanceEliot,1.61e+18,Wed Jan 11 20:05:38 +0000 2023,2023/1/11 20:05,1,1,2,https://twitter.com/LanceEliot/status/1613265899942998017,4,10232
14617,"Role Playing Via Generative AI ChatGPT Conjures Up Mental Health Questions, Stirring AI Ethics And AI Law Scrutiny https://t.co/uA7CRu8UNe | @Forbes #RolePlaying #GenerativeAI #ChatGPT #MentalHealth #AIEthics #AILaw #Forbes https://t.co/uwA9eEQNQE",247,1,201830233.0,RunnymedeCap,1.61e+18,Sun Jan 15 19:05:34 +0000 2023,2023/1/15 19:05,0,4,0,https://twitter.com/RunnymedeCap/status/1614700336002007040,4,14618
14737,"Role playing games (RPG) via generative AI ChatGPT conjures up mental health questions, stirring AI Ethics and AI Law: https://t.co/r3qAqlgOWp @LanceEliot #selfdriving #AI #autonomousvehicles #forbes #techbrium #aiethics @EthicsInAI #lawyers #AILaw #AI_Law #AI_Ethics #chatgpt",276,2,142113030.0,LanceEliot,1.61e+18,Sun Jan 15 20:48:14 +0000 2023,2023/1/15 20:48,0,1,0,https://twitter.com/LanceEliot/status/1614726174059692034,1,14738
20813,Banning generative AI ChatGPT won't move the needle and misses the boat: https://t.co/KYIubBMdaE @LanceEliot #selfdriving #AI #autonomousvehicles #forbes #techbrium #aiethics @EthicsInAI #lawyers #AILaw #AI_Law #AI_Ethics #chatgpt,230,2,142113030.0,LanceEliot,1.62e+18,Sat Jan 21 19:50:02 +0000 2023,2023/1/21 19:50,2,1,0,https://twitter.com/LanceEliot/status/1616885855796465664,3,20814
24564,"Here's what could undercut the allure of generative AI ChatGPT: https://t.co/tUaYkFY4gF 
@LanceEliot #selfdriving #AI #autonomousvehicles #forbes #techbrium #aiethics @EthicsInAI #lawyers #AILaw #AI_Law #AI_Ethics #chatgpt #openAI",231,2,142113030.0,LanceEliot,1.62e+18,Wed Jan 25 19:02:29 +0000 2023,2023/1/25 19:02,3,2,0,https://twitter.com/LanceEliot/status/1618323438338469888,5,24565
27941,"Generative AI ChatGPT can disturbingly gobble up your confidential data, forewarns AI Ethics and AI Law: https://t.co/dB4XiIDOEL @LanceEliot #selfdriving #AI #forbes #techbrium #aiethics @EthicsInAI #lawyers #AILaw #AI_Law #AI_Ethics #chatgpt #openAI @dazzagreenwood",266,3,142113030.0,LanceEliot,1.62e+18,Fri Jan 27 20:01:31 +0000 2023,2023/1/27 20:01,1,0,0,https://twitter.com/LanceEliot/status/1619063070524903436,1,27942
47794,"Proclaiming use of generative AI ChatGPT even when the AI sensation isna??t being used raises issues: https://t.co/RflC2MWdca 
@LanceEliot #AI #artificialintelligence #forbes #techbrium #aiethics @EthicsInAI #AILaw #AI_Law #AI_Ethics #chatgpt #openAI #artificialintelligence",275,2,142113030.0,LanceEliot,1.62e+18,Fri Feb 03 22:22:39 +0000 2023,2023/2/3 22:22,0,0,0,https://twitter.com/LanceEliot/status/1621635302044610561,0,47795
47798,Herea??s how federal contractors can sensibly use generative AI ChatGPT: https://t.co/hSyt78DGDu @LanceEliot #selfdriving #AI #artificialintelligence #forbes #techbrium #aiethics @EthicsInAI #lawyers #AILaw #AI_Law #AI_Ethics #chatgpt #openAI #artificialintelligence,266,2,142113030.0,LanceEliot,1.62e+18,Fri Feb 03 22:24:33 +0000 2023,2023/2/3 22:24,0,0,0,https://twitter.com/LanceEliot/status/1621635783571673088,0,47799
48112,All Lawyers &amp; Legal Pros a?? Five sensible ways to use generative AI ChatGPT in legal work: https://t.co/C6TWbey0p5 @LanceEliot #AI #artificialintelligence #forbes #techbrium #aiethics @EthicsInAI #lawyers #AILaw #AI_Law #AI_Ethics #chatgpt #openAI #artificialintelligence,276,2,142113030.0,LanceEliot,1.62e+18,Fri Feb 03 23:41:07 +0000 2023,2023/2/3 23:41,1,0,0,https://twitter.com/LanceEliot/status/1621655048844623872,1,48113
49657,"AI battle erupts with Google Bard versus Microsoft OpenAI ChatGPT, stoking AI Ethics and AI Law concerns, see scoop here: https://t.co/0p2fEvgkoJ @LanceEliot #AI #artificialintelligence #forbes #techbrium #aiethics @EthicsInAI #AILaw #AI_Law #AI_Ethics #chatgpt #openAI #google",277,2,142113030.0,LanceEliot,1.62e+18,Tue Feb 07 03:22:20 +0000 2023,2023/2/7 3:22,2,3,1,https://twitter.com/LanceEliot/status/1622797883589402625,6,49658
56942,"Google Bard versus Microsoft OpenAI ChatGPT, AI Ethics and AI Law concerns, see details here: https://t.co/4jr2FFIPBZ @LanceEliot #AI #artificialintelligence #forbes #techbrium #AIEthics @EthicsInAI #AILaw #AI_Law #AI_Ethics #chatgpt #openAI #google",249,2,142113030.0,LanceEliot,1.62e+18,Tue Feb 07 16:44:21 +0000 2023,2023/2/7 16:44,0,0,0,https://twitter.com/LanceEliot/status/1622999718740758528,0,56943
60903,Battle of the Titans as Google Bard tries to undercut Microsoft OpenAI ChatGPT: https://t.co/4jr2FFIPBZ @LanceEliot #AI #artificialintelligence #forbes #techbrium #AIEthics @EthicsInAI #AILaw #AI_Law #AI_Ethics #chatgpt #openAI #google,235,2,142113030.0,LanceEliot,1.62e+18,Thu Feb 09 20:07:52 +0000 2023,2023/2/9 20:07,2,1,0,https://twitter.com/LanceEliot/status/1623775711734681600,3,60904
67875,"Use your Super Bowl party planning efforts to learn all about generative AI ChatGPT, here's the deal: https://t.co/enJ1VbO8e8 @LanceEliot #selfdriving #AI #artificialintelligence #forbes #techbrium #aiethics 
@EthicsInAI #lawyers #AILaw #AI_Law #AI_Ethics #chatgpt #openAI",273,2,142113030.0,LanceEliot,1.62e+18,Sat Feb 11 21:44:47 +0000 2023,2023/2/11 21:44,0,0,0,https://twitter.com/LanceEliot/status/1624524878429974528,0,67876
74302,"Generative AI ChatGPT steaming up those amorous dating apps + online dating portals, bothers AI Ethics and AI Law: https://t.co/43jHUD8Bvi @LanceEliot #AI #artificialintelligence #forbes #techbrium #aiethics @EthicsInAI #lawyers #AILaw #AI_Law #AI_Ethics #chatgpt #openAI",271,2,142113030.0,LanceEliot,1.63e+18,Mon Feb 13 19:41:29 +0000 2023,2023/2/13 19:41,0,0,1,https://twitter.com/LanceEliot/status/1625218624477876225,1,74303
74304,Best ways to use generative AI ChatGPT for your law practice: https://t.co/p25ITfyuo9 @LanceEliot #selfdriving #AI #artificialintelligence #forbes #techbrium #aiethics @EthicsInAI #lawyers #AILaw #AI_Law #AI_Ethics #chatgpt #openAI,231,2,142113030.0,LanceEliot,1.63e+18,Mon Feb 13 19:41:51 +0000 2023,2023/2/13 19:41,3,1,0,https://twitter.com/LanceEliot/status/1625218713711693824,4,74305
81299,Outthinking generative AI ChatGPT to straighten out those vexing AI hallucinations (plus AI Ethics and AI Law insights): https://t.co/ToY0RCGtiz @LanceEliot #AI #artificialintelligence #forbes #techbrium #aiethics @EthicsInAI #lawyers #AILaw #AI_Law #AI_Ethics #chatgpt #openAI,277,2,142113030.0,LanceEliot,1.63e+18,Wed Feb 15 21:05:54 +0000 2023,2023/2/15 21:05,0,1,0,https://twitter.com/LanceEliot/status/1625964645008932864,1,81300
83708,"Monetizing generative AI ChatGPT via embedded product placement ads:  https://t.co/R3RFhkhBWW @LanceEliot #selfdriving #AI #artificialintelligence #forbes #techbrium #aiethics 
@EthicsInAI #lawyers #AILaw #AI_Law #AI_Ethics #chatgpt #openAI",241,2,142113030.0,LanceEliot,1.63e+18,Tue Feb 21 20:16:49 +0000 2023,2023/2/21 20:16,1,1,0,https://twitter.com/LanceEliot/status/1628126616160452608,2,83709
90425,"Will generative AI ChatGPT flood the Internet with infinite content, herea??s the deal: https://t.co/4lcH0gynEi @LanceEliot #selfdriving #AI #artificialintelligence #forbes #techbrium #aiethics @EthicsInAI #lawyers #AILaw #AI_Law #AI_Ethics #chatgpt #openAI",257,2,142113030.0,LanceEliot,1.63e+18,Thu Feb 23 21:00:22 +0000 2023,2023/2/23 21:00,0,0,0,https://twitter.com/LanceEliot/status/1628862352207785987,0,90426
