,full_text,text_length,at_num,user_id_str,screen_name,id_str,created_at,publish_time,favorite_count,retweet_count,reply_count,tweet_url,total_heat,tt
6696,"Weil das Thema rund um #ChatGPT #KI und #Schreiben gerade viel diskutiert wird: 
Welche Rolle #Sprache in der Kultur der #Digitalit?  t hat und welche Aufgaben die sprachliche Bildung zuk??nftig hat, habe ich k??rzlich f??r PlanBD des @ForumBilDig aufgeschrieben:",264,1,527909863.0,verve_l,1.61e+18,Mon Jan 09 14:29:43 +0000 2023,2023/1/9 14:29,9,2,0,https://twitter.com/verve_l/status/1612456587800502274,11,6697
19652,"""At some point, we will just have to accept //ducking// as a swear word"" #autocorrect

Habe gerade keine Lust mehr auf #KI und #ChatGPT - Tweets.

Postet mal witzige Autokorrektur - Fails! #twlz",198,0,49433047.0,Ic3cAk3,1.62e+18,Thu Jan 19 21:43:17 +0000 2023,2023/1/19 21:43,1,1,0,https://twitter.com/Ic3cAk3/status/1616189580163616784,2,19653
23713,"Mein Zug ist 45 min zu sp?  t. Der Zugbegleiter betont, der ""nicht so clevere Computer"" ist schuld. Wird das mit #KI anders. Wer wei??? @JohannesStarke, @Axel_Lindhorst und mein Thema ist #KI und #ChatGPT aus #CorporateLearning Sicht. Eine Momentaufnahme.?? https://t.co/1NGzlLDbfm",281,2,1.35e+18,DubeSusanne,1.62e+18,Wed Jan 25 14:09:05 +0000 2023,2023/1/25 14:09,1,0,0,https://twitter.com/DubeSusanne/status/1618249601806643200,1,23714
29796,"Der KI Hype geht weiter und wir geben dir alles mit, was du wissen musst! Mit unserer kostenlosen Zusatzqualifikation #K??nstlicheIntelligenz lernst du alles zum Thema #KI und #ChatGPT! e???e??ae?  ???https://t.co/x0KB75KB0x #twlz https://t.co/I8rcTvU5D8",254,0,8.85e+17,fobizz,1.62e+18,Sun Jan 29 16:30:03 +0000 2023,2023/1/29 16:30,17,4,1,https://twitter.com/fobizz/status/1619734628650160131,22,29797
32132,"Maximiere Effizienz im Projektmanagement mit #KI und #ChatGPT! Erfahre in meinem neuen Blog-Beitrag, wie du 8 einfache Anwendungsf?  lle nutzen kannst. #Projektmanagement #Effizienzsteigerung #Digitalisierung https://t.co/rdrGWv32IG",232,0,1122598964.0,FreddiKing,1.62e+18,Tue Jan 31 12:55:44 +0000 2023,2023/1/31 12:55,1,0,0,https://twitter.com/FreddiKing/status/1620405468945600512,1,32133
42765,"Ich hatte wieder einmal eine Dosis #KI und #ChatGPT. Bin ich nun eingesch??chtert? Habe ich Sorge, dass der Bot bald besser sein wird im #ContentMarketing als wir es jemals sein k??nnten. Nein. Warum? Das erkl?  re ich hier: https://t.co/vaf2JSBAcj",248,0,189105512.0,medienmixer,1.62e+18,Fri Feb 03 08:43:21 +0000 2023,2023/2/3 8:43,1,0,0,https://twitter.com/medienmixer/status/1621429121816399874,1,42766
45125,"Einsatzm??glichkeiten von #KI und #ChatGPT stellt @MonikaPrell f??r Seminarlehrkr?  fte am 15.3. vor. An Beispielen aus dem Fach Deutsch werden Ideen f??r alle F?  cher entwickelt. 

Hier anmelden:e???https://t.co/64s605fxdC
#twlz #BayernEdu @mebis_Bayern #Seminar #Referendariat #DiBiS https://t.co/VShFodzS90",313,2,1.41e+18,Stabsstelle_ALP,1.62e+18,Fri Feb 03 14:49:19 +0000 2023,2023/2/3 14:49,21,9,0,https://twitter.com/Stabsstelle_ALP/status/1621521218942951430,30,45126
76675,"Um 11 Uhr geht's los! Wir freuen uns schon. Peter Dyllick-Brenzinger wird Einblicke in #KI und #ChatGPT im Besonderen geben. Wie wird #KI den Journalismus ver?  ndern und wie k??nnen Redaktionen KI f??r sich nutzen? 
https://t.co/4EjMVoSUkQ",241,0,1670584400.0,PurplePublish,1.63e+18,Wed Feb 15 07:40:46 +0000 2023,2023/2/15 7:40,0,0,0,https://twitter.com/PurplePublish/status/1625762022670446593,0,76676
94694,"Welche Ver?  nderungen wird #ChatGPT f??r die Bildungslandschaft bringen? Bei @NDRKultur ist @dwkro, Professorin f??r Wirtschaftsinformatik an der @fh_Kiel zu Gast und spricht ??ber #KI und #Bildung.
https://t.co/FfoqRFw6fJ",224,3,8.34e+17,MEDIEN360G,1.63e+18,Mon Feb 27 14:21:03 +0000 2023,2023/2/27 14:21,2,2,0,https://twitter.com/MEDIEN360G/status/1630211413443502080,4,94695
