,full_text,text_length,at_num,user_id_str,screen_name,id_str,created_at,publish_time,favorite_count,retweet_count,reply_count,tweet_url,total_heat,tt
71490,"Rih rih repay me my damn money
#PuppyBowl #ChilisDateChallenge  #TheFlashMovie  #Coinbase  #YouNetflix #NBATradeDeadline #wednesdaythought  #POTUS #hatay #GRAMMYs????#bitcoin?????????????? #Binance????#BuildJakapan #nft #ethn #ChatGPT #crypto #allofthelights #umbrella #SuperBowlLVII https://t.co/4ZoZxqvqBl",308,0,1.39e+18,MoneyWayEnterp,1.63e+18,Mon Feb 13 12:19:48 +0000 2023,2023/2/13 12:19,2,0,2,https://twitter.com/MoneyWayEnterp/status/1625107468165545990,4,71491
71496,"Bish betta have my money e??   
#PuppyBowl #ChilisDateChallenge  #TheFlashMovie??  #Coinbase  #YouNetflix #NBATradeDeadline #wednesdaythought  #POTUS #hatay #GRAMMYs????#bitcoin???????????????? #Binance??????#BuildJakapan #nft #ethn #ChatGPT #crypto #allofthelights #umbrella #SuperBowlLVII https://t.co/hQVXOIg8NH",315,0,1.39e+18,MoneyWayEnterp,1.63e+18,Mon Feb 13 12:21:06 +0000 2023,2023/2/13 12:21,3,0,0,https://twitter.com/MoneyWayEnterp/status/1625107795765764097,3,71497
72418,"Alexa, play 
Bish betta have my money e??   
#PuppyBowl #TheFlashMovie????  #Coinbase  #YouNetflix #NBATradeDeadline  #POTUS #hatay #GRAMMYs????#bitcoin?????????????????? #Binance????????#BuildJakapan #nft #ethn #ChatGPT #crypto #allofthelights #umbrella #SuperBowlLVII??
 #MondayMotivation https://t.co/L4HlZF9J4L",317,0,1.39e+18,MoneyWayEnterp,1.63e+18,Mon Feb 13 14:32:30 +0000 2023,2023/2/13 14:32,2,0,7,https://twitter.com/MoneyWayEnterp/status/1625140864220626946,9,72419
72429,"Let this be the Monday you have moneye??   
#PuppyBowl #ChilisDateChallenge  #TheFlashMovie????  #Coinbase  #YouNetflix #NBATradeDeadline #MondayMotivation #POTUS #hatay #GRAMMYs????#bitcoin?????????????????? #Binance??#BuildJakapan #nft #ethn #ChatGPT #crypto #umbrella #SuperBowlLVII https://t.co/LqBiN5vqyW",310,0,1.39e+18,MoneyWayEnterp,1.63e+18,Mon Feb 13 14:34:07 +0000 2023,2023/2/13 14:34,3,0,0,https://twitter.com/MoneyWayEnterp/status/1625141273010003971,3,72430
72442,"He gets us the shit we like
#PuppyBowl #ChilisDateChallenge  #TheFlashMovie????  #Coinbase  #YouNetflix #NBATradeDeadline  #POTUS #hatay #GRAMMYs????#bitcoin?????????????????? #Binance????????#BuildJakapan #nft #ethn #ChatGPT #crypto #allofthelights #umbrella #SuperBowlLVII??#Rihanna https://t.co/0L0E4nVqjw",309,0,1.39e+18,MoneyWayEnterp,1.63e+18,Mon Feb 13 14:35:43 +0000 2023,2023/2/13 14:35,1,0,0,https://twitter.com/MoneyWayEnterp/status/1625141674337787904,1,72443
79970,"Time to get into the Full Swing of things 
 #wednesdaythought #PuppyBowl #TheFlashMovie??????  #Coinbase  #YouNetflix #NBATradeDeadline  #POTUS #hatay #Joker2 #GRAMMYs????#bitcoin???????????????????? #Binance????#BuildJakapan #nft #ethn #ChatGPT #crypto #allofthelights #umbrella #fearwomen https://t.co/pW6XAFTCvQ",315,0,1.39e+18,MoneyWayEnterp,1.63e+18,Wed Feb 15 16:43:01 +0000 2023,2023/2/15 16:43,3,0,0,https://twitter.com/MoneyWayEnterp/status/1625898487765147649,3,79971
80005,"Turn on the Money Engine 
#WednesdayWisdom  #wednesdaythought #PuppyBowl #TheFlashMovie????????  #Coinbase  #YouNetflix #NBATradeDeadline  #POTUS #hatay #Joker2 #GRAMMYs????#bitcoin?????????????????????? #Binance??????#BuildJakapan #nft #ethn #ChatGPT #crypto #allofthelights #umbrella #fearwomen https://t.co/dm15MhDJpw",321,0,1.39e+18,MoneyWayEnterp,1.63e+18,Wed Feb 15 16:47:33 +0000 2023,2023/2/15 16:47,3,0,0,https://twitter.com/MoneyWayEnterp/status/1625899627198263296,3,80006
