,full_text,text_length,at_num,user_id_str,screen_name,id_str,created_at,publish_time,favorite_count,retweet_count,reply_count,tweet_url,total_heat,tt
31107,Tech C-suitesa?? tryst with ChatGPT #Chatgpt #Infosys #OpenAI #Whatsapp #Tcs #Google #Microsoft #HclTech #Internet  https://t.co/9THoL9GHdX,139,0,60838339.0,jais_george,1.62e+18,Tue Jan 31 06:00:11 +0000 2023,2023/1/31 6:00,0,0,0,https://twitter.com/jais_george/status/1620300892028440576,0,31108
53870,Tip of an Ice Berg #Chatgpt #layoffs #IT #software #Tcs #Infosys e??   https://t.co/sUhIF95frr,94,0,1.16e+18,HarshalBatte,1.62e+18,Tue Feb 07 11:41:00 +0000 2023,2023/2/7 11:41,3,0,0,https://twitter.com/HarshalBatte/status/1622923379648122881,3,53871
92398,"Generative AI like ChatGPT will be a co-worker, will not replace jobs: TCS #Tcs #MilindLakkad #Chatgpt #TataConsultancyServices #AI  https://t.co/KlZs2cvJoA",156,0,60838339.0,jais_george,1.63e+18,Mon Feb 27 05:30:31 +0000 2023,2023/2/27 5:30,0,0,0,https://twitter.com/jais_george/status/1630077898773127168,0,92399
93532,"Generative AI like ChatGPT will be a co-worker, will not replace jobs: TCS #Chatgpt #MilindLakkad #Tcs #TataConsultancyServices #AI #CHRO #Internet  https://t.co/SfkS6fqFAY",172,0,81082366.0,ETTelecom,1.63e+18,Mon Feb 27 10:30:09 +0000 2023,2023/2/27 10:30,1,1,0,https://twitter.com/ETTelecom/status/1630153304192831491,2,93533
93533,"Generative AI like ChatGPT will be a co-worker, will not replace jobs: TCS #Chatgpt #MilindLakkad #Tcs #TataConsultancyServices #AI #CHRO #Internet  https://t.co/938qWu0GhR",172,0,60838339.0,jais_george,1.63e+18,Mon Feb 27 10:30:10 +0000 2023,2023/2/27 10:30,1,0,0,https://twitter.com/jais_george/status/1630153311658848257,1,93534
