,full_text,text_length,at_num,user_id_str,screen_name,id_str,created_at,publish_time,favorite_count,retweet_count,reply_count,tweet_url,total_heat,tt
36186,"ChatGPT????  ???????????????1???AI??a??1??  ??  ?  ??????????WBS??????2023?1  1???27??  ??????Open AI ??  ?????-??3?????1??  ????????  ??????GPT

????????  BIZ
?????  ??3?????????  ?2  ????   171????oo
https://t.co/iSwEVeSoVJ

#r_blog #ChatGPT #?????  ??????GPT #OpenAI #WBS #??  ?????-??3?????1??  ",305,0,81284383.0,sr_attorney,1.62e+18,Wed Feb 01 09:56:07 +0000 2023,2023/2/1 9:56,1,0,0,https://twitter.com/sr_attorney/status/1620722657946931201,1,36187
36899,"???chatGPT  ?????a?????a?????  a2  ??????????????????  ?AI????????????  ??????????????Perplexity???

KEITO???AI&amp;WEB ch???
?????  ??3?????????  ?2  ????   1460?oo
https://t.co/VELYjmuZif

#r_blog #r_blog #ChatGPT #?????  ??????GPT #OpenAI #WBS #??  ?????-??3?????1??   #perplexityAI",291,0,81284383.0,sr_attorney,1.62e+18,Wed Feb 01 12:19:01 +0000 2023,2023/2/1 12:19,1,0,0,https://twitter.com/sr_attorney/status/1620758619653537793,1,36900
70896,"???ChatGPT?????????????  ?????  ???  ?3?27?????????????????  AI?????????????o????  ????3????????  ??????GPT??????????  ???  ???

365??  ????-|??3?????????????????????IT????????  ???
?????  ??3?????????  ?2  ????   1.67????oo
https://t.co/NRoBzeAvG9

#r_blog #ChatGPT #?oo?    ??    ?? https://t.co/KxVE3gNXqc",314,0,81284383.0,sr_attorney,1.63e+18,Mon Feb 13 10:40:54 +0000 2023,2023/2/13 10:40,0,0,0,https://twitter.com/sr_attorney/status/1625082579954151425,0,70897
87260,"Web3???  ???   ???  ?????ChatGPT????????  ?????????Tencent ARC????????    ????????Arc Tencent pour d??tourer des visages sans effort pour les utiliser dans GIMP

https://t.co/PbaxqAyeU5

#r_blog #Web3 #ChatGPT #TencentARC",225,0,81284383.0,sr_attorney,1.63e+18,Thu Feb 23 12:02:35 +0000 2023,2023/2/23 12:02,1,0,0,https://twitter.com/sr_attorney/status/1628727014827126784,1,87261
87285,"???  ?    ?????AI?????????ChatGPT??Canva????  ???  ?????|SNS????  ????  ?a??????????????1?3?

mikimiki web ??1??  ??????
?????  ??3?????????  ?2  ????   11.5????oo
https://t.co/xCDHc3CJQI

#r_blog #chatgpt #mikimikiweb??1??  ?????? ???Canva",246,0,81284383.0,sr_attorney,1.63e+18,Thu Feb 23 12:05:36 +0000 2023,2023/2/23 12:05,0,0,0,https://twitter.com/sr_attorney/status/1628727773924843520,0,87286
87675,"???ChatGPT???????????????  ?2????????????  ?????????????????????????????????????????????????  ?????a?????|????????2?????????    戗╝??????  ?????????

ABEMA ?  ?????????    ????a?  ? #??  ?????????????????????
?????  ??3?????????  ?2  ????   105????oo
https://t.co/fbcXApdydw

#r_blog #??2????????? #ChatGPT #??  ?????????",326,0,81284383.0,sr_attorney,1.63e+18,Thu Feb 23 13:05:36 +0000 2023,2023/2/23 13:05,0,0,0,https://twitter.com/sr_attorney/status/1628742873113071617,0,87676
