,full_text,text_length,at_num,user_id_str,screen_name,id_str,created_at,publish_time,favorite_count,retweet_count,reply_count,tweet_url,total_heat,tt
20479,I wonder which current musician will be the first to admit  they used A.I. Generated ideas to write their next hit song? I have a weird feeling from some of the current bops Ia??ve been hearing that they are coming from A.I. #ChatGPT #aisonggenerator #Billboard #GRAMMYs #popmusic,280,0,26040989.0,JOHNNYGBOY,1.62e+18,Sat Jan 21 16:29:17 +0000 2023,2023/1/21 16:29,0,0,0,https://twitter.com/JOHNNYGBOY/status/1616835332821114885,0,20480
49601,"Short Sleeves Letter Tee
19% off code: ZFTW18 @zaful_official 
SHOP&gt;&gt;https://t.co/Wp7is2g4uk

#ChatGPT #wafc #TheLastOfUs #TheBachelor #BBTitans #DeadlineDay #earthquake #FACup #GRAMMYs #HogwartsLegacy #IrelandisFull #JacksonWang #loveisland #LUFC #MCStan #onlyfans https://t.co/NPEYupHxV1",299,1,8.18e+17,zaful_official,1.62e+18,Tue Feb 07 03:11:07 +0000 2023,2023/2/7 3:11,0,0,0,https://twitter.com/zaful_official/status/1622795061170667520,0,49602
49979,#BBTitans #GRAMMYs #ChatGPT #JacksonWang https://t.co/aoRYudNAgc,64,0,270264284.0,MungoReport,1.62e+18,Tue Feb 07 04:22:35 +0000 2023,2023/2/7 4:22,1,1,0,https://twitter.com/MungoReport/status/1622813049169055744,2,49980
51782,"AI Revolutionises Business Processes
https://t.co/5leJDc6t3y 

#ChatGPT #openai #OpenAIChatGPT #GRAMMYs #ArtificialIntelligence",130,0,1.62e+18,Ali_Shabbir458,1.62e+18,Tue Feb 07 08:06:24 +0000 2023,2023/2/7 8:06,1,0,0,https://twitter.com/Ali_Shabbir458/status/1622869373118472193,1,51783
52092,Kanye Terri's Tuesday Eastleigh Nana Jeremiah Kioni Yaya Toure Youth Resistance Movement MDD Tems NHIF Moses Kuria Buran Boy South Africa Kenya Kisumu UPDF Hayley Thiery Henry Chriseab Mauritius #GRAMMYs #BBTitans #Turkey #earthquakeinturkey #ChatGPT #earthquake #TurkeyEarthquake,280,0,1.45e+18,AlpAcost,1.62e+18,Tue Feb 07 08:43:19 +0000 2023,2023/2/7 8:43,0,0,0,https://twitter.com/AlpAcost/status/1622878662155534339,0,52093
52101,Kanye Terri's Tuesday Eastleigh Nana Jeremiah Kioni Yaya Toure Youth Resistance Movement MDD Tems NHIF Moses Kuria Buran Boy South Africa Kenya Kisumu UPDF Hayley Thiery Henry Chriseab Mauritius Turkey #GRAMMYs #BBTitans #Turkey #earthquakeinturkey #ChatGPT #earthquake #Turkiye,278,0,1.4e+18,Plugged_co_ke,1.62e+18,Tue Feb 07 08:44:07 +0000 2023,2023/2/7 8:44,0,0,0,https://twitter.com/Plugged_co_ke/status/1622878865751244803,0,52102
52144,"This friday

|tirries Tuesday eastleigh nana nhif #GRAMMYs #BreakingNews #ChatGPT #MainaAndKingangi https://t.co/KKjuV16vgu",125,0,2383270510.0,djmash_ke,1.62e+18,Tue Feb 07 08:49:05 +0000 2023,2023/2/7 8:49,7,1,1,https://twitter.com/djmash_ke/status/1622880115121176578,9,52145
53218,"ChatGPT composed a song using Javascript e??  e?  o

You guys shouldn't underate the power of this AI 
#GRAMMYs #Google #AI #Trending #openai  #OpenAIChatGPT  #OpenAIChat  #ChatGPT  #ChatGPTPlus #viral https://t.co/usqYxdh8V1",228,0,1.61e+18,makindeAhmed_,1.62e+18,Tue Feb 07 10:35:56 +0000 2023,2023/2/7 10:35,1,0,1,https://twitter.com/makindeAhmed_/status/1622907005404078080,2,53219
53324,"An amazing overview of ChatGPT by Yogesh Haribhau Kulkarni

#chatGPT #GRAMMYs #Google https://t.co/guOVAh1QcR",111,0,1.36e+18,RajivRa83243382,1.62e+18,Tue Feb 07 10:46:22 +0000 2023,2023/2/7 10:46,0,0,0,https://twitter.com/RajivRa83243382/status/1622909630048530435,0,53325
53701,"@elonmusk An amazing overview of ChatGPT by Yogesh Haribhau Kulkarni

#chatGPT #GRAMMYs #Google https://t.co/cT3LHK55dR",121,1,1.36e+18,RohitKu65692910,1.62e+18,Tue Feb 07 11:22:47 +0000 2023,2023/2/7 11:22,0,0,0,https://twitter.com/RohitKu65692910/status/1622918792191029249,0,53702
54040,"Construction layout made easy, with HP site print.

#innovation #ArtificialIntelligence #Construction #constructionworker #Engineering #MachineLearning #AI #BigBrotherTitans #bigbrothernlbe #BigBrotherBrasil #GRAMMYs #constructionequipment #ChatGPT https://t.co/KdQB0FPBwt",274,0,1.48e+18,inventnexus,1.62e+18,Tue Feb 07 11:57:45 +0000 2023,2023/2/7 11:57,1,0,0,https://twitter.com/inventnexus/status/1622927594726334464,1,54041
54233,"This song is fire. baby by @Promzwild drop on the  10th of February. Pre-save link: https://t.co/ahafj2nVlS you don't wanna miss it like, share and keep the love going 
#TomandJerry #GrammyAwards #GRAMMYs #Doyin #ChatGPT #deprem #ZenithBank #Portugal #Portable #yemialade #CR7e??  ",282,1,1.62e+18,Gene6ixofficial,1.62e+18,Tue Feb 07 12:16:12 +0000 2023,2023/2/7 12:16,3,0,0,https://twitter.com/Gene6ixofficial/status/1622932236717723649,3,54234
54512,"Swish and ball like the lakers e??? 
#hatay #GRAMMYs #bitcoin #Binance #BuildJakapan #nft #ethn #ChatGPT #crypto https://t.co/bpctXAaURc",137,0,1.39e+18,MoneyWayEnterp,1.62e+18,Tue Feb 07 12:48:45 +0000 2023,2023/2/7 12:48,2,0,0,https://twitter.com/MoneyWayEnterp/status/1622940426876473345,2,54513
55994,"""when two forces unite there efficiency double"".            ~Isaac Newton

#innovation #ArtificialIntelligence #ArtistOnTwitter #quote #quotesoftheday #GRAMMYs #MissUniverse #FORCE #motivational #MovingQuickly #ChatGPT #yesbank #ibes https://t.co/EvINCN8gyH",259,0,1.48e+18,inventnexus,1.62e+18,Tue Feb 07 15:04:42 +0000 2023,2023/2/7 15:04,0,0,0,https://twitter.com/inventnexus/status/1622974639520780289,0,55995
57403,"Double it pass it to the next one 

#grailed #KiaraSidharthwedding #GRAMMYs #Grammys2023 #uk #ldn #lyrics #bars #here #hear #me #SidKiaraWedding #ChatGPT #deprem #DeadlineDay",176,0,1.53e+18,Grailjonesuk,1.62e+18,Tue Feb 07 17:36:26 +0000 2023,2023/2/7 17:36,0,0,0,https://twitter.com/Grailjonesuk/status/1623012824753614883,0,57404
57527,"There has never been a simpler way to monitor vital signs in telemedicine, as with Draganfly's #vitalintelligence  Technology. Healthcare has come a long way in recent years.
#Draganfly  #PrayersForTurkey #GRAMMYs #ChatGPT",223,0,1.53e+18,MikeOween,1.62e+18,Tue Feb 07 17:52:20 +0000 2023,2023/2/7 17:52,4,3,0,https://twitter.com/MikeOween/status/1623016827881246720,7,57528
60018,"#BethanyHamilton A Shark couldn't kill her, but the #WokeAF #TransMafia will. #WSL puts mens poor hurt feelings above science; fairness &amp; safety. Until men speak out, your daughters are doomed. #SaveWomensSports #GRAMMYs #ChatGPT https://t.co/dAEA9CAGE0",257,0,1.6e+18,TerfTurf,1.62e+18,Tue Feb 07 22:38:35 +0000 2023,2023/2/7 22:38,1,0,0,https://twitter.com/TerfTurf/status/1623088864238632963,1,60019
60187,"e???e???D?a uma olhada em Vestido Midi Feminino Polka Dot De Chiffon Com Gola V E Manga Curta por R$63,80 - R$69,80. Compre na Shopee agora! https://t.co/QwUFZZX11r

#BBB23 #GRAMMYs #ChatGPT https://t.co/tjjdoPFyOB",216,0,2602396064.0,nayanemss,1.62e+18,Tue Feb 07 23:08:37 +0000 2023,2023/2/7 23:08,2,1,0,https://twitter.com/nayanemss/status/1623096423540563968,3,60188
60290,"e???e???D?a uma olhada em Pochete Militar T??tica Casual ?? Prova De ??gua por R$65,00. Compre na Shopee agora! https://t.co/DOs6rVIP4u

#GRAMMYs #BBB23 #ChatGPT https://t.co/am7Du8CG1G",187,0,2602396064.0,nayanemss,1.62e+18,Tue Feb 07 23:26:18 +0000 2023,2023/2/7 23:26,2,1,0,https://twitter.com/nayanemss/status/1623100874636623873,3,60291
60851,"Embroidered Crop T Shirt
19% off code: ZFTW18 @zaful_official 
SHOP&gt;&gt;https://t.co/Z3pyVGIniP

#ChatGPT #wafc #TheLastOfUs #TheBachelor #BBTitans #DeadlineDay #earthquake #FACup #GRAMMYs #HogwartsLegacy #IrelandisFull #JacksonWang #loveisland #LUFC #MCStan #onlyfans https://t.co/N9sPheJYP9",299,1,8.18e+17,zaful_official,1.62e+18,Thu Feb 09 20:00:22 +0000 2023,2023/2/9 20:00,0,1,0,https://twitter.com/zaful_official/status/1623773824066940929,1,60852
61976,"Pockets Fluffy Jacket 
19% off code: ZFTW18 @zaful_official 
SHOP&gt;&gt;https://t.co/K79r9VNdSJ

#ChatGPT #wafc #TheLastOfUs #TheBachelor #BBTitans #DeadlineDay #earthquake #FACup #GRAMMYs #HogwartsLegacy #IrelandisFull #JacksonWang #loveisland #LUFC #MCStan #onlyfans https://t.co/McVEZwul0P",297,1,8.18e+17,zaful_official,1.62e+18,Sat Feb 11 00:00:17 +0000 2023,2023/2/11 0:00,0,0,0,https://twitter.com/zaful_official/status/1624196587206352897,0,61977
62373,"Y2K Aesthetic Sweater
19% off code: ZFTW18 @zaful_official 
SHOP&gt;&gt;https://t.co/0sXmiiBzrt

#ChatGPT #wafc #TheLastOfUs #TheBachelor #BBTitans #DeadlineDay #earthquake #FACup #GRAMMYs #HogwartsLegacy #IrelandisFull #JacksonWang #loveisland #LUFC #MCStan #onlyfans https://t.co/jN6qQXU9P8",296,1,8.18e+17,zaful_official,1.62e+18,Sat Feb 11 02:00:11 +0000 2023,2023/2/11 2:00,1,0,0,https://twitter.com/zaful_official/status/1624226762518368257,1,62374
62832,"Corduroy Long Sleeves Shirt 
19% off code: ZFTW18 @zaful_official 
SHOP&gt;&gt;https://t.co/UeIf8iAolr

#ChatGPT #wafc #TheLastOfUs #TheBachelor #BBTitans #DeadlineDay #earthquake #FACup #GRAMMYs #HogwartsLegacy #IrelandisFull #JacksonWang #loveisland #LUFC #MCStan #onlyfans https://t.co/NsIlYVNrK4",303,1,8.18e+17,zaful_official,1.62e+18,Sat Feb 11 04:00:14 +0000 2023,2023/2/11 4:00,3,0,1,https://twitter.com/zaful_official/status/1624256972877864962,4,62833
67488,"Milkmaid Dress 
19% off code: ZFTW18 @zaful_official 
SHOP&gt;&gt;https://t.co/qBRLuIR0mk

#ChatGPT #wafc #TheLastOfUs #TheBachelor #BBTitans #DeadlineDay #earthquake #FACup #GRAMMYs #HogwartsLegacy #IrelandisFull #JacksonWang #loveisland #LUFC #MCStan #onlyfans https://t.co/5vUlkEgwuC",290,1,8.18e+17,zaful_official,1.62e+18,Sat Feb 11 20:00:32 +0000 2023,2023/2/11 20:00,2,1,0,https://twitter.com/zaful_official/status/1624498642814918661,3,67489
68597,"Rock Hand Print T Shirt
19% off code: ZFTW18 @zaful_official 
SHOP&gt;&gt;https://t.co/Cayz3j6i7A

#ChatGPT #wafc #TheLastOfUs #TheBachelor #BBTitans #DeadlineDay #earthquake #FACup #GRAMMYs #HogwartsLegacy #IrelandisFull #JacksonWang #loveisland #LUFC #MCStan #onlyfans https://t.co/4rVQk0FNEf",298,1,8.18e+17,zaful_official,1.62e+18,Mon Feb 13 02:00:13 +0000 2023,2023/2/13 2:00,3,0,0,https://twitter.com/zaful_official/status/1624951545249890304,3,68598
68989,"Pockets Shorts Set 
19% off code: ZFTW18 @zaful_official 
SHOP&gt;&gt;https://t.co/fdxZ8OgZhq

#ChatGPT #wafc #TheLastOfUs #TheBachelor #BBTitans #DeadlineDay #earthquake #FACup #GRAMMYs #HogwartsLegacy #IrelandisFull #JacksonWang #loveisland #LUFC #MCStan #onlyfans https://t.co/kXXRqbzAa5",294,1,8.18e+17,zaful_official,1.62e+18,Mon Feb 13 04:00:11 +0000 2023,2023/2/13 4:00,1,0,0,https://twitter.com/zaful_official/status/1624981736227581952,1,68990
69671,"Graphic Printed Short 
19% off code: ZFTW18 @zaful_official
 
SHOP&gt;&gt;https://t.co/JCype2XWrX

#ChatGPT #wafc #TheLastOfUs #TheBachelor #BBTitans #DeadlineDay #earthquake #FACup #GRAMMYs #HogwartsLegacy #IrelandisFull #JacksonWang #loveisland #LUFC #MCStan #onlyfans https://t.co/eF0PVsJChC",299,1,8.18e+17,zaful_official,1.63e+18,Mon Feb 13 07:00:45 +0000 2023,2023/2/13 7:00,0,0,1,https://twitter.com/zaful_official/status/1625027177472266241,1,69672
72205,"Mountain Print Short 
19% off code: ZFTW18 @zaful_official
 
SHOP&gt;&gt;https://t.co/GpaAsBCmwJ

#ChatGPT #wafc #TheLastOfUs #TheBachelor #BBTitans #DeadlineDay #earthquake #FACup #GRAMMYs #HogwartsLegacy #IrelandisFull #JacksonWang #loveisland #LUFC #MCStan #onlyfans https://t.co/hJYRdhhTvA",298,1,8.18e+17,zaful_official,1.63e+18,Mon Feb 13 14:01:01 +0000 2023,2023/2/13 14:01,0,0,1,https://twitter.com/zaful_official/status/1625132941411221504,1,72206
73024,"Graphic Printed Short 
19% off code: ZFTW18 @zaful_official
 
SHOP&gt;&gt;https://t.co/cTGaaZF9vL

#ChatGPT #wafc #TheLastOfUs #TheBachelor #BBTitans #DeadlineDay #earthquake #FACup #GRAMMYs #HogwartsLegacy #IrelandisFull #JacksonWang #loveisland #LUFC #MCStan #onlyfans https://t.co/wOyjuhIhaV",299,1,8.18e+17,zaful_official,1.63e+18,Mon Feb 13 16:00:37 +0000 2023,2023/2/13 16:00,0,0,3,https://twitter.com/zaful_official/status/1625163039417696256,3,73025
73723,"Vegetable Printed Short 
19% off code: ZFTW18 @zaful_official
 
SHOP&gt;&gt;https://t.co/meJCi9foTe

#ChatGPT #wafc #TheLastOfUs #TheBachelor #BBTitans #DeadlineDay #earthquake #FACup #GRAMMYs #HogwartsLegacy #IrelandisFull #JacksonWang #loveisland #LUFC #MCStan #onlyfans https://t.co/kOqz98xarI",301,1,8.18e+17,zaful_official,1.63e+18,Mon Feb 13 18:00:31 +0000 2023,2023/2/13 18:00,2,0,1,https://twitter.com/zaful_official/status/1625193212800339980,3,73724
74393,"Patch Design Textured
19% off code: ZFTW18 @zaful_official
 
SHOP&gt;&gt;https://t.co/2h021L5o4J

#ChatGPT #wafc #TheLastOfUs #TheBachelor #BBTitans #DeadlineDay #earthquake #FACup #GRAMMYs #HogwartsLegacy #IrelandisFull #JacksonWang #loveisland #LUFC #MCStan #onlyfans https://t.co/XYgWqPYkdC",298,1,8.18e+17,zaful_official,1.63e+18,Mon Feb 13 20:00:20 +0000 2023,2023/2/13 20:00,1,0,0,https://twitter.com/zaful_official/status/1625223367774142465,1,74394
74973,"Colorblock Zip Pocket
19% off code: ZFTW18 @zaful_official
 
SHOP&gt;&gt;https://t.co/3dkz52KuKh

#ChatGPT #wafc #TheLastOfUs #TheBachelor #BBTitans #DeadlineDay #earthquake #FACup #GRAMMYs #HogwartsLegacy #IrelandisFull #JacksonWang #loveisland #LUFC #MCStan #onlyfans https://t.co/Hy7iMEd6Mm",298,1,8.18e+17,zaful_official,1.63e+18,Mon Feb 13 22:00:13 +0000 2023,2023/2/13 22:00,0,0,0,https://twitter.com/zaful_official/status/1625253537927032837,0,74974
