,full_text,text_length,at_num,user_id_str,screen_name,id_str,created_at,publish_time,favorite_count,retweet_count,reply_count,tweet_url,total_heat,tt
12579,"e??   Grandfather of #ChatGPT is @Microsoft
v/
@STEMLearningUK

#futureofwork #Innovation #DataAnalytics #technology #Programming #coding #Digital #Robotics #web3 #blockchain #MWC2023 #AI #Python #DataScience #Bigdata #cloud #Fintech #bot #IoT #100DaysOfCode #Flutter https://t.co/gcm5m23rGL",295,2,1.59e+18,IamAritraG,1.61e+18,Fri Jan 13 18:07:09 +0000 2023,2023/1/13 18:07,2,2,0,https://twitter.com/IamAritraG/status/1613960858434179072,4,12580
13397,"Totalmente robotizado... Desde la cocina hasta el auto servicio, incluyendo mantenimiento de ba?  os... ??Todo!

#ArtificialIntelligence #programming #ChatGPT #futureofwork #Hoy https://t.co/kzQpzs3B4E",203,0,171300844.0,ldorozco,1.61e+18,Sun Jan 15 03:51:03 +0000 2023,2023/1/15 3:51,1,0,0,https://twitter.com/ldorozco/status/1614470191663939587,1,13398
14037,ChatGPT vil revolusjonere m?  ten vi jobber p?  ! Jeg tror vi vil kunne utnytte dette til det bedre for en hverdag med komplekse problemstillinger. MERK: oppgavene jeg sikter til er av kvantitativ karakter. #ChatGPT #futureofwork #fintwit,238,0,1.49e+18,stockvestmacro,1.61e+18,Sun Jan 15 13:05:01 +0000 2023,2023/1/15 13:05,2,0,0,https://twitter.com/stockvestmacro/status/1614609601927811072,2,14038
16697,"AI21 Labs Announces The Future Of Writing, Challenging @OpenAI via @forbes https://t.co/3jq45cmPnw #writingtips #futureofwork #artificalintelligence #NLP #ChatGPT",162,2,49383389.0,GilPress,1.62e+18,Tue Jan 17 14:20:48 +0000 2023,2023/1/17 14:20,1,0,0,https://twitter.com/GilPress/status/1615353446147952641,1,16698
16698,"AI21 Labs Announces The Future Of Writing, Challenging @OpenAI via @forbes https://t.co/lmvmRNkH7I #writingtips #futureofwork #artificalintelligence #NLP #ChatGPT",162,2,2396224388.0,danielcantorna,1.62e+18,Tue Jan 17 14:21:02 +0000 2023,2023/1/17 14:21,0,0,0,https://twitter.com/danielcantorna/status/1615353507036516352,0,16699
17341,"e?????? Tech trends? Yeah, we've heard of a??em. But the tools we choose from the tech toolbox need to solve the problem at hand - building a product that actually helps hybrid team managers.  https://t.co/ds51df3OIb 

#techtrends #futureofwork #chatgpt #vc #productmarketing",277,0,1.51e+18,TrellisWork_,1.62e+18,Tue Jan 17 18:26:00 +0000 2023,2023/1/17 18:26,0,0,0,https://twitter.com/TrellisWork_/status/1615415156686655495,0,17342
19048,"I just published Unlocking the Potential of Language Models: The New Job Types of the Future 
https://t.co/E6arZsRL5e 
#ChatGPT #futureofwork #OpenAI #NewJob",159,0,2795662041.0,_Astricom,1.62e+18,Thu Jan 19 17:09:12 +0000 2023,2023/1/19 17:09,0,0,0,https://twitter.com/_Astricom/status/1616120601386663937,0,19049
21356,AI powered consultancy e?    #futureofwork #ChatGPT #AI @openaicommunity @OpenAI https://t.co/pCat14IQKR,104,2,740607852.0,BarendRaaff,1.62e+18,Mon Jan 23 18:48:12 +0000 2023,2023/1/23 18:48,241,18,0,https://twitter.com/BarendRaaff/status/1617595069841670166,259,21357
21440,"Don't believe the hype! #AI may automate some tasks, but it will also create new opportunities for #humantechnologists to work alongside machines and drive innovation. The future of work in the tech industry is about collaboration, not replacement. #futureofwork #ChatGPT",271,0,1.51e+18,TTibbs_,1.62e+18,Mon Jan 23 19:18:10 +0000 2023,2023/1/23 19:18,1,3,0,https://twitter.com/TTibbs_/status/1617602611405885442,4,21441
22145,"Ia??m a #copywriter.

 Ia??m pretty sure #ArtificialIntelligence is going to take my #job 

https://t.co/6hN0CY380C #fintch #futureofwork #AI #MachineLearning #DeepLearning #AGI #chatgpt  @humford @guardian @psb_dc @HaroldSinnott @DioFavatas @HaroldSinnott @DioFavatas  @Shi4Tech https://t.co/i39L7Or1H8",307,8,2711212681.0,SpirosMargaris,1.62e+18,Wed Jan 25 01:33:01 +0000 2023,2023/1/25 1:33,11,15,0,https://twitter.com/SpirosMargaris/status/1618059331248816133,26,22146
23890,"La IA y el futuro del trabajo: cinco expertos hablan de ChatGPT, DALL-E y otras herramientas de creaci?3n y conocimiento
https://t.co/Wf8ZfOEeCT
#ChatGPT #futureofwork #ia #futurodeltrabajo #RRHH https://t.co/GnutIxSvjf",221,0,1025147803.0,aoliverax,1.62e+18,Wed Jan 25 15:08:15 +0000 2023,2023/1/25 15:08,2,1,0,https://twitter.com/aoliverax/status/1618264492730630144,3,23891
30118,"I need coffee so I can edit the new podcast episode a??e??  a??e???

e??   New podcast coming tomorrow. It is about the impact of AI on the future of education. This should be thought provoking e?  ?

#risovent #futureofwork #FutureTech #ChatGPT #Coffee #life #edit #happy #work https://t.co/OasinWfVmr",306,0,1.36e+18,risovent,1.62e+18,Sun Jan 29 19:10:53 +0000 2023,2023/1/29 19:10,0,0,0,https://twitter.com/risovent/status/1619775103709106176,0,30119
33673,#ChatGPT creator rolls out 'imperfect' tool to help #teachers spot e??? potential cheating https://t.co/uso5phTRZL #AI #Teachers #teachertwitter #futureofwork #AIEthics #MWC23 https://t.co/Vgrnrc5Mth,199,0,17463660.0,GlenGilmore,1.62e+18,Tue Jan 31 22:04:15 +0000 2023,2023/1/31 22:04,1,1,1,https://twitter.com/GlenGilmore/status/1620543511106912256,3,33674
34873,"AI is ""always improving"" but despite the hype, it wona??t be able to write with the same flair that humans can.

#ChatGPT #AI #ArtificialIntelligence #Jobs  #contentwritingwithai #futureofwork #futureofjobs
https://t.co/FZ5klK8qD2",233,0,292385312.0,PeopleMatters2,1.62e+18,Wed Feb 01 04:51:40 +0000 2023,2023/2/1 4:51,0,0,0,https://twitter.com/PeopleMatters2/status/1620646036980244482,0,34874
35535,"Top 10 industries #ChatGPT could impact in 2023a?????
#Analyics #MachineLearning #AI #IoT #ML #flutter
#futureofwork #OpenAI #ArtificialIntelligence  #Robotic #fintech #MWC2023 #Programming #Coding #100DaysOfCode 
V/ @welcomeai
https://t.co/eWpUraOL61",255,1,1.16e+18,Analytics_699,1.62e+18,Wed Feb 01 07:38:20 +0000 2023,2023/2/1 7:38,12,15,2,https://twitter.com/Analytics_699/status/1620687982079672321,29,35536
36643,"Will #ChatGPT and other #AI tools 

replace #journalists in #newsrooms? 

https://t.co/W4pxVALorq #fintech #futureofwork #ArtificialIntelligence #MachineLearning #DeepLearning #chatgpt #OpenAi @euronews https://t.co/ibUefoVEHZ",230,1,2711212681.0,SpirosMargaris,1.62e+18,Wed Feb 01 11:37:02 +0000 2023,2023/2/1 11:37,10,8,1,https://twitter.com/SpirosMargaris/status/1620748051999506432,19,36644
37063,"RT @SpirosMargaris: Will #ChatGPT and other #AI tools 

replace #journalists in #newsrooms? 

https://t.co/0600exbJkN #fintech #futureofwork #ArtificialIntelligence #MachineLearning #DeepLearning #chatgpt #OpenAi @euronews https://t.co/3BFaBXwtmf",250,2,142255858.0,darpankul,1.62e+18,Wed Feb 01 12:52:55 +0000 2023,2023/2/1 12:52,0,1,0,https://twitter.com/darpankul/status/1620767149731053568,1,37064
40776,"Ia??m a #copywriter. Ia??m pretty sure #ArtificialIntelligence is going to take my #job 

https://t.co/4j6vlcrEvN

#futureofwork #AI #MachineLearning #DeepLearning #AGI #chatgpt https://t.co/cH0fIeOIyP",205,0,82070318.0,aneesmerchant,1.62e+18,Wed Feb 01 22:30:04 +0000 2023,2023/2/1 22:30,0,0,0,https://twitter.com/aneesmerchant/status/1620912395773427722,0,40777
45239,"Today, I sought the help of the incredible ChatGPT to solve a math problem posed by my daughter, a sixth grader. Although a Google search would have sufficed, this exchange highlights the Human-Machine era;  #chatgpt #ai #learning #futureofwork #employment #work #entrepreneurship https://t.co/feKHpNpAFX",304,0,53026512.0,onkartweets,1.62e+18,Fri Feb 03 15:02:22 +0000 2023,2023/2/3 15:02,1,0,1,https://twitter.com/onkartweets/status/1621524501958889479,2,45240
49012,"ChatGPT Will??Lead to #Layoffs, 

But #Traders Say They Will Be Fine 

https://t.co/I0zSqJgewk #fintech #futureofwork #ChatGPT #AI #artificalintelligence #MachineLearning #DeepLearning @NateLanxon @Bloomberg #wealthtech @business https://t.co/mh2jtE3V06",257,3,2711212681.0,SpirosMargaris,1.62e+18,Tue Feb 07 01:14:02 +0000 2023,2023/2/7 1:14,2,1,1,https://twitter.com/SpirosMargaris/status/1622765595383955456,4,49013
49286,"3 ways @BillGates thinks #ChatGPT and #AI 

will be helpful to people 

https://t.co/8AHmKzC7Eu #fintech #artificalintelligence #MachineLearning #DeepLearning ##futureofwork #AGI @britneycath @BusinessInsider https://t.co/tu8jsrIN9k",236,3,2711212681.0,SpirosMargaris,1.62e+18,Tue Feb 07 02:16:01 +0000 2023,2023/2/7 2:16,4,3,0,https://twitter.com/SpirosMargaris/status/1622781196492046338,7,49287
55587,"These #jobs are most likely to be #replacedby #chatbots like #ChatGPT

https://t.co/qqOw38YcZV

#futureofwork #AI #ArtificialIntelligence #MachineLearning #DeepLearning https://t.co/DMNF7fYbTr",196,0,82070318.0,aneesmerchant,1.62e+18,Tue Feb 07 14:30:05 +0000 2023,2023/2/7 14:30,0,0,0,https://twitter.com/aneesmerchant/status/1622965930534834179,0,55588
56478,"https://t.co/aorUsW47jP

Premium #Domainname #ForSale

#blockchains #Blockchain #VR #Analytics #AI #MachineLearning #BigData #AR #DAO #DAOs #ML #IoT #Metaverse #NFTs #futureofwork #NFT #Crypto #100DaysOfCode #fintech #Web3 #Bitcoin????#ETH #technology #startups #tech #DeFi #ChatGPT https://t.co/HE9dLh03yJ",310,0,1.33e+18,domains_perfect,1.62e+18,Tue Feb 07 15:56:28 +0000 2023,2023/2/7 15:56,7,3,4,https://twitter.com/domains_perfect/status/1622987669503414272,14,56479
57107,"Like with any technological innovation, ChatGPT will replace some jobs and create new ones. Instead of being scared by new tech disruption, leaders should strategize how to use it to enhance operations. 

https://t.co/mI3IOG6EYG #futureofwork #chatgpt",253,0,21961421.0,lkenglish,1.62e+18,Tue Feb 07 17:01:28 +0000 2023,2023/2/7 17:01,2,0,1,https://twitter.com/lkenglish/status/1623004025871388672,3,57108
60813,#data4good #datascience https://t.co/9NMfG3ARrB https://t.co/d4OXWiAwVG #data #ai #salesforce #sales #crm #remote #job #hrtech #hr #bigdata #machinelearning #startup #cloudcomputing #cloud #futureofwork #humanresources #csuite #startups #microsoft #chatgpt #azure #google #apple,278,0,7.8e+17,martinhoyes,1.62e+18,Thu Feb 09 19:54:48 +0000 2023,2023/2/9 19:54,2,2,0,https://twitter.com/martinhoyes/status/1623772424172081153,4,60814
61262,"#ChatGPT #AI's Filthy Open Secret: DAN

From 'Open Hacks'
The McFuture podcast
https://t.co/VQ4Zv12LRv

#innovation #tech #future #futurism #technology #corporate #futureofwork #hacking #reddit #generativeart https://t.co/aaYj935Jhw",238,0,32823974.0,ideafaktory,1.62e+18,Thu Feb 09 21:20:02 +0000 2023,2023/2/9 21:20,4,0,1,https://twitter.com/ideafaktory/status/1623793873758609409,5,61263
61300,"Great to be on @Channel7 and @themorningshow7 talking about the future of work, AI and ChatGPT with @larryemdur and @kyliegillies. Thanks so much for having me on https://t.co/KHWBod9igj #leaders #careers #futureofwork #AI #MachineLearning #ChatGPT https://t.co/75415cb6ak",272,4,423828119.0,MichelleGibbing,1.62e+18,Thu Feb 09 21:30:14 +0000 2023,2023/2/9 21:30,9,2,1,https://twitter.com/MichelleGibbing/status/1623796439951241216,12,61301
61877,#data4good #datascience https://t.co/9NMfG3ARrB https://t.co/BgrTguP8pf #data #ai #salesforce #sales #crm #remote #job #hrtech #hr #bigdata #machinelearning #startup #cloudcomputing #cloud #futureofwork #humanresources #csuite #startups #microsoft #chatgpt #azure #google #apple,278,0,7.8e+17,martinhoyes,1.62e+18,Thu Feb 09 23:36:24 +0000 2023,2023/2/9 23:36,2,2,0,https://twitter.com/martinhoyes/status/1623828190417522688,4,61878
61886,#data4good #datascience https://t.co/9NMfG3ARrB https://t.co/BgrTguP8pf #data #ai #salesforce #sales #crm #remote #job #hrtech #hr #bigdata #machinelearning #startup #cloudcomputing #cloud #futureofwork #humanresources #csuite #startups #microsoft #chatgpt #azure #google #apple,278,0,7.8e+17,martinhoyes,1.62e+18,Thu Feb 09 23:38:13 +0000 2023,2023/2/9 23:38,2,6,0,https://twitter.com/martinhoyes/status/1623828646246125568,8,61887
62695,"What is ChatGPT? What to know about AI chatbot that will power Microsoft Bing #AIchatbot #artificialintelligence #ChatGPT #futureofwork #Microsoftbing #technology https://t.co/EeYkFtfOXv
https://t.co/27MFKjEZNK",211,0,1.44e+18,dellyranksindia,1.62e+18,Sat Feb 11 03:26:53 +0000 2023,2023/2/11 3:26,0,0,0,https://twitter.com/dellyranksindia/status/1624248581258457089,0,62696
73913,#salesforce #data4good https://t.co/9NMfG3ARrB https://t.co/omLSFBkP8z #crm #sales #data #datascience #ai #integrations #hubspot #hr #bigdata #machinelearning #iot #python #startup #cloudcomputing #cloud #remote #job #futureofwork #csuite #hrtech #startups #microsoft #chatgpt,276,0,7.8e+17,martinhoyes,1.63e+18,Mon Feb 13 18:30:19 +0000 2023,2023/2/13 18:30,2,2,0,https://twitter.com/martinhoyes/status/1625200712513916929,4,73914
74614,"@segundoatdell @AFTrobots @sebbourguignon @enilev @HaroldSinnott @tobiaskintzel @NevilleGaunt @chidambara09 @mvollmer1 @mikeflache @AlbertoEMachado @MargaretSiegien Perhaps ita??s time that we talk about #UBI e?  ? e?  ? 

#Robotics #automation #futureofwork #4IR #ChatGPT #AI #ML #IIoT #ArtificialIntelligence #tech #MWC23 
 https://t.co/sOlqFRK530",352,12,17463660.0,GlenGilmore,1.63e+18,Mon Feb 13 20:43:42 +0000 2023,2023/2/13 20:43,11,8,1,https://twitter.com/GlenGilmore/status/1625234280614883340,20,74615
75694,"We should all be worried about #AI taking over. It's just a matter of time until they figure out how to do our jobs better than us.
#True or #False 

Whats your thoughts?
#AI #ArtificialIntelligence #futureofwork #ChatGPT",225,0,430515486.0,Qaiser_Abas,1.63e+18,Wed Feb 15 03:29:26 +0000 2023,2023/2/15 3:29,1,0,0,https://twitter.com/Qaiser_Abas/status/1625698774663286784,1,75695
77971,"#Opinion: Ajay Muliyil
ChatGPT: For Everyone or Not?
@ChatwithGPT @OpenAI @Microsoft @MicrosoftIndia 
#ChatGPT #AItechnology #futureofwork #humansandtechnology #GOATdebate #Metaverse #societalissues #teamwork #collaboration  #consciousness 
Read More: https://t.co/u3yr9bjMsV https://t.co/XX1PPnobNo",303,4,2526829837.0,goskribe,1.63e+18,Wed Feb 15 11:56:05 +0000 2023,2023/2/15 11:56,0,0,0,https://twitter.com/goskribe/status/1625826276102795265,0,77972
77974,"AI is changing the way we work and live, from automating mundane tasks to improving healthcare. But what about its impact on employment? How can we ensure a fair transition to an AI-powered future? #AIjobs #futureofwork #tech #ChatGPT",234,0,1.62e+18,TheriseofAI1,1.63e+18,Wed Feb 15 11:56:45 +0000 2023,2023/2/15 11:56,0,0,1,https://twitter.com/TheriseofAI1/status/1625826446722863106,1,77975
79587,"Well, does he have it right? 

#futureofwork #ai #chatgpt #business #Sales #Marketing #Operations #Finance #hr #businessleadership #innovation",144,0,1.61e+18,fleetandforge,1.63e+18,Wed Feb 15 15:43:29 +0000 2023,2023/2/15 15:43,0,0,0,https://twitter.com/fleetandforge/status/1625883502293004289,0,79588
80792,"3 questions SEOs are fielding in the wake of AI-powered search.

#SEM #SEO #ArtificalIntelligence  #SearchEngineOptimization #AI #ChatGPT #Bigdata #Analytics #DataScience #Microsoft #IoT #5G #100DaysOfCode #Python #NLP #Algorithms #futureofwork #4IR 

e???https://t.co/vO1AS4sLaJ https://t.co/dIrkdPIvAI",307,0,326229600.0,Fabriziobustama,1.63e+18,Wed Feb 15 19:16:25 +0000 2023,2023/2/15 19:16,2,0,0,https://twitter.com/Fabriziobustama/status/1625937091069677571,2,80793
80971,"Dive into cutting-edge #AI &amp; #ChatGPT with 
@scifutures CEO &amp; Founder, Ari Popper! Join us 2/16 at 12pm ET as we explore how the @OpenAI tech is revolutionizing the way we work, communicate &amp; make decisions https://t.co/hqcLXBxQE6
#openai #digitalfutures #futureofwork #phygital https://t.co/roOtCsHAO1",316,2,2585893555.0,QuanticSchool,1.63e+18,Wed Feb 15 19:54:43 +0000 2023,2023/2/15 19:54,6,2,0,https://twitter.com/QuanticSchool/status/1625946729693515802,8,80972
85325,What say AI fam? #ai #aiforall #accessibleai #futureofwork #ChatGPT https://t.co/TxyTRAM2wq,91,0,1.63e+18,theaibrains,1.63e+18,Thu Feb 23 05:59:45 +0000 2023,2023/2/23 5:59,1,0,0,https://twitter.com/theaibrains/status/1628635706368360448,1,85326
86262,"EM360 Partner Analyst, @arnoldjon, reviews the 2023 Future of Work Expo.

From @OpenAI's #ChatGPT to virtual workspaces, learn the five key themes Jon Arnold took away from his experience.

#futureofwork #experience #themessagefromthelord https://t.co/3SOwGkTc8e https://t.co/eZSG4S6PF3",290,2,18675241.0,EM360Tech,1.63e+18,Thu Feb 23 09:08:51 +0000 2023,2023/2/23 9:08,1,0,0,https://twitter.com/EM360Tech/status/1628683292445708289,1,86263
87300,"Is your business ready for the future of work? With the rise of AI and automation, everybody seems to be talking about #ChatGPT but we have 3 letters that could be a game changer for your business:  RPA
Happy Googling!  :-)
 #AI #automation #futureofwork #businessgrowth"" #RPA https://t.co/Uv0VHxut39",302,0,1.6e+18,hostaspot,1.63e+18,Thu Feb 23 12:09:00 +0000 2023,2023/2/23 12:09,0,0,0,https://twitter.com/hostaspot/status/1628728629290217473,0,87301
87857,"RT @enricomolinari https://t.co/dlz1E5SqAH Just four economies around the world had inflation below 2% in 2022. 

@StatistaCharts via @enricomolinari #futureofwork #enricomolinari #fintech #insurtech #finserv #marketing #ChatGPT #GovTech #RegTech #Metaverse #t...",265,3,3358500851.0,ParisFinForum,1.63e+18,Thu Feb 23 13:35:13 +0000 2023,2023/2/23 13:35,0,0,0,https://twitter.com/ParisFinForum/status/1628750326806245378,0,87858
88714,"It's time to bring meetings into the future with the power of voice commands! 

Check out our blog article featuring some of the most popular commands e??? https://t.co/67KranO28Z

#sembly #AITools #msteams #gmeets #microsoft #AI #chatgpt #futureofwork #zoom #genAI #voicecommands https://t.co/OUGriLyreU",308,0,1.11e+18,sembly_ai,1.63e+18,Thu Feb 23 15:38:26 +0000 2023,2023/2/23 15:38,7,1,0,https://twitter.com/sembly_ai/status/1628781337136996354,8,88715
88776,"Arielle, it was truly a pleasure to have you on and I'm so happy to publish yours first. #makesense #futureofwork #entrepreneurship #startuptech #chatgpt",153,0,4203071.0,LindsayT,1.63e+18,Thu Feb 23 15:49:43 +0000 2023,2023/2/23 15:49,1,0,0,https://twitter.com/LindsayT/status/1628784174378393600,1,88777
91217,"Very insightful indeed, Anoop Gupta. I have been seeing so many articles about use cases yet this is the first one a????? Ia??ve seen that truly explains how it works. Nice job, @stephen_wolfram! #futureofwork #recruiting #talentmobility #chatgpt #llm https://t.co/EhkQ4PmuR1",275,1,1888042063.0,brubinst,1.63e+18,Sat Feb 25 22:22:19 +0000 2023,2023/2/25 22:22,0,0,0,https://twitter.com/brubinst/status/1629607752002568192,0,91218
92877,"Guten Morgen,
#ChatGPT der moderne Hans Dampf in allen Gassen, ob coding, writing oder supporting - die KI ersetzt Mitarbeiter auch in bisher sicher geglaubten Branchen. Geht das gut?
https://t.co/WAfAfgyWOO
#AI #Jobkiller #futureofwork #k??nstlicheIntelligenz #Arbeit #Chatbot",280,0,7.66e+17,ICS_GmbH,1.63e+18,Mon Feb 27 08:00:02 +0000 2023,2023/2/27 8:00,1,0,0,https://twitter.com/ICS_GmbH/status/1630115526943952898,1,92878
96906,"#ChatGPT der moderne Hans Dampf in allen Gassen, ob coding, writing oder supporting - die KI ersetzt Mitarbeiter auch in bisher sicher geglaubten Branchen. Geht das gut?
https://t.co/WAfAfgyWOO
#AI #Jobkiller #futureofwork #k??nstlicheIntelligenz #Arbeit #Chatbot #coding #Texter",281,0,7.66e+17,ICS_GmbH,1.63e+18,Mon Feb 27 20:51:00 +0000 2023,2023/2/27 20:51,3,0,0,https://twitter.com/ICS_GmbH/status/1630309547339395074,3,96907
