,full_text,text_length,at_num,user_id_str,screen_name,id_str,created_at,publish_time,favorite_count,retweet_count,reply_count,tweet_url,total_heat,tt
79958,"#SEO: come usare #ChatGPT per i tuoi contenuti, nel post a cura di @popup_2015 di @fraasco85! #Digital #DigitalMarketing #AI #IntelligenzaArtificiale #ContentMarketing https://t.co/y6cx1D9mA8",191,2,8.91e+17,popupcomunica,1.63e+18,Wed Feb 15 16:41:35 +0000 2023,2023/2/15 16:41,6,6,0,https://twitter.com/popupcomunica/status/1625898126916866050,12,79959
79959,"#SEO: come usare #ChatGPT per i tuoi contenuti, nel post a cura di @popup_2015 di @fraasco85! #Digital #DigitalMarketing #AI #IntelligenzaArtificiale #ContentMarketing https://t.co/kbJWZfU0u3",191,2,7.38e+17,fashionaut,1.63e+18,Wed Feb 15 16:41:35 +0000 2023,2023/2/15 16:41,6,6,0,https://twitter.com/fashionaut/status/1625898125603872768,12,79960
79960,"#SEO: come usare #ChatGPT per i tuoi contenuti, nel post a cura di Pop Up di @fraasco85! #Digital #DigitalMarketing #AI #IntelligenzaArtificiale #ContentMarketing https://t.co/gvwwBNjaTq",186,1,3514082596.0,popup_2015,1.63e+18,Wed Feb 15 16:41:35 +0000 2023,2023/2/15 16:41,6,6,0,https://twitter.com/popup_2015/status/1625898124064567301,12,79961
79961,"#SEO: come usare #ChatGPT per i tuoi contenuti, nel post a cura di @popup_2015! #Digital #DigitalMarketing #AI #IntelligenzaArtificiale #ContentMarketing https://t.co/i4btay2Ui8",177,1,293390282.0,fraasco85,1.63e+18,Wed Feb 15 16:41:36 +0000 2023,2023/2/15 16:41,6,6,0,https://twitter.com/fraasco85/status/1625898130498629652,12,79962
79962,"#SEO: come usare #ChatGPT per i tuoi contenuti, nel post a cura di @popup_2015 di @fraasco85! #Digital #DigitalMarketing #AI #IntelligenzaArtificiale #ContentMarketing https://t.co/tp07EvkPop",191,2,9.31e+17,startupmag17,1.63e+18,Wed Feb 15 16:41:36 +0000 2023,2023/2/15 16:41,6,6,0,https://twitter.com/startupmag17/status/1625898129315835909,12,79963
79963,"#SEO: come usare #ChatGPT per i tuoi contenuti, nel post a cura di @popup_2015 di @fraasco85! #Digital #DigitalMarketing #AI #IntelligenzaArtificiale #ContentMarketing https://t.co/eCYHCskdTn",191,2,1.45e+18,MktNotizie,1.63e+18,Wed Feb 15 16:41:36 +0000 2023,2023/2/15 16:41,6,6,0,https://twitter.com/MktNotizie/status/1625898128174989312,12,79964
