,full_text,text_length,at_num,user_id_str,screen_name,id_str,created_at,publish_time,favorite_count,retweet_count,reply_count,tweet_url,total_heat,tt
49707,"Google just announced its ChatGPT competitor named Bard AI e? 琛? 琛?e? 琛?

Google on its official blog written by Sundar Pichai: 

""Title: An important next step on our AI journey""

#google #ai #bardai #chatgpt #chatgpt3 https://t.co/wxAfNYUJHg",250,0,7.58e+17,jaid_sagar,1.62e+18,Tue Feb 07 03:30:39 +0000 2023,2023/2/7 3:30,2,1,1,https://twitter.com/jaid_sagar/status/1622799977654390786,4,49708
49739,"Thread Alert: Big news for search and information! e??   Google's Bard is bringing the world's knowledge and AI power to deliver fresh, high-quality responses. Goodbye misinformation, hello easy-to-digest information! #google #googlebard #openai #chatgpt #bardai #googlelambda https://t.co/IOPzsbyiCe",300,0,1688650752.0,Arunachalam1999,1.62e+18,Tue Feb 07 03:35:59 +0000 2023,2023/2/7 3:35,1,0,5,https://twitter.com/Arunachalam1999/status/1622801318497906689,6,49740
49797,"Bard - Googlea??s AI as a rival to ChatGPT. Announced few hours ago. All related information in Official Blog below. 

..
 #Bard #bardai #googleai #chatgpt #lambda #ai #official #blog #google #aiservices #conversationalai https://t.co/26bvyPVYGh",248,0,87006643.0,themanavsharma,1.62e+18,Tue Feb 07 03:48:09 +0000 2023,2023/2/7 3:48,0,0,0,https://twitter.com/themanavsharma/status/1622804383196135425,0,49798
50235,"as much as it is exciting to see new technology emerge, it's scary how much potential it has to kill creative jobs.
#openai #chatgpt #bardai #google",149,0,1.47e+18,BhaktiKarekar29,1.62e+18,Tue Feb 07 05:04:44 +0000 2023,2023/2/7 5:04,0,1,0,https://twitter.com/BhaktiKarekar29/status/1622823654026526722,1,50236
50579,"Here's a look at #generativeai trends of 2022.

@OpenAI @huggingface @Lightricks @heyjasperai @gleanwork @StabilityAI @Replit @AI21Labs @AnthropicAI @inflectionAI @mutinycorp @DescriptApp 

#chatgpt #bardai #artificialintelligence #technology #leadershiphiring #purplequarter https://t.co/tjL4MyoAxF",303,12,1.04e+18,Purple_Quarter,1.62e+18,Tue Feb 07 05:53:21 +0000 2023,2023/2/7 5:53,0,0,0,https://twitter.com/Purple_Quarter/status/1622835890220589057,0,50580
50665,"Google bard AI a?? OpenAi ChatGPT
What are your thoughts?

Check this blog: https://t.co/pZNkv81fm8
.
#openai #googleai #bardai #BardAIr #chatgpt #Google #BardAI https://t.co/6psQ4tI8eF",190,0,1.05e+18,Raghu25207711,1.62e+18,Tue Feb 07 06:03:08 +0000 2023,2023/2/7 6:03,0,0,0,https://twitter.com/Raghu25207711/status/1622838352826482693,0,50666
50880,"End of ChatGPT?

Google announced an Artificial Intelligence (AI) powered conversational chatbot called Bard as a rival to ChatGPT.

https://t.co/ph1qFZ15cB

#google #ai #bardai #chatgpt",192,0,2325429355.0,yaswanthtweet,1.62e+18,Tue Feb 07 06:30:00 +0000 2023,2023/2/7 6:30,2,0,0,https://twitter.com/yaswanthtweet/status/1622845114560425989,2,50881
50948,"The #AI War just escalated! #Google officially announces BARD to take on #ChatGPT in a showdown of the best AI bots. Who will come out on top? 
Get ready for the ultimate AI battle.

@google @microsoft  #microsoftai #aIwars #bardai #chatbots #aibattle #innovations #technology",279,2,163034789.0,ttconsultants,1.62e+18,Tue Feb 07 06:35:54 +0000 2023,2023/2/7 6:35,0,0,0,https://twitter.com/ttconsultants/status/1622846597917986816,0,50949
51266,"Google announces Bard AI in response to ChatGPT

On Monday, Google CEO Sundar Pichai announced Bard, calling it ""an important next step"" in AI for the search engine giant.

read more: https://t.co/bw9MT9BVSw

#BardAI #Google #chatgpt #ai #bard #bardai #microsoft #technology https://t.co/Towjwo4PcI",304,0,1.28e+18,shilshatech,1.62e+18,Tue Feb 07 07:11:36 +0000 2023,2023/2/7 7:11,0,0,0,https://twitter.com/shilshatech/status/1622855579478917120,0,51267
51661,"Google Perkenalkan Bard AI, Calon Pesaing ChatGPT
.
#IDWS #google #bard #bardai #searchengine #chatgpt #bing #berita #news https://t.co/4i4ErDyb8U",148,0,44352068.0,IDWS,1.62e+18,Tue Feb 07 07:53:50 +0000 2023,2023/2/7 7:53,0,0,0,https://twitter.com/IDWS/status/1622866209707524096,0,51662
51664,"Googlea??s Bard AI: the end of ChatGPT?

Read more: https://t.co/mPLgYR9h29

#bardai #bard #chatgpt #googleai https://t.co/GyHFc5GbvB",137,0,1.6e+18,boringdudeindia,1.62e+18,Tue Feb 07 07:54:15 +0000 2023,2023/2/7 7:54,7,3,0,https://twitter.com/boringdudeindia/status/1622866315865362432,10,51665
53628,"Who will win the battle of AI?
#chatgpt #googleai #ai #tech #bardai #bard #chatgptvsbart #contentwriting #google #googletrands #sunderpichai",141,0,1.57e+18,RahulSh15467527,1.62e+18,Tue Feb 07 11:16:14 +0000 2023,2023/2/7 11:16,0,0,0,https://twitter.com/RahulSh15467527/status/1622917144932667392,0,53629
54587,"The f(AI)ght for a AI domination, now has a heavyweight throwing some punches!

#D_Funda | AI see what you did there, Google. e?  ?

#aibard #bardai #googlesearch 
#chatgpt #openai #microsoft https://t.co/ofwJlTxtRT",220,0,2691905334.0,Devaashish_,1.62e+18,Tue Feb 07 12:55:32 +0000 2023,2023/2/7 12:55,0,0,0,https://twitter.com/Devaashish_/status/1622942136965685250,0,54588
54616,"Google Introduces Innovative AI Service Bard AI to Rival OpenAI's ChatGPT

Read more on https://t.co/DTA1erY9UW

.

#chatgptnews #newtech #aicontent #newtechnology #newtecnology #newtechnologies #chatgpt #chatgptai #ChatGPT #bardai #google #ai 
#GoogleAI #bardai #Bard https://t.co/qs3r5JrLzu",299,0,1.62e+18,edtecchronicles,1.62e+18,Tue Feb 07 12:58:31 +0000 2023,2023/2/7 12:58,0,0,0,https://twitter.com/edtecchronicles/status/1622942886567243785,0,54617
55028,"Chat GPT response on bard AIe???e???..

#ChatGPT #bardai #GoogleAI #openai #ChatGPTPlus #Bard #Google #OpenAIChatGPT #response #COMPETITION https://t.co/kWKsTgdbsh",165,0,8.78e+17,BhagavanRajana,1.62e+18,Tue Feb 07 13:37:08 +0000 2023,2023/2/7 13:37,46,6,4,https://twitter.com/BhagavanRajana/status/1622952604312682497,56,55029
55229,"Google's newest AI chatbot a?? your virtual conversation companion and a rival to the ChatGPT!
.
.
.
 #Bard #googlebard #bardai #ChatGPT #OpenAI #google #sustainablemindzdigital https://t.co/MenOPu7tE1",205,0,1.46e+18,SMindzdigital,1.62e+18,Tue Feb 07 13:56:52 +0000 2023,2023/2/7 13:56,0,0,0,https://twitter.com/SMindzdigital/status/1622957571324911618,0,55230
55299,"And there it goes!!!??e??? 

Google has re-entered the race with Bard AI, to compete with ChatGPT

https://t.co/o86uwQaJWZ 

#ai #google #bardai #microsoft #chatgpt https://t.co/YSopa9KltI",194,0,8.13e+17,siddhantw19,1.62e+18,Tue Feb 07 14:02:37 +0000 2023,2023/2/7 14:02,2,0,0,https://twitter.com/siddhantw19/status/1622959019286749184,2,55300
56010,"Google Bard Ai and ChatGPT
Best business lessons, yet to deliver soon
would you think google can integrate it better?
#bardai #ChatGPT",137,0,1.56e+18,KolayCloud,1.62e+18,Tue Feb 07 15:06:07 +0000 2023,2023/2/7 15:06,0,0,0,https://twitter.com/KolayCloud/status/1622974998922293249,0,56011
56586,"Google has unveiled #Bard an AI chatbot that is set compete with ChatGPT, on Monday.
Bard is currently accessible to ""trusted testers"" and will be made more broadly available in the coming weeks. 
#chatbot #bard #bardai #googlebard #chatgpt #chatgpt3 https://t.co/jWhO59yjWL",276,0,1.5e+18,algoryte,1.62e+18,Tue Feb 07 16:05:21 +0000 2023,2023/2/7 16:05,3,2,0,https://twitter.com/algoryte/status/1622989902731264009,5,56587
56599,Bard A.I by Google is here. Now let's see the competition between Bard A.I and Chat GPT. It's going to be interesting. What do you think? #ChatGPT #bardai #ai #ArtificialIntelligence,182,0,1.49e+18,Nabanita_writer,1.62e+18,Tue Feb 07 16:07:03 +0000 2023,2023/2/7 16:07,0,0,0,https://twitter.com/Nabanita_writer/status/1622990331850682371,0,56600
59255,"Instead of saying ""Let me Google that for you"" perhaps I will start saying ""Let me prompt that for you."" OR...will will that change to ""let me Bard that for you""? #chatgpt #bard #bardai #ai",189,0,15537003.0,samdecker,1.62e+18,Tue Feb 07 20:50:57 +0000 2023,2023/2/7 20:50,8,4,3,https://twitter.com/samdecker/status/1623061776370728960,15,59256
59704,"The AI race between CHATGPT and GOOGLE BARD AI
#googlebard #bardai #bard #chatgpt #openai  https://t.co/JhY9LqwxJJ",115,0,2781365071.0,TradersColony,1.62e+18,Tue Feb 07 21:56:56 +0000 2023,2023/2/7 21:56,0,0,0,https://twitter.com/TradersColony/status/1623078384011038725,0,59705
60101,"Google vs Microsft  - The War of the Future begins 

#chatgpt #openai #microsoft #bard #bardai #ArtificialIntelligence https://t.co/Ko7l5kM2F2",144,0,1.57e+18,foryoupageau,1.62e+18,Tue Feb 07 22:52:48 +0000 2023,2023/2/7 22:52,1,1,0,https://twitter.com/foryoupageau/status/1623092442953285633,2,60102
62316,"AI Wars: The Fight for the Future of Search Technology

#AI #ChatGPT #bardai #google #microsoft #baidu #ErnieBot #alibaba #tencent 

https://t.co/3y5kfFRuvT",160,0,8.14e+17,ThomasBabychan,1.62e+18,Sat Feb 11 01:38:03 +0000 2023,2023/2/11 1:38,0,0,0,https://twitter.com/ThomasBabychan/status/1624221193074262019,0,62317
64781,"Microsoft to integrate ChatGPT into its apps soon #AI #artificialintelligence #bardai #chatbot #ChatGPT #google #microsoft #Microsoftbing #openAI https://t.co/PVWVk8GXaX
https://t.co/3ooG4HzEJM",194,0,1.44e+18,dellyranksindia,1.62e+18,Sat Feb 11 11:34:52 +0000 2023,2023/2/11 11:34,0,1,0,https://twitter.com/dellyranksindia/status/1624371385672818688,1,64782
65043,"Now the battle has started... guess who will win this.

#benchmarkgroup #benchmark #agencylife #agency #googlebard #chatgpt #bardai #google #ai #momentmarketing #raipur #chatgptvsbard https://t.co/swYqgYbW2C",209,0,2998326793.0,BenchmarksGroup,1.62e+18,Sat Feb 11 12:29:40 +0000 2023,2023/2/11 12:29,1,0,0,https://twitter.com/BenchmarksGroup/status/1624385176825638912,1,65044
66178,"Opera to jump on the AI chatbot bandwagon soon #Alibaba #baidu #bardai #bingAI #ChatGPT #google #KunlunTech #microsoft #opera https://t.co/3P0yTjCwDx
https://t.co/5P5JsPLidE",174,0,1.44e+18,dellyranksindia,1.62e+18,Sat Feb 11 15:38:52 +0000 2023,2023/2/11 15:38,0,0,0,https://twitter.com/dellyranksindia/status/1624432789746552834,0,66179
67150,"This is just the tip of the iceberg, whata??s yet to come will be a game changer for everyone!

#artificialintelligence #ai #machinelearning #chatgpt #bardai #innovation #technology #chatbot #bahrain https://t.co/oWrhKbQYLX",225,0,23176366.0,salmanalrasheed,1.62e+18,Sat Feb 11 18:46:06 +0000 2023,2023/2/11 18:46,1,0,0,https://twitter.com/salmanalrasheed/status/1624479910944296962,1,67151
69924,"Are we losing or winning the battle to deploy edge A.I.(s) to all of us? https://t.co/uUZNJ4N7GX
#chatgpt #bardai #dalle2 #generativeai #gpu #bing #openai #algorithms #entrepreneurship #startups #machinelearning #AI #Technology
 #innovation #DataScience #Artificialintelligence https://t.co/liWozUOKeF",303,0,617073962.0,VivancosDavid,1.63e+18,Mon Feb 13 07:58:55 +0000 2023,2023/2/13 7:58,1,1,0,https://twitter.com/VivancosDavid/status/1625041815685439488,2,69925
71550,"Google  parent company alphabet
 lost $100 billion 

#googleai #bard #ai #chatgpt #chatbot #google #bardai #openai #aitrend https://t.co/cklUuP9TvJ",150,0,1.6e+18,justzasro,1.63e+18,Mon Feb 13 12:29:06 +0000 2023,2023/2/13 12:29,1,0,0,https://twitter.com/justzasro/status/1625109810613227520,1,71551
72113,"Google announces Bard A.I. in response to ChatGPT
#Gbard #chatgpt #bardai #ai2023
https://t.co/QfWhllSxdy",107,0,1.61e+18,imamunmolla,1.63e+18,Mon Feb 13 13:48:55 +0000 2023,2023/2/13 13:48,0,0,0,https://twitter.com/imamunmolla/status/1625129898472792071,0,72114
78730,"e?  ? AI is taking over our jobs! e??  
.
we hope this video will bring a smile to your face and get you thinking about the role of automation and AI in our lives. Check it out.

#chatgpt #ai #dalle #artificialintelligence #bardai #openai #sage #technology #intelligence https://t.co/haPDkjr6tR",298,0,1.33e+18,ig_sageesports,1.63e+18,Wed Feb 15 13:43:59 +0000 2023,2023/2/15 13:43,10,6,1,https://twitter.com/ig_sageesports/status/1625853432589582341,17,78731
78846,"Quora Poe AI: The Next Big Thing in Search and Discovery - https://t.co/iSvPcjrqQH #WriteAPageADay 

#quora
#poe 
#quorapoe
#AI #ChatGPT #BingAI #bardai #GoogleBard https://t.co/HhE9nrWN9k",193,0,14111661.0,visualanand,1.63e+18,Wed Feb 15 14:01:28 +0000 2023,2023/2/15 14:01,2,0,0,https://twitter.com/visualanand/status/1625857828979355655,2,78847
85959,"#chatbot #artificialintelligenceai #artificialinteligence #chatgpt3  
#artificialintelligencenow #artificialintelligencetechnology #chatgpt  
#openai #sundarpichai #bard #bardai #googleai #google #lamda #chatbots  
#programming #programmer #programmerlife #coding #quokkalabs https://t.co/FtSBqn9jCR",302,0,1.16e+18,LabsQuokka,1.63e+18,Thu Feb 23 08:11:32 +0000 2023,2023/2/23 8:11,1,0,1,https://twitter.com/LabsQuokka/status/1628668871799615488,2,85960
85962,"#chatbot #artificialintelligenceai #artificialinteligence #chatgpt3  
#artificialintelligencenow #artificialintelligencetechnology #chatgpt  
#openai #sundarpichai #bard #bardai #googleai #google #lamda #chatbots  
#programming #programmer #programmerlife #coding #quokkalabs https://t.co/7KOPvk1RuF",302,0,1.16e+18,LabsQuokka,1.63e+18,Thu Feb 23 08:11:55 +0000 2023,2023/2/23 8:11,2,1,1,https://twitter.com/LabsQuokka/status/1628668967652040706,4,85963
85966,"#chatbot #artificialintelligenceai #artificialinteligence #chatgpt3  
#artificialintelligencenow #artificialintelligencetechnology #chatgpt  
#openai #sundarpichai #bard #bardai #googleai #google #lamda #chatbots  
#programming #programmer #programmerlife #coding #quokkalabs https://t.co/QcJ09SNOvw",302,0,1.16e+18,LabsQuokka,1.63e+18,Thu Feb 23 08:12:20 +0000 2023,2023/2/23 8:12,1,1,0,https://twitter.com/LabsQuokka/status/1628669070760636416,2,85967
86235,"Discover the latest in AI technology from Google - Google Bard AI! Google has announced its new AI competitor for ChatGPT. Learn more about  Google Bard AI.
#google #bardai #ChatGPT #AI #trendztek
https://t.co/IaS3LdB0oM",222,0,1.5e+18,TrendzTek,1.63e+18,Thu Feb 23 09:04:17 +0000 2023,2023/2/23 9:04,3,1,0,https://twitter.com/TrendzTek/status/1628682145421201409,4,86236
86524,"ChatGpt vs Google Bard: let's end this battle. e?   

#chatgpt #chatbot #google #bard #bardai #ai #programminghumor https://t.co/NjHKsExfxH",141,0,1.33e+18,ASOWorldcom,1.63e+18,Thu Feb 23 09:57:05 +0000 2023,2023/2/23 9:57,1,0,0,https://twitter.com/ASOWorldcom/status/1628695431080448002,1,86525
91758,"Did #ChatGPT say it can 'hack systems' and wants to 'kill people' Yes, but wait!
 https://t.co/iZfA5lCe2a

#BingAI #opensource #EthicalAI #Python #tech #developers #architect #AI #ML #AIEthics #OpenAI #chatgpt3 #code #GPT3 #gpt4 #gptchat #gpt3chat #chatbot #ChatbotAI #bardai #rt",282,0,91608548.0,bamitav,1.63e+18,Mon Feb 27 01:47:25 +0000 2023,2023/2/27 1:47,2,1,0,https://twitter.com/bamitav/status/1630021753539035136,3,91759
92703,"What Is The Difference Between Google Bard AI And Open AIa??s ChatGPT?
#ChatGPT  #Google #GoogleAI #chatgpt3 #googlebard #GoogleBard #bardai #GoogleAlerts #MicrosoftAI 
https://t.co/kAuN6XfGiS",194,0,1032057368.0,itserviceindia1,1.63e+18,Mon Feb 27 07:13:23 +0000 2023,2023/2/27 7:13,0,0,0,https://twitter.com/itserviceindia1/status/1630103788202885120,0,92704
94601,"New blog!

ChatGPT vs. Googlea??s Bard: What are the differences between these two?

https://t.co/pNGp5cVdq4

#ChatGPT #gpt3 #bardai #Google",146,0,9.77e+17,BaseflowIT,1.63e+18,Mon Feb 27 14:06:22 +0000 2023,2023/2/27 14:06,0,0,0,https://twitter.com/BaseflowIT/status/1630207719083765765,0,94602
94807,"Will Google Continue to Dominate Search in Post Chat GPT World, How? Top Upcoming Features of Google in 2023 https://t.co/2rLa88MlcI
#Google #GoogleAI #ChatGPT #bardai #SearchEngine #Bing #BingChatAI #Marketing #SEO #blog #bloggerstribe #DigitalMarketing #MarketingStrategy",274,0,3489635173.0,KinsleyAniston,1.63e+18,Mon Feb 27 14:44:26 +0000 2023,2023/2/27 14:44,0,0,0,https://twitter.com/KinsleyAniston/status/1630217296667893761,0,94808
95083,#ChatGPT #bardai #midjourney @gndupdates @halfeatenmind @Ethereals_Call @garethlpowell @TechFishNews @IOL @PDH_Metaverse @blacksnmoney,134,8,9.37e+17,SmsNovel,1.63e+18,Mon Feb 27 15:15:53 +0000 2023,2023/2/27 15:15,1,3,0,https://twitter.com/SmsNovel/status/1630225211999002626,4,95084
95539,"Bing, Bard, And ChatGPT: AI Chatbots Are Rewriting The Internet

#ChatGPT #bardai #Bing #OpenAI #GoogleAI  #Microsoft #chatbot #tech  #Twitter #USA #elon_musk #TrendingNow 

https://t.co/RZxKmVwEGk https://t.co/DhnqYwNmRG",225,0,1.57e+18,OshiGrdz,1.63e+18,Mon Feb 27 16:19:12 +0000 2023,2023/2/27 16:19,0,0,0,https://twitter.com/OshiGrdz/status/1630241148991332352,0,95540
96238,"Is ChatGPT Down? OpenAI Is Having A Issue Right Now!

#ChatGPT #bardai #Bing #OpenAI #GoogleAI   #chatbot #tech  #Twitter #USA #elon_musk #TrendingNow 

https://t.co/Z6W202XqsX https://t.co/pNrtoIKanO",204,0,1.57e+18,OshiGrdz,1.63e+18,Mon Feb 27 18:03:07 +0000 2023,2023/2/27 18:03,2,0,0,https://twitter.com/OshiGrdz/status/1630267298903650304,2,96239
