,full_text,text_length,at_num,user_id_str,screen_name,id_str,created_at,publish_time,favorite_count,retweet_count,reply_count,tweet_url,total_heat,tt
38035,#AI: nuovo tool per #OpenAI che ti consente di analizzare i testi e capire se sono scritti da un umano o da una macchina. Info su Pop Up di @fraasco85! #IntelligenzaArtificiale #IA #Digital #ChatGPT https://t.co/WZ56dT4It7,222,1,3514082596.0,popup_2015,1.62e+18,Wed Feb 01 15:14:47 +0000 2023,2023/2/1 15:14,6,6,0,https://twitter.com/popup_2015/status/1620802851722215424,12,38036
38039,#AI: nuovo tool per #OpenAI che ti consente di analizzare i testi e capire se sono scritti da un umano o da una macchina. Info su @popup_2015 di @fraasco85! #IntelligenzaArtificiale #IA #Digital #ChatGPT https://t.co/7lrGQzsan7,227,2,7.38e+17,fashionaut,1.62e+18,Wed Feb 01 15:15:23 +0000 2023,2023/2/1 15:15,6,8,0,https://twitter.com/fashionaut/status/1620803000380887041,14,38040
38042,#AI: nuovo tool per #OpenAI che ti consente di analizzare i testi e capire se sono scritti da un umano o da una macchina. Info su @popup_2015 di @fraasco85! #IntelligenzaArtificiale #IA #Digital #ChatGPT https://t.co/8rvl5n1ucH,227,2,8.91e+17,popupcomunica,1.62e+18,Wed Feb 01 15:15:46 +0000 2023,2023/2/1 15:15,6,7,0,https://twitter.com/popupcomunica/status/1620803098389233667,13,38043
38046,#AI: nuovo tool per #OpenAI che ti consente di analizzare i testi e capire se sono scritti da un umano o da una macchina. Info su @popup_2015 di @fraasco85! #IntelligenzaArtificiale #IA #Digital #ChatGPT https://t.co/tuQwFZWvkZ,227,2,1.45e+18,MktNotizie,1.62e+18,Wed Feb 01 15:16:21 +0000 2023,2023/2/1 15:16,6,7,0,https://twitter.com/MktNotizie/status/1620803246917828608,13,38047
38051,#AI: nuovo tool per #OpenAI che ti consente di analizzare i testi e capire se sono scritti da un umano o da una macchina. Info su @popup_2015 di @fraasco85! #IntelligenzaArtificiale #IA #Digital #ChatGPT https://t.co/URCmdePXnC,227,2,9.31e+17,startupmag17,1.62e+18,Wed Feb 01 15:16:45 +0000 2023,2023/2/1 15:16,6,7,0,https://twitter.com/startupmag17/status/1620803345244905474,13,38052
38055,#AI: nuovo tool per #OpenAI che ti consente di analizzare i testi e capire se sono scritti da un umano o da una macchina. Info su @popup_2015! #IntelligenzaArtificiale #IA #Digital #ChatGPT https://t.co/h66uFYIJJh,213,1,293390282.0,fraasco85,1.62e+18,Wed Feb 01 15:17:20 +0000 2023,2023/2/1 15:17,6,7,0,https://twitter.com/fraasco85/status/1620803493849071625,13,38056
