,full_text,text_length,at_num,user_id_str,screen_name,id_str,created_at,publish_time,favorite_count,retweet_count,reply_count,tweet_url,total_heat,tt
10613,"The Transcendent Mind...
-
-

#aiart made with #midjourney #AiLust #chatgpt  #stablediffusion #digitalartists #digitalart #NFTCommunity https://t.co/2zzY3WvXRE",163,0,3148639488.0,NiteMovies,1.61e+18,Wed Jan 11 23:21:37 +0000 2023,2023/1/11 23:21,6,0,1,https://twitter.com/NiteMovies/status/1613315223238365184,7,10614
13000,"Dancing in the Sands Of Time...
-
-
#aiart made with #midjourney #AiLust #chatgpt  #stablediffusion #digitalartists #digitalart #NFTCommunity #midjourneyV4 #AIArtworks https://t.co/5JLen9g76N",194,0,3148639488.0,NiteMovies,1.61e+18,Fri Jan 13 21:45:47 +0000 2023,2023/1/13 21:45,11,1,0,https://twitter.com/NiteMovies/status/1614015879620227072,12,13001
34031,"Reconnecting with the subconscious mind...
-
-
#AIart #midjourney #AiLust #chatgpt  #stablediffusion #digitalartists #digitalart #NFTCommunity #midjourneyV4 #AIArtworks #aiartcommunity https://t.co/QycvXTTanA",211,0,3148639488.0,NiteMovies,1.62e+18,Wed Feb 01 00:50:16 +0000 2023,2023/2/1 0:50,16,3,0,https://twitter.com/NiteMovies/status/1620585289038311425,19,34032
40035,"A path of wonder...
-
-
#AIart #midjourney #AiLust #chatgpt  #stablediffusion #digitalartists #digitalart #NFTCommunity #AIArtworks #aiartcommunity https://t.co/QVVQUq0PEE",174,0,3148639488.0,NiteMovies,1.62e+18,Wed Feb 01 20:30:09 +0000 2023,2023/2/1 20:30,18,4,0,https://twitter.com/NiteMovies/status/1620882214027403264,22,40036
75343,"The shelved sequel to Return To Oz that never was but should have been...e?   

#AIart #midjourney #AiLust #chatgpt  #stablediffusion #digitalartists #digitalart #NFTCommunity #AIArtworks #aiartcommunity https://t.co/MQVCtKFLb9",229,0,3148639488.0,NiteMovies,1.63e+18,Mon Feb 13 23:23:47 +0000 2023,2023/2/13 23:23,7,1,1,https://twitter.com/NiteMovies/status/1625274565931974656,9,75344
