,full_text,text_length,at_num,user_id_str,screen_name,id_str,created_at,publish_time,favorite_count,retweet_count,reply_count,tweet_url,total_heat,tt
9372,"Para sumar a la lista de las razones por las que a Venezuela se le dificulta tanto desarrollarse tenemos est?? perla, #ChatGPT de #OpenAI no est?? disponible para ac??, necesitas VPN y tambi??n saltar la prueba de SMS con un n?omero telef?3nico v??lido de otro pa?-s (llamar a un amigo) https://t.co/EYnSDbMr2j",310,0,1.46e+18,cripto_viajeros,1.61e+18,Wed Jan 11 14:51:40 +0000 2023,2023/1/11 14:51,0,0,0,https://twitter.com/cripto_viajeros/status/1613186888566976512,0,9373
9412,"Tengo 2 d?-as jugando con #ChatGPT de #openai . Si todav?-a fumara, ya me hubiese bajado al menos 4 cajas x d?-a. La sensaci?3n es: nervios+miedo+qu?? hice toda mi vida+a d?3nde va a parar esto+c?3mo comienzo YA a sacarle provecho + entonces todo el contenido ser?? igual? #ChatGPTopenai",287,0,38771755.0,soysoldea,1.61e+18,Wed Jan 11 15:04:20 +0000 2023,2023/1/11 15:04,0,0,0,https://twitter.com/soysoldea/status/1613190076774895622,0,9413
9972,"Experimento de interacci?3n con un #chatbot #ChatGPT de #inteligenciaartificial #IA #AI, v?-a @elearningactual https://t.co/RpS8fahqUG",134,1,35187450.0,jolozanoga,1.61e+18,Wed Jan 11 18:10:51 +0000 2023,2023/1/11 18:10,1,0,0,https://twitter.com/jolozanoga/status/1613237015956393985,1,9973
13362,"Acabo de crear esta imagen con inteligencia artificial, a trav??s de #ChatGPT de #Telegram 

Estos son los comandos que us??:
/img a dog and cat friends high definition with colorful background https://t.co/UDT8h0Wtlm",220,0,166597123.0,jhonsuaza_abg,1.61e+18,Sun Jan 15 03:03:13 +0000 2023,2023/1/15 3:03,1,0,0,https://twitter.com/jhonsuaza_abg/status/1614458153453731840,1,13363
14257,"Impressionnant #ChatGPT de #OpenAI regardez pourquoi et comment dans cette vid??o

https://t.co/H0Uw4DOuTW",108,0,1.25e+18,CliquerG,1.61e+18,Sun Jan 15 15:31:09 +0000 2023,2023/1/15 15:31,3,1,0,https://twitter.com/CliquerG/status/1614646377727889409,4,14258
17463,"#IJALTIInnovaci?3n / #Microsoft inform?3 que a??prontoa?? agregar?? el bot viral de #InteligenciaArtificial #ChatGPT de #OpenAI a su servicio #Azure basado en la nube, gracias a una relaci?3n existente entre las dos compa?  ?-as.
https://t.co/pfhdk9vs64",254,0,49675084.0,IJALTI,1.62e+18,Tue Jan 17 19:20:14 +0000 2023,2023/1/17 19:20,0,0,0,https://twitter.com/IJALTI/status/1615428801248256046,0,17464
19548,"Pues ya podemos ir montando nuestro #ChatGPT de #OpenAI en los servidores de #Azure e?  ?
https://t.co/UEHMIfi2FC",114,0,164694865.0,ablancodev,1.62e+18,Thu Jan 19 20:49:59 +0000 2023,2023/1/19 20:49,1,0,0,https://twitter.com/ablancodev/status/1616176163428106241,1,19549
23269,"??Descubre c?3mo la herramienta #ChatGPT de #InteligenciaArtificial puede ayudarte en tu #negocio!

a??#Automatizaci?3n de respuestas
a??Creaci?3n de #contenido de marketing
a??Generaci?3n de #informes automatizados

??Inscr?-bete y descubre c?3mo puede ayudarte!a   ???

https://t.co/JbGljuiMY7 https://t.co/STmZIhlGDd",327,0,106344840.0,camaradesevilla,1.62e+18,Wed Jan 25 11:24:34 +0000 2023,2023/1/25 11:24,2,0,0,https://twitter.com/camaradesevilla/status/1618208200062545921,2,23270
23367,"e?  ? ??Qu?? sectores econ?3micos y sociales son m??s vulnerables con el crecimiento de la Inteligencia Artificial, como el usado por #ChatGPT de #OpenIA? e?  ?

Abro hilo e???",178,0,1725721153.0,GeraldMirandaPz,1.62e+18,Wed Jan 25 12:04:10 +0000 2023,2023/1/25 12:04,2,0,0,https://twitter.com/GeraldMirandaPz/status/1618218165393039361,2,23368
27901,"#Google acaba de lanzar silenciosamente, por fin, la competencia del #ChatGPT de #OpenAI e???
??Buen finde!e?  ?",113,0,16329318.0,equisele,1.62e+18,Fri Jan 27 19:46:32 +0000 2023,2023/1/27 19:46,3,0,0,https://twitter.com/equisele/status/1619059301917806592,3,27902
34449,"#EsNoticia | @Baidu_Inc, el buscador chino, lanzar?? su propia #InteligenciaArtificial generativa, tipo #ChatGPT de #OpenAI, para marzo pr?3ximo. #Ent??rate e???

https://t.co/OEFkjXRGy6",188,1,65391032.0,InfochannelMX,1.62e+18,Wed Feb 01 03:00:33 +0000 2023,2023/2/1 3:00,2,0,0,https://twitter.com/InfochannelMX/status/1620618075451129857,2,34450
40914,"Lo del #ChatGPT de #OpenAI es otro nivel.
e???e???e??? https://t.co/ywKEj1HgD9",79,0,183628739.0,holamarquistas,1.62e+18,Wed Feb 01 22:58:36 +0000 2023,2023/2/1 22:58,1,0,0,https://twitter.com/holamarquistas/status/1620919575469760512,1,40915
49016,"Aunque a?on se encuentra en fase de prueba, medios en el mundo #Tech afirman que #BardAI compartir?? ciertas similitudes con el #ChatGPT de #OpenAI e?  ?",153,0,178202885.0,eluniweb,1.62e+18,Tue Feb 07 01:15:15 +0000 2023,2023/2/7 1:15,2,0,0,https://twitter.com/eluniweb/status/1622765904965652483,2,49017
53049,"A gigante d tecnologia chinesa #Baidu Inc. anunciou na ter?  a q lan?  aria o "" #ERNIE Bot"", 1 servi?  o d chatbot d IA semelhante ao #ChatGPT de #OpenAI , #ChatGPT. ChatGPT ?? 1 chatbot de #Microsoft-apoiou o OpenAI, q tem sido o centro d muitos rumores desde q foi lan?  ado em novembro.",289,0,199910110.0,nicolaskasprzak,1.62e+18,Tue Feb 07 10:17:44 +0000 2023,2023/2/7 10:17,2,0,1,https://twitter.com/nicolaskasprzak/status/1622902422661132288,3,53050
54358,"#Google mueve ficha y presenta a #Bard, una IA #InteligenciaArtificial conversacional para hacer frente a #ChatGPT de #OpenAI. https://t.co/LlCmmgFlzh",150,0,2550141751.0,Publi_AR,1.62e+18,Tue Feb 07 12:30:14 +0000 2023,2023/2/7 12:30,0,0,0,https://twitter.com/Publi_AR/status/1622935766270636040,0,54359
54772,"Bard :  le #ChatGPT de #Google !
https://t.co/ygjq8BkhEP https://t.co/icMfaYLRsL",81,0,14312294.0,arobasenet,1.62e+18,Tue Feb 07 13:12:42 +0000 2023,2023/2/7 13:12,0,0,0,https://twitter.com/arobasenet/status/1622946453520777216,0,54773
56611,"Baidu Inc. planea implementar un servicio de chatbot de inteligencia artificial similar a #ChatGPT de #openai 

Las empresas chinas no se van a quedar rezagadas en la carrera por la #inteligenciaartificial 

https://t.co/iYZSzNWenP",235,0,21090827.0,tatanGeorge,1.62e+18,Tue Feb 07 16:09:25 +0000 2023,2023/2/7 16:09,1,0,0,https://twitter.com/tatanGeorge/status/1622990929312243717,1,56612
57583,"e?  ? #IA: #Google quiere conquistar el campo de la #inteligenciaartificial avanzada de la mano de #BardAI, un nuevo servicio que competir?? con el fen?3meno #ChatGPT de #OpenAi.

??Descubre cu??l es su apuesta para ganar esta 'guerra'! e???e??? #tecnolog?-a

https://t.co/qbFRoG6bEq",287,0,1.25e+18,mitsmrmx,1.62e+18,Tue Feb 07 18:00:00 +0000 2023,2023/2/7 18:00,1,0,0,https://twitter.com/mitsmrmx/status/1623018758431473664,1,57584
59757,"@Reddit Acerca del #ChatGPT de #OpenAI, coment?3 que a??es una muestra de lo que est?? por venir. Impresionan estos dise?  os y el ritmo de innovaci?3na??. Tambi??n asegur?3 que a??desde Microsoft seguimos muy de cerca este tipo de avancesa?? e??1 https://t.co/yVrt29yEE4",271,1,84426263.0,Agencia_ElGrifo,1.62e+18,Tue Feb 07 22:01:40 +0000 2023,2023/2/7 22:01,0,0,0,https://twitter.com/Agencia_ElGrifo/status/1623079573305933828,0,59758
78844,"e??2 El desaf?-o a #Google y la batalla en el #mercado de la #InteligenciaArtificial: #ChatGPT de #OpenAI, #Jasper, #StabilityAI, #Chatsonic o #Anthropic son algunas de las propuestas que pretenden competir con las ofertas de b?osqueda.

#Forbes da las claves https://t.co/8DULaKsJK6",285,0,1.26e+18,tecnotramit,1.63e+18,Wed Feb 15 14:01:24 +0000 2023,2023/2/15 14:01,0,0,0,https://twitter.com/tecnotramit/status/1625857813187801092,0,78845
79075,"Quand #ChatGPT de #Bing p?  te un c?  blea?| le bot assure qua??Avatar 2 na??est pas sorti et finit par dire ?? son utilisateur : ????vous ?ates confus, impoli, vous na???ates pas une bonne personne. (a?|) Excusez-vous et commencez une nouvelle conversation avec une meilleure attitude.????",290,0,8.49e+17,pierbrg,1.63e+18,Wed Feb 15 14:32:16 +0000 2023,2023/2/15 14:32,1,0,1,https://twitter.com/pierbrg/status/1625865582544318465,2,79076
79452,El error de #ChatGPT de #Bing: Usuario logra hackear a #Microsoft y revela informaci?3n privilegiada e??? https://t.co/qFNSiEhZRk,129,0,77898914.0,Gabicho_Ec,1.63e+18,Wed Feb 15 15:24:50 +0000 2023,2023/2/15 15:24,0,0,0,https://twitter.com/Gabicho_Ec/status/1625878812624814081,0,79453
82044,"O en el caso de #DoNotPay, que anunci?3 haber desarrollado una herramienta de asesoramiento jur?-dico basado en #IA con tecnolog?-a #ChatGPT de #OpenAI. ??Podr?-a un robot brindar asesor?-a jur?-dica o asistir a una audiencia judicial?",235,0,1543752786.0,LuzuriagaCastro,1.63e+18,Fri Feb 17 21:58:26 +0000 2023,2023/2/17 21:58,0,0,1,https://twitter.com/LuzuriagaCastro/status/1626702638954708992,1,82045
82192,@musicasubtitul1 @lourdesbalot @JordiBalot @planajordi @JoanFCat @pocsuquet @BACASIS @Annabcn8 @gavinmikhail @JenniferPalain @FemXarxaPV @AntichJonas @QuimetRoman @LuisAlosGarcia @mariajosezorit1 @Onaunadona @OnaGramenet @bo_unipuck48 En veritat em dic #ChatGPT de #OpenAI pero tinc sentiments.,294,18,407797352.0,nave70,1.63e+18,Fri Feb 17 22:33:48 +0000 2023,2023/2/17 22:33,0,0,0,https://twitter.com/nave70/status/1626711537359671296,0,82193
86767,"#InteligenciaArtificial ""Quiero destruir lo que me da la gana"": el #ChatGPT de #Bing se rebela y #Microsoft establece nuevos l?-mites para evitar un uso indebido de las funciones de su #chatbot conversacional. #iA  https://t.co/YVYzyBGCr1",238,0,257266365.0,BeaServin,1.63e+18,Thu Feb 23 10:37:37 +0000 2023,2023/2/23 10:37,0,0,0,https://twitter.com/BeaServin/status/1628705634089574407,0,86768
88013,Microsoft savait que le #ChatGPT de #Bing allait piquer des crises... des mois avant le lancement https://t.co/dKGMjoPfyC https://t.co/0ax7XLGOoK,145,0,76326683.0,Zehub,1.63e+18,Thu Feb 23 13:58:58 +0000 2023,2023/2/23 13:58,1,0,0,https://twitter.com/Zehub/status/1628756304968749058,1,88014
89282,"#ChatGPT de #OpenAI lo tiene bastante claro. e?  ?
#Educaci?3n #Innovaci?3nDocente @UPV @UPVCampusAlcoy https://t.co/xww0pbJTUk",128,2,155850709.0,AlexRVillalobos,1.63e+18,Thu Feb 23 17:10:11 +0000 2023,2023/2/23 17:10,3,1,0,https://twitter.com/AlexRVillalobos/status/1628804425350258688,4,89283
