,full_text,text_length,at_num,user_id_str,screen_name,id_str,created_at,publish_time,favorite_count,retweet_count,reply_count,tweet_url,total_heat,tt
11295,Do #OpenAI and #ChatGpt belong to #WEF?,39,0,1.53e+18,humanfirst24,1.61e+18,Fri Jan 13 08:34:41 +0000 2023,2023/1/13 8:34,0,0,0,https://twitter.com/humanfirst24/status/1613816795038683136,0,11296
17210,Just in case you havena??t read the Terms of Use for #OpenAI and #ChatGPT content at https://t.co/UhVWCUneDz https://t.co/UkwNpb4ucZ,132,0,15815424.0,kristileilani,1.62e+18,Tue Jan 17 17:27:23 +0000 2023,2023/1/17 17:27,1,0,1,https://twitter.com/kristileilani/status/1615400403977527298,2,17211
19250,"According to CEO Satya Nadella, Microsoft plans to incorporate #OpenAI and #ChatGPT features into all products. https://t.co/fuYxos07Yq",135,0,8.14e+17,hallomeghan,1.62e+18,Thu Jan 19 18:30:16 +0000 2023,2023/1/19 18:30,2,0,0,https://twitter.com/hallomeghan/status/1616141002594734080,2,19251
19640,Want to know more about #OpenAI and #ChatGPT #chatgpt3? Listen to my latest podcast and check out the recent @Getting_Smart blog. https://t.co/PGmuGkvDkV #education #edtech #AI #edtechchat,188,1,49860518.0,Rdene915,1.62e+18,Thu Jan 19 21:35:00 +0000 2023,2023/1/19 21:35,1,0,1,https://twitter.com/Rdene915/status/1616187492985671701,2,19641
24370,"3 years ago, at the @WEF, Google CEO said  #AI is more profound than Fire, Electricity or any other thing they were working on. Now they are under fire because of #OpenAI and #ChatGPT. What lessons can we take from this?

https://t.co/bznksGR3zS #FutureOfWork",261,1,19485870.0,AkwyZ,1.62e+18,Wed Jan 25 17:50:54 +0000 2023,2023/1/25 17:50,6,7,0,https://twitter.com/AkwyZ/status/1618305424264146944,13,24371
28111,Excited and terrified by the advancements in #OpenAI and #ChatGPT. These technologies are pushing the boundaries of what's possible and I can't stop reading about them. #AI #Technology #Innovation,196,0,34614191.0,fabioricardox,1.62e+18,Fri Jan 27 21:19:04 +0000 2023,2023/1/27 21:19,0,2,0,https://twitter.com/fabioricardox/status/1619082588785889280,2,28112
32875,"According to CEO Satya Nadella, Microsoft plans to incorporate #OpenAI and #ChatGPT features into all products. https://t.co/N72fuSrOdA",135,0,7.38e+17,jpgarciaa1,1.62e+18,Tue Jan 31 17:01:41 +0000 2023,2023/1/31 17:01,0,0,0,https://twitter.com/jpgarciaa1/status/1620467366298800128,0,32876
35587,"At Filechat, we've built an easy solution for exploring your own documents using the power of AI. Simply upload a PDF document and get near instant semantic search and question answering. Powered by #OpenAI and #GPT

Check it out today at https://t.co/XGibNIJIHx.

#ChatGPT #AI",281,0,1.61e+18,archesai,1.62e+18,Wed Feb 01 07:52:10 +0000 2023,2023/2/1 7:52,12,4,6,https://twitter.com/archesai/status/1620691464341843970,22,35588
36068,"Chinese #ChatGPT to launch soon to take on #OpenAI and #Google

https://t.co/MAfVYBukWW https://t.co/3wMAjBfrF6",113,0,7.47e+17,IndiaFrontline,1.62e+18,Wed Feb 01 09:32:07 +0000 2023,2023/2/1 9:32,1,0,0,https://twitter.com/IndiaFrontline/status/1620716614453972992,1,36069
38961,"If anyone is feeling overwhelmed, or like they don't know where to begin with #AI,
here is the quickstart menu to #OpenAI and #ChatGPT.

https://t.co/DLVlPw0xqT",163,0,29130296.0,StephenCaggiano,1.62e+18,Wed Feb 01 17:33:34 +0000 2023,2023/2/1 17:33,3,0,0,https://twitter.com/StephenCaggiano/status/1620837777767108636,3,38962
40738,"Really enjoyed putting this article together for @thenewstack around my take on #OpenAI and #ChatGPT. It's a bit less @LaunchDarkly related than normal, but still has a decent tie into the development space. 

https://t.co/3oxgKDVaGo",235,2,187678001.0,Codydearkland,1.62e+18,Wed Feb 01 22:22:34 +0000 2023,2023/2/1 22:22,4,2,0,https://twitter.com/Codydearkland/status/1620910507619401731,6,40739
43428,"e??? #OpenAI and #chatGPT are making headlines around the globe. And for good reason. But they aren't the only game in town. So we want to know: How are you planning to integrate AI into your automations?

[e??? Thread]

#AIPathfinders #AI #Automation https://t.co/Os5FiPujm0",279,0,18304676.0,AutomationAnywh,1.62e+18,Fri Feb 03 10:39:49 +0000 2023,2023/2/3 10:39,21,15,1,https://twitter.com/AutomationAnywh/status/1621458431117873153,37,43429
44642,"Some great AI tools there!

By the way, I added 5 new AI startups and tools in today's AI Startups Weekly Newsletter.

I also added a couple of interesting news about #OpenAI and #ChatGPT.

 e???https://t.co/5cer8AMjRX",224,0,43327271.0,Rymorrison,1.62e+18,Fri Feb 03 13:40:31 +0000 2023,2023/2/3 13:40,0,0,0,https://twitter.com/Rymorrison/status/1621503903224438785,0,44643
45011,"...e?  ?e?  ?e???a??a?????e???e?  ?e???a??a?????e?  ?...

e??  ""Unlock New Possibilities w/ ...
      ... #OpenAI and #ChatGPT for #Web3""e??  

(We) w/ Mark Scott e??  e???a??e??? are so excited to have the first blog hosted on #IPFS &amp; Zenbe's Web3 #storage ...e???a?|https://t.co/JzUDiaS2sp",300,0,1.57e+18,gregoryefobbs,1.62e+18,Fri Feb 03 14:34:07 +0000 2023,2023/2/3 14:34,2,0,0,https://twitter.com/gregoryefobbs/status/1621517393364402179,2,45012
47771,@DataChaz Wowza! e??   The speed at which #OpenAI and #ChatGPT reached 100 million users is mind-blowing! Outperforming even tech giants like Facebook and Google in a matter of months. The future of #AI is here and it's happening FAST! #Innovative #Technology,259,1,2843979225.0,enbifa,1.62e+18,Fri Feb 03 22:16:18 +0000 2023,2023/2/3 22:16,1,0,0,https://twitter.com/enbifa/status/1621633707202281473,1,47772
49709,Want to know more about #OpenAI and #ChatGPT #chatgpt3? Listen to my recent podcast and check out the recent @Getting_Smart blog. https://t.co/PGmuGkwbat #education #edtech #AI #edtechchat,188,1,49860518.0,Rdene915,1.62e+18,Tue Feb 07 03:31:00 +0000 2023,2023/2/7 3:31,0,0,0,https://twitter.com/Rdene915/status/1622800064661065728,0,49710
54530,"e?  ?  Build a Serverless #ChatGPT SMS #Chatbot with #OpenAI and #Node a?? If therea??s a way to attach something to a text messaging service, #Twilio tends to find it :-) || #WebDev #WebDevelopment #NodeJS #JavaScript https://t.co/GE7QDsml8u",242,0,40292673.0,Jay52_TX,1.62e+18,Tue Feb 07 12:50:00 +0000 2023,2023/2/7 12:50,0,1,0,https://twitter.com/Jay52_TX/status/1622940743810547712,1,54531
55688,"Appreciate the technology behind #OpenAI and #ChatGPT, however, it's time for them to reconsider certain answers. There have been instances of censorship and alteration of responses. Let's hope this won't turn into another #Twitter or #Google situation. ChatGPT IS biased. https://t.co/JSxjAaxr2k",296,0,510191327.0,Pampadalampa,1.62e+18,Tue Feb 07 14:38:23 +0000 2023,2023/2/7 14:38,1,0,0,https://twitter.com/Pampadalampa/status/1622968018849480704,1,55689
57952,"The latest updates about #OpenAI and #ChatGPT are coming in today! 

Get a real-world look into ChatGPT w/ @BagmarAnand  
&gt; https://t.co/1u2CfnX0fn",153,1,1627972447.0,Applitools,1.62e+18,Tue Feb 07 18:35:13 +0000 2023,2023/2/7 18:35,4,1,0,https://twitter.com/Applitools/status/1623027618391130112,5,57953
58009,". @sama  ""#OpenAI and #Microsoft have been working together for more than three years now... This new #Bing experience is powered by one of our next gen models.. takes key learnings from #ChatGPT, GPT3.5.""  via @reckless",220,2,19365210.0,CraigMilroy,1.62e+18,Tue Feb 07 18:39:07 +0000 2023,2023/2/7 18:39,0,0,0,https://twitter.com/CraigMilroy/status/1623028600151724032,0,58010
59417,"I think #ChatGPT is here to stay, now the race to catch the rabbit #OpenAI and #Google and others that are joining the race, Google reminds me of what happened with Kodak #AI #ChatGPT4 #BardAI #Anthropic #chinchilla https://t.co/WviUoLUrAI",239,0,9.39e+17,Cristianchuhuan,1.62e+18,Tue Feb 07 21:11:08 +0000 2023,2023/2/7 21:11,0,0,0,https://twitter.com/Cristianchuhuan/status/1623066856784293888,0,59418
59590,"The fact that #OpenAI and #ChatGPT have a clear left wing bias shows that it's not really AI.

It's just a pre programmed partisan reply chat bot.",148,0,7.17e+17,OldRowSwig,1.62e+18,Tue Feb 07 21:39:51 +0000 2023,2023/2/7 21:39,27,3,0,https://twitter.com/OldRowSwig/status/1623074085000429568,30,59591
60066,"Why @Microsoft first big #OpenAI and #ChatGPT announcements focused on search.

Current market share is around 7% so a 10% gain could yield $20 billion annual revenue. 

$MSFT https://t.co/ZGgSTBS3q5",203,1,228918333.0,danielnewmanUV,1.62e+18,Tue Feb 07 22:47:11 +0000 2023,2023/2/7 22:47,24,8,1,https://twitter.com/danielnewmanUV/status/1623091029204422656,33,60067
61402,Want to know more about #OpenAI and #ChatGPT #chatgpt3? Listen to my recent podcast and check out the recent @Getting_Smart blog. https://t.co/O0VhQnrnWx #education #edtech #AI #edtechchat,188,1,49860518.0,Rdene915,1.62e+18,Thu Feb 09 21:53:00 +0000 2023,2023/2/9 21:53,0,0,0,https://twitter.com/Rdene915/status/1623802170079322113,0,61403
68139,"Getting started with #Azure #OpenAI and #PowerShell - https://t.co/dvwffw1kyK
- by @AlexHolmeset 
#ChatGPT #AI https://t.co/N4gSlVBk2O",136,1,14779559.0,Hoorge,1.62e+18,Sat Feb 11 23:01:02 +0000 2023,2023/2/11 23:01,4,0,0,https://twitter.com/Hoorge/status/1624544065772572672,4,68140
72378,"Make #Siri Elite with #OpenAI and #ChatGPT -too kewl!

https://t.co/KWBVQ8yjXm",80,0,345606957.0,MattModine,1.63e+18,Mon Feb 13 14:27:46 +0000 2023,2023/2/13 14:27,0,0,0,https://twitter.com/MattModine/status/1625139674514698241,0,72379
74231,"@sama No it won't.

Similarly to any technical innovation it's only the investors and big corporations and their owners who benefit economically of this ""AI"" tech, the first to get rich and more powerful is @Microsoft who owns #OpenAI and #ChatGPT,and then AWS and the rest will follow.",288,2,2401510680.0,yuccaldo,1.63e+18,Mon Feb 13 19:29:53 +0000 2023,2023/2/13 19:29,0,0,0,https://twitter.com/yuccaldo/status/1625215703589560322,0,74232
84001,"Try our new e??? beta project where #OpenAI and #ChatGPT auto-generate
 a complete #greetingcard for you give it a try at https://t.co/vXWvjWdKyN https://t.co/QX4QTxT9pG",170,0,1.46e+18,VouchrTech,1.63e+18,Tue Feb 21 21:31:02 +0000 2023,2023/2/21 21:31,2,1,0,https://twitter.com/VouchrTech/status/1628145296222945280,3,84002
84006,Try our new e??? beta project where #OpenAI and #ChatGPT auto-generate a Greeting Card for you to send.  Give it a try free at https://t.co/cDrfPXBuUq and let us know your suggestions. https://t.co/eSbCohg52f,208,0,1.46e+18,VouchrTech,1.63e+18,Tue Feb 21 21:32:40 +0000 2023,2023/2/21 21:32,3,1,0,https://twitter.com/VouchrTech/status/1628145706484617217,4,84007
86501,"""Exciting times ahead with #OpenAI and #ChatGPT leading the way in revolutionizing #robotics and #automation. Can't wait to see how these advancements will shape the future of our world!"" e???e?  ?e???",201,0,55192339.0,mkalpataru,1.63e+18,Thu Feb 23 09:53:35 +0000 2023,2023/2/23 9:53,1,1,0,https://twitter.com/mkalpataru/status/1628694552830947328,2,86502
86513,"From natural language processing to machine learning and beyond, #OpenAI and #ChatGPT are breaking barriers and pushing the boundaries of what's possible in #robotics and #automation. The future is looking bright!"" e???e???e?  ?",228,0,621934223.0,birajainfotech,1.63e+18,Thu Feb 23 09:55:50 +0000 2023,2023/2/23 9:55,0,0,0,https://twitter.com/birajainfotech/status/1628695118827106305,0,86514
89269,"#CollabTalk Ragnar from Germany, Microsoft 365 MVP and very interested in #OpenAI and #ChatGPT. Tried &gt; 30 Tools last 8 weeks",128,0,1901461.0,ragnarh,1.63e+18,Thu Feb 23 17:08:38 +0000 2023,2023/2/23 17:08,1,0,0,https://twitter.com/ragnarh/status/1628804036613877761,1,89270
89434,Q5: How do you think @Microsoft will further integrate #OpenAI and #ChatGPT technology into existing products and services? #CollabTalk,135,1,14838585.0,buckleyplanet,1.63e+18,Thu Feb 23 17:41:17 +0000 2023,2023/2/23 17:41,1,1,1,https://twitter.com/buckleyplanet/status/1628812251393331200,3,89435
89443,"A5 #collabtalk #msft may further integrate #OpenAI and #ChatGPT technology into their existing products and services by enhancing customer service, improving productivity, bettering cybersecurity, providing more intelligent search, and enhancing gaming experiences. #chatgpt https://t.co/gKA2iunyVv",298,0,22930340.0,magrom,1.63e+18,Thu Feb 23 17:42:43 +0000 2023,2023/2/23 17:42,4,1,1,https://twitter.com/magrom/status/1628812613411905537,6,89444
96690,"e??  e??  #Meta just launched #LLaMA, its own #AI, with about 65 billion parameters, to compete with #OpenAI and #Google's AI generators a????? It successfully generates text, summarizes documents, and performes complex tasks
#ChatGPT #tech #technology #Zuckerberg
https://t.co/Si0iUVr160",290,0,8.14e+17,JamesHawth,1.63e+18,Mon Feb 27 19:56:29 +0000 2023,2023/2/27 19:56,3,2,0,https://twitter.com/JamesHawth/status/1630295828270030849,5,96691
