,full_text,text_length,at_num,user_id_str,screen_name,id_str,created_at,publish_time,favorite_count,retweet_count,reply_count,tweet_url,total_heat,tt
20032,"@OpenAI what a is this BS ? #ChatGPT
#Kenya #KenyaCup
https://t.co/m15JFxcV8w",79,1,1.56e+18,yibarekselamu,1.62e+18,Sat Jan 21 13:13:03 +0000 2023,2023/1/21 13:13,1,0,0,https://twitter.com/yibarekselamu/status/1616785951673442306,1,20033
20466,"OpenAI Exploited Low-Paid African Workers to Train ChatGPT's AI System

#OpenAI #ChatGPT #Kenya #AI https://t.co/onBbyYVgmC",125,0,9.25e+17,TheDeepDive_ca,1.62e+18,Sat Jan 21 16:21:14 +0000 2023,2023/1/21 16:21,0,1,0,https://twitter.com/TheDeepDive_ca/status/1616833306619674630,1,20467
26839,"One worker apparently suffered from recurring visions after reading at length a graphic description of a person having coitus with a canine, in the presence of a child! 
#ChatGPT #OpenAI #ElonMusk #Microsoft #Slavery #Kenya #GigWorkers #SiliconValley  
https://t.co/NwcgK2jKby",278,0,3035377582.0,MashableIndia,1.62e+18,Fri Jan 27 13:30:13 +0000 2023,2023/1/27 13:30,0,0,0,https://twitter.com/MashableIndia/status/1618964597997805568,0,26840
51800,"Quote of the day!!!

#Catherine #TirriesTuesday #Somaliland #KisiiCounty #Assad #YayaToure #Henry #MayAllah #Google #Binance #JeremiahKoini #YouthResistanceMovementMDD #Kenya #ChatGPT #Melania #Tanuki #Insurrection https://t.co/OC5kudMXzF",240,0,1.61e+18,PerminusCT,1.62e+18,Tue Feb 07 08:08:44 +0000 2023,2023/2/7 8:08,3,0,0,https://twitter.com/PerminusCT/status/1622869961461886978,3,51801
51925,"Our Black is Golden
A Happy Black History Month to All !!a?|
#Kenya #NobelPrize  #MainaAndKingangi  #EU #ChatGPT  #TheTrump #Kisii  #Greenbeltmovement #BBCAfrica #CNN  #FoxNews #cbsenews  #Africajournal  #janegoodall #Wangarimaathaifoundation
https://t.co/kSrYkDm8q5 https://t.co/TmiFVePHBB",293,0,1.61e+18,AffroButterfly,1.62e+18,Tue Feb 07 08:21:57 +0000 2023,2023/2/7 8:21,1,0,0,https://twitter.com/AffroButterfly/status/1622873286269972482,1,51926
56604,"https://t.co/NP37njHTCv = ""You wanna stay in the KNOW-KNOW and keep it in the LOW-LOW?' Find out how #KENYANS254 dev Rebooted #chatGPT 3.5, the new 'viral' A.i with a billion users worldwide !! a????? https://t.co/lqPerEi3xb

#ADMP #TecH #Kenya #MpesA #mlkday #ML",265,0,925555028.0,teamadmp,1.62e+18,Tue Feb 07 16:08:29 +0000 2023,2023/2/7 16:08,2,0,0,https://twitter.com/teamadmp/status/1622990693953142785,2,56605
