,full_text,text_length,at_num,user_id_str,screen_name,id_str,created_at,publish_time,favorite_count,retweet_count,reply_count,tweet_url,total_heat,tt
25218,$BZFD #Buzzfeed #ChatGPT,24,0,1.25e+18,DoNotLoseMoney,1.62e+18,Fri Jan 27 00:30:59 +0000 2023,2023/1/27 0:30,0,0,0,https://twitter.com/DoNotLoseMoney/status/1618768496225308673,0,25219
25361,"Considering how shitty BuzzFeed is, an AI can only make things better.

#ChatGPT #Buzzfeed #ai",96,0,1.11e+18,QContrarian,1.62e+18,Fri Jan 27 02:09:43 +0000 2023,2023/1/27 2:09,0,0,0,https://twitter.com/QContrarian/status/1618793344368508937,0,25362
28352,"1/5

Collaborating with OpenAI to craft compelling content has sent Buzzfeed's shares soaring! 

#Buzzfeed #OpenAI #ChatGPT #ArtificialIntelligence  #Trending #StocksToWatch https://t.co/ymVtIgmhDp",201,0,1.49e+18,growthvirality,1.62e+18,Fri Jan 27 23:55:58 +0000 2023,2023/1/27 23:55,1,1,1,https://twitter.com/growthvirality/status/1619122073699487744,3,28353
28353,"3/5 

In the memo, CEO writes, ""AI opens up a new era of creativity, where creative humans like us play a key role providing the ideas, cultural currency, inspired prompts, IP, and formats that come to life using the newest technologies.""

#ChatGPT #OpenAI #Buzzfeed #trending",280,0,1.49e+18,growthvirality,1.62e+18,Fri Jan 27 23:56:00 +0000 2023,2023/1/27 23:56,1,0,1,https://twitter.com/growthvirality/status/1619122080498475011,2,28354
34316,"Be sure to check out the Appenings this week: Buzzfeed betting on AI for content creation, Amazon causing a stir with NFTs, updates on Flutter + more
https://t.co/gCMgCE9GwQ

#whatsappening #tech #web3 #dapps #3Advance #AI #Buzzfeed #Amazon #NFTs #Flutter #Google #ChatGPT #JUKE",281,0,132580418.0,3advance,1.62e+18,Wed Feb 01 02:18:33 +0000 2023,2023/2/1 2:18,3,1,0,https://twitter.com/3advance/status/1620607504488214528,4,34317
36340,"BuzzFeed, an American company fires employees after employing ChatGPT to write content for their website.

#Buzzfeed #american #company #layoffs #employees #chatGPT #content #website #Enlightindia https://t.co/ZyQUZQdqLH",222,0,1.53e+18,TheEnlightIndia,1.62e+18,Wed Feb 01 10:30:00 +0000 2023,2023/2/1 10:30,0,0,0,https://twitter.com/TheEnlightIndia/status/1620731184874504195,0,36341
44865,An AI Content Buffet with a Side of Search (361) https://t.co/hSgKMCaxHi | This Old Marketing @JoePulizzi @Robert_Rose #ThisOldMarketing #Marketing #JoePulizzi #RobertRose #ChatGPT #Microsoft #Bing #Buzzfeed #Earnings #Spotify #Meta #MrBeast #Streaming,252,2,321603690.0,bjeaglefeather,1.62e+18,Fri Feb 03 14:12:32 +0000 2023,2023/2/3 14:12,3,5,0,https://twitter.com/bjeaglefeather/status/1621511962009149440,8,44866
