,full_text,text_length,at_num,user_id_str,screen_name,id_str,created_at,publish_time,favorite_count,retweet_count,reply_count,tweet_url,total_heat,tt
6704,"You won't believe what Google executives had to say about ChatGPT and the future of AI chatbots! #AIchatbots #BERT #bias #chatGPT #falseinformation #Google #JeffDean #LaMDA #largeAIlanguagemodels #MargaretMitchell #MUM #OpenAI #SundarPichai #TimnitGebr

https://t.co/n9EZFXuMOK https://t.co/pcxNkEJHLc",303,0,1.61e+18,AITechHub1,1.61e+18,Mon Jan 09 14:33:05 +0000 2023,2023/1/9 14:33,4,5,0,https://twitter.com/AITechHub1/status/1612457434768969729,9,6705
39866,"ChatGPT could destroy Google's business within two years, Says Gmail creator. #ChatGPT #coulddestroy #googlebusiness #yearschallenge #gmailcreator #SundarPichai #pknow https://t.co/PlNBAjbHy2",191,0,1.58e+18,PkNow11,1.62e+18,Wed Feb 01 20:07:17 +0000 2023,2023/2/1 20:07,1,1,0,https://twitter.com/PkNow11/status/1620876460453134337,2,39867
41385,Google is launching AI based large language model #LaMDA #LAMDA coming month! &amp; the best is yet to come. #Google #SundarPichai #ChatGPT #Microsoft @ChatGPTNFTs #ChatGPTPlus https://t.co/KL3w9Zhtnr,200,1,171001085.0,ImBikashG,1.62e+18,Fri Feb 03 03:24:25 +0000 2023,2023/2/3 3:24,1,0,0,https://twitter.com/ImBikashG/status/1621348856368877569,1,41386
43485,"Google CEO Sundar Pichai has confirmed the company will be making its ChatGPT rival available ""in the coming weeks and months""

https://t.co/85fdfy41n4

#SundarPichai #google #ChatGPT https://t.co/MHrZRjvGZ0",211,0,18159588.0,Oneindia,1.62e+18,Fri Feb 03 10:46:00 +0000 2023,2023/2/3 10:46,0,2,0,https://twitter.com/Oneindia/status/1621459984524386305,2,43486
44102,"Google to hold Search and AI event on February 8 #AI #ApprenticeBard #artificialintelligence #ChatGPT #conversation #google #GoogleCEO #maps #openAI #shopping #SundarPichai #Travel https://t.co/m7ZBVmF4dX
https://t.co/aKWScR9Xur",229,0,1.44e+18,dellyranksindia,1.62e+18,Fri Feb 03 12:25:53 +0000 2023,2023/2/3 12:25,0,0,0,https://twitter.com/dellyranksindia/status/1621485120069705729,0,44103
44331,ChatGPT effect? Sundar Pichai hints at big things in AI from Google #ChatGPT #OpenAI #SundarPichai #Google #GoogleAIChatbot #GoogleChatGPTRival  https://t.co/aYm3cNzw2M,168,0,60838339.0,jais_george,1.62e+18,Fri Feb 03 13:00:12 +0000 2023,2023/2/3 13:00,0,0,1,https://twitter.com/jais_george/status/1621493757681205248,1,44332
44880,#Google #LarryPage #SergeyBrin #SundarPichai #CEO #ChatBot #OpenAI #ChatGPT #Search #ArtificialIntelligence #AI #MesinPencari https://t.co/IAu0IFpEHg,149,0,8.25e+17,rushdy_id,1.62e+18,Fri Feb 03 14:15:00 +0000 2023,2023/2/3 14:15,0,0,0,https://twitter.com/rushdy_id/status/1621512581503393792,0,44881
48197,"Elonmusk please reveal all corrupted money of all indian politicians.. i believe in your sincerity..

#ElonMuskTwitter #ElonMuskIsaGiantTurd #elonmusk #jeffbezos #BillGates #SundarPichai #ChatGPT #Google #UkraineRussiaWar",223,0,1.56e+18,dijay_honey,1.62e+18,Sun Feb 05 21:52:20 +0000 2023,2023/2/5 21:52,0,0,0,https://twitter.com/dijay_honey/status/1622352451054768128,0,48198
50289,#Google CEO Sundar Pichai introduces Chat-GPT rival #Bard; here's what it can do... via @business_today | https://t.co/SpqoQU5IIT | #AI #ArtificialIntelligence #ChatGPT #Microsoft #SundarPichai #Alphabet,203,1,147822786.0,_shirishmishra,1.62e+18,Tue Feb 07 05:12:53 +0000 2023,2023/2/7 5:12,1,0,0,https://twitter.com/_shirishmishra/status/1622825704504328194,1,50290
50331,"Google launches Bard - End of ChatGPT? What CEO Sundar Pichai says on AI journey

#Google #ChatGPT #SundarPichai #Bard 
https://t.co/nD6OqR4xUm",146,0,225012752.0,ETNOWlive,1.62e+18,Tue Feb 07 05:18:22 +0000 2023,2023/2/7 5:18,3,1,0,https://twitter.com/ETNOWlive/status/1622827085474701312,4,50332
50589,"In competition with ChatGPT, Google will launch Bard soon https://t.co/ieek5j69I4

#Bard #Google #GoogleAI #ChatGPT #GoogleAIChatbot #AIChatbotBARD #SundarPichai #BardChatbot",176,0,4914214994.0,snk_creation,1.62e+18,Tue Feb 07 05:54:43 +0000 2023,2023/2/7 5:54,0,0,0,https://twitter.com/snk_creation/status/1622836234442932226,0,50590
50804,"Google announces Bard AI in response to ChatGPT, will work on LaMDA technology https://t.co/ZqOr9tBkTX

#talktoiconic #Google #SundarPichai #BardAI #ChatGPT #Bard #AIchatbot #LaMDAtechnology #GoogleAnnouncesBard",213,0,1.44e+18,talk_to_iconic,1.62e+18,Tue Feb 07 06:21:17 +0000 2023,2023/2/7 6:21,0,0,0,https://twitter.com/talk_to_iconic/status/1622842918162821120,0,50805
50925,"#BigNews e??  
Google CEO, Sundar Pichai introduces ChatGPT rival #AIChatBot - #Bard !

#google #AI #chatGPT #SundarPichai #ITUpdates #TechnologyNews https://t.co/r6itvp4W1R",176,0,107371605.0,ViitorCloud,1.62e+18,Tue Feb 07 06:33:05 +0000 2023,2023/2/7 6:33,4,2,0,https://twitter.com/ViitorCloud/status/1622845888912834568,6,50926
50973,"ChatGPT   a    ??   a?  a?  ??  a?  a     a?  aa  a 台 a?   a?  a?  a?  ?? Google   a?  a 台 ??  a    ??  a?   a?  ??  a|  a?  a    ??, AI   a?  ??  a?  a?  ??  a? a??Barda??   a    ??   a?  a3  a?  ??   a?  ??  a 台 a?  a 歙?,   a?  a?  a 戗??   a?  ??  a?   a?  ??   a?  a?  a? 

#Bard #BardAI #ChatGPT
#ChatbortBard #AI #Google #SundarPichai #vtvgujarati 

https://t.co/PYOJhbJPSC",384,0,588218513.0,VtvGujarati,1.62e+18,Tue Feb 07 06:38:40 +0000 2023,2023/2/7 6:38,1,0,0,https://twitter.com/VtvGujarati/status/1622847293492981761,1,50974
51097,"CHATGPT     ?    台   ?    2    ?    ?     ?    ?     ?    台   ?    ?     |    ?   琛?   ?     ?    ?     ?    ?    a    ?    ?     ?          ?    ?    ?    ?    瑷? ?     ?    ?     ?    ?    ?    ?     |    ?    ?     2    ?    ?    ?    ?     ?    ?     1    ?    ?,     ?    ? GOOGLE    琛?   ?     ?    ?     ?    ?    ?    ?          |    ?   琛?   ?     ?    ?     瑷? ?   琛?   ?    悒? ?

#ChatGPT #LaMDA #inhnews24X7 #Google #AlphabetCompany #SundarPichai #todaynews #latestnews #technology #chatbotBard  #ChatGPTfeedback

https://t.co/GeOH9Szdck",553,0,8.29e+17,inhnewsindia,1.62e+18,Tue Feb 07 06:52:55 +0000 2023,2023/2/7 6:52,0,0,0,https://twitter.com/inhnewsindia/status/1622850879664820224,0,51098
51435,"Microsofta??s a??special ChatGPT eventa?? on February 7: Timings, and what the company may announce #SundarPichai #SatyaNadella #Microsoft #ChatGPT #TechnologyNews  https://t.co/nDWlO3lIHH",188,0,60838339.0,jais_george,1.62e+18,Tue Feb 07 07:30:11 +0000 2023,2023/2/7 7:30,0,0,0,https://twitter.com/jais_george/status/1622860256245329922,0,51436
51518,"Google has announced its rival for ChatGPT named as BARD. CEO of Google Sundar Pichai has said that BARD is now open to only trusted users and will be made public in the coming weeks. 
#ChatGPT #Google #Bard #AI #SundarPichai #LaMDA https://t.co/8KS4FqlkoN",257,0,1.31e+18,InfoInsect,1.62e+18,Tue Feb 07 07:38:05 +0000 2023,2023/2/7 7:38,3,0,0,https://twitter.com/InfoInsect/status/1622862248057118720,3,51519
51605,"Google officially unveiled an AI program - #Bard  
An answer to #ChatGPT 

Let's see how it goes !! e???
#BardAI #Google #GoogleAI #SundarPichai #gptchat #AI #AITOOLS #Digital #technology #future #FutureOfWork #news #technology #TrendingNow",244,0,8.17e+17,Zimbola_Simi,1.62e+18,Tue Feb 07 07:47:55 +0000 2023,2023/2/7 7:47,0,0,0,https://twitter.com/Zimbola_Simi/status/1622864718900920322,0,51606
51938,"Nuevas funciones de IA comenzar??n a implantarse pronto en el buscador de Google, anunci?3 Pichai hoy #Google #SundarPichai #InteligenciaArtificial #GoogleSearch #IA #Tecnologia #IT #ChatGPT #You #Bing
https://t.co/rxDVKiF72J https://t.co/RPgDg8tns4",250,0,208693408.0,jasperrosa,1.62e+18,Tue Feb 07 08:23:14 +0000 2023,2023/2/7 8:23,0,0,0,https://twitter.com/jasperrosa/status/1622873606739877888,0,51939
52054,"Google parent Alphabet Inc said on Monday it would roll out a chatbot and more artificial intelligence for its search engine and developers.
.
To read the full story, click on the link belowe???
https://t.co/7TlQpJ2Zmr
.
#ChatGPT #bard #SundarPichai #chatgptai #alphabet https://t.co/dTCgQBwodD",299,0,8.03e+17,B2B_ind,1.62e+18,Tue Feb 07 08:38:24 +0000 2023,2023/2/7 8:38,0,0,0,https://twitter.com/B2B_ind/status/1622877423615328256,0,52055
52196,"Google     ?    ? 8     ?    悒? 台   悒? ?     ?    ?     1    ?     ?    ?    ?     ?    台   ?    ?    ?, AI     a          1    ?    ?    ?     ?    ?    ?    ?, ChatGPT     ?    ?    琛?   ?    a    ?   琛?   ?     ?    ?     1    ?     瑷? ?   琛?   ?    悒? ?!

#ChatGPT #google #bard #artificialintelligence 
#SundarPichai #OpenAI  #AI  #technologynews #news #update https://t.co/2enZTyyrNq",392,0,1.19e+18,topchandnews,1.62e+18,Tue Feb 07 08:54:37 +0000 2023,2023/2/7 8:54,0,0,0,https://twitter.com/topchandnews/status/1622881507810631681,0,52197
52237,"    ?    ?    ?    ?a??a??    ?    ?    a    ?    ?    ?    ?    ?     a    ?    ?    ?    ?    ?     ?    ?    ?    ?    2    ?     ?    ?    悒? ?    ?    ?..     台   ?   恪?   ?   恪?   ?    ?    ?    2    ?    ?    ?     台   ?    ?    ?    ?    |    ?     ?    a    ?    a    ?    ?    ?? 
#dishadilytelugu #Google #ChatGPT #SundarPichai #LatestNews @sundarpichai 
https://t.co/07NDEiOcr9",391,1,1.22e+18,dishatelugu,1.62e+18,Tue Feb 07 08:58:34 +0000 2023,2023/2/7 8:58,0,0,0,https://twitter.com/dishatelugu/status/1622882499226660864,0,52238
52939,"Google announces Bard AI powered by LaMDA in response to ChatGPT.
.
.
#Bard #LaMDA #ChatGPT #SundarPichai #AI #Technology??#TheLiberacy
https://t.co/DKtBFbFPWC",163,0,1.08e+18,TheLiberacy,1.62e+18,Tue Feb 07 10:06:50 +0000 2023,2023/2/7 10:06,0,0,0,https://twitter.com/TheLiberacy/status/1622899682363203584,0,52940
52956,"Google introduces ChatGPT competitor a??Barda??
#Bard #Chatgpt #Cisco #Google #James #OpenAI #LaMDA #SundarPichai #technews #technology #ArtificialIntelligence 
https://t.co/sDRd2HiyJP",186,0,1664686538.0,UiTV_Connect,1.62e+18,Tue Feb 07 10:09:13 +0000 2023,2023/2/7 10:09,2,2,0,https://twitter.com/UiTV_Connect/status/1622900279338471424,4,52957
53097,"Google Announces ChatGPT Competitor Bard
#ChatGPT #openai #homepage #googlehomepage #software #aiservices #SundarPichai #CEO #googleceo #announcement #NewsUpdate #TopNews #Latest_News #bard #TheVerge
https://t.co/FmktocnVuf",225,0,1.36e+18,Sun_Biz_Weekly,1.62e+18,Tue Feb 07 10:22:21 +0000 2023,2023/2/7 10:22,0,0,0,https://twitter.com/Sun_Biz_Weekly/status/1622903585020477441,0,53098
53313,"    ?    ?    ?    ?    ?    悒? ?    ?    ?    ?    ?    ?     ?    ?    悒? ?   瑁?   ?          ?    ?    ?     ?    ?    a    ?    ?    ?     ?    ?     ?    ?    ?    ?          |    ?   琛?   ?     ?    ?     2    ?    ?     ?    ?    ?    2    琛?   ?     a    ?    ?     ?    ?   琛?   ?     ?    ?    ?     ?    ?    ?    ?    ?    ? '    ?    ?    悒? ?    ?' |
    ?          a    楱? ?    ?    ?:- https://t.co/5H0IGKDVIn

#    ?    ?    ?    ?    ?    悒? ?    ?    ?    ?    ?    ? #    ?    ?    悒? ?    ? #    ?    ?    ?    ?    ?    a    ?    ?    ? #    ?    ?    ?    2 #    1    ?   琛?   ?    |    ?    a    ?    悒? ?    ?    悒? ?    ? #ChatGPT #BardAI #Microsoft #SundarPichai #Google #chatbots https://t.co/thDzFYdUNB",734,0,1.51e+18,HindiPressroom,1.62e+18,Tue Feb 07 10:45:45 +0000 2023,2023/2/7 10:45,1,0,0,https://twitter.com/HindiPressroom/status/1622909473043152896,1,53314
53364,"Google Announces ChatGPT Rival Bard, Releases AI Service to Early Testers

for more news visit https://t.co/98KV4yIZka

#2YoDoINDIA #Google #Alphabet #SundarPichai #AI #OpenAI #Bard #ChatGPT #Microsoft https://t.co/CNzQt0laXF",229,0,1.15e+18,2yodoindia,1.62e+18,Tue Feb 07 10:51:16 +0000 2023,2023/2/7 10:51,0,1,1,https://twitter.com/2yodoindia/status/1622910862884478976,2,53365
53502,"#Google says its new conversational #AIservice, called #Bard, would be opening up to trusted testers, that it is readying the service for the public in the coming weeks.

https://t.co/JhmLo0HMcT

#artificialintelligence #ChatGPT #chatbots #Bard #AItool #SundarPichai #tech #OSM https://t.co/mJXJLULCKr",305,0,1.56e+18,OSMopensource,1.62e+18,Tue Feb 07 11:04:52 +0000 2023,2023/2/7 11:04,0,1,0,https://twitter.com/OSMopensource/status/1622914283041619969,1,53503
53708,"Google to launch ChatGPT competitor 'Bard': Sundar Pichai

#Bard #ChatGPT #SundarPichai #LaMDA #ArtificialIntelligence #Alphabet #Google #BardAI 
https://t.co/5cwItwKBZl",172,0,1.45e+18,thenewsdrum,1.62e+18,Tue Feb 07 11:23:21 +0000 2023,2023/2/7 11:23,0,0,0,https://twitter.com/thenewsdrum/status/1622918937171337216,0,53709
54118,"Hintergrund: Techfirmen st??rzen sich auf K??nstliche Intelligenz  #3D #AI #apple #AR #ChatGPT #EvanSpiegel #Facebook #KI #KISoftware #k??nstlicheIntelligenz #LaMDA #MarkZuckerberg #META #Metaversum #OpenAI #Snap #SundarPichai #Technologie #TimCook

https://t.co/nds49w7Gi7",275,0,2602108262.0,fundscene,1.62e+18,Tue Feb 07 12:03:02 +0000 2023,2023/2/7 12:03,0,0,0,https://twitter.com/fundscene/status/1622928921795739653,0,54119
54340,"    ?    ?    ?    ?    ?    悒? ?    ?    ?    ?    ?    ?     ?    ?    悒? ?   瑁?   ?          ?    ?    ?     ?    ?    a    ?    ?    ?     ?    ?     ?    ?    ?    ?          |    ?   琛?   ?     ?    ?     2    ?    ?     ?    ?    ?    2    琛?   ?     a    ?    ?     ?    ?   琛?   ?     ?    ?    ?     ?    ?    ?    ?    ?    ? '    ?    ?    悒? ?    ?'
#    ?    ?    ?    ?    ?    悒? ?    ?    ?    ?    ?    ? #    ?    ?    悒? ?    ? #    ?    ?    ?    ?    ?    a    ?    ?    ? #    ?    ?    ?    2 #    1    ?   琛?   ?    |    ?    a    ?    悒? ?    ?    悒? ?    ? #ChatGPT #BardAI #Microsoft #SundarPichai #Google #chatbots https://t.co/HxkPYcWkem",668,0,1.49e+18,TheQuiverhindi,1.62e+18,Tue Feb 07 12:29:34 +0000 2023,2023/2/7 12:29,0,0,0,https://twitter.com/TheQuiverhindi/status/1622935601837379584,0,54341
54472,"At a time when everyone is talking about OpenAI's ChatGPT, Google has introduced its new artificial intelligence (AI) service 'Bard'.

What is Bard? Google CEO Sundar Pichai explains

#google #googleceo #AI #SundarPichai #chatgpt #bard 
https://t.co/6fz17WVnY6",265,0,140798905.0,ZeeBusiness,1.62e+18,Tue Feb 07 12:45:15 +0000 2023,2023/2/7 12:45,6,1,0,https://twitter.com/ZeeBusiness/status/1622939547079417857,7,54473
54735,"a?a???ChatGPT-powered Bing search engine on the anvil?

#ChatGPT #Microsoft #Google #Bard #openai  #OpenAIChatGPT #SundarPichai #SatyaNadella #Bing #chatbots @sama https://t.co/HC6WOti42K",189,1,9.66e+17,TheFederal_News,1.62e+18,Tue Feb 07 13:09:04 +0000 2023,2023/2/7 13:09,2,1,0,https://twitter.com/TheFederal_News/status/1622945540345597953,3,54736
55237,"a??    ?    ?    ?    ?a??    ?    ?    a    ?    ?    ?a??    ?    ?     a    ?    ?    ?    ?    ? a??    ?    ?    悒? ?    ?    ?a??   恪?   ?     a    ?    悒? ?    ?    ?    ?    ?    ?   恪?    ?    ?    ?    ?    2    ?..     a   恪?   ?    瑷? ?    悒? ?   恪?   ?     台   ?    台   悒? ?    ?    ?    ?   恪?    ?    ?    ?    ?     ?    ?    ?    |    悒? ?     a    ?    ?    ?   恪?   ?

e??? Read More At: https://t.co/05t4DuWKFJ

#ChatGPT #Bard #SundarPichai #Google #MangoNews https://t.co/M2vVTvs5GF",507,0,1946216959.0,Mango_News,1.62e+18,Tue Feb 07 13:57:42 +0000 2023,2023/2/7 13:57,0,0,0,https://twitter.com/Mango_News/status/1622957778234126337,0,55238
55923,"ChatGPT     ?    ?     ?    ?    ?    ?          |    ?   琛?   ?     ?    ?    ?    2     2    ?   琛?   ? AI     ?    ?    2 Google Bard

#Google #Bard #AI #GoogleBard #ChatGPT #GoogleCEO #market #SundarPichai #GoogleAIchatbotservice #GoogleBard  #chatbot #ArtificialIntelligence #GoogleTool #ChatGPTNews #layoffs #Google #HindiNews #LatestNews #LatestUpdates https://t.co/hJUOhDrDnH",385,0,2787426350.0,RajExpressNews,1.62e+18,Tue Feb 07 15:00:01 +0000 2023,2023/2/7 15:00,2,1,0,https://twitter.com/RajExpressNews/status/1622973462682783744,3,55924
56306,"Google announces a??Barda??: The AI-powered chatbot to compete against ChatGPT

#Google #Bard #ChatGPT #Microsoft #AI #SundarPichai #GoogleAI 

https://t.co/l1YBAxrkmV",171,0,1.26e+18,Transctimes,1.62e+18,Tue Feb 07 15:39:38 +0000 2023,2023/2/7 15:39,6,2,0,https://twitter.com/Transctimes/status/1622983430312189952,8,56307
57749,"Google announces ChatGPT rival Brad.
#ChatGPT #Google #GoogleAI #GoogleDoodle #GoogleBard 
#Microsoft #openai #SundarPichai #AI #ArtificialIntelligence #kaptainprashant https://t.co/f7ZZmoVp90",194,0,1.61e+18,KaptainPrashant,1.62e+18,Tue Feb 07 18:16:06 +0000 2023,2023/2/7 18:16,3,2,0,https://twitter.com/KaptainPrashant/status/1623022807750938625,5,57750
63905,"Does Google need a new CEO?
#SundarPichai #ChatGPT #Google #hallucinations #Microsoft #Silicon_valley #Sridhar_Ramaswamy #Spotlight #The_Best_of_Om_Malik #indicanews #indoamericannews
https://t.co/op5YHEvSEy",209,0,9.53e+17,indicanews1,1.62e+18,Sat Feb 11 08:19:12 +0000 2023,2023/2/11 8:19,0,0,0,https://twitter.com/indicanews1/status/1624322146401935360,0,63906
66218,"Single Mistake By Googlea??s Chatbot a??Barda?? Costs Alphabet $100 Billion Loss
#GoogleAI #Google #alphabat #ChatGPT #Bard #BardAI #SundarPichai #loss #100billion 
https://t.co/bkJ7EXhL0p",190,0,1.61e+18,BlogsStudio,1.62e+18,Sat Feb 11 15:47:21 +0000 2023,2023/2/11 15:47,2,1,2,https://twitter.com/BlogsStudio/status/1624434924982771713,5,66219
66813,"https://t.co/KXXsVoixGP

#GoogleAI #ChatGPT #SundarPichai #chatbot #Chatbots https://t.co/R5LIv4CbFQ",102,0,457465827.0,saeedsheikh2,1.62e+18,Sat Feb 11 17:34:31 +0000 2023,2023/2/11 17:34,0,0,0,https://twitter.com/saeedsheikh2/status/1624461893619314696,0,66814
80756,"#chatgpt #SundarPichai #googleceo #NewsUpdate #BusinessNews
#technews https://t.co/hq9nNkHVa3",94,0,1.48e+18,ai_tror,1.63e+18,Wed Feb 15 19:08:49 +0000 2023,2023/2/15 19:08,3,1,0,https://twitter.com/ai_tror/status/1625935175879372800,4,80757
92537,"Read this blog https://t.co/Rkx28jtT7j for Differences and Similarities between Bing and #bardchat.
a?????a?????a?????a?????a?????a?????a?????a?????a?????
#sensationsolutions #ChatGPT #OpenAI #AI #Bard #Google #Microsoft #SundarPichai #Bard #bing #ArtificialIntelligence #BardAI #bingchatbot #bingAI",301,0,1272039889.0,SensationSol,1.63e+18,Mon Feb 27 06:21:54 +0000 2023,2023/2/27 6:21,1,0,1,https://twitter.com/SensationSol/status/1630090831192526848,2,92538
