,full_text,text_length,at_num,user_id_str,screen_name,id_str,created_at,publish_time,favorite_count,retweet_count,reply_count,tweet_url,total_heat,tt
18000,"#PollOfTheDay #polls #tweetpolls #polling #ChatGPT #artificalintelligence #LinkedIn #tech 
Do you think that ChatGPT will replace professions in coming years?",159,0,8.69e+17,talent_stack,1.62e+18,Thu Jan 19 09:17:41 +0000 2023,2023/1/19 9:17,0,0,0,https://twitter.com/talent_stack/status/1616001941930397699,0,18001
36768,"What, according to you, is the major advantage of using ChatGPT?

#ChatGpt #AI #Software #Poll #PollOfTheDay #Time #multilingual #personalized #ChatGPTdown",157,0,1.31e+18,protonshub,1.62e+18,Wed Feb 01 11:59:08 +0000 2023,2023/2/1 11:59,5,3,0,https://twitter.com/protonshub/status/1620753614137614339,8,36769
42106,"Are businesses benefiting from artificial intelligence (AI)?

Follow @protonshub 

#AI #ArtificialIntelligence #business #PollOfTheDay #ChatGPT #protonshub",159,1,1.31e+18,protonshub,1.62e+18,Fri Feb 03 06:32:13 +0000 2023,2023/2/3 6:32,5,5,0,https://twitter.com/protonshub/status/1621396120143532032,10,42107
53804,"#MiddayPoll | 

Will ChatGPT and Bard make traditional methods of knowledge-seeking redundant? 

#ChatGPT #Bard #AI #Technology #ArtificialIntelligence #Poll #PollOfTheDay #Vote #VoteNow",190,0,31632905.0,mid_day,1.62e+18,Tue Feb 07 11:32:53 +0000 2023,2023/2/7 11:32,0,0,0,https://twitter.com/mid_day/status/1622921335281426433,0,53805
70884,"Let's start this week by talking about today's most famous artificial intelligence (AI) engines. e??? e???

AI war is set to be a battle of the ages. Who do you think will win?e??? e??  
.
.
.
#CodeAegis #Polls #PollOfTheDay #BardAI #ChatGPT #AI #MachineLearning #wearables",279,0,1.04e+18,codeaegisit,1.63e+18,Mon Feb 13 10:39:01 +0000 2023,2023/2/13 10:39,3,0,0,https://twitter.com/codeaegisit/status/1625082108099297281,3,70885
92553,"Which of the following models is typically considered the gold standard for data analysis? Share your thoughts in the comments!

#USDSI #MondayMorning #PollOfTheDay #poll #pythonprogramming #DataScience #ChatGPT #data #DataBreach #Musk",237,0,1.36e+18,US_DSI,1.63e+18,Mon Feb 27 06:27:41 +0000 2023,2023/2/27 6:27,3,0,0,https://twitter.com/US_DSI/status/1630092286389280769,3,92554
