,full_text,text_length,at_num,user_id_str,screen_name,id_str,created_at,publish_time,favorite_count,retweet_count,reply_count,tweet_url,total_heat,tt
51331,Access to #ChatGPT and similar #AI platforms will be added in near future as well.,82,0,273916380.0,AFGHANlSTANN,1.62e+18,Tue Feb 07 07:19:06 +0000 2023,2023/2/7 7:19,1,0,0,https://twitter.com/AFGHANlSTANN/status/1622857467100266497,1,51332
62058,"What does this all mean for future issues of equity, if #ChatGPT and similar #AI technology is only available through a paid model?

Not teaching students skills of #AILitetacy would be a real disadvantage, says @vkovanovic.

#ChatGPTC3L #ArtificialIntelligence",265,1,9.98e+17,c3lresearch,1.62e+18,Sat Feb 11 00:18:43 +0000 2023,2023/2/11 0:18,0,0,1,https://twitter.com/c3lresearch/status/1624201227641978881,1,62059
69865,"#ChatGPT and similar #AI generative tools are capable of providing services similar to legacy #IT companies. 

This may be a matter of concern for Indian IT players, and it will be worth seeing what the future holds for them. 

a????? @nishtha_pandey_ 

https://t.co/gQOepCFspM",283,1,631810714.0,CNBCTV18News,1.63e+18,Mon Feb 13 07:45:00 +0000 2023,2023/2/13 7:45,2,1,0,https://twitter.com/CNBCTV18News/status/1625038312946671616,3,69866
79169,"Although #ChatGPT and similar #AI could make your job easier, who is thinking about the need to constantly detect what is human and what is AI? Are we about to see a huge new burden where extra effort is needed to prove what is crea?|https://t.co/hiI6LFIU11 https://t.co/0F74507bDc",281,0,14287669.0,markhillary,1.63e+18,Wed Feb 15 14:44:44 +0000 2023,2023/2/15 14:44,0,0,0,https://twitter.com/markhillary/status/1625868717761392641,0,79170
83512,"A great read on how #ChatGPT and similar #AI will impact the #meetingsIndustry and #eventsIndustry.

https://t.co/UgnsJv9Qb0",126,0,1.13e+18,jtbusa_me,1.63e+18,Tue Feb 21 19:41:00 +0000 2023,2023/2/21 19:41,0,0,0,https://twitter.com/jtbusa_me/status/1628117604744175618,0,83513
93096,"Amidst worries that #ChatGPT and similar #AI tools can take over human jobs, #TCS assured that's not a possibility

https://t.co/9yTirECpcW",141,0,333888813.0,abplive,1.63e+18,Mon Feb 27 08:56:26 +0000 2023,2023/2/27 8:56,2,0,0,https://twitter.com/abplive/status/1630129720711946240,2,93097
