,full_text,text_length,at_num,user_id_str,screen_name,id_str,created_at,publish_time,favorite_count,retweet_count,reply_count,tweet_url,total_heat,tt
10930,"Could #ChatGPT Replace Rabbis and Halachic Decisors?

@nigewillson @SpirosMargaris @BetaMoroney @JolaBurnett 

#program #rabbi #rabbis #questions #intelligence #chatgpt #something 

https://t.co/6mUdEbCgfN",211,4,140618811.0,richardkimphd,1.61e+18,Fri Jan 13 03:57:53 +0000 2023,2023/1/13 3:57,1,1,0,https://twitter.com/richardkimphd/status/1613747136553963520,2,10931
13243,"1 The #ArtificialIntelligence app ChatGTP isn't available in China yet, but many citizens have found ways to use the program anyway Credit: Alamy

@BetaMoroney @LindaGrass0 

#app #intelligence #chatgpt #program #china #isnt 

https://t.co/NuwTEPmVze",256,2,140618811.0,richardkimphd,1.61e+18,Sun Jan 15 00:58:31 +0000 2023,2023/1/15 0:58,0,0,0,https://twitter.com/richardkimphd/status/1614426771105140738,0,13244
19902,"What is #ChatGPT?
Can it be trusted?

@SpirosMargaris @JolaBurnett 

#chatgpt #intelligence #program #term #paper 

https://t.co/xv4c3wDtSu",146,2,140618811.0,richardkimphd,1.62e+18,Sat Jan 21 12:05:24 +0000 2023,2023/1/21 12:05,1,0,0,https://twitter.com/richardkimphd/status/1616768925450276866,1,19903
19990,"Researchers use #ChatGPT to make new malware

@JimHarris @JolaBurnett 

#chatgpt #code #malware #researchers #program #time #programs #filters #response 

https://t.co/hAu0VyjdnO",184,2,140618811.0,richardkimphd,1.62e+18,Sat Jan 21 12:56:14 +0000 2023,2023/1/21 12:56,1,2,0,https://twitter.com/richardkimphd/status/1616781716785614849,3,19991
53658,"#Google announces new #AI program named Bard, in wake of viral #ChatGPT

@JolaBurnett @nigewillson @DrJDrooghaag @BetaMoroney @LindaGrass0 @SpirosMargaris 

#bard #program #pichai #ai #users 

https://t.co/Ax5an5fv3w",222,6,140618811.0,richardkimphd,1.62e+18,Tue Feb 07 11:19:02 +0000 2023,2023/2/7 11:19,1,1,0,https://twitter.com/richardkimphd/status/1622917848757846016,2,53659
62042,"Colorado schools brace for #ArtificialIntelligence such as #ChatGPT: a??This is going to be hugea??

@ronald_vanloon @LindaGrass0 @DrJDrooghaag 

#chatgpt #students #program #fiesler #intelligence #wilson #schools 

https://t.co/vty5iDnhUp",245,3,140618811.0,richardkimphd,1.62e+18,Sat Feb 11 00:13:35 +0000 2023,2023/2/11 0:13,0,0,0,https://twitter.com/richardkimphd/status/1624199934819074050,0,62043
72327,"Nearly 5000 applicants join HBMSUa??s a??#ChatGPT in Smart Learninga?? program

@fogoros @nigewillson @GlenGilmore @LindaGrass0 @JimHarris @JolaBurnett 

#ai #hbmsu #training #program #applications 

https://t.co/WCo2wgFOTm",229,6,140618811.0,richardkimphd,1.63e+18,Mon Feb 13 14:19:15 +0000 2023,2023/2/13 14:19,2,0,0,https://twitter.com/richardkimphd/status/1625137529329688576,2,72328
74681,"How #AI is changing writing

@ronald_vanloon @DrJDrooghaag @LindaGrass0 @JimHarris 

#ai #poetry #chatgpt #llms #program #poem #rules #computers 

https://t.co/BSxy5Jeau7",176,4,140618811.0,richardkimphd,1.63e+18,Mon Feb 13 20:59:46 +0000 2023,2023/2/13 20:59,0,0,0,https://twitter.com/richardkimphd/status/1625238323798376448,0,74682
