,full_text,text_length,at_num,user_id_str,screen_name,id_str,created_at,publish_time,favorite_count,retweet_count,reply_count,tweet_url,total_heat,tt
20098,We have #dalle2 and #midjourney and #stablediffusion for pictures now and #chatgpt for text. When will we see this for music?,125,0,98653860.0,freekwiedijk,1.62e+18,Sat Jan 21 13:40:41 +0000 2023,2023/1/21 13:40,1,0,2,https://twitter.com/freekwiedijk/status/1616792904357363712,3,20099
33365,"GIGO : Garbage In Garbage Out is very apparent when using #GenerativeAI models like #ChatGPT #Dalle. To unlock their true creativity - Be specific, use chain of thought promoting (best shown results) and experiment with #promptgenerators like #midjourney and #stablediffusion",275,0,2528003486.0,tejajuttu,1.62e+18,Tue Jan 31 19:52:57 +0000 2023,2023/1/31 19:52,1,0,1,https://twitter.com/tejajuttu/status/1620510468216590336,2,33366
48360,"Interesting concept, cana??t wait to see it! Love how #midjourney and #ChatGPT offer so much cool creative stuff! e??-

#ai #AIArtwork #midjourneyAi #singularity",163,0,1.19e+18,TrenchETH,1.62e+18,Sun Feb 05 22:37:54 +0000 2023,2023/2/5 22:37,1,1,0,https://twitter.com/TrenchETH/status/1622363916968796160,2,48361
75602,"I've been working on combining efforts from several different AI tools. These images were rendered with @Scenario_gg, but have influences from #midjourney and #ChatGPT https://t.co/iqnTrK1NOW",191,1,9.82e+17,paulfreitz,1.63e+18,Wed Feb 15 03:03:44 +0000 2023,2023/2/15 3:03,8,1,1,https://twitter.com/paulfreitz/status/1625692306857955328,10,75603
86408,Who needs #midjourney and #dalle2 when you have #ChatGPT ? #GenerativeAI https://t.co/khBQfLPQDm,96,0,123797739.0,per_arneng,1.63e+18,Thu Feb 23 09:34:51 +0000 2023,2023/2/23 9:34,2,0,3,https://twitter.com/per_arneng/status/1628689838101651456,5,86409
89493,Thanks #midjourney and #chatgpt for your help. I couldna??t have done it without you.,85,0,18298969.0,mattbaran,1.63e+18,Thu Feb 23 17:50:39 +0000 2023,2023/2/23 17:50,0,0,0,https://twitter.com/mattbaran/status/1628814611444269056,0,89494
