,full_text,text_length,at_num,user_id_str,screen_name,id_str,created_at,publish_time,favorite_count,retweet_count,reply_count,tweet_url,total_heat,tt
16412,"top: Microsoft Corporation said that it is expanding access to OpenAIa??s wildly popular software.

#technology #business #Microsoft #ChatGPT #OpenAI #latest #theasianaffairs  
https://t.co/50iRP36Vzr https://t.co/RQ9Um20rOs",227,0,1.35e+18,TheAsianAffairs,1.62e+18,Tue Jan 17 12:24:55 +0000 2023,2023/1/17 12:24,1,0,1,https://twitter.com/TheAsianAffairs/status/1615324283596836864,2,16413
31401,"Technology : ChatGPT     ?    ?     台   ?    楱? 瑷? ?     ?    ?    悒? ?    ?,     ?   琛?   ?    ?     ?    ?    a   琛?   ?   琛?   ?    ?   琛?   ?     ?    ?    2    ?    琛?   台   ?     悒? 戗?琛?   ?    瑷? ?

#technology #chatgpt #latest #lifestyle #saamtv #saamdigital https://t.co/u6jHk0LV3H",292,0,553395840.0,saamTVnews,1.62e+18,Tue Jan 31 08:09:17 +0000 2023,2023/1/31 8:09,1,0,0,https://twitter.com/saamTVnews/status/1620333383476723713,1,31402
32205,#latest #latestupdate #ChatGPT https://t.co/OPn3R3eDcz,54,0,1.61e+18,discusschatgpt,1.62e+18,Tue Jan 31 13:19:53 +0000 2023,2023/1/31 13:19,2,0,0,https://twitter.com/discusschatgpt/status/1620411549386166273,2,32206
34927,"Let's start February with some fun e??? .

We asked ChatGPT to write a poem about BRIDGE CRM. And we are surprised with the result.

#chatgpt #bridge #chatgptai #trending #trend #latest #poetry #bridge #crm #fun #ai #aicontent #artificialintelligence #Budget2023 https://t.co/iHuWwFfXNH",290,0,1.59e+18,Bridgesalesapp,1.62e+18,Wed Feb 01 05:02:09 +0000 2023,2023/2/1 5:02,0,0,0,https://twitter.com/Bridgesalesapp/status/1620648676493508608,0,34928
36387,"The AI giant Chat Generative Pre-Trained Transformer commonly known as ChatGPT will destroy Googlea??s business in two years, the Gmail creator said.
#google #artificalintelligence #chatgpt #paulbuchheit #latest #latestnewstoday #breakingnews #PakNews #paknews #paknewshd #PAKnewsHD https://t.co/6i9m0qF5eS",307,0,1.59e+18,hdpaknews,1.62e+18,Wed Feb 01 10:42:50 +0000 2023,2023/2/1 10:42,0,0,0,https://twitter.com/hdpaknews/status/1620734411041017856,0,36388
58122,"Bard AI announced by Google in response ChatGPT
https://t.co/2frSMH7Jz8

#chatgpt #latest #tech https://t.co/fZLfRbFc6N",122,0,1.49e+18,Craz_review,1.62e+18,Tue Feb 07 18:49:02 +0000 2023,2023/2/7 18:49,1,0,0,https://twitter.com/Craz_review/status/1623031094689026048,1,58123
69191,"Valentine's Day :     a    ?    悒? ?    ?    ?   琛?   ?    ?    ?    2    ?    ?   琛?   ?,     ?    瑷? ?     a    ?    悒? ?   琛?   ?    ?    2    ? Love Letter     2    ?    1    ?   琛?    |    ?    戗? ?      ChatGPT...

#valentinesday #loveletter #latest #relationship #chatgpt #lifestyle #saamtv #saamdigital https://t.co/ByvPogitEF",336,0,553395840.0,saamTVnews,1.63e+18,Mon Feb 13 05:03:39 +0000 2023,2023/2/13 5:03,0,0,0,https://twitter.com/saamTVnews/status/1624997707289952256,0,69192
75792,"ChatGPT Benefits For Farmers : ChatGPT    ?    ?     ?    ?   琛?   |    ?     ?    瑷? ?     ?    ?    瑷? ?         ?   琛?   ?    ?   琛?   ?    1    ?,     ?    ?    ?    a    ?    悒? ?    ?    悒? ?     ?    悒? 瑷? ?    琛?   ?    戗? ?          台   ?    a     

#chatgptbenefitsforfarmers #latest #farmers #chatgpt #lifestyle #saamtv #saamdigital https://t.co/uSvUJxyXMS",369,0,553395840.0,saamTVnews,1.63e+18,Wed Feb 15 03:56:34 +0000 2023,2023/2/15 3:56,2,0,0,https://twitter.com/saamTVnews/status/1625705604814716928,2,75793
87060,"Have you heard about #ChatGPT by #OpenAI ? Let us know more about ChatGPT by ChatGPT itself. 

#AI #Artificialintelligence #Artificial #Intelligence #technology #TechNews #techtwitter #TechTrends #latestupdate #TechnologyNews #techno #latest #UPDATE #development #innovation https://t.co/KTGaRbMYQ5",300,0,8.69e+17,Bayslopepatent,1.63e+18,Thu Feb 23 11:29:54 +0000 2023,2023/2/23 11:29,2,1,0,https://twitter.com/Bayslopepatent/status/1628718790258176001,3,87061
88072,"Chinese apps remove ChatGPT as global AI race heats up.

#latest #news #tech #chinese #apps #remove #chatgpt #race #business #leaders #review #magazine #blrmagazine #blr #magazine https://t.co/NHV2jWYm7c",205,0,1.44e+18,blrmagazine,1.63e+18,Thu Feb 23 14:04:24 +0000 2023,2023/2/23 14:04,0,0,0,https://twitter.com/blrmagazine/status/1628757670667907072,0,88073
