,full_text,text_length,at_num,user_id_str,screen_name,id_str,created_at,publish_time,favorite_count,retweet_count,reply_count,tweet_url,total_heat,tt
70363,Simagizer - OpenAI Summarizer &amp; Imageizer chrome extension #simagizer #openai #ChatGPT https://t.co/UCAi0Wf3IR,114,0,1.62e+18,ArazmyratU,1.63e+18,Mon Feb 13 09:16:31 +0000 2023,2023/2/13 9:16,0,0,0,https://twitter.com/ArazmyratU/status/1625061345925398529,0,70364
84825,"new updates coming soon, here teaser about updates. #simagizer #openai #chatgpt #newproject #ai #elonmusk #samaltman https://t.co/AsP4sZuiRs",140,0,1.63e+18,simagizer,1.63e+18,Thu Feb 23 03:39:39 +0000 2023,2023/2/23 3:39,3,3,0,https://twitter.com/simagizer/status/1628600447987765249,6,84826
84874,"new updates coming soon, here teaser about updates. 
@simagizer @OpenAI @sama @elon @writingtoriches  
#simagizer #openai #chatgpt #newproject #ai #elonmusk #samaltman https://t.co/Dj1f8XQk6x",193,5,1.62e+18,ArazmyratU,1.63e+18,Thu Feb 23 03:52:10 +0000 2023,2023/2/23 3:52,3,2,0,https://twitter.com/ArazmyratU/status/1628603596286889985,5,84875
85057,"@thehill Recent data shows inflation is rising, but Fed officials are still wary of pushing too hard and risking a recession. #simagizer #openai #chatgpt",153,1,1.63e+18,simagizer,1.63e+18,Thu Feb 23 04:48:41 +0000 2023,2023/2/23 4:48,0,0,0,https://twitter.com/simagizer/status/1628617819616325632,0,85058
88572,@FoxNews Parents should ask principals to identify filtered stations and make sure their kids only use those for drinking; new construction or renovations should use only lead-free materials. #simagizer #openai #chatgpt,219,1,1.63e+18,simagizer,1.63e+18,Thu Feb 23 15:12:12 +0000 2023,2023/2/23 15:12,0,0,0,https://twitter.com/simagizer/status/1628774735399243776,0,88573
