,full_text,text_length,at_num,user_id_str,screen_name,id_str,created_at,publish_time,favorite_count,retweet_count,reply_count,tweet_url,total_heat,tt
45679,"Here what #ChatGPT says about #LRNKEY

a?  ???Share your passion with the world and earne??2!
Register in 30 mins and start teaching globally!!!

No upfront payments. No subscription fees

#Lrnkey #onlinelearning #onlinetutoring #remote #remotejobs #onlineteaching #onlinecourses https://t.co/HMVvzYKLLl",310,0,1.18e+18,lrnkey,1.62e+18,Fri Feb 03 16:01:00 +0000 2023,2023/2/3 16:01,0,0,0,https://twitter.com/lrnkey/status/1621539258447044609,0,45680
55952,"Here what #ChatGPT says about #LRNKEY

a?  ???Share your passion with the world and earne??2!
Register in 30 mins and start teaching globally!!!

No upfront payments. No subscription fees

#Lrnkey #onlinelearning #onlinetutoring #remote #remotejobs #onlineteaching #onlinecourses #AI https://t.co/oY4UiiA948",314,0,1.18e+18,lrnkey,1.62e+18,Tue Feb 07 15:01:20 +0000 2023,2023/2/7 15:01,0,0,0,https://twitter.com/lrnkey/status/1622973793722601472,0,55953
65976,"Here what #ChatGPT says about #LRNKEY

a?  ???Share your passion with the world and earne??2!
Register in 30 mins and start teaching globally!!!

No upfront payments. No subscription fees

#Lrnkey #onlinelearning #onlinetutoring #remote #remotejobs #onlineteaching #onlinecourses #AI https://t.co/9esDrpT0z0",314,0,1.18e+18,lrnkey,1.62e+18,Sat Feb 11 15:00:46 +0000 2023,2023/2/11 15:00,0,0,2,https://twitter.com/lrnkey/status/1624423203564142593,2,65977
72618,"Here what #ChatGPT says about #LRNKEY

a?  ???Share your passion with the world and earne??2!
Register in 30 mins and start teaching globally!!!

No upfront payments. No subscription fees

#Lrnkey #onlinelearning #onlinetutoring #remote #remotejobs #onlineteaching #onlinecourses #AI https://t.co/iOCo9XkKtS",314,0,1.18e+18,lrnkey,1.63e+18,Mon Feb 13 15:01:16 +0000 2023,2023/2/13 15:01,0,0,0,https://twitter.com/lrnkey/status/1625148102255452161,0,72619
75585,"Here what #ChatGPT says about #LRNKEY

a?  ???Share your passion with the world and earne??2!
Register in 30 mins and start teaching globally!!!

No upfront payments. No subscription fees

#Lrnkey #onlinelearning #onlinetutoring #remote #remotejobs #onlineteaching #onlinecourses #AI https://t.co/xDRLThkdiX",314,0,1.18e+18,lrnkey,1.63e+18,Wed Feb 15 03:00:21 +0000 2023,2023/2/15 3:00,0,0,0,https://twitter.com/lrnkey/status/1625691454516461569,0,75586
79282,"Here what #ChatGPT says about #LRNKEY

a?  ???Share your passion with the world and earne??2!
Register in 30 mins and start teaching globally!!!

No upfront payments. No subscription fees

#Lrnkey #onlinelearning #onlinetutoring #remote #remotejobs #onlineteaching #onlinecourses #AI https://t.co/deaLDBEjME",314,0,1.18e+18,lrnkey,1.63e+18,Wed Feb 15 15:01:21 +0000 2023,2023/2/15 15:01,0,0,0,https://twitter.com/lrnkey/status/1625872902150037504,0,79283
