,full_text,text_length,at_num,user_id_str,screen_name,id_str,created_at,publish_time,favorite_count,retweet_count,reply_count,tweet_url,total_heat,tt
11717,"Crypto AI project on Cardano talks about future, after its token $AGIX soared 150% in January #cardanoada #cardano #ada #chatgpt #ai #artificialintelligence #agix #singularitynet #openai https://t.co/lcO9JWM3nR",210,0,9.54e+17,Utoday_en,1.61e+18,Fri Jan 13 12:05:05 +0000 2023,2023/1/13 12:05,19,2,1,https://twitter.com/Utoday_en/status/1613869742657257474,22,11718
22040,@bloomstarbms @AIPADTECH #ai #fet #aipad #launchpad #bullish #artificialintelligence #agix #chatgpt,99,2,1.62e+18,trikerc20,1.62e+18,Wed Jan 25 00:22:00 +0000 2023,2023/1/25 0:22,0,0,0,https://twitter.com/trikerc20/status/1618041459441291264,0,22041
22256,"@bloomstarbms @AIPADTECH Wish for one spot sir 

#ai #fet #aipad #launchpad #bullish #artificialintelligence #agix #chatgpt",125,2,1.4e+18,IfunanyaJane10,1.62e+18,Wed Jan 25 02:52:20 +0000 2023,2023/1/25 2:52,1,0,0,https://twitter.com/IfunanyaJane10/status/1618079293615280130,1,22257
22379,@bloomstarbms @AIPADTECH #ai #fet #aipad #launchpad #bullish #artificialintelligence #agix #chatgpt,99,2,139964005.0,Str1ger,1.62e+18,Wed Jan 25 04:14:44 +0000 2023,2023/1/25 4:14,1,0,0,https://twitter.com/Str1ger/status/1618100028605857792,1,22380
22596,"@bloomstarbms @AIPADTECH manifesting e??  

#ai #fet #aipad #launchpad #bullish #artificialintelligence #agix #chatgpt",120,2,1.48e+18,aceramirez0812,1.62e+18,Wed Jan 25 06:23:44 +0000 2023,2023/1/25 6:23,0,0,0,https://twitter.com/aceramirez0812/status/1618132493324144640,0,22597
22607,#ai #fet #aipad #launchpad #bullish #artificialintelligence #agix #chatgpt,74,0,1.17e+18,Matrix200086,1.62e+18,Wed Jan 25 06:31:21 +0000 2023,2023/1/25 6:31,0,0,0,https://twitter.com/Matrix200086/status/1618134411391938560,0,22608
22656,@bloomstarbms @AIPADTECH #ai #fet #aipad #launchpad #bullish #artificialintelligence #agix #chatgpt,99,2,1.55e+18,kai2345622gfg,1.62e+18,Wed Jan 25 07:01:12 +0000 2023,2023/1/25 7:01,0,0,0,https://twitter.com/kai2345622gfg/status/1618141921519751171,0,22657
22684,@bloomstarbms @AIPADTECH #ai #fet #aipad #launchpad #bullish #artificialintelligence #agix #chatgpt,99,2,1.27e+18,Obidave6,1.62e+18,Wed Jan 25 07:16:02 +0000 2023,2023/1/25 7:16,0,0,0,https://twitter.com/Obidave6/status/1618145656631341056,0,22685
22769,@bloomstarbms @AIPADTECH #ai #fet #aipad #launchpad #bullish #artificialintelligence #agix #chatgpt,99,2,1.43e+18,Greeneagle777,1.62e+18,Wed Jan 25 07:57:46 +0000 2023,2023/1/25 7:57,0,0,0,https://twitter.com/Greeneagle777/status/1618156159164370945,0,22770
22847,@bloomstarbms @AIPADTECH #ai #fet #aipad #launchpad #bullish #artificialintelligence #agix #chatgpt,99,2,521327320.0,writetohari,1.62e+18,Wed Jan 25 08:29:58 +0000 2023,2023/1/25 8:29,0,0,0,https://twitter.com/writetohari/status/1618164260261199872,0,22848
22861,@bloomstarbms @AIPADTECH #ai #fet #aipad #launchpad #bullish #artificialintelligence #agix #chatgpt,99,2,1.51e+18,mayor_jk,1.62e+18,Wed Jan 25 08:35:54 +0000 2023,2023/1/25 8:35,0,0,0,https://twitter.com/mayor_jk/status/1618165752288391169,0,22862
23112,@bloomstarbms @AIPADTECH #ai #fet #aipad #launchpad #bullish #artificialintelligence #agix #chatgpt,99,2,1.36e+18,BizDev_Crypto,1.62e+18,Wed Jan 25 10:18:24 +0000 2023,2023/1/25 10:18,0,0,0,https://twitter.com/BizDev_Crypto/status/1618191549363523584,0,23113
23220,@bloomstarbms @AIPADTECH #ai #fet #aipad #launchpad #bullish #artificialintelligence #agix #chatgpt,99,2,1.43e+18,5Clubz,1.62e+18,Wed Jan 25 11:02:54 +0000 2023,2023/1/25 11:02,0,0,0,https://twitter.com/5Clubz/status/1618202749090533376,0,23221
23313,"@bloomstarbms @AIPADTECH #ai #fet #aipad #launchpad #bullish #artificialintelligence #agix #chatgpt 
No worries boss. I volunteer as tribute!",142,2,1.47e+18,MarcelBastien2,1.62e+18,Wed Jan 25 11:42:47 +0000 2023,2023/1/25 11:42,0,0,0,https://twitter.com/MarcelBastien2/status/1618212786554966016,0,23314
23473,@bloomstarbms @AIPADTECH #ai #fet #aipad #launchpad #bullish #artificialintelligence #agix #chatgpt,99,2,1.53e+18,koredethegod,1.62e+18,Wed Jan 25 12:44:10 +0000 2023,2023/1/25 12:44,0,0,0,https://twitter.com/koredethegod/status/1618228231223783425,0,23474
23545,"@bloomstarbms @AIPADTECH #ai #fet #aipad #launchpad #bullish #artificialintelligence #agix #chatgpt 
excellent one...get og role ASAP",134,2,3109114620.0,ToruBNC,1.62e+18,Wed Jan 25 13:08:02 +0000 2023,2023/1/25 13:08,0,0,0,https://twitter.com/ToruBNC/status/1618234237668425730,0,23546
23699,"@bloomstarbms @AIPADTECH Watching clearly
#ai #fet #aipad #launchpad #bullish #artificialintelligence #agix #chatgpt",117,2,1.59e+18,5tcfp86gp9,1.62e+18,Wed Jan 25 14:04:28 +0000 2023,2023/1/25 14:04,0,0,0,https://twitter.com/5tcfp86gp9/status/1618248438793277440,0,23700
23761,"@bloomstarbms @AIPADTECH Hey all
#ai #fet #aipad #launchpad #bullish #artificialintelligence #agix #chatgpt",108,2,117198633.0,punkgritty,1.62e+18,Wed Jan 25 14:28:24 +0000 2023,2023/1/25 14:28,0,0,0,https://twitter.com/punkgritty/status/1618254464296849408,0,23762
23980,@bloomstarbms @AIPADTECH #ai #fet #aipad #launchpad #bullish #artificialintelligence #agix #chatgpt,99,2,1.36e+18,0xLxck,1.62e+18,Wed Jan 25 15:40:46 +0000 2023,2023/1/25 15:40,0,0,0,https://twitter.com/0xLxck/status/1618272677059526656,0,23981
24426,@bloomstarbms @AIPADTECH #ai #fet #aipad #launchpad #bullish #artificialintelligence #agix #chatgpt,99,2,3331903671.0,anns_sol,1.62e+18,Wed Jan 25 18:06:25 +0000 2023,2023/1/25 18:06,0,0,0,https://twitter.com/anns_sol/status/1618309329689665536,0,24427
25267,@bloomstarbms @AIPADTECH #ai #fet #aipad #launchpad #bullish #artificialintelligence #agix #chatgpt,99,2,1.4e+18,Alexand06422184,1.62e+18,Fri Jan 27 01:07:55 +0000 2023,2023/1/27 1:07,0,0,0,https://twitter.com/Alexand06422184/status/1618777793122418689,0,25268
26115,@bloomstarbms @AIPADTECH #ai #fet #aipad #launchpad #bullish #artificialintelligence #agix #chatgpt e??  e??  e??  e??  ,120,2,1.54e+18,Kingfavour81,1.62e+18,Fri Jan 27 08:51:41 +0000 2023,2023/1/27 8:51,0,0,0,https://twitter.com/Kingfavour81/status/1618894502881796096,0,26116
26579,@bloomstarbms @AIPADTECH #ai #fet #aipad #launchpad #bullish #artificialintelligence #agix #chatgpt,99,2,1.38e+18,DragojeviDarko1,1.62e+18,Fri Jan 27 12:00:54 +0000 2023,2023/1/27 12:00,0,0,0,https://twitter.com/DragojeviDarko1/status/1618942118583742465,0,26580
27648,@bloomstarbms @AIPADTECH #ai #fet #aipad #launchpad #bullish #artificialintelligence #agix #chatgpt LFG!,104,2,771928908.0,MrTohbi,1.62e+18,Fri Jan 27 17:57:45 +0000 2023,2023/1/27 17:57,0,0,0,https://twitter.com/MrTohbi/status/1619031922008821762,0,27649
28106,@bloomstarbms @AIPADTECH #ai #fet #aipad #launchpad #bullish #artificialintelligence #agix #chatgpt,99,2,1.59e+18,iloyalcrypt,1.62e+18,Fri Jan 27 21:15:43 +0000 2023,2023/1/27 21:15,0,0,0,https://twitter.com/iloyalcrypt/status/1619081742283075584,0,28107
28913,@bloomstarbms @AIPADTECH #ai #fet #aipad #launchpad #bullish #artificialintelligence #agix #chatgpt,99,2,1.58e+18,ronins_elondro,1.62e+18,Sun Jan 29 08:06:42 +0000 2023,2023/1/29 8:06,0,0,0,https://twitter.com/ronins_elondro/status/1619607956550721536,0,28914
28920,"@bloomstarbms @AIPADTECH Don't fade
#ai #fet #aipad #launchp #bullish #artificialintelligence #agix #chatgpt",109,2,1.55e+18,NFTUviolet,1.62e+18,Sun Jan 29 08:10:13 +0000 2023,2023/1/29 8:10,2,0,0,https://twitter.com/NFTUviolet/status/1619608844161933313,2,28921
29648,@bloomstarbms @AIPADTECH Bullish #ai #fet #aipad #launchpad #bullish #artificialintelligence #agix #chatgpt,107,2,1.19e+18,ashu_tushir,1.62e+18,Sun Jan 29 15:20:10 +0000 2023,2023/1/29 15:20,0,0,0,https://twitter.com/ashu_tushir/status/1619717042940305410,0,29649
29710,"@bloomstarbms @AIPADTECH Am all for Alpad. 
#ai #fet #aipad #launchpad #bullish #artificialintelligence #agix #chatgpt",119,2,1.54e+18,Ijenwanne,1.62e+18,Sun Jan 29 15:53:19 +0000 2023,2023/1/29 15:53,0,0,0,https://twitter.com/Ijenwanne/status/1619725385662595075,0,29711
30202,@bloomstarbms @AIPADTECH #ai #fet #aipad #launchpad #bullish #artificialintelligence #agix #chatgpt,99,2,2343834242.0,gsm_hassan,1.62e+18,Sun Jan 29 19:49:25 +0000 2023,2023/1/29 19:49,0,0,0,https://twitter.com/gsm_hassan/status/1619784803313934337,0,30203
31341,@bloomstarbms @AIPADTECH #ai #fet #aipad #launchpad #bullish #artificialintelligence #agix #chatgpt,99,2,1.54e+18,XiscoinSsS,1.62e+18,Tue Jan 31 07:45:30 +0000 2023,2023/1/31 7:45,0,0,1,https://twitter.com/XiscoinSsS/status/1620327397269843968,1,31342
31427,@bloomstarbms @AIPADTECH #ai #fet #aipad #launchpad #bullish #artificialintelligence #agix #chatgpt Lets go!,108,2,1.22e+18,ChaosJutsu,1.62e+18,Tue Jan 31 08:20:50 +0000 2023,2023/1/31 8:20,0,0,0,https://twitter.com/ChaosJutsu/status/1620336289475366913,0,31428
32374,@bloomstarbms @AIPADTECH #ai #fet #aipad #launchpad #bullish #artificialintelligence #agix #chatgpt,99,2,1.42e+18,RealAppleJack__,1.62e+18,Tue Jan 31 14:17:42 +0000 2023,2023/1/31 14:17,1,0,0,https://twitter.com/RealAppleJack__/status/1620426097900027906,1,32375
32587,@bloomstarbms @AIPADTECH #ai #fet #aipad #launchpad #bullish #artificialintelligence #agix #chatgpt,99,2,1.5e+18,Youngbit233,1.62e+18,Tue Jan 31 15:24:43 +0000 2023,2023/1/31 15:24,0,0,0,https://twitter.com/Youngbit233/status/1620442965276766209,0,32588
32988,@bloomstarbms @AIPADTECH #ai #fet #aipad #launchpad #bullish #artificialintelligence #agix #chatgpt,99,2,883380757.0,pleXiglas4324,1.62e+18,Tue Jan 31 17:33:17 +0000 2023,2023/1/31 17:33,0,0,0,https://twitter.com/pleXiglas4324/status/1620475319559024640,0,32989
34879,@bloomstarbms @AIPADTECH #ai #fet #aipad #launchpad #bullish #artificialintelligence #agix #chatgpt,99,2,9.24e+17,TheBtcSupport,1.62e+18,Wed Feb 01 04:53:17 +0000 2023,2023/2/1 4:53,1,0,0,https://twitter.com/TheBtcSupport/status/1620646445870379009,1,34880
35122,@bloomstarbms @AIPADTECH #ai #fet #aipad #launchpad #bullish #artificialintelligence #agix #chatgpt,99,2,1.59e+18,Vadim19453361,1.62e+18,Wed Feb 01 05:58:24 +0000 2023,2023/2/1 5:58,0,0,0,https://twitter.com/Vadim19453361/status/1620662831132844032,0,35123
38078,@bloomstarbms @AIPADTECH #ai #fet #aipad #launchpad #bullish #artificialintelligence #agix #chatgpt,99,2,1.56e+18,cryptorando2,1.62e+18,Wed Feb 01 15:19:37 +0000 2023,2023/2/1 15:19,0,0,0,https://twitter.com/cryptorando2/status/1620804068338974720,0,38079
41228,@bloomstarbms @AIPADTECH #ai #fet #aipad #launchpad #bullish #artificialintelligence #agix #chatgpt,99,2,197316302.0,krypto_I_am,1.62e+18,Fri Feb 03 02:43:27 +0000 2023,2023/2/3 2:43,1,0,0,https://twitter.com/krypto_I_am/status/1621338546362630145,1,41229
44244,@bloomstarbms @AIPADTECH #ai #fet #aipad #launchpad #bullish #artificialintelligence #agix #chatgpt go go go !,110,2,1.32e+18,kien17061966,1.62e+18,Fri Feb 03 12:49:35 +0000 2023,2023/2/3 12:49,0,0,0,https://twitter.com/kien17061966/status/1621491088430333953,0,44245
45337,"Join the #AI revolution now! @AIPADTECH 

#ai #fet #ArtificialIntelligence #AIPad #launchpad #bullish #agix #chatgpt https://t.co/jQqp71JT58",142,1,1.58e+18,mellatriks,1.62e+18,Fri Feb 03 15:14:54 +0000 2023,2023/2/3 15:14,0,0,0,https://twitter.com/mellatriks/status/1621527654783684622,0,45338
45402,@bloomstarbms @AIPADTECH #ai #fet #aipad #launchpad #bullish #artificialintelligence #agix #chatgpt,99,2,4380145640.0,jmiz81,1.62e+18,Fri Feb 03 15:25:08 +0000 2023,2023/2/3 15:25,0,0,0,https://twitter.com/jmiz81/status/1621530233777053696,0,45403
45403,"Join the #AI revolution now! 
@AIPADTECH

#ai #fet #ArtificialIntelligence #AIPad #launchpad #bullish #agix #chatgpt https://t.co/0h7OzH0Hzu",143,1,1.58e+18,mellatriks,1.62e+18,Fri Feb 03 15:25:08 +0000 2023,2023/2/3 15:25,0,0,0,https://twitter.com/mellatriks/status/1621530231097143299,0,45404
45994,"@bloomstarbms @AIPADTECH #ai #fet #aipad #launchpad #bullish #artificialintelligence #agix #chatgpt

Done",107,2,1.34e+18,LN_Weston,1.62e+18,Fri Feb 03 16:45:23 +0000 2023,2023/2/3 16:45,1,0,0,https://twitter.com/LN_Weston/status/1621550425496231937,1,45995
46990,@bloomstarbms @AIPADTECH #ai #fet #aipad #launchpad #bullish #artificialintelligence #agix #chatgpt so excited !,112,2,1.39e+18,heatherblockcha,1.62e+18,Fri Feb 03 19:33:54 +0000 2023,2023/2/3 19:33,0,0,0,https://twitter.com/heatherblockcha/status/1621592836897382402,0,46991
49032,"#aipadtech

With AIPADS website at https://t.co/3TshyM5XLg to learn more about the future of this crypto AI launchpad!

 #AipadTweet #ai #fet #aipad #launchpad #bullish #artificialintelligence #agix #chatgpt https://t.co/ux3dv68dg4",235,0,3311597362.0,aaronbosse75,1.62e+18,Tue Feb 07 01:19:17 +0000 2023,2023/2/7 1:19,1,0,0,https://twitter.com/aaronbosse75/status/1622766919706112003,1,49033
49052,"#aipadtech

With AIPADS website at https://t.co/nHA3z5Z9LD to learn more about the future of this crypto AI launchpad!

 #AipadTweet #ai #fet #aipad #launchpad #bullish #artificialintelligence #agix #chatgpt",211,0,48921376.0,joelthinskin,1.62e+18,Tue Feb 07 01:23:30 +0000 2023,2023/2/7 1:23,1,0,0,https://twitter.com/joelthinskin/status/1622767977950240768,1,49053
49196,"@bloomstarbms @AIPADTECH LETS GO IDO!
#ai #fet #aipad #launchpad #bullish #artificialintelligence #agix #chatgpt",113,2,3311597362.0,aaronbosse75,1.62e+18,Tue Feb 07 01:57:53 +0000 2023,2023/2/7 1:57,0,0,0,https://twitter.com/aaronbosse75/status/1622776633613598728,0,49197
51337,"#Google is launching an Artificial Intelligence (AI) powered chatbot called Bard to rival #ChatGPT.

#agix #FET https://t.co/CHDGxMg3PP",137,0,7.52e+17,Bullstreetgroup,1.62e+18,Tue Feb 07 07:19:39 +0000 2023,2023/2/7 7:19,2,0,0,https://twitter.com/Bullstreetgroup/status/1622857609249452034,2,51338
54154,@bloomstarbms @AIPADTECH #ai #fet #aipad #launchpad #bullish #artificialintelligence #agix #chatgpt,99,2,1.6e+18,anti_w1,1.62e+18,Tue Feb 07 12:06:19 +0000 2023,2023/2/7 12:06,1,0,0,https://twitter.com/anti_w1/status/1622929747809271810,1,54155
54839,@bloomstarbms @AIPADTECH #ai #fet #aipad #launchpad #bullish #artificialintelligence #agix #chatgpt,99,2,1.6e+18,WickyWi28833287,1.62e+18,Tue Feb 07 13:20:18 +0000 2023,2023/2/7 13:20,0,0,0,https://twitter.com/WickyWi28833287/status/1622948367809630208,0,54840
55549,@bloomstarbms @AIPADTECH #ai #fet #aipad #launchpad #bullish #artificialintelligence #agix #chatgpt,99,2,1.6e+18,ChrisCh434,1.62e+18,Tue Feb 07 14:25:26 +0000 2023,2023/2/7 14:25,0,0,0,https://twitter.com/ChrisCh434/status/1622964759455834113,0,55550
55736,@bloomstarbms @AIPADTECH #ai #fet #aipad #launchpad #bullish #artificialintelligence #agix #chatgpt,99,2,1.61e+18,RafalRafael3,1.62e+18,Tue Feb 07 14:42:18 +0000 2023,2023/2/7 14:42,0,0,1,https://twitter.com/RafalRafael3/status/1622969001985933312,1,55737
56483,@bloomstarbms @AIPADTECH #ai #fet #aipad #launchpad #bullish #artificialintelligence #agix #chatgpt Let's hear what the team has to say about the latest news and updates about ai and its potential for the future.,212,2,1.61e+18,dwa_stefan,1.62e+18,Tue Feb 07 15:56:52 +0000 2023,2023/2/7 15:56,1,0,0,https://twitter.com/dwa_stefan/status/1622987770447777793,1,56484
57446,@bloomstarbms @AIPADTECH #ai #fet #aipad #launchpad #bullish #artificialintelligence #agix #chatgpt,99,2,1.6e+18,Chrisch09490383,1.62e+18,Tue Feb 07 17:43:36 +0000 2023,2023/2/7 17:43,0,0,0,https://twitter.com/Chrisch09490383/status/1623014629331898387,0,57447
57544,@bloomstarbms @AIPADTECH #ai #fet #aipad #launchpad #bullish #artificialintelligence #agix #chatgpt,99,2,1.61e+18,adiadi20005447,1.62e+18,Tue Feb 07 17:54:41 +0000 2023,2023/2/7 17:54,0,0,0,https://twitter.com/adiadi20005447/status/1623017418846076930,0,57545
58277,@bloomstarbms @AIPADTECH #ai #fet #aipad #launchpad #bullish #artificialintelligence #agix #chatgpt,99,2,1.47e+18,TomekJwiak2,1.62e+18,Tue Feb 07 19:04:21 +0000 2023,2023/2/7 19:04,0,0,0,https://twitter.com/TomekJwiak2/status/1623034949405184004,0,58278
58636,@bloomstarbms @AIPADTECH #ai #fet #aipad #launchpad #bullish #artificialintelligence #agix #chatgpt,99,2,1.35e+18,Mariusz18768404,1.62e+18,Tue Feb 07 19:41:26 +0000 2023,2023/2/7 19:41,0,0,0,https://twitter.com/Mariusz18768404/status/1623044283719622673,0,58637
62104,"The tokenomics of the project as well as the number of holders is much better in AGIX than in Fet, besides the idea of AGIX is more interesting, as well as beautiful marketing with the robot Sophia. #agix #SingularityNET #ai #ChatGPT #Crypto #Bitcoin #Crypto",258,0,1.37e+18,CryptoAI4,1.62e+18,Sat Feb 11 00:31:59 +0000 2023,2023/2/11 0:31,0,0,2,https://twitter.com/CryptoAI4/status/1624204564189642755,2,62105
62305,@bloomstarbms @AIPADTECH #ai #fet #aipad #launchpad #bullish #artificialintelligence #agix #chatgpt,99,2,1.36e+18,0xDaoTzu,1.62e+18,Sat Feb 11 01:35:04 +0000 2023,2023/2/11 1:35,0,0,0,https://twitter.com/0xDaoTzu/status/1624220442235133952,0,62306
64833,@bloomstarbms @AIPADTECH #ai #fet #aipad #launchpad #bullish #artificialintelligence #agix #chatgpt,99,2,1.62e+18,Peter60154794,1.62e+18,Sat Feb 11 11:47:59 +0000 2023,2023/2/11 11:47,1,0,0,https://twitter.com/Peter60154794/status/1624374688297230336,1,64834
65154,@bloomstarbms @AIPADTECH #ai #fet #aipad #launchpad #bullish #artificialintelligence #agix #chatgpt,99,2,335153393.0,shimi507,1.62e+18,Sat Feb 11 12:50:02 +0000 2023,2023/2/11 12:50,0,0,0,https://twitter.com/shimi507/status/1624390303044993024,0,65155
66021,@AIPADTECH Nice#ai #aipad #launchpad #bullish #artificialintelligence #agix #chatgpt,84,1,1.29e+18,Peter29520722,1.62e+18,Sat Feb 11 15:08:14 +0000 2023,2023/2/11 15:08,2,0,1,https://twitter.com/Peter29520722/status/1624425080167038977,3,66022
66129,@AIPADTECH when ?#ai #aipad #launchpad #bullish #artificialintelligence #agix #chatgpt,86,1,1.4e+18,xiaoye138396,1.62e+18,Sat Feb 11 15:29:09 +0000 2023,2023/2/11 15:29,1,0,2,https://twitter.com/xiaoye138396/status/1624430347520978944,3,66130
66382,#ai #aipad #launchpad #bullish #artificialintelligence #agix #chatgpt,69,0,1.58e+18,Lalitghangala,1.62e+18,Sat Feb 11 16:11:37 +0000 2023,2023/2/11 16:11,0,0,0,https://twitter.com/Lalitghangala/status/1624441033462546432,0,66383
66399,"#ai #aipad #launchpad #bullish #artificialintelligence #agix #chatgpt 
LFG",75,0,1.58e+18,Lalitghangala,1.62e+18,Sat Feb 11 16:13:25 +0000 2023,2023/2/11 16:13,0,1,0,https://twitter.com/Lalitghangala/status/1624441486904541186,1,66400
66673,@AIPADTECH #ai #aipad #launchpad #bullish #artificialintelligence #agix #chatgpt,80,1,1.45e+18,cfircooETH,1.62e+18,Sat Feb 11 17:05:04 +0000 2023,2023/2/11 17:05,0,0,0,https://twitter.com/cfircooETH/status/1624454483836010496,0,66674
66845,@AIPADTECH #ai #aipad #launchpad #bullish #artificialintelligence #agix #chatgpt,80,1,1.38e+18,www_witcher,1.62e+18,Sat Feb 11 17:42:36 +0000 2023,2023/2/11 17:42,0,0,0,https://twitter.com/www_witcher/status/1624463928083226624,0,66846
66907,@AIPADTECH #ai #aipad #launchpad #bullish #artificialintelligence #agix #chatgpt,80,1,1.54e+18,FikSal11,1.62e+18,Sat Feb 11 17:54:48 +0000 2023,2023/2/11 17:54,0,0,0,https://twitter.com/FikSal11/status/1624466998418702337,0,66908
67065,@AIPADTECH #ai #aipad #launchpad #bullish #artificialintelligence #agix #chatgpt,80,1,1.58e+18,Bonaventura1987,1.62e+18,Sat Feb 11 18:25:36 +0000 2023,2023/2/11 18:25,0,0,0,https://twitter.com/Bonaventura1987/status/1624474749677060096,0,67066
67242,@AIPADTECH #ai #aipad #launchpad #bullish #artificialintelligence #agix #chatgpt,80,1,1.29e+18,Adi52893431,1.62e+18,Sat Feb 11 19:03:44 +0000 2023,2023/2/11 19:03,0,0,0,https://twitter.com/Adi52893431/status/1624484348232597508,0,67243
67716,@bloomstarbms @AIPADTECH #ai #fet #aipad #launchpad #bullish #artificialintelligence #agix #chatgpt,99,2,1.25e+18,Ibrahiim_rahman,1.62e+18,Sat Feb 11 21:02:58 +0000 2023,2023/2/11 21:02,0,0,1,https://twitter.com/Ibrahiim_rahman/status/1624514351443939329,1,67717
67929,@AIPADTECH #ai #aipad #launchpad #bullish #artificialintelligence #agix #chatgpt Proyecto con un gran potencial. Ojal?? pueda participar en su lanzamiento.,155,1,1.29e+18,Miguel12889378,1.62e+18,Sat Feb 11 22:00:00 +0000 2023,2023/2/11 22:00,0,0,0,https://twitter.com/Miguel12889378/status/1624528708039069699,0,67930
67976,@AIPADTECH #ai #aipad #launchpad #bullish #artificialintelligence #agix #chatgpt,80,1,1.36e+18,LozanoJustino,1.62e+18,Sat Feb 11 22:12:38 +0000 2023,2023/2/11 22:12,0,0,0,https://twitter.com/LozanoJustino/status/1624531884993613824,0,67977
68024,@AIPADTECH #ai #aipad #launchpad #bullish #artificialintelligence #agix #chatgpt Nice job,89,1,763896926.0,shabbir175,1.62e+18,Sat Feb 11 22:25:35 +0000 2023,2023/2/11 22:25,1,0,0,https://twitter.com/shabbir175/status/1624535145590947840,1,68025
68064,"@AIPADTECH #ai #aipad #launchpad #bullish #artificialintelligence #agix #chatgpt 
... x1000 Gem!",97,1,1.38e+18,VA5CO75,1.62e+18,Sat Feb 11 22:37:36 +0000 2023,2023/2/11 22:37,1,0,0,https://twitter.com/VA5CO75/status/1624538168308428801,1,68065
68341,@bloomstarbms @AIPADTECH #ai #fet #aipad #launchpad #bullish #artificialintelligence #agix #chatgpt,99,2,1.45e+18,Behradz6,1.62e+18,Mon Feb 13 00:33:59 +0000 2023,2023/2/13 0:33,0,0,0,https://twitter.com/Behradz6/status/1624929843606429699,0,68342
68520,@AIPADTECH #ai #aipad #launchpad #bullish #artificialintelligence #agix #chatgpt,80,1,1.59e+18,_grayed,1.62e+18,Mon Feb 13 01:31:41 +0000 2023,2023/2/13 1:31,2,1,1,https://twitter.com/_grayed/status/1624944367403249665,4,68521
68941,@AIPADTECH #ai #aipad #launchpad #bullish #artificialintelligence #agix #chatgpt,80,1,1.33e+18,SamaunS49215980,1.62e+18,Mon Feb 13 03:39:39 +0000 2023,2023/2/13 3:39,0,0,0,https://twitter.com/SamaunS49215980/status/1624976570153844737,0,68942
68951,@bloomstarbms @AIPADTECH #ai #fet #aipad #launchpad #bullish #artificialintelligence #agix #chatgpt great,105,2,4690559316.0,esamancii,1.62e+18,Mon Feb 13 03:42:08 +0000 2023,2023/2/13 3:42,0,0,0,https://twitter.com/esamancii/status/1624977196317024258,0,68952
70135,@AIPADTECH done a?? #ai #aipad #launchpad #bullish #artificialintelligence #agix #chatgpt,89,1,1.37e+18,Cream1771,1.63e+18,Mon Feb 13 08:38:17 +0000 2023,2023/2/13 8:38,0,0,0,https://twitter.com/Cream1771/status/1625051724783255552,0,70136
70209,@bloomstarbms @AIPADTECH #ai #fet #aipad #launchpad #bullish #artificialintelligence #agix #chatgpt very good Goodluck.,119,2,1.6e+18,falaahati,1.63e+18,Mon Feb 13 08:53:17 +0000 2023,2023/2/13 8:53,0,0,3,https://twitter.com/falaahati/status/1625055498666999809,3,70210
70314,@bloomstarbms @AIPADTECH #ai #fet #aipad #launchpad #bullish #artificialintelligence #agix #chatgpt wen launch?,111,2,1.6e+18,nasimgholamnez9,1.63e+18,Mon Feb 13 09:10:41 +0000 2023,2023/2/13 9:10,0,0,0,https://twitter.com/nasimgholamnez9/status/1625059878740938753,0,70315
70389,@AIPADTECH #ai #aipad #launchpad #bullish #artificialintelligence #agix #chatgpt,80,1,1.16e+18,RosemarySollars,1.63e+18,Mon Feb 13 09:19:40 +0000 2023,2023/2/13 9:19,0,0,0,https://twitter.com/RosemarySollars/status/1625062137436557312,0,70390
70910,@AIPADTECH #ai #aipad #launchpad #bullish #artificialintelligence #agix #chatgpt  Great,87,1,8.59e+17,SelcouthBreeze,1.63e+18,Mon Feb 13 10:42:26 +0000 2023,2023/2/13 10:42,0,0,0,https://twitter.com/SelcouthBreeze/status/1625082968501788672,0,70911
71274,@AIPADTECH #ai #aipad #launchpad #bullish #artificialintelligence #agix #chatgpt Still no,89,1,521327320.0,writetohari,1.63e+18,Mon Feb 13 11:46:50 +0000 2023,2023/2/13 11:46,0,0,0,https://twitter.com/writetohari/status/1625099173908426755,0,71275
71785,@bloomstarbms @AIPADTECH #ai #fet #aipad #launchpad #bullish #artificialintelligence #agix #chatgpt,99,2,1.14e+18,ghasem28061179,1.63e+18,Mon Feb 13 13:02:59 +0000 2023,2023/2/13 13:02,0,0,0,https://twitter.com/ghasem28061179/status/1625118338589560837,0,71786
71808,@bloomstarbms @AIPADTECH #ai #fet #aipad #launchpad #bullish #artificialintelligence #agix #chatgpt,99,2,1.52e+18,Amin6F,1.63e+18,Mon Feb 13 13:05:35 +0000 2023,2023/2/13 13:05,0,0,0,https://twitter.com/Amin6F/status/1625118990803640328,0,71809
71868,"@bloomstarbms @AIPADTECH e?  ?e???
#ai #fet #aipad #launchpad #bullish #artificialintelligence #agix #chatgpt",110,2,8423492.0,zieism,1.63e+18,Mon Feb 13 13:12:52 +0000 2023,2023/2/13 13:12,0,0,0,https://twitter.com/zieism/status/1625120822900711426,0,71869
71893,"@bloomstarbms @AIPADTECH Nicee?  ?e?  ?e?  ?e?  ?

#ai #fet #aipad #launchpad #bullish #artificialintelligence #agix #chatgpt",127,2,1.46e+18,AjoAjvan,1.63e+18,Mon Feb 13 13:16:49 +0000 2023,2023/2/13 13:16,1,0,0,https://twitter.com/AjoAjvan/status/1625121818162888704,1,71894
71894,"@bloomstarbms @AIPADTECH Goode??  e??  e??  e??  

#ai #fet #aipad #launchpad #bullish #artificialintelligence #agix #chatgpt",127,2,1.46e+18,AjoAjvan,1.63e+18,Mon Feb 13 13:17:23 +0000 2023,2023/2/13 13:17,0,0,0,https://twitter.com/AjoAjvan/status/1625121962069467137,0,71895
71919,@bloomstarbms @AIPADTECH good #ai #fet #aipad #launchpad #bullish #artificialintelligence #agix #chatgpt,104,2,1.36e+18,kamrankarami400,1.63e+18,Mon Feb 13 13:21:05 +0000 2023,2023/2/13 13:21,0,0,0,https://twitter.com/kamrankarami400/status/1625122891099512833,0,71920
71984,"@bloomstarbms @AIPADTECH Wow
#ai #fet #aipad #launchpad #bullish #artificialintelligence #agix #chatgpt",104,2,1.48e+18,miladershadi60,1.63e+18,Mon Feb 13 13:29:37 +0000 2023,2023/2/13 13:29,0,0,0,https://twitter.com/miladershadi60/status/1625125041615646720,0,71985
72009,@AIPADTECH i wante #ai #aipad #launchpad #bullish #artificialintelligence #agix #chatgpt,88,1,1.36e+18,kamrankarami400,1.63e+18,Mon Feb 13 13:32:35 +0000 2023,2023/2/13 13:32,0,0,0,https://twitter.com/kamrankarami400/status/1625125786817634311,0,72010
72062,@AIPADTECH #ai #aipad #launchpad #bullish #artificialintelligence #agix #chatgpt,80,1,1.59e+18,aloyhorizon1396,1.63e+18,Mon Feb 13 13:38:53 +0000 2023,2023/2/13 13:38,0,0,0,https://twitter.com/aloyhorizon1396/status/1625127370855153669,0,72063
72069,"@bloomstarbms @AIPADTECH #ai #fet #aipad #launchpad #bullish #artificialintelligence #agix #chatgpt 
nice",106,2,1.56e+18,cheetah_ir,1.63e+18,Mon Feb 13 13:40:45 +0000 2023,2023/2/13 13:40,0,0,0,https://twitter.com/cheetah_ir/status/1625127839681871872,0,72070
72122,@bloomstarbms @AIPADTECH #ai #fet #aipad #launchpad #bullish #artificialintelligence #agix #chatgpt,99,2,1.31e+18,Hesam85747243,1.63e+18,Mon Feb 13 13:50:08 +0000 2023,2023/2/13 13:50,0,0,0,https://twitter.com/Hesam85747243/status/1625130201444122626,0,72123
72159,@bloomstarbms @AIPADTECH #ai #fet #aipad #launchpad #bullish #artificialintelligence #agix #chatgpt,99,2,1.43e+18,FireDragon10101,1.63e+18,Mon Feb 13 13:55:18 +0000 2023,2023/2/13 13:55,0,0,0,https://twitter.com/FireDragon10101/status/1625131503939207209,0,72160
72210,@bloomstarbms @AIPADTECH #ai #fet #aipad #launchpad #bullish #artificialintelligence #agix #chatgpt,99,2,1.46e+18,ensdomain2nft,1.63e+18,Mon Feb 13 14:01:10 +0000 2023,2023/2/13 14:01,0,0,0,https://twitter.com/ensdomain2nft/status/1625132981667897344,0,72211
72249,@bloomstarbms @AIPADTECH #ai #fet #aipad #launchpad #bullish #artificialintelligence #agix #chatgpt,99,2,1.36e+18,jessus9409,1.63e+18,Mon Feb 13 14:06:38 +0000 2023,2023/2/13 14:06,0,0,0,https://twitter.com/jessus9409/status/1625134355084460040,0,72250
72308,"@bloomstarbms @AIPADTECH Very good
#ai #fet #aipad #launchpad #bullish #artificialintelligence #agix #chatgpt",110,2,1.39e+18,hamzeh_alkaabi,1.63e+18,Mon Feb 13 14:16:18 +0000 2023,2023/2/13 14:16,0,0,0,https://twitter.com/hamzeh_alkaabi/status/1625136787206115328,0,72309
72386,@AIPADTECH #ai #aipad #launchpad #bullish #artificialintelligence #agix #chatgpt,80,1,1.53e+18,1411_zahra,1.63e+18,Mon Feb 13 14:29:05 +0000 2023,2023/2/13 14:29,1,1,1,https://twitter.com/1411_zahra/status/1625140004887330819,3,72387
72445,@bloomstarbms @AIPADTECH #ai #fet #aipad #launchpad #bullish #artificialintelligence #agix #chatgpt,99,2,1.53e+18,1411_zahra,1.63e+18,Mon Feb 13 14:36:24 +0000 2023,2023/2/13 14:36,0,0,0,https://twitter.com/1411_zahra/status/1625141847302541313,0,72446
72557,@bloomstarbms @AIPADTECH #ai #fet #aipad #launchpad #bullish #artificialintelligence #agix #chatgpt,99,2,1.4e+18,padracrypto,1.63e+18,Mon Feb 13 14:54:21 +0000 2023,2023/2/13 14:54,0,0,0,https://twitter.com/padracrypto/status/1625146361615376384,0,72558
72937,@AIPADTECH #ai #aipad #launchpad #bullish #artificialintelligence #agix #chatgpt,80,1,1.62e+18,SamyarJahan,1.63e+18,Mon Feb 13 15:49:01 +0000 2023,2023/2/13 15:49,0,0,0,https://twitter.com/SamyarJahan/status/1625160121285238784,0,72938
72975,@bloomstarbms @AIPADTECH #ai #fet #aipad #launchpad #bullish #artificialintelligence #agix #chatgpt,99,2,1.42e+18,GregJunat,1.63e+18,Mon Feb 13 15:55:19 +0000 2023,2023/2/13 15:55,0,0,1,https://twitter.com/GregJunat/status/1625161707524919298,1,72976
72987,@bloomstarbms @AIPADTECH #ai #fet #aipad #launchpad #bullish #artificialintelligence #agix #chatgpt,99,2,1.46e+18,Blanp1994,1.63e+18,Mon Feb 13 15:57:00 +0000 2023,2023/2/13 15:57,0,0,0,https://twitter.com/Blanp1994/status/1625162131392831489,0,72988
73154,@AIPADTECH #ai #aipad #launchpad #bullish #artificialintelligence #agix #chatgpt,80,1,1.59e+18,ghafori41629369,1.63e+18,Mon Feb 13 16:22:12 +0000 2023,2023/2/13 16:22,0,0,0,https://twitter.com/ghafori41629369/status/1625168471653855232,0,73155
73191,@bloomstarbms @AIPADTECH #ai #fet #aipad #launchpad #bullish #artificialintelligence #agix #chatgpt,99,2,1.39e+18,Sara99653749,1.63e+18,Mon Feb 13 16:28:07 +0000 2023,2023/2/13 16:28,0,0,0,https://twitter.com/Sara99653749/status/1625169962712154123,0,73192
73293,@AIPADTECH #ai #aipad #launchpad #bullish #artificialintelligence #agix #chatgpt,80,1,1.44e+18,Atoosa54090116,1.63e+18,Mon Feb 13 16:47:43 +0000 2023,2023/2/13 16:47,0,0,0,https://twitter.com/Atoosa54090116/status/1625174891426201612,0,73294
73368,@bloomstarbms @AIPADTECH #ai #fet #aipad #launchpad #bullish #artificialintelligence #agix #chatgpt,99,2,1.44e+18,Atoosa54090116,1.63e+18,Mon Feb 13 16:58:44 +0000 2023,2023/2/13 16:58,0,0,0,https://twitter.com/Atoosa54090116/status/1625177666042167297,0,73369
73420,@AIPADTECH #ai #aipad #launchpad #bullish #artificialintelligence #agix #chatgpt,80,1,1.58e+18,abdolla11530646,1.63e+18,Mon Feb 13 17:04:37 +0000 2023,2023/2/13 17:04,0,0,0,https://twitter.com/abdolla11530646/status/1625179146765713418,0,73421
73464,#ai #fet #aipad #launchpad #bullish #artificialintelligence #agix #chatgpt,74,0,1.58e+18,alibi40107896,1.63e+18,Mon Feb 13 17:10:29 +0000 2023,2023/2/13 17:10,0,0,0,https://twitter.com/alibi40107896/status/1625180624771497990,0,73465
73467,@bloomstarbms @AIPADTECH #ai #fet #aipad #launchpad #bullish #artificialintelligence #agix #chatgpt,99,2,9.49e+17,Oxsoltani,1.63e+18,Mon Feb 13 17:11:26 +0000 2023,2023/2/13 17:11,0,0,0,https://twitter.com/Oxsoltani/status/1625180860470247439,0,73468
73520,@AIPADTECH #ai #aipad #launchpad #bullish #artificialintelligence #agix #chatgpt great,86,1,1.58e+18,alibi40107896,1.63e+18,Mon Feb 13 17:19:07 +0000 2023,2023/2/13 17:19,0,0,0,https://twitter.com/alibi40107896/status/1625182796166885376,0,73521
73806,@bloomstarbms @AIPADTECH #ai #fet #aipad #launchpad #bullish #artificialintelligence #agix #chatgpt,99,2,1.37e+18,4liiii7,1.63e+18,Mon Feb 13 18:11:09 +0000 2023,2023/2/13 18:11,0,0,0,https://twitter.com/4liiii7/status/1625195889613541382,0,73807
73830,@AIPADTECH #ai #aipad #launchpad #bullish #artificialintelligence #agix #chatgpt,80,1,9.59e+17,saman_vip1371,1.63e+18,Mon Feb 13 18:14:54 +0000 2023,2023/2/13 18:14,0,0,0,https://twitter.com/saman_vip1371/status/1625196835299069958,0,73831
73859,@bloomstarbms @AIPADTECH #ai #fet #aipad #launchpad #bullish #artificialintelligence #agix #chatgpt,99,2,1.54e+18,SaketYaser,1.63e+18,Mon Feb 13 18:20:52 +0000 2023,2023/2/13 18:20,0,0,0,https://twitter.com/SaketYaser/status/1625198334502895618,0,73860
74020,@bloomstarbms @AIPADTECH #ai #fet #aipad #launchpad #bullish #artificialintelligence #agix #chatgpt,99,2,1.26e+18,thisismosiow,1.63e+18,Mon Feb 13 18:49:09 +0000 2023,2023/2/13 18:49,0,0,0,https://twitter.com/thisismosiow/status/1625205452656021509,0,74021
74090,@bloomstarbms @AIPADTECH #ai #fet #aipad #launchpad #bullish #artificialintelligence #agix #chatgpt,99,2,1.58e+18,Freedom_6_8,1.63e+18,Mon Feb 13 19:02:03 +0000 2023,2023/2/13 19:02,0,0,0,https://twitter.com/Freedom_6_8/status/1625208698317725699,0,74091
74122,@AIPADTECH #ai #aipad #launchpad #bullish #artificialintelligence #agix #chatgpt,80,1,1.26e+18,thisismosiow,1.63e+18,Mon Feb 13 19:07:47 +0000 2023,2023/2/13 19:07,0,0,0,https://twitter.com/thisismosiow/status/1625210141489434644,0,74123
74215,@AIPADTECH #ai #aipad #launchpad #bullish #artificialintelligence #agix #chatgpt,80,1,1.58e+18,Freedom_6_8,1.63e+18,Mon Feb 13 19:27:13 +0000 2023,2023/2/13 19:27,0,0,0,https://twitter.com/Freedom_6_8/status/1625215034086555648,0,74216
74222,@bloomstarbms @AIPADTECH #ai #fet #aipad #launchpad #bullish #artificialintelligence #agix #chatgpt,99,2,9.08e+17,hsyn_mlki,1.63e+18,Mon Feb 13 19:28:04 +0000 2023,2023/2/13 19:28,0,0,0,https://twitter.com/hsyn_mlki/status/1625215245760208899,0,74223
74229,@AIPADTECH #ai #aipad #launchpad #bullish #artificialintelligence #agix #chatgpt,80,1,389934269.0,masood45653,1.63e+18,Mon Feb 13 19:29:30 +0000 2023,2023/2/13 19:29,0,0,0,https://twitter.com/masood45653/status/1625215606742982661,0,74230
74460,#ai #fet #aipad #launchpad #bullish #artificialintelligence #agix #chatgpt,74,0,1.22e+18,mehrshadius,1.63e+18,Mon Feb 13 20:13:40 +0000 2023,2023/2/13 20:13,0,0,0,https://twitter.com/mehrshadius/status/1625226722948816913,0,74461
74501,@bloomstarbms @AIPADTECH #ai #fet #aipad #launchpad #bullish #artificialintelligence #agix #chatgpt,99,2,1.4e+18,M77522981,1.63e+18,Mon Feb 13 20:22:03 +0000 2023,2023/2/13 20:22,0,0,0,https://twitter.com/M77522981/status/1625228832918884354,0,74502
74503,@bloomstarbms @AIPADTECH #ai #fet #aipad #launchpad #bullish #artificialintelligence #agix #chatgpt,99,2,1.38e+18,mohamma16395547,1.63e+18,Mon Feb 13 20:22:39 +0000 2023,2023/2/13 20:22,0,0,0,https://twitter.com/mohamma16395547/status/1625228983653507090,0,74504
74505,@bloomstarbms @AIPADTECH #ai #fet #aipad #launchpad #bullish #artificialintelligence #agix #chatgpt,99,2,2168788166.0,amir007_eth,1.63e+18,Mon Feb 13 20:23:07 +0000 2023,2023/2/13 20:23,0,0,0,https://twitter.com/amir007_eth/status/1625229099214970906,0,74506
74516,@AIPADTECH #ai #aipad #launchpad #bullish #artificialintelligence #agix #chatgpt,80,1,1.6e+18,yashar00530823,1.63e+18,Mon Feb 13 20:25:03 +0000 2023,2023/2/13 20:25,0,0,0,https://twitter.com/yashar00530823/status/1625229587964633108,0,74517
74519,@bloomstarbms @AIPADTECH #ai #fet #aipad #launchpad #bullish #artificialintelligence #agix #chatgpt,99,2,9.59e+17,saman_vip1371,1.63e+18,Mon Feb 13 20:25:30 +0000 2023,2023/2/13 20:25,0,0,0,https://twitter.com/saman_vip1371/status/1625229698367103189,0,74520
74524,@bloomstarbms @AIPADTECH #ai #fet #aipad #launchpad #bullish #artificialintelligence #agix #chatgpt,99,2,1.6e+18,yashar00530823,1.63e+18,Mon Feb 13 20:26:50 +0000 2023,2023/2/13 20:26,0,0,0,https://twitter.com/yashar00530823/status/1625230036910448640,0,74525
74588,@bloomstarbms @AIPADTECH #ai #fet #aipad #launchpad #bullish #artificialintelligence #agix #chatgpt,99,2,1.48e+18,mrReza3848,1.63e+18,Mon Feb 13 20:39:05 +0000 2023,2023/2/13 20:39,0,0,0,https://twitter.com/mrReza3848/status/1625233119417606178,0,74589
74592,@bloomstarbms @AIPADTECH #ai #fet #aipad #launchpad #bullish #artificialintelligence #agix #chatgpt,99,2,549002820.0,macthedreamer,1.63e+18,Mon Feb 13 20:39:39 +0000 2023,2023/2/13 20:39,0,0,0,https://twitter.com/macthedreamer/status/1625233260300349441,0,74593
74611,@bloomstarbms @AIPADTECH #ai #fet #aipad #launchpad #bullish #artificialintelligence #agix #chatgpt,99,2,1.57e+18,Merajhaddadi,1.63e+18,Mon Feb 13 20:42:54 +0000 2023,2023/2/13 20:42,0,0,0,https://twitter.com/Merajhaddadi/status/1625234079221448704,0,74612
74621,@AIPADTECH #ai #aipad #launchpad #bullish #artificialintelligence #agix #chatgpt,80,1,2168788166.0,amir007_eth,1.63e+18,Mon Feb 13 20:46:13 +0000 2023,2023/2/13 20:46,0,0,0,https://twitter.com/amir007_eth/status/1625234912373620736,0,74622
74652,@AIPADTECH #ai #aipad #launchpad #bullish #artificialintelligence #agix #chatgpt,80,1,1.48e+18,mrReza3848,1.63e+18,Mon Feb 13 20:52:44 +0000 2023,2023/2/13 20:52,0,0,0,https://twitter.com/mrReza3848/status/1625236555634733075,0,74653
74716,@bloomstarbms @AIPADTECH #ai #fet #aipad #launchpad #bullish #artificialintelligence #agix #chatgpt,99,2,1.06e+18,rashed13721,1.63e+18,Mon Feb 13 21:03:55 +0000 2023,2023/2/13 21:03,0,0,0,https://twitter.com/rashed13721/status/1625239369266126849,0,74717
75127,@bloomstarbms @AIPADTECH #ai #fet #aipad #launchpad #bullish #artificialintelligence #agix #chatgpt,99,2,1.36e+18,sajjadjohari76,1.63e+18,Mon Feb 13 22:33:39 +0000 2023,2023/2/13 22:33,1,0,0,https://twitter.com/sajjadjohari76/status/1625261948525854721,1,75128
75157,@bloomstarbms @AIPADTECH #ai #fet #aipad #launchpad #bullish #artificialintelligence #agix #chatgpt,99,2,1.46e+18,ensdomain2nft,1.63e+18,Mon Feb 13 22:39:59 +0000 2023,2023/2/13 22:39,2,0,0,https://twitter.com/ensdomain2nft/status/1625263543443509252,2,75158
75960,@bloomstarbms @AIPADTECH #ai #fet #aipad #launchpad #bullish #artificialintelligence #agix #chatgpt,99,2,1.38e+18,oxsanam1,1.63e+18,Wed Feb 15 04:42:18 +0000 2023,2023/2/15 4:42,0,0,0,https://twitter.com/oxsanam1/status/1625717110042202112,0,75961
76530,@bloomstarbms @AIPADTECH #ai #fet #aipad #launchpad #bullish #artificialintelligence #agix #chatgpt,99,2,1.58e+18,creazy52005,1.63e+18,Wed Feb 15 07:17:24 +0000 2023,2023/2/15 7:17,1,0,0,https://twitter.com/creazy52005/status/1625756143153778688,1,76531
76531,"#AipadTweet #ai #fet #aipad #launchpad #bullish #artificialintelligence #agix #ChatGPT 
@AIPADTECH 

Bullishhh on this launchpad!!! https://t.co/OYsI45ojWK",158,1,1.61e+18,basairdrop_de,1.63e+18,Wed Feb 15 07:17:27 +0000 2023,2023/2/15 7:17,0,0,0,https://twitter.com/basairdrop_de/status/1625756157695385601,0,76532
76616,"AIPad is dedicated to making AI accessible and impactful for everyone. This platform provides opportunity to be a part of the future of AI. Project with strong fundamentals!
#AipadTweet #ai #fet #aipad #launchpad #bullish #artificialintelligence #agix #chatgpt
@AIPADTECH https://t.co/62sLbI9Vu4",297,1,9.4e+17,kamlsh83,1.63e+18,Wed Feb 15 07:30:07 +0000 2023,2023/2/15 7:30,0,0,0,https://twitter.com/kamlsh83/status/1625759343974182912,0,76617
76642,"@sof1azara03 @AIPADTECH #aipad
#ai #aipad #launchpad #bullish #artificialintelligence #agix #chatgpt",101,2,1.58e+18,creazy52005,1.63e+18,Wed Feb 15 07:33:29 +0000 2023,2023/2/15 7:33,1,1,0,https://twitter.com/creazy52005/status/1625760192641093632,2,76643
76930,"Revolution is comming! 
#AipadTweet #ai #fet #aipad #launchpad #bullish #artificialintelligence #agix #chatgpt",111,0,1.47e+18,TomekJwiak2,1.63e+18,Wed Feb 15 08:43:04 +0000 2023,2023/2/15 8:43,0,0,0,https://twitter.com/TomekJwiak2/status/1625777702434230272,0,76931
77161,"... to explore strange new ... AI !
#AipadTweet #ai #fet #aipad #launchpad #bullish #artificialintelligence #agix #chatgpt https://t.co/7Sr360yJcm",147,0,1.38e+18,VA5CO75,1.63e+18,Wed Feb 15 09:29:04 +0000 2023,2023/2/15 9:29,1,1,0,https://twitter.com/VA5CO75/status/1625789278142726144,2,77162
77385,@bloomstarbms @AIPADTECH #ai #fet #aipad #launchpad #bullish #artificialintelligence #agix #chatgpt,99,2,1.46e+18,BarbodHamid,1.63e+18,Wed Feb 15 10:07:03 +0000 2023,2023/2/15 10:07,0,0,0,https://twitter.com/BarbodHamid/status/1625798836152152065,0,77386
77390,@bloomstarbms @AIPADTECH #ai #fet #aipad #launchpad #bullish #artificialintelligence #agix #chatgpt e???e???,108,2,1.46e+18,BarbodHamid,1.63e+18,Wed Feb 15 10:07:27 +0000 2023,2023/2/15 10:07,0,0,0,https://twitter.com/BarbodHamid/status/1625798940531490816,0,77391
77429,@bloomstarbms @AIPADTECH #ai #fet #aipad #launchpad #bullish #artificialintelligence #agix #chatgpt,99,2,2154741481.0,hea244,1.63e+18,Wed Feb 15 10:12:32 +0000 2023,2023/2/15 10:12,1,0,0,https://twitter.com/hea244/status/1625800217986465792,1,77430
77520,"e??  @AIPADTECH is THE revolutionary launchpad focussed on #AI e??  

How to participate in IDO?

- Join the community via discord
- Hold a tier in any of the 4 Launchpads AIPad will be launching on. 

#AipadTweet #fet #aipad #launchpad #bullish #artificialintelligence #agix #chatgpt https://t.co/f0VxffL1Hx",315,1,1.4e+18,wesseldepessel,1.63e+18,Wed Feb 15 10:27:48 +0000 2023,2023/2/15 10:27,1,0,0,https://twitter.com/wesseldepessel/status/1625804058232557568,1,77521
77570,"This AI Project Is Awesom @AIPADTECH 
#AipadTweet #ai #fet #aipad #launchpad #bullish #artificialintelligence #agix #chatgpt https://t.co/fDO3BWjQho",149,1,9.59e+17,saman_vip1371,1.63e+18,Wed Feb 15 10:34:47 +0000 2023,2023/2/15 10:34,0,0,0,https://twitter.com/saman_vip1371/status/1625805817839583234,0,77571
77606,"Momentum is BULLISH even in a bearish market. If you haven't yet, follow @AIPADTECH and start learning the possibilities of AI in general and within the EXCITING world of Crypto. #AipadTweet #ai #fet #aipad #launchpad #bullish #artificialintelligence #agix #chatgpt https://t.co/TDj62f0MU8",289,1,1.12e+18,rooster_saint,1.63e+18,Wed Feb 15 10:43:07 +0000 2023,2023/2/15 10:43,0,0,0,https://twitter.com/rooster_saint/status/1625807912844292097,0,77607
77697,"1/2 
Crypto Launchpad AIPAD is the perfect platform for investors to get into the crypto market with confidence.
@AIPADTECH 
#AipadTweet #ai #fet #aipad #launchpad #bullish #artificialintelligence #agix #chatgpt https://t.co/4I9WjEeyQr",238,1,1.6e+18,ChrisCh434,1.63e+18,Wed Feb 15 11:01:14 +0000 2023,2023/2/15 11:01,0,0,1,https://twitter.com/ChrisCh434/status/1625812472736145411,1,77698
77731,"Crypto Launchpad AIPAD is the hottest new way to get your cryptocurrency to the moon - literally! Just strap your tokens to a rocket and let AIPAD do the rest.
@AIPADTECH #AipadTweet #ai #fet #aipad #launchpad #bullish #artificialintelligence #agix #chatgpt https://t.co/1kwcF4Tz8G",282,1,1.6e+18,WickyWi28833287,1.63e+18,Wed Feb 15 11:07:27 +0000 2023,2023/2/15 11:07,0,0,1,https://twitter.com/WickyWi28833287/status/1625814039979782145,1,77732
77801,@AIPADTECH #ai #aipad #launchpad #bullish #artificialintelligence #agix #chatgpt,80,1,1.48e+18,nftz247,1.63e+18,Wed Feb 15 11:23:48 +0000 2023,2023/2/15 11:23,0,0,0,https://twitter.com/nftz247/status/1625818153224744966,0,77802
77872,"ai years aipad*1000 @AIPADTECH 
#AipadTweet #ai #fet #aipad #launchpad #bullish #artificialintelligence #agix #chatgpt https://t.co/e1WdRoIY1A",143,1,1.4e+18,xiaoye138396,1.63e+18,Wed Feb 15 11:38:20 +0000 2023,2023/2/15 11:38,0,0,0,https://twitter.com/xiaoye138396/status/1625821808481177602,0,77873
78006,"i think chatgpt ans aipad are amzing 
#AipadTweet #ai #fet #aipad #launchpad #bullish #artificialintelligence #agix #chatgpt@ AIPADTECH https://t.co/35cdbax8KA",160,1,1.6e+18,shahabdigital,1.63e+18,Wed Feb 15 12:00:51 +0000 2023,2023/2/15 12:00,0,0,0,https://twitter.com/shahabdigital/status/1625827478341124097,0,78007
78361,"e??? Check out AIPAD! @AIPADTECH e?  ?IDO SOON! By harnessing the power of AI, crypto will be better, easier and faster e?  ? AI will dominate crypto and AIPAD will have an essential rol in this new ecosystem! e??   #ai #fet #aipad #launchpad #bullish #artificialintelligence #agix #chatgpt https://t.co/c7kGzDZRlj",314,1,1.58e+18,chaserrs1,1.63e+18,Wed Feb 15 12:58:09 +0000 2023,2023/2/15 12:58,0,0,0,https://twitter.com/chaserrs1/status/1625841895627784192,0,78362
78497,"aipad project is best project iv ever seen 
#aipad #fet #agix #aipad #artificialintelligence #AIPADmeme#AipadTweet #ai #fet #aipad #launchpad #bullish #artificialintelligence #agix #chatgpt
@AIPADTECH",202,1,1.6e+18,shahabdigital,1.63e+18,Wed Feb 15 13:13:24 +0000 2023,2023/2/15 13:13,0,0,0,https://twitter.com/shahabdigital/status/1625845735466975232,0,78498
78536,@bloomstarbms @AIPADTECH #ai #fet #aipad #launchpad #bullish #artificialintelligence #agix #chatgpt,99,2,1.44e+18,currency_2021,1.63e+18,Wed Feb 15 13:18:27 +0000 2023,2023/2/15 13:18,0,0,0,https://twitter.com/currency_2021/status/1625847003988230144,0,78537
78547,@bloomstarbms @AIPADTECH #ai #fet #aipad #launchpad #bullish #artificialintelligence #agix #chatgpt,99,2,1.35e+18,ESunder4,1.63e+18,Wed Feb 15 13:20:32 +0000 2023,2023/2/15 13:20,0,0,0,https://twitter.com/ESunder4/status/1625847530084003840,0,78548
78816,"Wealth has arrived and is now powered by @AIPADTECH
 #AI! The profit potential with #aipad is limitless, so wave bye to conventional investing. Join the movement right away: #launchpad  SOON #AipadTweet #ai #fet  #launchpad #bullish #artificialintelligence #agix #chatgpt https://t.co/L5FceIHaXj",296,1,16434258.0,dinerofinder,1.63e+18,Wed Feb 15 13:58:20 +0000 2023,2023/2/15 13:58,0,0,0,https://twitter.com/dinerofinder/status/1625857043755339784,0,78817
79008,"#AipadTweet #ai #fet #aipad #launchpad #bullish #artificialintelligence #agix #chatgpt
@AIPADTECH https://t.co/ymJmwhCptW",122,1,1.57e+18,Benjaminrmaz,1.63e+18,Wed Feb 15 14:22:07 +0000 2023,2023/2/15 14:22,1,1,0,https://twitter.com/Benjaminrmaz/status/1625863028712345601,2,79009
79074,@bloomstarbms @AIPADTECH #ai #fet #aipad #launchpad #bullish #artificialintelligence #agix #chatgpt,99,2,1.36e+18,FatahianHamed,1.63e+18,Wed Feb 15 14:32:12 +0000 2023,2023/2/15 14:32,1,0,0,https://twitter.com/FatahianHamed/status/1625865566232666112,1,79075
79192,@AIPADTECH #ai #aipad #launchpad #bullish #artificialintelligence #agix #chatgpt,80,1,1.36e+18,FatahianHamed,1.63e+18,Wed Feb 15 14:47:39 +0000 2023,2023/2/15 14:47,1,0,0,https://twitter.com/FatahianHamed/status/1625869451571736580,1,79193
79375,@bloomstarbms @AIPADTECH #ai #fet #aipad #launchpad #bullish #artificialintelligence #agix #chatgpt,99,2,1.48e+18,SARAANVAR,1.63e+18,Wed Feb 15 15:13:23 +0000 2023,2023/2/15 15:13,0,0,0,https://twitter.com/SARAANVAR/status/1625875930672406530,0,79376
79468,@bloomstarbms @AIPADTECH #ai #fet #aipad #launchpad #bullish #artificialintelligence #agix #chatgpt,99,2,1.48e+18,medOS84416176,1.63e+18,Wed Feb 15 15:27:59 +0000 2023,2023/2/15 15:27,0,0,0,https://twitter.com/medOS84416176/status/1625879602554863617,0,79469
79474,@bloomstarbms @AIPADTECH #ai #fet #aipad #launchpad #bullish #artificialintelligence #agix #chatgpt,99,2,1.4e+18,Maryam37282848,1.63e+18,Wed Feb 15 15:28:51 +0000 2023,2023/2/15 15:28,0,0,0,https://twitter.com/Maryam37282848/status/1625879821967560704,0,79475
79483,"@bloomstarbms @AIPADTECH #ai #fet #aipad #launchpad #bullish #artificialintelligence #agix #chatgpt 
the best job",114,2,1.48e+18,medOS84416176,1.63e+18,Wed Feb 15 15:30:08 +0000 2023,2023/2/15 15:30,0,0,0,https://twitter.com/medOS84416176/status/1625880145322967042,0,79484
79560,@bloomstarbms @AIPADTECH #ai #fet #aipad #launchpad #bullish #artificialintelligence #agix #chatgpt,99,2,1.44e+18,reza9_4,1.63e+18,Wed Feb 15 15:40:47 +0000 2023,2023/2/15 15:40,1,0,0,https://twitter.com/reza9_4/status/1625882825378627584,1,79561
79602,"Crypto launchpad AIPAD is so bullish, it's like a raging bull in a china shop! No one can stop its bullishness! @AIPADTECH   
#AipadTweet #ai #fet #aipad #launchpad #bullish #artificialintelligence #agix #chatgpt https://t.co/hAddQkyki6",237,1,1.6e+18,Chrisch09490383,1.63e+18,Wed Feb 15 15:45:48 +0000 2023,2023/2/15 15:45,1,0,0,https://twitter.com/Chrisch09490383/status/1625884085737455616,1,79603
79635,the best artificial intelligence project without a doubt #AipadTweet #ai #fet #aipad #launchpad #bullish #artificialintelligence #agix #chatgpt @AIPADTECH https://t.co/GPOH537lHc,178,1,1.43e+18,FJLozano4,1.63e+18,Wed Feb 15 15:52:56 +0000 2023,2023/2/15 15:52,0,0,0,https://twitter.com/FJLozano4/status/1625885881109291008,0,79636
79784,@AIPADTECH #ai #aipad #launchpad #bullish #artificialintelligence #agix #chatgpt,80,1,1.44e+18,reza9_4,1.63e+18,Wed Feb 15 16:14:27 +0000 2023,2023/2/15 16:14,0,0,0,https://twitter.com/reza9_4/status/1625891299143614464,0,79785
80177,@bloomstarbms @AIPADTECH #ai #fet #aipad #launchpad #bullish #artificialintelligence #agix #chatgpt  super bullish,114,2,1.12e+18,milad41640967,1.63e+18,Wed Feb 15 17:16:52 +0000 2023,2023/2/15 17:16,0,0,0,https://twitter.com/milad41640967/status/1625907003754262541,0,80178
80318,"@bloomstarbms @AIPADTECH Let's go 
@AIPADTECH e??  e??  e???

#ai #fet #aipad #launchpad #bullish #artificialintelligence #agix #chatgpt",139,3,1.5e+18,SachinM58296281,1.63e+18,Wed Feb 15 17:46:46 +0000 2023,2023/2/15 17:46,0,0,0,https://twitter.com/SachinM58296281/status/1625914531485741056,0,80319
80530,"Crypto Launchpad AIPAD is the rocket that will launch your crypto-portfolio to the moon!
@AIPADTECH #AipadTweet #ai #fet #aipad #launchpad #bullish #artificialintelligence #agix #chatgpt https://t.co/pffDTceYb5",211,1,1.6e+18,anti_w1,1.63e+18,Wed Feb 15 18:28:11 +0000 2023,2023/2/15 18:28,0,0,0,https://twitter.com/anti_w1/status/1625924950400827398,0,80531
80537,@bloomstarbms @AIPADTECH #ai #fet #aipad #launchpad #bullish #artificialintelligence #agix #chatgpt,99,2,1.48e+18,amir50000002,1.63e+18,Wed Feb 15 18:29:28 +0000 2023,2023/2/15 18:29,0,0,0,https://twitter.com/amir50000002/status/1625925273701974028,0,80538
80733,@AIPADTECH #ai #aipad #launchpad #bullish #artificialintelligence #agix #chatgpt e???,85,1,1.47e+18,nagsha_kan,1.63e+18,Wed Feb 15 19:04:30 +0000 2023,2023/2/15 19:04,0,0,0,https://twitter.com/nagsha_kan/status/1625934089785073664,0,80734
80886,@AIPADTECH #ai #aipad #launchpad #bullish #artificialintelligence #agix #chatgpt e?  3a??,89,1,1.44e+18,AHadidchi,1.63e+18,Wed Feb 15 19:35:24 +0000 2023,2023/2/15 19:35,0,0,0,https://twitter.com/AHadidchi/status/1625941869396955140,0,80887
80947,"These days,artificial intelligence or artificial intelligence currencies are gaining attention.AIPad is also in the same field. You enter an interesting world with video  https://t.co/Ogkaafl0U8 @AIPADTECH #ai #fet #aipad #launchpad #bullish #artificialintelligence #agix #chatgpt https://t.co/qFCYaLrwjB",304,1,1.45e+18,Javadimorteza22,1.63e+18,Wed Feb 15 19:48:29 +0000 2023,2023/2/15 19:48,0,0,0,https://twitter.com/Javadimorteza22/status/1625945161737072642,0,80948
81024,"As a tech enthusiast, I'm thrilled to see how #AI and #FET are being used to revolutionize the crypto world. With #AIPAD at the forefront of this movement, the possibilities are endless! #AipadTweet #bullish #agix #chatgpt https://t.co/u6WlJHsQCl",246,0,7.06e+17,Dragonpuss,1.63e+18,Wed Feb 15 20:03:33 +0000 2023,2023/2/15 20:03,0,0,0,https://twitter.com/Dragonpuss/status/1625948952632692744,0,81025
81312,@AIPADTECH #ai #aipad #launchpad #bullish #artificialintelligence #agix #chatgpt,80,1,1.55e+18,Chymu_,1.63e+18,Wed Feb 15 21:08:45 +0000 2023,2023/2/15 21:08,0,0,0,https://twitter.com/Chymu_/status/1625965358208221199,0,81313
81432,#ai #fet #aipad #launchpad #bullish #artificialintelligence #agix #chatgpt nice,79,0,1.47e+18,NftSaman,1.63e+18,Wed Feb 15 21:36:07 +0000 2023,2023/2/15 21:36,0,0,0,https://twitter.com/NftSaman/status/1625972248417894416,0,81433
81589,@AIPADTECH #ai #aipad #launchpad #bullish #artificialintelligence #agix #chatgpt,80,1,97399267.0,alan_zyb,1.63e+18,Wed Feb 15 22:04:08 +0000 2023,2023/2/15 22:04,0,0,0,https://twitter.com/alan_zyb/status/1625979298979930119,0,81590
81934,@bloomstarbms @AIPADTECH #ai #fet #aipad #launchpad #bullish #artificialintelligence #agix #chatgpt,99,2,1.46e+18,totalsevengroup,1.63e+18,Wed Feb 15 23:32:43 +0000 2023,2023/2/15 23:32,1,0,0,https://twitter.com/totalsevengroup/status/1626001590594244610,1,81935
81989,@AIPADTECH #ai #aipad #launchpad #bullish #artificialintelligence #agix #chatgpt,80,1,1.46e+18,totalsevengroup,1.63e+18,Wed Feb 15 23:46:46 +0000 2023,2023/2/15 23:46,1,0,0,https://twitter.com/totalsevengroup/status/1626005124693762054,1,81990
82093,"And the expected day has come. It doesn't matter in the short or long term, I think this IDO will benefit everyone. TGE's market cap is only $76k.
e??   #IDO of #AIPAD will be on February 28th e??  

#AipadTweet #ai #fet #aipad #launchpad #bullish #artificialintelligence #agix #chatgpt https://t.co/KPJsRqq2I9",313,0,1.37e+18,Cagdas8585,1.63e+18,Fri Feb 17 22:08:48 +0000 2023,2023/2/17 22:08,0,0,0,https://twitter.com/Cagdas8585/status/1626705246343905280,0,82094
82118,"this project is going to change so many things 
76k marketcap at TGE 
it will be launcued on 28 feb
with 3 ido
first ido will be revealed 48 hours after launch
#AipadTweet #ai #fet #aipad #launchpad #bullish #artificialintelligence #agix #chatgpt 
@AIPADTECH https://t.co/KVjSU8uQW6",288,1,1.39e+18,ali_sj_,1.63e+18,Fri Feb 17 22:14:41 +0000 2023,2023/2/17 22:14,0,0,0,https://twitter.com/ali_sj_/status/1626706727470071813,0,82119
82265,@AIPADTECH #ai #aipad #launchpad #bullish #artificialintelligence #agix #chatgpt,80,1,1.47e+18,artin_2712,1.63e+18,Fri Feb 17 22:54:22 +0000 2023,2023/2/17 22:54,0,0,0,https://twitter.com/artin_2712/status/1626716715206991873,0,82266
82362,@bloomstarbms @AIPADTECH #ai #fet #aipad #launchpad #bullish #artificialintelligence #agix #chatgpt Big time for AI,115,2,9.99e+17,Dariusz14347891,1.63e+18,Fri Feb 17 23:29:26 +0000 2023,2023/2/17 23:29,0,0,0,https://twitter.com/Dariusz14347891/status/1626725539816910848,0,82363
83122,"We are facing a great project with a great future...
@AIPADTECH #AipadTweet #ai #fet #aipad #launchpad #bullish #artificialintelligence #agix #chatgpt https://t.co/2oSePyOayZ",175,1,1.51e+18,AirdropsVerse,1.63e+18,Tue Feb 21 18:26:13 +0000 2023,2023/2/21 18:26,0,0,0,https://twitter.com/AirdropsVerse/status/1628098782435893249,0,83123
83434,"This is not just some hype, Launchpads are some insane profit makers. They are helping innovative Projects to Launch their Cryptocurrency and starting/improve their Social Media. 

@AIPADTECH #AipadTweet #ai #fet #aipad #launchpad #bullish #artificialintelligence #agix #chatgpt https://t.co/h4NuA0b5ja",304,1,1.38e+18,DeFiShinobi,1.63e+18,Tue Feb 21 19:30:07 +0000 2023,2023/2/21 19:30,1,0,0,https://twitter.com/DeFiShinobi/status/1628114865586900996,1,83435
84167,@AIPADTECH #ai #aipad #launchpad #bullish #artificialintelligence #agix #chatgpt,80,1,1.45e+18,SamiraSeif5,1.63e+18,Tue Feb 21 22:15:25 +0000 2023,2023/2/21 22:15,0,0,0,https://twitter.com/SamiraSeif5/status/1628156463720931334,0,84168
85435,"IDO date is February 28th

 #AipadTweet #ai #fet #aipad #launchpad #bullish #artificialintelligence #agix #chatgpt 

Let's go @AIPADTECH https://t.co/f7GZINn7r2",164,1,1.46e+18,BellinoLacho,1.63e+18,Thu Feb 23 06:22:15 +0000 2023,2023/2/23 6:22,0,0,0,https://twitter.com/BellinoLacho/status/1628641368024268800,0,85436
85450,"#AipadTweet #ai #fet #aipad #launchpad #bullish #artificialintelligence #agix #chatgpt 

Let's approve this @AIPADTECH https://t.co/wHAk5uMjwR",144,1,1.46e+18,BellinoLacho,1.63e+18,Thu Feb 23 06:26:13 +0000 2023,2023/2/23 6:26,0,0,0,https://twitter.com/BellinoLacho/status/1628642366096564224,0,85451
85480,"#AipadTweet #ai #fet #aipad #launchpad #bullish #artificialintelligence #agix #chatgpt 
@AIPADTECH 
@AIPADTECH has partnered with MOVEZ
This is gonna be huge considering this partnership
Let's get going guys https://t.co/PN2tq9PyJ3",235,2,1.46e+18,BellinoLacho,1.63e+18,Thu Feb 23 06:33:41 +0000 2023,2023/2/23 6:33,0,0,0,https://twitter.com/BellinoLacho/status/1628644246595985410,0,85481
85496,"Mark your calendars IDO is 28th February
@AIPADTECH 
#AipadTweet #ai #fet #aipad #launchpad #bullish #artificialintelligence #agix #chatgpt https://t.co/MRYZzHhQrq",165,1,1.46e+18,BellinoLacho,1.63e+18,Thu Feb 23 06:36:30 +0000 2023,2023/2/23 6:36,0,0,0,https://twitter.com/BellinoLacho/status/1628644954221252610,0,85497
87364,#ai #fet #aipad #launchpad #bullish #artificialintelligence #agix #chatgpt,74,0,1.42e+18,Nobody83938078,1.63e+18,Thu Feb 23 12:18:19 +0000 2023,2023/2/23 12:18,1,0,0,https://twitter.com/Nobody83938078/status/1628730975445295104,1,87365
87680,#ai #fet #aipad #launchpad #bullish #artificialintelligence #agix #chatgpt,74,0,1.62e+18,Airdrop1986,1.63e+18,Thu Feb 23 13:06:18 +0000 2023,2023/2/23 13:06,0,0,0,https://twitter.com/Airdrop1986/status/1628743052415102976,0,87681
88127,#ai #fet #aipad #launchpad #bullish #artificialintelligence #agix #chatgpt,74,0,1.48e+18,a_poor66,1.63e+18,Thu Feb 23 14:12:50 +0000 2023,2023/2/23 14:12,0,0,0,https://twitter.com/a_poor66/status/1628759793593638913,0,88128
89217,@AIPADTECH #ai #aipad #launchpad #bullish #artificialintelligence #agix #chatgpt go to moon,91,1,1.42e+18,Nobody83938078,1.63e+18,Thu Feb 23 17:00:55 +0000 2023,2023/2/23 17:00,0,0,0,https://twitter.com/Nobody83938078/status/1628802094445604866,0,89218
89312,"#ai #fet #aipad #launchpad #bullish #artificialintelligence #agix #chatgpt 
WAGMI..... Go to moon",98,0,1.42e+18,Nobody83938078,1.63e+18,Thu Feb 23 17:15:59 +0000 2023,2023/2/23 17:15,0,0,0,https://twitter.com/Nobody83938078/status/1628805884896845827,0,89313
89398,#AipadTweet #ai #fet #aipad #launchpad #bullish #artificialintelligence #agix #chatgpt https://t.co/TZLGBhAZfg,110,0,1.61e+18,samaneh_shokohi,1.63e+18,Thu Feb 23 17:33:47 +0000 2023,2023/2/23 17:33,0,0,0,https://twitter.com/samaneh_shokohi/status/1628810363641757707,0,89399
89599,#ai #fet #aipad #launchpad #bullish #artificialintelligence #agix #chatgpt,74,0,1.61e+18,samaneh_shokohi,1.63e+18,Thu Feb 23 18:05:39 +0000 2023,2023/2/23 18:05,0,0,0,https://twitter.com/samaneh_shokohi/status/1628818384824459264,0,89600
90372,"How successful do you think a #launchpad platform focused on implementing the best #ArtificialIntelligence projects in #Crypto could be? 
#AipadTweet #ai #fet #aipad #launchpad #bullish #artificialintelligence #agix #chatgpt
@AIPADTECH e??  e??  e??   https://t.co/AuDlAtvmIn",277,1,1.44e+18,DeFi_eld,1.63e+18,Thu Feb 23 20:48:12 +0000 2023,2023/2/23 20:48,1,0,0,https://twitter.com/DeFi_eld/status/1628859292429303812,1,90373
90696,#ai #fet #aipad #launchpad #bullish #artificialintelligence #agix #chatgpt ok,77,0,9.29e+17,NasijunRezaei,1.63e+18,Thu Feb 23 22:13:17 +0000 2023,2023/2/23 22:13,2,0,0,https://twitter.com/NasijunRezaei/status/1628880704925753346,2,90697
91830,#ai #fet #aipad #launchpad #bullish #artificialintelligence #agix #chatgpt,74,0,1.44e+18,Bryan41956856,1.63e+18,Mon Feb 27 02:10:50 +0000 2023,2023/2/27 2:10,0,0,0,https://twitter.com/Bryan41956856/status/1630027646389084160,0,91831
91835,#ai #fet #aipad #launchpad #bullish #artificialintelligence #agix #chatgpt   @BcodeVenezuela @bryanrolandoma2,109,2,1.44e+18,Bryan41956856,1.63e+18,Mon Feb 27 02:12:21 +0000 2023,2023/2/27 2:12,0,0,0,https://twitter.com/Bryan41956856/status/1630028032038563841,0,91836
93969,"Bullsih on 
@AIPADTECH
 the only launchpad 100% focused on AI. Launch date 28/02/23 and FIRST DEX is 
@kucoincom @AIPADTECH 
 on 01/03/23. initial mkt cap of ONLY 76K #AipadTweet #ai #fet #aipad #launchpad #bullish #artificialintelligence #agix #chatgpt https://t.co/zXHGFrqsKp",281,3,1.39e+18,WillianToloi,1.63e+18,Mon Feb 27 11:59:53 +0000 2023,2023/2/27 11:59,0,0,0,https://twitter.com/WillianToloi/status/1630175888103931904,0,93970
94002,"Very promising project, strong community.

#AipadTweet #ai #fet #aipad #launchpad #bullish #artificialintelligence #agix #chatgpt @AIPADTECH https://t.co/n3SGTabzhM",166,1,1.39e+18,WillianToloi,1.63e+18,Mon Feb 27 12:03:41 +0000 2023,2023/2/27 12:03,0,0,0,https://twitter.com/WillianToloi/status/1630176845059457024,0,94003
94063,#ai #fet #aipad #launchpad #bullish #artificialintelligence #agix #chatgpt,74,0,1.45e+18,Baroness4Crypto,1.63e+18,Mon Feb 27 12:17:56 +0000 2023,2023/2/27 12:17,0,0,0,https://twitter.com/Baroness4Crypto/status/1630180431831134208,0,94064
94270,@AIPADTECH #ai #aipad #launchpad #bullish #artificialintelligence #agix #chatgpt,80,1,1.39e+18,WillianToloi,1.63e+18,Mon Feb 27 13:01:52 +0000 2023,2023/2/27 13:01,1,0,0,https://twitter.com/WillianToloi/status/1630191484602396672,1,94271
94277,"Have you already seen it? Why am I bullish on @AIPADTECH? Don't miss it out, as it may easily go to Top100 soon e???e???e??? #AipadTweet #ai #fet #aipad #launchpad #bullish #artificialintelligence #agix #chatgpt https://t.co/MpwwtBlpjP",235,1,1.45e+18,Baroness4Crypto,1.63e+18,Mon Feb 27 13:03:47 +0000 2023,2023/2/27 13:03,1,0,0,https://twitter.com/Baroness4Crypto/status/1630191970545958913,1,94278
94371,#ai #fet #aipad #launchpad #bullish #artificialintelligence #agix #chatgpt,74,0,1.39e+18,WillianToloi,1.63e+18,Mon Feb 27 13:23:58 +0000 2023,2023/2/27 13:23,0,0,0,https://twitter.com/WillianToloi/status/1630197046991900673,0,94372
94879,#ai #fet #aipad #launchpad #bullish #artificialintelligence #agix #chatgpt,74,0,1.55e+18,Maksu_22,1.63e+18,Mon Feb 27 14:56:41 +0000 2023,2023/2/27 14:56,1,0,0,https://twitter.com/Maksu_22/status/1630220380039258113,1,94880
95163,#ai #fet #aipad #launchpad #bullish #artificialintelligence #agix #chatgpt go go,80,0,1.6e+18,eddypassed,1.63e+18,Mon Feb 27 15:23:11 +0000 2023,2023/2/27 15:23,0,0,0,https://twitter.com/eddypassed/status/1630227049217499136,0,95164
95208,#ai #fet #aipad #launchpad #bullish #artificialintelligence #agix #chatgpt,74,0,1.5e+18,AMeliante75,1.63e+18,Mon Feb 27 15:29:28 +0000 2023,2023/2/27 15:29,0,0,0,https://twitter.com/AMeliante75/status/1630228630659022848,0,95209
95401,#ai #fet #aipad #launchpad #bullish #artificialintelligence #agix #chatgpt goggogo,82,0,285135988.0,BuLiangDaliy,1.63e+18,Mon Feb 27 15:55:52 +0000 2023,2023/2/27 15:55,1,0,0,https://twitter.com/BuLiangDaliy/status/1630235276114288642,1,95402
95406,#ai #fet #aipad #launchpad #bullish #artificialintelligence #agix #chatgpt gogogo,81,0,285135988.0,BuLiangDaliy,1.63e+18,Mon Feb 27 15:56:54 +0000 2023,2023/2/27 15:56,0,0,0,https://twitter.com/BuLiangDaliy/status/1630235532944113664,0,95407
95513,@AIPADTECH @gamezone_app @BlueZillaVc @MetaVPad @ethpadofficial @BSCPad #ai #fet #aipad #launchpad #bullish #artificialintelligence #agix #chatgpt,146,6,1.5e+18,AMeliante75,1.63e+18,Mon Feb 27 16:13:16 +0000 2023,2023/2/27 16:13,1,0,0,https://twitter.com/AMeliante75/status/1630239655659466754,1,95514
95730,#ai #fet #aipad #launchpad #bullish #artificialintelligence #agix #chatgpt,74,0,1.37e+18,reza_kohandel,1.63e+18,Mon Feb 27 16:47:13 +0000 2023,2023/2/27 16:47,0,0,0,https://twitter.com/reza_kohandel/status/1630248197238165504,0,95731
95738,#ai #fet #aipad #launchpad #bullish #artificialintelligence #agix #chatgpt,74,0,1.37e+18,reza_kohandel,1.63e+18,Mon Feb 27 16:48:49 +0000 2023,2023/2/27 16:48,0,0,0,https://twitter.com/reza_kohandel/status/1630248601677975556,0,95739
95742,#ai #fet #aipad #launchpad #bullish #artificialintelligence #agix #chatgpt v,76,0,1.37e+18,reza_kohandel,1.63e+18,Mon Feb 27 16:49:18 +0000 2023,2023/2/27 16:49,0,0,0,https://twitter.com/reza_kohandel/status/1630248723803414535,0,95743
95880,#ai #fet #aipad #launchpad #bullilsh #artificialintelligence #agix #chatgpt,75,0,1.37e+18,reza_kohandel,1.63e+18,Mon Feb 27 17:11:21 +0000 2023,2023/2/27 17:11,0,0,0,https://twitter.com/reza_kohandel/status/1630254271999496193,0,95881
95896,#ai #fet #aipad #launchpad #bullish #artificialintelligence #agix #chatgpt,74,0,1.5e+18,AMeliante75,1.63e+18,Mon Feb 27 17:14:00 +0000 2023,2023/2/27 17:14,1,0,0,https://twitter.com/AMeliante75/status/1630254939749400576,1,95897
95972,#ai #fet #aipad #launchpad #bullish #artificialintelligence #agix #chatgpt,74,0,1.37e+18,reza_kohandel,1.63e+18,Mon Feb 27 17:23:56 +0000 2023,2023/2/27 17:23,0,0,0,https://twitter.com/reza_kohandel/status/1630257439269437442,0,95973
96050,"#ai #fet #aipad #launchpad #bullish #artificialintelligence #agix #chatgpt 
@ricardonascoliv @BPisteli @OliveirMatthew",119,3,1.5e+18,AMeliante75,1.63e+18,Mon Feb 27 17:38:30 +0000 2023,2023/2/27 17:38,0,0,0,https://twitter.com/AMeliante75/status/1630261103350431744,0,96051
96254,#ai #fet #aipad #launchpad #bullish #artificialintelligence #agix #chatgpt,74,0,9.29e+17,NasijunRezaei,1.63e+18,Mon Feb 27 18:07:39 +0000 2023,2023/2/27 18:07,0,0,0,https://twitter.com/NasijunRezaei/status/1630268437636284421,0,96255
96482,@AIPADTECH #ai #aipad #launchpad #bullish #artificialintelligence #agix #chatgpt,80,1,1.51e+18,Hamedazami0,1.63e+18,Mon Feb 27 19:09:11 +0000 2023,2023/2/27 19:09,0,0,0,https://twitter.com/Hamedazami0/status/1630283926634901505,0,96483
96549,"AIPAD  is the revolutionary launchpad focused on delivering the best of Artificial Intelligence projects in Crypto!
initial market cap $76K
IDO Date: Feb 28th, 2023
@AIPADTECH  
#AipadTweet #ai #fet #aipad #launchpad #bullish #artificialintelligence #agix #chatgpt https://t.co/nM8vBrU8ZH",292,1,1.61e+18,elijoonsali1,1.63e+18,Mon Feb 27 19:22:19 +0000 2023,2023/2/27 19:22,0,0,0,https://twitter.com/elijoonsali1/status/1630287228101435395,0,96550
96557,"AIPAD  is the revolutionary launchpad focused on delivering the best of Artificial Intelligence projects in Crypto!
initial market cap $76K
IDO Date: Feb 28th, 2023
@AIPADTECH
  
#AipadTweet #ai #fet #aipad #launchpad #bullish #artificialintelligence #agix #chatgpt https://t.co/tuN78kemKS",294,1,1.61e+18,elijoonsali2,1.63e+18,Mon Feb 27 19:24:09 +0000 2023,2023/2/27 19:24,0,0,0,https://twitter.com/elijoonsali2/status/1630287689764175872,0,96558
96692,"#ai #fet #aipad #launchpad #bullish #artificialintelligence #agix #chatgpt 
lfg",80,0,1.43e+18,Mahdi00100,1.63e+18,Mon Feb 27 19:56:37 +0000 2023,2023/2/27 19:56,0,0,0,https://twitter.com/Mahdi00100/status/1630295860889153542,0,96693
96722,"#ai #fet #aipad #launchpad #bullish #artificialintelligence #agix #chatgpt 
e???e???e???",89,0,1.5e+18,AMeliante75,1.63e+18,Mon Feb 27 20:02:26 +0000 2023,2023/2/27 20:02,0,0,0,https://twitter.com/AMeliante75/status/1630297324483125249,0,96723
96772,#ai #fet #aipad #launchpad #bullish #artificialintelligence #agix #chatgpt,74,0,1.57e+18,YounesH44124349,1.63e+18,Mon Feb 27 20:17:34 +0000 2023,2023/2/27 20:17,0,0,0,https://twitter.com/YounesH44124349/status/1630301133460652037,0,96773
96825,@AIPADTECH #ai #aipad #launchpad #bullish #artificialintelligence #agix #chatgpt,80,1,1.57e+18,YounesH44124349,1.63e+18,Mon Feb 27 20:31:55 +0000 2023,2023/2/27 20:31,0,0,0,https://twitter.com/YounesH44124349/status/1630304744127209472,0,96826
96846,"AIPAD is the next big thing in #crypto! Their innovative platform is making it easier for people to get involved with crypto. #blockchain #cryptocurrency @AIPADTECH
#AipadTweet #ai #fet #aipad #launchpad #bullish #artificialintelligence #agix #chatgpt https://t.co/eggcCMpDso",276,1,1.61e+18,KryptoKortez,1.63e+18,Mon Feb 27 20:37:58 +0000 2023,2023/2/27 20:37,0,0,0,https://twitter.com/KryptoKortez/status/1630306265619374080,0,96847
96868,"Launch of AiPad is on 28 Feb 2023.
The inital marketcap will be 76k$
@AIPADTECH 
#AipadTweet #ai #fet #aipad #launchpad #bullish #artificialintelligence #agix #chatgpt https://t.co/D3gQ4xnKKi",194,1,1.61e+18,KryptoKortez,1.63e+18,Mon Feb 27 20:43:15 +0000 2023,2023/2/27 20:43,0,0,0,https://twitter.com/KryptoKortez/status/1630307596740460545,0,96869
96971,#AipadTweet #ai #fet #aipad #launchpad #bullish #artificialintelligence #agix #chatgpt  @AIPADTECH https://t.co/RxLlTCZrxn,122,1,1.61e+18,milionraz333,1.63e+18,Mon Feb 27 21:09:40 +0000 2023,2023/2/27 21:09,0,0,0,https://twitter.com/milionraz333/status/1630314245794549762,0,96972
96976,the AIPAD focused on delivering the best AI projects in the crypto space is a revolutionary platform that combines the benefits of AI and blockchain technology.#AipadTweet #ai #fet #aipad #launchpad #bullish #artificialintelligence #agix #chatgpt @AIPADTECH https://t.co/rI9VOCCuVm,281,1,1.61e+18,milionraz333,1.63e+18,Mon Feb 27 21:11:43 +0000 2023,2023/2/27 21:11,0,0,0,https://twitter.com/milionraz333/status/1630314760011931650,0,96977
97050,Dona??t miss @AIPADTECH IDO on 28th february or youa??ll regret. #AipadTweet #ai #fet #aipad #launchpad #bullish #artificialintelligence #agix #chatgpt https://t.co/sF0rrbJ31e,175,1,1.47e+18,w1llusch,1.63e+18,Mon Feb 27 21:32:38 +0000 2023,2023/2/27 21:32,0,0,0,https://twitter.com/w1llusch/status/1630320024505274368,0,97051
97053,@AIPADTECH #ai #aipad #launchpad #bullish #artificialintelligence #agix #chatgpt,80,1,2854774337.0,Rasbavar,1.63e+18,Mon Feb 27 21:33:51 +0000 2023,2023/2/27 21:33,0,0,0,https://twitter.com/Rasbavar/status/1630320332530753536,0,97054
97097,#ai #fet #aipad #launchpad #bullish #artificialintelligence #agix #chatgpt,74,0,2854774337.0,Rasbavar,1.63e+18,Mon Feb 27 21:47:40 +0000 2023,2023/2/27 21:47,0,0,0,https://twitter.com/Rasbavar/status/1630323808736296961,0,97098
97377,"Bullsih on 
@AIPADTECH

 the only launchpad 100% focused on AI. Launch date 28/02/23 and FIRST DEX is 
@kucoincom
 
@AIPADTECH
 
 on 01/03/23. initial mkt cap of ONLY 76K #AipadTweet #ai #fet #aipad #launchpad #bullish #artificialintelligence #agix #ChatGPT https://t.co/s0gP7rJIDB",289,3,1.39e+18,WillianToloi,1.63e+18,Mon Feb 27 23:02:20 +0000 2023,2023/2/27 23:02,0,0,0,https://twitter.com/WillianToloi/status/1630342600426135552,0,97378
