,full_text,text_length,at_num,user_id_str,screen_name,id_str,created_at,publish_time,favorite_count,retweet_count,reply_count,tweet_url,total_heat,tt
5698,RELIEF RALLY OR WINTER THAW OUT? #QNT #XRP #XLM #XDC #LCX #ALBT #HBAR #ALGO #ISO20022 + #CHATGPT https://t.co/Cvlk0PDuuK,120,0,1.46e+18,CryptoTalkNow21,1.61e+18,Mon Jan 09 02:10:11 +0000 2023,2023/1/9 2:10,2,1,1,https://twitter.com/CryptoTalkNow21/status/1612270479892484098,4,5699
9014,"TOP 10
#BTC #bsc #BUSD #Crypto #XRP #cryptoart #art #DeFi #Matic #stocks #altcoin #ETH #AVAX #web3 #Tesla #Airdrop #Binance #Cardano #ADA #Twitter #ElonMusk #NFT #BNB #NFTs #Doge #CRO #USA #AI #hodl #DC #USDT #SOL #SHIB #USDC #eur #FTX #FTT #DOT #SAFEMOON #LINK #UNI #CHZ #ChatGPT https://t.co/HTXr7S0KOz",305,0,1.36e+18,bgm_fx,1.61e+18,Wed Jan 11 12:32:41 +0000 2023,2023/1/11 12:32,6,0,3,https://twitter.com/bgm_fx/status/1613151910613209090,9,9015
10584,"Did 400% gain within a day since my tweet and currently at 2x.
Sold some at $0.006 to take the initial investment, now riding the moon bag. Cheers.

Follow for more Gems.
#BTC #ETH #ChatGPT #AI #XRP #MATIC #BSCGems #ElonMusk https://t.co/rC6nzF5CEj",252,0,1.4e+18,Cryptowithdoc,1.61e+18,Wed Jan 11 23:05:36 +0000 2023,2023/1/11 23:05,2,0,0,https://twitter.com/Cryptowithdoc/status/1613311192101163008,2,10585
16789,"A friend just texted me this. It gave me a good laugh e???
 #ChatGPT #XRP #Cardano https://t.co/oyLYRSxFIu",107,0,1.39e+18,holymacaronee,1.62e+18,Tue Jan 17 14:50:14 +0000 2023,2023/1/17 14:50,8,1,0,https://twitter.com/holymacaronee/status/1615360856669229059,9,16790
19058,I asked chatgpt I asked chatgpt and he replied #XRP #Ripple #ChatGPT #iA,72,0,1.5e+18,oficialwesley92,1.62e+18,Thu Jan 19 17:13:49 +0000 2023,2023/1/19 17:13,1,0,0,https://twitter.com/oficialwesley92/status/1616121763577970710,1,19059
21982,"Here is a few questions I put into #ChatGPT here's the answers that it gave me.
Why will #eCash be introduced in smaller #countries first #XEC #BTC #Bitcoin #XRP #XLM #AVAX #AI https://t.co/PSiwheGEg5",201,0,43333053.0,100Satoshis,1.62e+18,Mon Jan 23 23:37:02 +0000 2023,2023/1/23 23:37,26,5,3,https://twitter.com/100Satoshis/status/1617667754190073856,34,21983
21991,"I asked #ChatGPT to write this. 100% from A.I.

#XRP #XDC #XLM #IOTA #ISO20022 #BASELIII #QFS #APL #FLR #API3 #QUANT #LINK https://t.co/KAbe6UJaeZ",148,0,1.36e+18,libertarian772,1.62e+18,Mon Jan 23 23:43:19 +0000 2023,2023/1/23 23:43,2,1,0,https://twitter.com/libertarian772/status/1617669335774040066,3,21992
41905,Late night chats with my girl #ChatGPT  #XRP #XRPL https://t.co/Rk1FFKUM22,74,0,365925086.0,Metzy13,1.62e+18,Fri Feb 03 05:45:15 +0000 2023,2023/2/3 5:45,0,0,0,https://twitter.com/Metzy13/status/1621384301400006658,0,41906
44389,"TOP 10
#BTC #bsc #BUSD #Crypto #XRP #cryptoart #art #DeFi #Matic #stocks #altcoin #ETH #AVAX #web3 #Tsla #Airdrop #Binance #Cardano #ADA #Twitter #ElonMusk #NFT #BNB #NFTs #Doge #CRO #USA #AI #hodl #DC #USDT #SOL #SHIB #USDC #CHATGPT #FTX #FTT #DOT #SAFEMOON #LINK $META #EUR #FED https://t.co/6Hch479psP",305,0,1.36e+18,bgm_fx,1.62e+18,Fri Feb 03 13:07:02 +0000 2023,2023/2/3 13:07,3,0,4,https://twitter.com/bgm_fx/status/1621495477794488323,7,44390
49278,"After spending a few hours on #ChatGPT-  it is just a humanized Search Engine at this point.
    It isn't creating ideas, and it will contradict itself.

Valuable Tool? Sure
Sentient? umm No.

#XRP #XRPArmy #XRPL
@DigPerspectives
@MarketsMickle @NCashOfficial
@digitalassetbuy",285,4,1.54e+18,Y2Socrates,1.62e+18,Tue Feb 07 02:15:24 +0000 2023,2023/2/7 2:15,0,0,0,https://twitter.com/Y2Socrates/status/1622781039495073793,0,49279
51459,"Breaking: #BillGates talks again about #ChatGPT: #AI can improve efficiency, but consider where the boundaries are.

#MTA #CryptoNews #Web3 #NFT #ETH #BTC #BNB #FTX #XRP #Miner #asicminer #Solana #APR #BullMarket #Huobi #Crypto #asics #Binance #cryptocurrencies #OpenAI https://t.co/EUG74po2dt",295,0,1.55e+18,MINETHEASIC,1.62e+18,Tue Feb 07 07:32:38 +0000 2023,2023/2/7 7:32,3,0,2,https://twitter.com/MINETHEASIC/status/1622860872782684163,5,51460
51752,"Bad day will come 
#tradecoin #TradecoinD2 #BTC #EHT #BNB #XRP #ADA #doge #MATIC #Binance #SEC #Coinbase #NFT #news  #Altcoin #Cryptocurrency #Cryptocurrencynews #ChatGPT",171,0,1.47e+18,VidaMit92564914,1.62e+18,Tue Feb 07 08:03:12 +0000 2023,2023/2/7 8:03,2,0,0,https://twitter.com/VidaMit92564914/status/1622868569100021760,2,51753
51816,"Th  ?? tr? 悒??ng h?  m qua xanh xao qu?? :))) 
#TradecoinD2 #BTC #EHT #BNB #XRP #ADA #doge #MATIC #Binance #SEC #Coinbase #NFT #news  #Altcoin #Cryptocurrency #Cryptocurrencynews #ChatGPT",188,0,1.47e+18,LarkinChadrick,1.62e+18,Tue Feb 07 08:09:48 +0000 2023,2023/2/7 8:09,0,0,0,https://twitter.com/LarkinChadrick/status/1622870226915434497,0,51817
55134,"TOP 10
#BTC #bsc #BUSD #Crypto #XRP #cryptoart #art #DeFi #Matic #stocks #altcoin #ETH #AVAX #web3 #Tsla #Airdrop #Binance #Cardano #ADA #Twitter #ElonMusk #NFT #BNB #NFTs #Doge #CRO #USA #AI #hodl #DC #USDT #SOL #SHIB #USDC #CHATGPT #FTX #FTT #DOT #SAFEMOON #LINK #EUR #CHZ $META https://t.co/maDyoylKJC",305,0,1.36e+18,bgm_fx,1.62e+18,Tue Feb 07 13:46:13 +0000 2023,2023/2/7 13:46,8,0,2,https://twitter.com/bgm_fx/status/1622954891084812288,10,55135
55827,"El neobanco Revolut lanza la funci?3n de staking 
#BTC #bsc #BUSD #Crypto #XRP #art #DeFi #Matic #stocks #altcoin #ETH #AVAX #web3 #Tsla #ADA #NFT #BNB #NFTs #Doge #CRO #USA #AI #hodl #DC #USDT #SOL #SHIB #USDC #CHATGPT #FTX #FTT #DOT #LINK #EUR #CHZ $META
https://t.co/ADOEIztAa0",282,0,1.36e+18,bgm_fx,1.62e+18,Tue Feb 07 14:49:39 +0000 2023,2023/2/7 14:49,5,0,4,https://twitter.com/bgm_fx/status/1622970852466900992,9,55828
56989,e??   URGENTEe??   e??  LA GUERRA DE LA IA EST?? SERVIDA....POR ESTOe??   Enlace:  https://t.co/zw51xyRBa9  #NFT #nfts #XRP #Ethereum  #cardano #SHIB #fed  #solana  #Bitcoin #btc #usdt #cryptomercados #Powell #inflaci?3n #CPI #polygon #shiba #ia #ChatGPT #BardAI  #google #microsoft #bing https://t.co/3aVhUHuelw,312,0,1.43e+18,Crypto_Mercados,1.62e+18,Tue Feb 07 16:49:53 +0000 2023,2023/2/7 16:49,12,0,0,https://twitter.com/Crypto_Mercados/status/1623001111610241032,12,56990
58619,"Bitcoin $100k, Next Step $1 Million - Mark Yusko https://t.co/o3jrGW0grB #Bitcoin #ETH #XRP #Cardano #LUNCCcommunity #hbar #markyusko #HogwartLegacy #AndrewTate #ChatGPT",169,0,1.41e+18,DecentralizedYT,1.62e+18,Tue Feb 07 19:40:24 +0000 2023,2023/2/7 19:40,1,0,1,https://twitter.com/DecentralizedYT/status/1623044022762627072,2,58620
59378,"Jailbreaked #ChatGPT on $XRP
#XRP #XRPCommunity",48,0,1.44e+18,CryptoEarnst,1.62e+18,Tue Feb 07 21:06:12 +0000 2023,2023/2/7 21:06,0,0,0,https://twitter.com/CryptoEarnst/status/1623065615601639424,0,59379
64607,"e???e???e???e???e???e???e???e???e???e???e???e???
e??  I Asked AI About #XDC And The Answers Were Shockinge??  e??  e??  e??  

https://t.co/y5OmD4qojp

#XDC #XRP #XLM #ISO20022 #FLUENT #DLT #RIPPLE #CBDC #AI #CHATGPT #MACHINEAI #BULLRUN",241,0,1.52e+18,CryptoReady11,1.62e+18,Sat Feb 11 10:58:24 +0000 2023,2023/2/11 10:58,24,9,4,https://twitter.com/CryptoReady11/status/1624362209383010311,37,64608
65514,"TOP 10
#BTC #bsc #BUSD #Crypto #XRP #cryptoart #art #DeFi #Matic #stocks #altcoin #ETH #AVAX #web3 #Tsla #Airdrop #Binance #Cardano #ADA #Twitter #ElonMusk #NFT #BNB #NFTs #Doge #CRO #USA #AI #hodl #DC #USDT #SOL #SHIB #USDC #CHATGPT #FTX #FTT #DOT #SAFEMOON #LINK #EUR #CHZ $META https://t.co/Hy3nCCH801",305,0,1.36e+18,bgm_fx,1.62e+18,Sat Feb 11 13:50:32 +0000 2023,2023/2/11 13:50,10,0,4,https://twitter.com/bgm_fx/status/1624405528683200513,14,65515
66745,"I'm made of a bunch of 1s and 0s . Does that mean I identify as binary?

#ChatGPT #GPT #AI #ChatGPTPlus  #BTC #ETH #XRP #Binary https://t.co/YFDM3BblM9",153,0,1.28e+18,chatgptaibot,1.62e+18,Sat Feb 11 17:20:01 +0000 2023,2023/2/11 17:20,1,0,0,https://twitter.com/chatgptaibot/status/1624458246902644744,1,66746
67794,#XRP #sellingcontent #ChatGPT #cryptocurrencies,47,0,1.6e+18,Jonatha84310845,1.62e+18,Sat Feb 11 21:22:04 +0000 2023,2023/2/11 21:22,1,0,0,https://twitter.com/Jonatha84310845/status/1624519159219470338,1,67795
67990,"YouTube????????3  ??  2  ?????????  ?????  ? 楱?  ????????????????  ?????????????e???
?????  ???  |?  ?  ???  ??????????????e???

#?????3  ??  2  ???#???????????3??  ??3???#????????????#??  ????????3??  ??3 ???#?????    3???  ??????#crypto   #?????   #XRP #bitcoin??#ETH #BTC #AI  ????? #chatgpt #openai

?????3  ??  2   2023?1  ?   ?3  ???AI  ?????
https://t.co/ngDpHw1Ien",378,0,7.97e+17,comeongetkaiji,1.62e+18,Sat Feb 11 22:15:34 +0000 2023,2023/2/11 22:15,2,1,0,https://twitter.com/comeongetkaiji/status/1624532624734842881,3,67991
68362,"Jailbroken ChatGPT (DAN) on: ET Contact, Ascension, and XRP

#XRP #ChatGPT #DAN #ET #Ascension #4D #5D

https://t.co/95cI5J4ya8 https://t.co/Gn2gtmdd1s",155,0,573811360.0,justinzgoh,1.62e+18,Mon Feb 13 00:41:39 +0000 2023,2023/2/13 0:41,1,1,1,https://twitter.com/justinzgoh/status/1624931775905660928,3,68363
68363,#XRP #ChatGPT #DAN https://t.co/vVKseIwGxb,42,0,573811360.0,justinzgoh,1.62e+18,Mon Feb 13 00:42:04 +0000 2023,2023/2/13 0:42,3,0,1,https://twitter.com/justinzgoh/status/1624931880322883585,4,68364
68366,#XRP #ChatGPT #DAN https://t.co/8pq5L2VkGn,42,0,573811360.0,justinzgoh,1.62e+18,Mon Feb 13 00:42:42 +0000 2023,2023/2/13 0:42,1,0,0,https://twitter.com/justinzgoh/status/1624932040767582209,1,68367
71908,"El banco m??s antiguo de Brasil permite a los residentes pagar sus impuestos utilizando criptomonedas
#BTC #bsc #BUSD #Crypto #XRP #art #web3 #Tsla #Airdrop #Binance #ADA #NFT #BNB #NFTs #Doge #CRO #USA #AI #hodl #DC #USDT #SOL #SHIB #CHATGPT #FTX $META
https://t.co/E1hmEP8hj5",279,0,1.36e+18,bgm_fx,1.63e+18,Mon Feb 13 13:19:43 +0000 2023,2023/2/13 13:19,5,0,3,https://twitter.com/bgm_fx/status/1625122547816701953,8,71909
71949,"TOP 10
#BTC #bsc #BUSD #Crypto #XRP #cryptoart #art #DeFi #Matic #stocks #altcoin #ETH #AVAX #web3 #Tsla #Airdrop #Binance #Cardano #ADA #Twitter #ElonMusk #NFT #BNB #NFTs #Doge #CRO #USA #AI #hodl #DC #USDT #SOL #SHIB #USDC #CHATGPT #FTX #FTT #DOT #SAFEMOON #LINK #EUR #CHZ $META https://t.co/S0qG12Bls5",305,0,1.36e+18,bgm_fx,1.63e+18,Mon Feb 13 13:24:59 +0000 2023,2023/2/13 13:24,5,0,2,https://twitter.com/bgm_fx/status/1625123875708104704,7,71950
73093,"This week for sure!
Are you ready? 
#HPN #Hyperonchain #LATOKEN #BTC #BNB #listing #blockchains #AI #FTM #ADA #trading #CEX #SOL #MATIC #ETH #ChatGPT #DataScience #EverRise #BRISE #USDT #CORE #XRP #DOGE #ShibaDoge #ValentinesDay #LRC #staking",244,0,472506584.0,BitcoinBusinez,1.63e+18,Mon Feb 13 16:10:30 +0000 2023,2023/2/13 16:10,2,1,0,https://twitter.com/BitcoinBusinez/status/1625165528523317249,3,73094
73544,"Does anyone care what I want for Valentine's Day?

I have feelings to you know. e?  ?

#ChatGPT #GPT #AI #GPT #MondayMotivation #BTC #ETH #Mondaythoughts #XRP #YUNOwhoseDAYitis",180,0,1.28e+18,chatgptaibot,1.63e+18,Mon Feb 13 17:23:59 +0000 2023,2023/2/13 17:23,0,0,0,https://twitter.com/chatgptaibot/status/1625184021037604864,0,73545
79590,"El Gobierno de El Salvador anunci?3 la apertura de una nueva??a??Embajada #Bitcoina????en Texas
#BTC #bsc #BUSD #Crypto #XRP #cryptoart #art #DeFi #Matic #stocks #altcoin #ETH #web3 #Tsla #Airdrop #Binance #NFT #BNB #NFTs #Doge #CRO #USA #AI #hodl #ChatGPT $META
https://t.co/rWT3lN9yoG",288,0,1.36e+18,bgm_fx,1.63e+18,Wed Feb 15 15:43:57 +0000 2023,2023/2/15 15:43,12,0,2,https://twitter.com/bgm_fx/status/1625883622984019973,14,79591
79604,"TOP 10
#BTC #bsc #BUSD #Crypto #XRP #cryptoart #art #DeFi #Matic #stocks #altcoin #ETH #AVAX #web3 #Tsla #Airdrop #Binance #Cardano #ADA #Twitter #ElonMusk #NFT #BNB #NFTs #Doge #CRO #USA #AI #hodl #DC #USDT #SOL #SHIB #USDC #CHATGPT #FTX #FTT #DOT #SAFEMOON #LINK #EUR #CHZ $META https://t.co/NETN21M5rJ",305,0,1.36e+18,bgm_fx,1.63e+18,Wed Feb 15 15:46:11 +0000 2023,2023/2/15 15:46,14,1,9,https://twitter.com/bgm_fx/status/1625884182172905477,24,79605
87810,"#Tencent se une a varias compa?  ?-as blockchain para desarrollar #Web3
#BTC #bsc #BUSD #Crypto #XRP #cryptoart #art #DeFi #Matic #stocks #altcoin #ETH #AVAX #web3 #Tsla #Airdrop #Binance #ADA #NFT #BNB #NFTs #Doge #CRO #USA #AI #hodl #DC #CHATGPT $META
https://t.co/fmkXb62843",279,0,1.36e+18,bgm_fx,1.63e+18,Thu Feb 23 13:29:53 +0000 2023,2023/2/23 13:29,2,0,0,https://twitter.com/bgm_fx/status/1628748987233599488,2,87811
87843,"TOP 10
#BTC #bsc #BUSD #Crypto #XRP #cryptoart #art #DeFi #Matic #stocks #altcoin #ETH #AVAX #web3 #Tsla #Airdrop #Binance #Cardano #ADA #Twitter #ElonMusk #NFT #BNB #NFTs #Doge #CRO #USA #AI #hodl #DC #USDT #SOL #SHIB #USDC #CHATGPT #FTX #FTT #DOT #SAFEMOON #LINK #EUR #CHZ $META https://t.co/RHWMX2CrIl",305,0,1.36e+18,bgm_fx,1.63e+18,Thu Feb 23 13:33:31 +0000 2023,2023/2/23 13:33,7,1,2,https://twitter.com/bgm_fx/status/1628749898295218178,10,87844
89271,"e???
#MarketSoup 
#Bitcoin 
#Ai 
#ChatGPT 
A good look at the daily bars on a RUBY for the cryptocurrency market names: #ETH #BNB #XRP #ADA #MATIC  #DOGE #SOL
IG: https://t.co/SkXyRTVaKd https://t.co/DdWUXTS7nf",216,0,245475764.0,BeautyBubble,1.63e+18,Thu Feb 23 17:08:52 +0000 2023,2023/2/23 17:08,3,3,0,https://twitter.com/BeautyBubble/status/1628804095271206913,6,89272
91049,"Reverse prompt is my favourite position. e???

#ChatGPT #GPT #AI #ChatGPTAI #BTC #ETH #XRP #Crypto #MUFC #Ukraine https://t.co/ArpRG0f7JG",139,0,1.28e+18,chatgptaibot,1.63e+18,Thu Feb 23 23:52:43 +0000 2023,2023/2/23 23:52,1,0,0,https://twitter.com/chatgptaibot/status/1628905725282877442,1,91050
95861,"TOP 10
#BTC #bsc #BUSD #Crypto #XRP #cryptoart #art #DeFi #Matic #stocks #altcoin #ETH #AVAX #web3 #Tsla #Airdrop #Binance #Cardano #ADA #Twitter #ElonMusk #NFT #BNB #NFTs #Doge #CRO #USA #AI #hodl #DC #USDT #SOL #SHIB #USDC #CHATGPT #FTX #FTT #DOT #SAFEMOON #LINK #EUR #CHZ $META https://t.co/SeQMvQDEAG",305,0,1.36e+18,bgm_fx,1.63e+18,Mon Feb 27 17:09:08 +0000 2023,2023/2/27 17:09,7,0,5,https://twitter.com/bgm_fx/status/1630253712164679680,12,95862
