,full_text,text_length,at_num,user_id_str,screen_name,id_str,created_at,publish_time,favorite_count,retweet_count,reply_count,tweet_url,total_heat,tt
6376,"#Microsoft, ick h??r dir trapsen! Bringt der Konzern #ChatGPT zu #Bing, #Word, #PowerPoint und #Outlook? 

So ist der Stand. https://t.co/NF6m4b667y via @OnlineMarktn_de",171,1,2364338814.0,Zielbar_DE,1.61e+18,Mon Jan 09 11:26:07 +0000 2023,2023/1/9 11:26,0,1,0,https://twitter.com/Zielbar_DE/status/1612410386354946049,1,6377
43970,"While #GPT4 is to be integrated in Microsoft's #Bing, #Google announced a #search and artificial intelligence event next week a   ???
https://t.co/ggx3ccfL8z #ChatGPT #AI https://t.co/DyF0i4t9M2",195,0,275747095.0,BrainEspresso,1.62e+18,Fri Feb 03 12:05:10 +0000 2023,2023/2/3 12:05,0,0,0,https://twitter.com/BrainEspresso/status/1621479909393588224,0,43971
60835,"e?  ?Apfelplausch 278: #iphone15ultra | Mac Ger??chte | #Bing, #ChatGPT und #Google sowie jede Menge Apple News der Woche.

@LukiApple und @Expr3ssionist freuen sich auf euch.

https://t.co/82yc3voERU",204,2,1.04e+18,apfelplausch,1.62e+18,Thu Feb 09 19:58:47 +0000 2023,2023/2/9 19:58,3,1,0,https://twitter.com/apfelplausch/status/1623773427361259520,4,60836
71890,"After #ChatGPT announced a paid subscription and that #Microsoft is currently looking into integrating the platform into #Bing, #Google announced theya??re working on a similar platform called #Bard. But how will they monitise it?

#WhyMatters #DigitalMarketing #Marketing https://t.co/MdMp8SOgU1",298,0,1.35e+18,WhyMatters3,1.63e+18,Mon Feb 13 13:16:10 +0000 2023,2023/2/13 13:16,1,0,0,https://twitter.com/WhyMatters3/status/1625121654153134080,1,71891
77448,"Sur #Bing, #ChatGPT pique des crises, exige des excuses et d??clare sa flamme ?? un internautea?| https://t.co/fAQEWijrwx",121,0,18451036.0,01net,1.63e+18,Wed Feb 15 10:16:06 +0000 2023,2023/2/15 10:16,12,3,0,https://twitter.com/01net/status/1625801117371179010,15,77449
86782,"""e???Just in!e??? Our latest blog post covers the hottest #cloud and #AI news of the last 24 hours, featuring updates from #Bing, #ChatGPT, and #HuggingFace. Stay on top of the game and check it out now! #technews #machinelearning #deeplearning""
https://t.co/kmj4paEGIh",270,0,1.52e+18,cybernotdienst,1.63e+18,Thu Feb 23 10:40:45 +0000 2023,2023/2/23 10:40,0,0,0,https://twitter.com/cybernotdienst/status/1628706422601965570,0,86783
95216,"ChatGPT, #Bing, #DALLE: #AI comes for the #creative class 

https://t.co/YPvn7tcfka

#ArtificialIntelligence #GenerativeAI #chatgpt #AGI #MachineLearning #DeepLearning https://t.co/LNHEbaHB2E",195,0,82070318.0,aneesmerchant,1.63e+18,Mon Feb 27 15:30:05 +0000 2023,2023/2/27 15:30,0,0,0,https://twitter.com/aneesmerchant/status/1630228784824582145,0,95217
