,full_text,text_length,at_num,user_id_str,screen_name,id_str,created_at,publish_time,favorite_count,retweet_count,reply_count,tweet_url,total_heat,tt
27000,"We see a lot of people using #ChatGPT to draft privacy notices. e?  ?a?????

Ironically, the data-scraping model @OpenAI's chatbot is based on raises many questions regarding data protection. #DataPrivacyWeek #GDPR #CCPA @alexanderhanff @DHillemann @kuriharan

https://t.co/7cqVM0xZ8H",288,4,391954131.0,kpoireault,1.62e+18,Fri Jan 27 14:23:15 +0000 2023,2023/1/27 14:23,6,3,0,https://twitter.com/kpoireault/status/1618977943635783681,9,27001
27080,"RT @kpoireault: We see a lot of people using #ChatGPT to draft privacy notices. e?  ?a?????

Ironically, the data-scraping model @OpenAI's chatbot is based on raises many questions regarding data protection. #DataPrivacyWeek #GDPR #CCPA @alexanderhanff @DHila?| https://t.co/Mxo4RDPIOO",287,4,1663314774.0,PCDUE,1.62e+18,Fri Jan 27 14:47:44 +0000 2023,2023/1/27 14:47,1,0,0,https://twitter.com/PCDUE/status/1618984104862547969,1,27081
28150,"#ChatGPT's Data-Scraping Model Under Scrutiny From #Privacy Experts

#GDPR #lawtwitter 
https://t.co/QTeNTk124B",114,0,1.59e+18,MooresLex,1.62e+18,Fri Jan 27 21:42:34 +0000 2023,2023/1/27 21:42,0,0,0,https://twitter.com/MooresLex/status/1619088503022698497,0,28151
29519,"#privacy #internet #surveillance #FreedomOfSpeech #censorship #GDPR #EU #ChatGPT We are living in a time where the governments will tell us what we a??shoulda?? (read-MUST) eat, where we a??shoulda?? shop and how to live. It has started with Covid to test human limits and mass-reaction.",287,0,436985202.0,mrwavibor,1.62e+18,Sun Jan 29 14:22:36 +0000 2023,2023/1/29 14:22,0,0,1,https://twitter.com/mrwavibor/status/1619702554614726656,1,29520
30486,"https://t.co/BbeXdiU7WV

#ChatGPT #GDPR #dataprotection #DataPrivacyDay",73,0,36375174.0,imps7,1.62e+18,Sun Jan 29 22:46:02 +0000 2023,2023/1/29 22:46,0,0,0,https://twitter.com/imps7/status/1619829249321607168,0,30487
35885,"Text pattern analysis May never be fully precise. The only way to know for sure if some text was #AI generated is by asking the company who made the tool e?|?

@openAI could check #chatGPT e???e??? but that would be #creepy and would violate #privacy regulations (#GDPR #CPRA etc)",282,1,87026417.0,tuliodaza,1.62e+18,Wed Feb 01 08:57:42 +0000 2023,2023/2/1 8:57,2,1,0,https://twitter.com/tuliodaza/status/1620707953937637376,3,35886
36611,The Rise of Artificial Intelligence #GDPR #AI #privacy #ChatGPT https://t.co/Iyidfws76u,87,0,1.32e+18,ActNowTraining,1.62e+18,Wed Feb 01 11:29:44 +0000 2023,2023/2/1 11:29,0,0,0,https://twitter.com/ActNowTraining/status/1620746216068845568,0,36612
36682,My latest blog post below. This story on @BBCr4today considers moral questions on use of AI in media.  #GDPR #AI #privacy #ChatGPT #deepfakes https://t.co/nFtOGkfXC8,165,1,68410433.0,IbrahimH_Lawyer,1.62e+18,Wed Feb 01 11:44:58 +0000 2023,2023/2/1 11:44,0,0,0,https://twitter.com/IbrahimH_Lawyer/status/1620750047599276032,0,36683
37101,#GDPR #AI #ChatGPT  https://t.co/lVznCAHvGB,43,0,68410433.0,IbrahimH_Lawyer,1.62e+18,Wed Feb 01 12:59:58 +0000 2023,2023/2/1 12:59,0,0,0,https://twitter.com/IbrahimH_Lawyer/status/1620768925674868738,0,37102
38334,"While ChatGPT provides a glimpse into the future of how we interact with technology and automate tasks, it also comes with some drawbacks and concerns. 
More here in this article from @avast:
https://t.co/ZjgjKm43Vf

#dataprivacy #ChatGPT #AI #machinelearning #GDPR #CCPA",275,1,1.5e+18,KnowledgePG,1.62e+18,Wed Feb 01 15:58:22 +0000 2023,2023/2/1 15:58,2,1,0,https://twitter.com/KnowledgePG/status/1620813820884287489,3,38335
44779,"Subscribe and follow for daily #cybersecurity and #opensource news wherever you listen to podcasts https://t.co/pARKaduMeH 

@Edkwan @OlimpiuPop @K80cb @eusp #changeyourpasswordday #GDPR #ChatGPT #Prilex #Cisco 
https://t.co/K69PNxN8NC https://t.co/vikaBfgBUA",262,4,1.59e+18,Its505pm,1.62e+18,Fri Feb 03 14:01:01 +0000 2023,2023/2/3 14:01,2,0,0,https://twitter.com/Its505pm/status/1621509062767661056,2,44780
52219,"Watch our new film going live now on the legal aspects of #AI, #chatbots &amp; #ChatGPT https://t.co/depuXB9h8H #GDPR #privacy #law",131,0,137295661.0,armstrongjp,1.62e+18,Tue Feb 07 08:57:00 +0000 2023,2023/2/7 8:57,1,1,0,https://twitter.com/armstrongjp/status/1622882105100484608,2,52220
52231,"Watch our new film out now with @armstrongjp chatting with Eric Sinrod on the legal aspects of #AI, #chatbots &amp; #ChatGPT https://t.co/M1axE6Unok #GDPR #privacy #law #discrimination",184,1,1565361547.0,CorderyUK,1.62e+18,Tue Feb 07 08:58:00 +0000 2023,2023/2/7 8:58,0,1,0,https://twitter.com/CorderyUK/status/1622882357052116995,1,52232
57842,"Watch our new film on the legal aspects of #AI, #chatbots &amp; #ChatGPT https://t.co/depuXB9h8H #GDPR #privacy #law #discrimination",132,0,137295661.0,armstrongjp,1.62e+18,Tue Feb 07 18:25:00 +0000 2023,2023/2/7 18:25,1,0,0,https://twitter.com/armstrongjp/status/1623025046951456768,1,57843
58036,"Watch today's new film with @armstrongjp chatting with Eric Sinrod on the legal aspects of #AI, #chatbots &amp; #ChatGPT https://t.co/M1axE6Unok #GDPR #privacy #law #discrimination",180,1,1565361547.0,CorderyUK,1.62e+18,Tue Feb 07 18:41:00 +0000 2023,2023/2/7 18:41,1,0,0,https://twitter.com/CorderyUK/status/1623029073587961856,1,58037
67068,"Watch our new film on the legal aspects of #AI, #chatbots &amp; #ChatGPT https://t.co/depuXB9h8H #GDPR #privacy #law #discrimination",132,0,137295661.0,armstrongjp,1.62e+18,Sat Feb 11 18:26:00 +0000 2023,2023/2/11 18:26,1,1,0,https://twitter.com/armstrongjp/status/1624474849992404992,2,67069
94333,The latest Everything #Compliance #podcast with @tfoxlaw looks at #chatbots including #ChatGPT &amp; #ReplikaAI https://t.co/bzyO1DPp8t #GDPR #dataprotection,157,1,137295661.0,armstrongjp,1.63e+18,Mon Feb 27 13:16:00 +0000 2023,2023/2/27 13:16,0,0,1,https://twitter.com/armstrongjp/status/1630195042148024323,1,94334
