,full_text,text_length,at_num,user_id_str,screen_name,id_str,created_at,publish_time,favorite_count,retweet_count,reply_count,tweet_url,total_heat,tt
91233,Halaat BADLOe??   #success  #rawalpindi #checkdm  #ChatGPT  #Lahore  #karachi https://t.co/AYr0RHwfPX,101,0,1.62e+18,AwamiCatalyst,1.63e+18,Sat Feb 25 22:29:05 +0000 2023,2023/2/25 22:29,0,0,0,https://twitter.com/AwamiCatalyst/status/1629609453875257344,0,91234
91242,Middle Class mee???a?  ???#success  #rawalpindi #checkdm  #ChatGPT  #Lahore  #karachi #islamabad https://t.co/sdeHolVkSL,120,0,1.62e+18,AwamiCatalyst,1.63e+18,Sat Feb 25 22:31:44 +0000 2023,2023/2/25 22:31,0,0,0,https://twitter.com/AwamiCatalyst/status/1629610123135193088,0,91243
91247,Middle Class mee???a?  ???#success  #rawalpindi #checkdm  #ChatGPT  #Lahore  #karachi #islamabad https://t.co/OdW2phdX1n,120,0,1.62e+18,AwamiCatalyst,1.63e+18,Sat Feb 25 22:33:14 +0000 2023,2023/2/25 22:33,0,0,0,https://twitter.com/AwamiCatalyst/status/1629610500119236608,0,91248
91251,Middle Class mee???a?  ???#success  #rawalpindi #checkdm  #ChatGPT  #Lahore  #karachi #islamabad https://t.co/xr4Hnx4Fzq,120,0,1.62e+18,AwamiCatalyst,1.63e+18,Sat Feb 25 22:34:35 +0000 2023,2023/2/25 22:34,1,0,0,https://twitter.com/AwamiCatalyst/status/1629610838872195072,1,91252
91257,Second Nature Change Karoe??  #success  #rawalpindi #checkdm  #ChatGPT  #Lahore  #karachi #islamabad https://t.co/SpRcxDFPzQ,124,0,1.62e+18,AwamiCatalyst,1.63e+18,Sat Feb 25 22:36:26 +0000 2023,2023/2/25 22:36,0,0,0,https://twitter.com/AwamiCatalyst/status/1629611303705931776,0,91258
