,full_text,text_length,at_num,user_id_str,screen_name,id_str,created_at,publish_time,favorite_count,retweet_count,reply_count,tweet_url,total_heat,tt
49891,"Video : #DataEnrichment | use cases for #LocationIntelligence e??? e??? e??? - https://t.co/Fqx5t71GXE e???e??? See the ad, select the #CompanyLogoAPI that does what  #chatGPT cannot do #logoAPI https://t.co/W5c6FWwWfa",218,0,235439535.0,RiteKitAPI,1.62e+18,Tue Feb 07 04:06:06 +0000 2023,2023/2/7 4:06,0,0,0,https://twitter.com/RiteKitAPI/status/1622808897877856257,0,49892
56608,"#Video: Introduction to TSO's #DataEnrichment Service -- DES e??? e??? - https://t.co/mtjM20Wrb1 e???e??? See the ad, select the #CompanyLogoAPI that does what  #chatGPT cannot do #logoAPI https://t.co/pHcpaM3Qr8",212,0,3004245990.0,ScrapeLogo,1.62e+18,Tue Feb 07 16:09:04 +0000 2023,2023/2/7 16:09,0,0,0,https://twitter.com/ScrapeLogo/status/1622990841039003651,0,56609
57674,"#Video: Easy #DataEnrichment in #Salesforce - with #PipeLaunch! e??? e??? - https://t.co/uCL6E3yhep e???e??? See the ad, select the #CompanyLogoAPI that does what  #chatGPT cannot do #logoAPI https://t.co/RTyEaANQ8t",215,0,3004245990.0,ScrapeLogo,1.62e+18,Tue Feb 07 18:09:04 +0000 2023,2023/2/7 18:09,1,0,0,https://twitter.com/ScrapeLogo/status/1623021039633502227,1,57675
58366,"#Video: What is #DataEnrichment? And how will it help your sales team close deals faster? e??1 e??   e??? e??? e??   a?? - https://t.co/yi8QswPzRi e???e??? See the ad, select the #CompanyLogoAPI that does what  #chatGPT cannot do #logoAPI https://t.co/gSIvrisdqD",262,0,3004245990.0,ScrapeLogo,1.62e+18,Tue Feb 07 19:12:04 +0000 2023,2023/2/7 19:12,0,0,0,https://twitter.com/ScrapeLogo/status/1623036892122910731,0,58367
63313,"#Video: What is #DataEnrichment? And how will it help your sales team close deals faster? e??1 e??   e??? e??? e??   a?? - https://t.co/CQHZPfy1Ek e???e??? See the ad, select the #CompanyLogoAPI that does what  #chatGPT cannot do #logoAPI https://t.co/qRmsZR3COT",262,0,235439535.0,RiteKitAPI,1.62e+18,Sat Feb 11 06:02:04 +0000 2023,2023/2/11 6:02,1,0,0,https://twitter.com/RiteKitAPI/status/1624287633663840257,1,63314
66983,"Video : #DataEnrichment | use cases for #LocationIntelligence e??? e??? e??? - https://t.co/RgcsjrJX3M e???e??? See the ad, select the #CompanyLogoAPI that does what  #chatGPT cannot do https://t.co/YFj8WfoyNF",209,0,3004245990.0,ScrapeLogo,1.62e+18,Sat Feb 11 18:09:04 +0000 2023,2023/2/11 18:09,0,0,0,https://twitter.com/ScrapeLogo/status/1624470590106087426,0,66984
73084,"#Video: How to Unlock The Power of Analytics Through #DataEnrichmente??? e??1 e??? e??? - https://t.co/WN8lSiBhDr e???e??? See the ad, select the #CompanyLogoAPI that does what  #chatGPT cannot do #logoAPI https://t.co/MxoaecTC4x",229,0,3004245990.0,ScrapeLogo,1.63e+18,Mon Feb 13 16:09:04 +0000 2023,2023/2/13 16:09,0,0,0,https://twitter.com/ScrapeLogo/status/1625165166785486850,0,73085
74156,"Video : #DataEnrichment | use cases for #LocationIntelligence e??? e??? e??? - https://t.co/RgcsjrJX3M e???e??? See the ad, select the #CompanyLogoAPI that does what  #chatGPT cannot do https://t.co/vkXWsRo81X",209,0,3004245990.0,ScrapeLogo,1.63e+18,Mon Feb 13 19:12:04 +0000 2023,2023/2/13 19:12,1,0,0,https://twitter.com/ScrapeLogo/status/1625211218754474004,1,74157
74802,"Video : #DataEnrichment | use cases for #LocationIntelligence e??? e??? e??? - https://t.co/wnvb6bzViD e???e??? See the ad, select the #CompanyLogoAPI that does what  #chatGPT cannot do https://t.co/EjaFTGHDqV",209,0,235439535.0,RiteKitAPI,1.63e+18,Mon Feb 13 21:20:08 +0000 2023,2023/2/13 21:20,0,0,0,https://twitter.com/RiteKitAPI/status/1625243447882838023,0,74803
78251,"Video : #DataEnrichment #NowAvailable for Marketo! e??? e??? - https://t.co/gDru9G3htS e???e??? See the ad, select the #CompanyLogoAPI that does what  #chatGPT cannot do #logoAPI https://t.co/av1d0Pkz9h",202,0,235439535.0,RiteKitAPI,1.63e+18,Wed Feb 15 12:40:07 +0000 2023,2023/2/15 12:40,0,0,0,https://twitter.com/RiteKitAPI/status/1625837356363272192,0,78252
79753,"#Video: How to Unlock The Power of Analytics Through #DataEnrichmente??? e??1 e??? e??? - https://t.co/pZiDxocPxd e???e??? See the ad, select the #CompanyLogoAPI that does what  #chatGPT cannot do https://t.co/4zNVqN31lQ",220,0,3004245990.0,ScrapeLogo,1.63e+18,Wed Feb 15 16:09:04 +0000 2023,2023/2/15 16:09,0,0,0,https://twitter.com/ScrapeLogo/status/1625889943586217985,0,79754
80434,"#Video: Easy #DataEnrichment in #Salesforce - with #PipeLaunch! e??? e??? - https://t.co/iSmHTle2VQ e???e??? See the ad, select the #CompanyLogoAPI that does what  #chatGPT cannot do https://t.co/0Uwi3jOklp",206,0,3004245990.0,ScrapeLogo,1.63e+18,Wed Feb 15 18:09:05 +0000 2023,2023/2/15 18:09,0,0,0,https://twitter.com/ScrapeLogo/status/1625920147637542914,0,80435
81584,"Video : #DataEnrichment Tool in #Prospecting Toolkit e??1 e??? - https://t.co/dboCOk0258 #Tools e???e??? See the ad, select the #CompanyLogoAPI that does what  #chatGPT cannot do https://t.co/YB17fiIHCc",202,0,3004245990.0,ScrapeLogo,1.63e+18,Wed Feb 15 22:02:04 +0000 2023,2023/2/15 22:02,0,0,0,https://twitter.com/ScrapeLogo/status/1625978779742138368,0,81585
83345,"#Video: SalesIntel's #DataEnrichment for Salesforce e??1 e??? - https://t.co/qGGtRtICH5 e???e??? See the ad, select the #CompanyLogoAPI that does what  #chatGPT cannot do #logoAPI https://t.co/90MmOtYJ55",203,0,3004245990.0,ScrapeLogo,1.63e+18,Tue Feb 21 19:12:03 +0000 2023,2023/2/21 19:12,0,0,0,https://twitter.com/ScrapeLogo/status/1628110320756457500,0,83346
83952,"Video : #DataEnrichment #NowAvailable for Marketo! e??? e??? - https://t.co/9pRNNyfV2i e???e??? See the ad, select the #CompanyLogoAPI that does what  #chatGPT cannot do https://t.co/HljBHD0azO",193,0,235439535.0,RiteKitAPI,1.63e+18,Tue Feb 21 21:20:07 +0000 2023,2023/2/21 21:20,0,0,0,https://twitter.com/RiteKitAPI/status/1628142548198850563,0,83953
84113,"#Video: SalesIntel's #DataEnrichment for Salesforce e??1 e??? - https://t.co/fFmnMHzSHl e???e??? See the ad, select the #CompanyLogoAPI that does what  #chatGPT cannot do https://t.co/gapmg95Scu",194,0,3004245990.0,ScrapeLogo,1.63e+18,Tue Feb 21 22:02:04 +0000 2023,2023/2/21 22:02,0,0,0,https://twitter.com/ScrapeLogo/status/1628153105853341697,0,84114
85998,"Video : #DataEnrichment for #FraudPrevention and Detection - How Does it Work? e??? e??1 e??? - https://t.co/n1NhxZMppF e???e??? See the ad, select the #CompanyLogoAPI that does what  #chatGPT cannot do #logoAPI https://t.co/jD6HsCDoMg",235,0,235439535.0,RiteKitAPI,1.63e+18,Thu Feb 23 08:20:07 +0000 2023,2023/2/23 8:20,0,0,1,https://twitter.com/RiteKitAPI/status/1628671030842609666,1,85999
86114,"#Video: Remote #WorkFromHome Jobs Full Time | Data Enrichment Agent 100 % Remote Work From Home e??? e???a??e??  a??e??| e??? - https://t.co/xr2s9tsmKR e???e??? See the ad, select the #CompanyLogoAPI that does what  #chatGPT cannot do https://t.co/8W8o7A56bB",258,0,3004245990.0,ScrapeLogo,1.63e+18,Thu Feb 23 08:43:04 +0000 2023,2023/2/23 8:43,0,0,0,https://twitter.com/ScrapeLogo/status/1628676807414231041,0,86115
89970,"#Video: What is #DataEnrichment? And how will it help your sales team close deals faster? e??1 e??   e??? e??? e??   a?? - https://t.co/qGRHpctutq e???e??? See the ad, select the #CompanyLogoAPI that does what  #chatGPT cannot do https://t.co/aTPFga2xrx",253,0,3004245990.0,ScrapeLogo,1.63e+18,Thu Feb 23 19:12:04 +0000 2023,2023/2/23 19:12,0,0,0,https://twitter.com/ScrapeLogo/status/1628835098727485442,0,89971
90472,"Video : #DataEnrichment | use cases for #LocationIntelligence e??? e??? e??? - https://t.co/bNNHzItyHb e???e??? See the ad, select the #CompanyLogoAPI that does what  #chatGPT cannot do #logoAPI https://t.co/nT8NuR00Vs",218,0,3004245990.0,ScrapeLogo,1.63e+18,Thu Feb 23 21:16:04 +0000 2023,2023/2/23 21:16,0,0,0,https://twitter.com/ScrapeLogo/status/1628866302923231233,0,90473
90489,"#Video: #ContactDataEnrichment - UpLead e??1 e??? - https://t.co/HJldajxApP e???e??? See the ad, select the #CompanyLogoAPI that does what  #chatGPT cannot do #logoAPI https://t.co/POgw5cOa7T",191,0,235439535.0,RiteKitAPI,1.63e+18,Thu Feb 23 21:20:06 +0000 2023,2023/2/23 21:20,0,0,1,https://twitter.com/RiteKitAPI/status/1628867320834670596,1,90490
92165,"#Video: What is #DataEnrichment? And how will it help your sales team close deals faster? e??? e??2 e??? e??? e??   e??   - https://t.co/CQHZPfy1Ek e???e??? See the ad, select the #CompanyLogoAPI that does what  #chatGPT cannot do https://t.co/R9OtJQKpAC",254,0,235439535.0,RiteKitAPI,1.63e+18,Mon Feb 27 04:06:05 +0000 2023,2023/2/27 4:06,0,0,0,https://twitter.com/RiteKitAPI/status/1630056650429067266,0,92166
97137,"#Video: How to Use SalesIntel's #DataEnrichment e??? e??? e??? - https://t.co/9L4XDuqgV2 e???e??? See the ad, select the #CompanyLogoAPI that does what  #chatGPT cannot do https://t.co/9wbld6eNL6",195,0,3004245990.0,ScrapeLogo,1.63e+18,Mon Feb 27 22:02:04 +0000 2023,2023/2/27 22:02,0,0,0,https://twitter.com/ScrapeLogo/status/1630327431914483712,0,97138
