,full_text,text_length,at_num,user_id_str,screen_name,id_str,created_at,publish_time,favorite_count,retweet_count,reply_count,tweet_url,total_heat,tt
5825,"Edward Tian created a website that can detect if a piece of writing has been created using the #AI tool #ChatGPT.e?  ?

What do you think? Was it necessary at the time of the fast-paced rising of #AIGenerative tools?

#ArtificialIntelligence #GPT3 #AINews

https://t.co/EYbUptvyn4",286,0,8.08e+17,SwissCognitive,1.61e+18,Mon Jan 09 04:50:11 +0000 2023,2023/1/9 4:50,13,8,0,https://twitter.com/SwissCognitive/status/1612310745428987904,21,5826
23683,"According to information coming from the service itself, #AI tool #ChatGPT gained one million users just five days after launching. The conversational AI bot has been put to all kind of uses, from writing short stories to solving math problems and doing translations",266,0,499584878.0,StatistaCharts,1.62e+18,Wed Jan 25 14:00:31 +0000 2023,2023/1/25 14:00,89,29,0,https://twitter.com/StatistaCharts/status/1618247445397266433,118,23684
27482,"#AI tool #ChatGPT gained 1 million users just 5 days after launching. Conversational AI bot has been put to all kind of uses, from writing short stories to solving math problems, doing translations https://t.co/tuGD0trBIW by @StatistaCharts @IanLJones98 @alvinfoo @psb_dc https://t.co/kYlqOtWAYY",295,4,93417622.0,MHcommunicate,1.62e+18,Fri Jan 27 16:56:33 +0000 2023,2023/1/27 16:56,25,20,3,https://twitter.com/MHcommunicate/status/1619016524110647296,48,27483
40700,"""NYC public #schools poised to reverse ban on controversial #AI tool #ChatGPT"": https://t.co/hOQNjjDqEr #ethics #tech #education #gov",133,0,1072508497.0,IEthics,1.62e+18,Wed Feb 01 22:14:25 +0000 2023,2023/2/1 22:14,1,1,0,https://twitter.com/IEthics/status/1620908456499888137,2,40701
56334,"Now another #chatgpt is coming... 
Google announced about its new #AI tool #BARD
Check it out here https://t.co/GUiUHUuUkr
#GoogleAI #Google",143,0,1.52e+18,navdiya_nikunj,1.62e+18,Tue Feb 07 15:42:08 +0000 2023,2023/2/7 15:42,5,0,0,https://twitter.com/navdiya_nikunj/status/1622984061001269248,5,56335
62439,#AI tool #ChatGPT gained one million users just five days after launching in November of last year. #technology https://t.co/DLTXzrifVm,135,0,1.2e+18,CGTNGraphics,1.62e+18,Sat Feb 11 02:16:45 +0000 2023,2023/2/11 2:16,1,0,0,https://twitter.com/CGTNGraphics/status/1624230933535797250,1,62440
