,full_text,text_length,at_num,user_id_str,screen_name,id_str,created_at,publish_time,favorite_count,retweet_count,reply_count,tweet_url,total_heat,tt
33696,"Check out the 2023 industry outlook from my colleague, Conor McKechnie, and his new friend - #ChatGPT.  Exciting growth in #regenerativemedicines and enhanced #biopharma applications for #AI are just some of the highlights. 

Read the full article here: https://t.co/J4T3KEtZ4p https://t.co/ViyKbaSr7i",303,0,55107752.0,DeepuJosephV,1.62e+18,Tue Jan 31 22:15:58 +0000 2023,2023/1/31 22:15,0,0,0,https://twitter.com/DeepuJosephV/status/1620546458729447424,0,33697
35641,"Check out the 2023 industry outlook from my colleague, Conor McKechnie, and his new friend - #ChatGPT.  Exciting growth in #regenerativemedicines and enhanced #biopharma applications for #AI are just some of the highlights. 

Read the full article here: https://t.co/oAYzvsnycV https://t.co/0xCbyVu4It",303,0,136898060.0,robkotwal,1.62e+18,Wed Feb 01 08:02:29 +0000 2023,2023/2/1 8:02,0,0,0,https://twitter.com/robkotwal/status/1620694059886018560,0,35642
37535,"Check out the 2023 industry outlook from my colleague, Conor McKechnie, and his new friend - #ChatGPT.  Exciting growth in #regenerativemedicines and enhanced #biopharma applications for #AI are just some of the highlights. 

Read the full article here: https://t.co/htxn3nCbDc https://t.co/IMC9qJO0C4",303,0,1.4e+18,Gerardocytiva,1.62e+18,Wed Feb 01 14:00:58 +0000 2023,2023/2/1 14:00,0,0,0,https://twitter.com/Gerardocytiva/status/1620784276290543620,0,37536
47736,"Check out the 2023 industry outlook from my colleague, Conor McKechnie, and his new friend - #ChatGPT.  Exciting growth in #regenerativemedicines and enhanced #biopharma applications for #AI are just some of the highlights. 

Read the full article here: https://t.co/ltYoOBolIR https://t.co/PI2U5m7E3R",303,0,1281114416.0,iFayram,1.62e+18,Fri Feb 03 22:07:50 +0000 2023,2023/2/3 22:07,0,0,0,https://twitter.com/iFayram/status/1621631574746845186,0,47737
65604,"Check out the 2023 industry outlook from my colleague, Conor McKechnie, and his new friend - #ChatGPT.  Exciting growth in #regenerativemedicines and enhanced #biopharma applications for #AI are just some of the highlights. 

Read the full article here: https://t.co/uvgymqXffu https://t.co/PRIyUsUQVK",303,0,1.4e+18,Gerardocytiva,1.62e+18,Sat Feb 11 14:00:58 +0000 2023,2023/2/11 14:00,0,0,0,https://twitter.com/Gerardocytiva/status/1624408152606228484,0,65605
