,full_text,text_length,at_num,user_id_str,screen_name,id_str,created_at,publish_time,favorite_count,retweet_count,reply_count,tweet_url,total_heat,tt
52472,"The famous Turkish chef Burak sets out on the first convoy to the earthquake-stricken areas in Turkey e??1e??  
 #Turkey On The Massive #earthquake #Syria &amp; #Lebanon
#PrayForTurkey #ChatGPT #PervaizElahi #Lahore, #IsraeliTerrorism #ManchesterCity #MuslimUmmah #Powerful7_8 https://t.co/iESg8HqIBy",302,0,1.38e+18,VoiceBengali71,1.62e+18,Tue Feb 07 09:20:56 +0000 2023,2023/2/7 9:20,348,38,6,https://twitter.com/VoiceBengali71/status/1622888128200720385,392,52473
52594,"The famous Turkish chef Burak announced that it will give free meals at its restaurants in Hatay and Antep 
e??1e??   #deprem
 #Turkey On The Massive #earthquake #Syria &amp; #Lebanon
#PrayForTurkey #ChatGPT #PervaizElahi #Lahore, #IsraeliTerrorism #ManchesterCity #MuslimUmmah #Powerful7_8 https://t.co/P38ObMx7Ag",317,0,1.38e+18,VoiceBengali71,1.62e+18,Tue Feb 07 09:31:37 +0000 2023,2023/2/7 9:31,194,37,2,https://twitter.com/VoiceBengali71/status/1622890816787083266,233,52595
52620,"The only surviving child among his family members who perished as a result of the earthquake in northern #Syria  #deprem
 #Turkey On The Massive #earthquake #Syria &amp; #Lebanon
#PrayForTurkey #ChatGPT #PervaizElahi #Lahore, #IsraeliTerrorism #ManchesterCity #MuslimUmmah #BBTitans https://t.co/qukyZQIyGi",308,0,1.38e+18,VoiceBengali71,1.62e+18,Tue Feb 07 09:34:42 +0000 2023,2023/2/7 9:34,126,22,12,https://twitter.com/VoiceBengali71/status/1622891593777942528,160,52621
52788,"The famous Turkish chef Burak sets out on the first convoy to the earthquake-stricken areas in Turkey e??1e??  
 #Turkey On The Massive #earthquake #Syria &amp; #Lebanon
#PrayForTurkey #ChatGPT #PervaizElahi #Lahore, #IsraeliTerrorism #ManchesterCity #MuslimUmmah #Powerful7_8 https://t.co/JrhnKFcm4o",302,0,1.49e+18,nikkhilnayan,1.62e+18,Tue Feb 07 09:52:23 +0000 2023,2023/2/7 9:52,3,0,1,https://twitter.com/nikkhilnayan/status/1622896043460542464,4,52789
52943,"The famous Turkish chef Burak announced that it will give free meals at its restaurants in Hatay and Antep 
e??1e??   #deprem
 #Turkey On The Massive #earthquake #Syria &amp; #Lebanon
#PrayForTurkey #ChatGPT #PervaizElahi #Lahore, #IsraeliTerrorism #ManchesterCity #MuslimUmmah #Powerful7_8b https://t.co/iWUsPaOMWJ",318,0,1.26e+18,MohdAhtishamAh1,1.62e+18,Tue Feb 07 10:07:01 +0000 2023,2023/2/7 10:07,6,3,1,https://twitter.com/MohdAhtishamAh1/status/1622899724897652738,10,52944
