,full_text,text_length,at_num,user_id_str,screen_name,id_str,created_at,publish_time,favorite_count,retweet_count,reply_count,tweet_url,total_heat,tt
21191,#Microsoft confirms a??multibillion-dollar investmenta?? in #ChatGPT maker #OpenAI making its biggest bet yet that #ArtificialIntelligence systems have the power to transform the tech gianta??s business model and products https://t.co/jcV3IcMnLz #DigitalTransformation,268,0,253615321.0,AlexWitzleben,1.62e+18,Mon Jan 23 17:47:11 +0000 2023,2023/1/23 17:47,2,3,1,https://twitter.com/AlexWitzleben/status/1617579711856803840,6,21192
34187,"e???a??e???#ChatGPT maker #OpenAI comes up with a way to check if text is human or synthetic e?  ? #GPTZero #GPT
https://t.co/kIMfO9wUxT",137,0,293589087.0,therunninglight,1.62e+18,Wed Feb 01 01:41:52 +0000 2023,2023/2/1 1:41,0,0,0,https://twitter.com/therunninglight/status/1620598272254709761,0,34188
37584,#ChatGPT maker #OpenAI releases a??not fully reliablea?? tool to detect #AI generated content | Artificial intelligence (AI) | The Guardian https://t.co/UJB5DUSbez,163,0,12790082.0,liekelamb,1.62e+18,Wed Feb 01 14:08:27 +0000 2023,2023/2/1 14:08,2,1,1,https://twitter.com/liekelamb/status/1620786156651544576,4,37585
44676,#ChatGPT maker #OpenAI comes up with a way to check if #text was written by a #human https://t.co/Vfc16AtJO7 #TechJunkieInvest #TechJunkieNews #ArtificialIntelligence https://t.co/TDf5i3oxX9,190,0,3064266184.0,techjunkiejh,1.62e+18,Fri Feb 03 13:47:02 +0000 2023,2023/2/3 13:47,1,0,0,https://twitter.com/techjunkiejh/status/1621505543415152640,1,44677
58947,#Microsoft unveiled a version of its Bing internet-search engine powered by the newest technology from #ChatGPT maker #OpenAI https://t.co/h7Eu6h8iiC via @technology,165,1,51363227.0,fsaleem__,1.62e+18,Tue Feb 07 20:17:50 +0000 2023,2023/2/7 20:17,0,0,0,https://twitter.com/fsaleem__/status/1623053444830629889,0,58948
59058,".@CNBC | #ChatGPT maker #OpenAI comes up with a way to check if #text was written by a #human  by @jordannovet

https://t.co/Y1dYDYkqAY 

#openai #OpenAIChatGPT #ArtificialIntelligence #technology #TechTuesday https://t.co/MluWh2D1mt",237,2,22873354.0,justinpowellweb,1.62e+18,Tue Feb 07 20:29:10 +0000 2023,2023/2/7 20:29,1,0,0,https://twitter.com/justinpowellweb/status/1623056296067866628,1,59059
85751,Former @Google $GOOGL workers are now employed by #ChatGPT maker #OpenAI.,73,1,1.47e+18,annukamble2022,1.63e+18,Thu Feb 23 07:29:00 +0000 2023,2023/2/23 7:29,0,1,0,https://twitter.com/annukamble2022/status/1628658164982849537,1,85752
