,full_text,text_length,at_num,user_id_str,screen_name,id_str,created_at,publish_time,favorite_count,retweet_count,reply_count,tweet_url,total_heat,tt
61422,"CIOs, CISOs y otros l?-deres de TI del Reino Unido creen que los estados extranjeros usan #ChatGPT maliciosamente. Sus sospechas son fundadas.?? https://t.co/aGKCiSO7Vm #email #hackers #iaconversacional #phishing",212,0,69326345.0,CIOAMERICALAT,1.62e+18,Thu Feb 09 21:56:50 +0000 2023,2023/2/9 21:56,1,1,0,https://twitter.com/CIOAMERICALAT/status/1623803132563148802,2,61423
62355,"CIOs, CISOs y otros l?-deres de TI del Reino Unido creen que los estados extranjeros usan #ChatGPT maliciosamente. Sus sospechas son fundadas.?? https://t.co/aGKCiSO7Vm #email #hackers #iaconversacional #phishing",212,0,69326345.0,CIOAMERICALAT,1.62e+18,Sat Feb 11 01:56:53 +0000 2023,2023/2/11 1:56,0,0,0,https://twitter.com/CIOAMERICALAT/status/1624225932356513796,0,62356
71731,"CIOs, CISOs y otros l?-deres de TI del Reino Unido creen que los estados extranjeros usan #ChatGPT maliciosamente. Sus sospechas son fundadas.?? https://t.co/aGKCiSO7Vm #email #hackers #iaconversacional #phishing",212,0,69326345.0,CIOAMERICALAT,1.63e+18,Mon Feb 13 12:56:54 +0000 2023,2023/2/13 12:56,0,0,0,https://twitter.com/CIOAMERICALAT/status/1625116804447195138,0,71732
80363,"CIOs, CISOs y otros l?-deres de TI del Reino Unido creen que los estados extranjeros usan #ChatGPT maliciosamente. Sus sospechas son fundadas.?? https://t.co/aGKCiSO7Vm #email #hackers #iaconversacional #phishing",212,0,69326345.0,CIOAMERICALAT,1.63e+18,Wed Feb 15 17:56:49 +0000 2023,2023/2/15 17:56,0,0,0,https://twitter.com/CIOAMERICALAT/status/1625917058406817794,0,80364
84081,"CIOs, CISOs y otros l?-deres de TI del Reino Unido creen que los estados extranjeros usan #ChatGPT maliciosamente. Sus sospechas son fundadas.?? https://t.co/aGKCiSO7Vm #email #hackers #iaconversacional #phishing",212,0,69326345.0,CIOAMERICALAT,1.63e+18,Tue Feb 21 21:56:50 +0000 2023,2023/2/21 21:56,0,0,0,https://twitter.com/CIOAMERICALAT/status/1628151786182701057,0,84082
