,full_text,text_length,at_num,user_id_str,screen_name,id_str,created_at,publish_time,favorite_count,retweet_count,reply_count,tweet_url,total_heat,tt
11733,"Agree.

Ai will not replace you.
A person using Ai will.

#Ai #ArtificialIntelligence #GenerativeAi #MidJourney #ChatGPT #MachineLearning #DeepLearning https://t.co/O1GCXQeMAi",180,0,2730759696.0,jonathan_aufray,1.61e+18,Fri Jan 13 12:13:01 +0000 2023,2023/1/13 12:13,3,2,1,https://twitter.com/jonathan_aufray/status/1613871736868552704,6,11734
45325,"StackOverflow and GitHub are getting outdated by the minute with the rise of ChatGPT and other Ai tools.

#Ai #ArtificialIntelligence #OpenAi #ChatGPT #GenerativeAi #MachineLearning https://t.co/GJHEHcCqy4",207,0,2730759696.0,jonathan_aufray,1.62e+18,Fri Feb 03 15:13:01 +0000 2023,2023/2/3 15:13,0,0,0,https://twitter.com/jonathan_aufray/status/1621527181212909568,0,45326
91364,Generative AI is Now Coming After Lawyers: https://t.co/0PP8YZMUmJ #GenerativeAi #AI #ArtificialIntelligence #Lawyers #Chatgpt,126,0,1.35e+18,AI_PlainEnglish,1.63e+18,Sat Feb 25 23:15:03 +0000 2023,2023/2/25 23:15,1,0,0,https://twitter.com/AI_PlainEnglish/status/1629621023363551235,1,91365
91846,Generative AI is Now Coming After Lawyers: https://t.co/0PP8YZMUmJ #GenerativeAi #AI #ArtificialIntelligence #Lawyers #Chatgpt,126,0,1.35e+18,AI_PlainEnglish,1.63e+18,Mon Feb 27 02:15:04 +0000 2023,2023/2/27 2:15,0,1,0,https://twitter.com/AI_PlainEnglish/status/1630028712753131520,1,91847
96862,"Lookout Dogs !
...
Mankind,  has a new best friend.

#ConversationalAi
#ChatGpt #Ai #Bard #Bing 
#GenerativeAi #Txt #EmbodiedAi https://t.co/wvDVagHui3",157,0,4828470319.0,ThisIsMeIn360VR,1.63e+18,Mon Feb 27 20:41:13 +0000 2023,2023/2/27 20:41,9,2,4,https://twitter.com/ThisIsMeIn360VR/status/1630307085618487297,15,96863
