,full_text,text_length,at_num,user_id_str,screen_name,id_str,created_at,publish_time,favorite_count,retweet_count,reply_count,tweet_url,total_heat,tt
84373,"AI software could make phishing emails even smarter. Researchers used ChatGPT to show how crooks might try to make scams more convincing. Never click a link in a suspect email

#PhishingScam #ChatGPT #CyberSecurity

https://t.co/JkT9eXavSR",243,0,1.57e+18,Bluehexnz,1.63e+18,Tue Feb 21 23:02:47 +0000 2023,2023/2/21 23:02,0,0,0,https://twitter.com/Bluehexnz/status/1628168383442083843,0,84374
86413,"e??  e???e???e???e???: (@philmuncaster via @InfosecurityMag) 

Phishing Sites and Apps Use ChatGPT as Lure.

Read Here: https://t.co/oevKkGPOWg

#ChatGPT #Phishing #PhishingScam #ChatGPTScam",196,2,376200768.0,Advent_IM,1.63e+18,Thu Feb 23 09:35:19 +0000 2023,2023/2/23 9:35,0,0,0,https://twitter.com/Advent_IM/status/1628689953902235650,0,86414
87141,"AI software could make phishing emails even smarter. Researchers used ChatGPT to show how crooks might try to make scams more convincing. Never click a link in a suspect email

#PhishingScam #ChatGPT #CyberSecurity #MSP #tech #security

https://t.co/FnXYDqnJQt",264,0,14480416.0,dialageek,1.63e+18,Thu Feb 23 11:44:00 +0000 2023,2023/2/23 11:44,0,0,0,https://twitter.com/dialageek/status/1628722337884573697,0,87142
87527,"AI software could make phishing emails even smarter - researchers have used ChatGPT to show how the technology can make scam emails more convincing. It's a reminder to never click a link in a suspect email. https://t.co/LBudkKfCaS
#PhishingScam #ChatGPT #CyberSecurity",269,0,118412056.0,officeanyplace,1.63e+18,Thu Feb 23 12:45:11 +0000 2023,2023/2/23 12:45,0,0,0,https://twitter.com/officeanyplace/status/1628737737070190594,0,87528
87587,"This is not the #ChatGPT you're looking for
|
https://t.co/H3KeCtuLr1
|
#Phishing #PhishingScam #InfoSec 
#Cybersecurity https://t.co/hzqJqBx7TJ",149,0,3055290779.0,CITechRPM,1.63e+18,Thu Feb 23 12:52:37 +0000 2023,2023/2/23 12:52,0,0,0,https://twitter.com/CITechRPM/status/1628739606769291265,0,87588
88301,"AI software could make phishing emails even smarter. Researchers used ChatGPT to show how crooks might try to make scams more convincing. Never click a link in a suspect email

#PhishingScam #ChatGPT... https://t.co/vnm4YWqeeE",228,0,1.41e+18,onit_ltd,1.63e+18,Thu Feb 23 14:38:03 +0000 2023,2023/2/23 14:38,0,0,0,https://twitter.com/onit_ltd/status/1628766141547008000,0,88302
