,full_text,text_length,at_num,user_id_str,screen_name,id_str,created_at,publish_time,favorite_count,retweet_count,reply_count,tweet_url,total_heat,tt
6085,"There's a catch, though. The bad guys have already started using it for malicious purposes.
@businessline #hackers #ChatGPT @RGVzoomin https://t.co/Bn3YqWIW4X",159,2,38145772.0,Kurmanath,1.61e+18,Mon Jan 09 08:28:14 +0000 2023,2023/1/9 8:28,1,0,1,https://twitter.com/Kurmanath/status/1612365619151749121,2,6086
10759,"2022 ended with two big bangs last year. The first was the #crypto implosion led by SBF's clumsy (or fraudulent) adventures. But equally loud was the entry of #ChatGPT into the public domain. https://t.co/RELVPVlxMP

#CDOTrends #publicdomain #cybercrime #hackers #cybersecurity https://t.co/IAylWahalg",303,0,9.72e+17,CDOTrends,1.61e+18,Fri Jan 13 01:30:07 +0000 2023,2023/1/13 1:30,0,0,1,https://twitter.com/CDOTrends/status/1613709947467960326,1,10760
13386,"2022 ended with two big bangs last year. The first was the #crypto implosion led by SBF's clumsy (or fraudulent) adventures. But equally loud was the entry of #ChatGPT into the public domain. https://t.co/RELVPVlxMP

#CDOTrends #publicdomain #cybercrime #hackers #cybersecurity https://t.co/P19cyxY5BX",303,0,9.72e+17,CDOTrends,1.61e+18,Sun Jan 15 03:32:05 +0000 2023,2023/1/15 3:32,0,0,0,https://twitter.com/CDOTrends/status/1614465417736511489,0,13387
15432,"Mindset also needs rebooting
Read more here: https://t.co/RELVPVlxMP

#CDOTrends #crypto #ChatGPT #publicdomain #cybercrime #hackers #hacking #cybersecurity https://t.co/xIgKO8U39B",183,0,9.72e+17,CDOTrends,1.62e+18,Tue Jan 17 05:36:05 +0000 2023,2023/1/17 5:36,0,0,0,https://twitter.com/CDOTrends/status/1615221399026540544,0,15433
15592,"It was probably even predicted that hackers could exploit it to create dangerous programmes, but it wasn't anticipated that they would succeed so quickly.

https://t.co/Yjju1dUypR
#technology #ChatGPT #openai #hackers #Russia #hacking #software #code #NewsUpdate #gotonews https://t.co/ey0lpE8dtW",299,0,1.37e+18,Gotonewsdotcom,1.62e+18,Tue Jan 17 06:56:49 +0000 2023,2023/1/17 6:56,0,0,0,https://twitter.com/Gotonewsdotcom/status/1615241718089252865,0,15593
16921,Russian hackers are trying to get the worst out of ChatGPT. Crooks are discussing bypassing protections using #chatGPT https://t.co/pTeE64CBA6 #hackers #Hacking #Hacked #Russia #CyberAttack #cybercrime #RussiaIsATerroristState,226,0,3191025717.0,DarrenEwers,1.62e+18,Tue Jan 17 15:35:00 +0000 2023,2023/1/17 15:35,0,0,0,https://twitter.com/DarrenEwers/status/1615372119616937985,0,16922
18981,#chatgpt #hackers #chatgpthackers #cyberattacks #phishing #socialengineering #credentialstuffing #protection #phishingscams #socialengineeringattacks #AI #modellanguagemodel #cybersecurity #openai #ai #cybercrime #cyberthreat #onlinesecurity #dataprotection #machinelearning,274,0,1.04e+18,stephenajulu,1.62e+18,Thu Jan 19 16:45:03 +0000 2023,2023/1/19 16:45,0,0,1,https://twitter.com/stephenajulu/status/1616114523953414157,1,18982
29634,I for one welcome our AI overlords.  #hacktheplanet #hackers #chatgpt https://t.co/hBiD8pUDsY,93,0,1521131.0,scotttopic,1.62e+18,Sun Jan 29 15:14:38 +0000 2023,2023/1/29 15:14,0,0,0,https://twitter.com/scotttopic/status/1619715648493613056,0,29635
37680,"#ChatGPT remains one tool among many in the #malware development kit
#cybersecurity #hackers #phishing #threatactors #ransomware #coding https://t.co/PAezcEvidx",161,0,3514857376.0,RickRius2,1.62e+18,Wed Feb 01 14:23:48 +0000 2023,2023/2/1 14:23,0,0,0,https://twitter.com/RickRius2/status/1620790020402552832,0,37681
40078,"S?  kerhetshotet fr?  n #ChatGPT ?  r ??verdrivet. Finns ingen #AI som kan skapa #malware p?   egen hand. Fortfarande kr?  vs det en kunnig programmerare i grunden.

https://t.co/FQkVkrgtKF #hackers #cybers?  kerhet #infos?  k",228,0,93601636.0,s_n_a_f_u_,1.62e+18,Wed Feb 01 20:37:56 +0000 2023,2023/2/1 20:37,0,0,0,https://twitter.com/s_n_a_f_u_/status/1620884173962747905,0,40079
56522,"CIOs, CISOs y otros l?-deres de TI del Reino Unido creen que los estados extranjeros usan #ChatGPT maliciosamente. Sus sospechas son fundadas.?? https://t.co/joSqzyZnud #email #hackers #iaconversacional #phishing",212,0,69326345.0,CIOAMERICALAT,1.62e+18,Tue Feb 07 16:00:19 +0000 2023,2023/2/7 16:00,0,0,0,https://twitter.com/CIOAMERICALAT/status/1622988639520145409,0,56523
57031,"CIOAMERICALAT: CIOs, CISOs y otros l?-deres de TI del Reino Unido creen que los estados extranjeros usan #ChatGPT maliciosamente. Sus sospechas son fundadas.?? https://t.co/xR1gouMWbS #email #hackers #iaconversacional #phishing",227,0,18133809.0,Amanaure,1.62e+18,Tue Feb 07 16:54:51 +0000 2023,2023/2/7 16:54,0,0,0,https://twitter.com/Amanaure/status/1623002360829169665,0,57032
59198,Thats cool you code bro but nobody wants to buy the nerd shit you work on #tech #nerds #cto #hackers #marketing #techsales #cofounder #technical #nontechnical #venturecapital #artificialintelligence #ai #vc #chatgpt #web3 #investment #founding #founders #incubator #saas #sales,277,0,1.45e+18,DavidShamiCXO,1.62e+18,Tue Feb 07 20:44:35 +0000 2023,2023/2/7 20:44,1,0,0,https://twitter.com/DavidShamiCXO/status/1623060175287631873,1,59199
61422,"CIOs, CISOs y otros l?-deres de TI del Reino Unido creen que los estados extranjeros usan #ChatGPT maliciosamente. Sus sospechas son fundadas.?? https://t.co/aGKCiSO7Vm #email #hackers #iaconversacional #phishing",212,0,69326345.0,CIOAMERICALAT,1.62e+18,Thu Feb 09 21:56:50 +0000 2023,2023/2/9 21:56,1,1,0,https://twitter.com/CIOAMERICALAT/status/1623803132563148802,2,61423
61695,"CIOAMERICALAT: CIOs, CISOs y otros l?-deres de TI del Reino Unido creen que los estados extranjeros usan #ChatGPT maliciosamente. Sus sospechas son fundadas.?? https://t.co/Qmu0dRIEXp #email #hackers #iaconversacional #phishing",227,0,18133809.0,Amanaure,1.62e+18,Thu Feb 09 22:53:09 +0000 2023,2023/2/9 22:53,0,1,0,https://twitter.com/Amanaure/status/1623817304319356929,1,61696
62355,"CIOs, CISOs y otros l?-deres de TI del Reino Unido creen que los estados extranjeros usan #ChatGPT maliciosamente. Sus sospechas son fundadas.?? https://t.co/aGKCiSO7Vm #email #hackers #iaconversacional #phishing",212,0,69326345.0,CIOAMERICALAT,1.62e+18,Sat Feb 11 01:56:53 +0000 2023,2023/2/11 1:56,0,0,0,https://twitter.com/CIOAMERICALAT/status/1624225932356513796,0,62356
63292,"#ai #chatgpt #hackers #hacking #hacker #cybersecurity
#ethicalhacking #hack #kalilinux #linux
#ethicalhacker #programming #infosec
#technology #security #hackerman
#pentesting #hacked #malware #cybercrime
#cyberattack #coding #cyber Hey, Hacker BOsS go to descriptiona??a?   Love U https://t.co/ZZWT9Q0Kin",310,0,1.2e+18,mosaraf_babu,1.62e+18,Sat Feb 11 05:57:19 +0000 2023,2023/2/11 5:57,1,1,0,https://twitter.com/mosaraf_babu/status/1624286440174784513,2,63293
63902,"#ai #chatgpt #hackers #hacking #hacker #cybersecurity
#ethicalhacking #hack #kalilinux #linux
#ethicalhacker #programming #infosec
#technology #security #hackerman
#pentesting #hacked #malware #cybercrime
#cyberattack #coding #cyber #Metaverse
Hello, Hacker BoSS LOVE You..a??a?   https://t.co/3aicAlO2Ys",310,0,1.2e+18,mosaraf_babu,1.62e+18,Sat Feb 11 08:18:50 +0000 2023,2023/2/11 8:18,4,1,0,https://twitter.com/mosaraf_babu/status/1624322050822385664,5,63903
69980,"A recent report by Checkpoint Research suggests that the AI chatbot has become quite popular amongst cybercriminals

Read more: https://t.co/zrS8ulV5Ae
#hackers #malwares #chatgpt https://t.co/RqQR3dEBLD",206,0,944267155.0,TechJuicePk,1.63e+18,Mon Feb 13 08:07:59 +0000 2023,2023/2/13 8:07,2,0,0,https://twitter.com/TechJuicePk/status/1625044097831432194,2,69981
71731,"CIOs, CISOs y otros l?-deres de TI del Reino Unido creen que los estados extranjeros usan #ChatGPT maliciosamente. Sus sospechas son fundadas.?? https://t.co/aGKCiSO7Vm #email #hackers #iaconversacional #phishing",212,0,69326345.0,CIOAMERICALAT,1.63e+18,Mon Feb 13 12:56:54 +0000 2023,2023/2/13 12:56,0,0,0,https://twitter.com/CIOAMERICALAT/status/1625116804447195138,0,71732
71733,Pourquoi des hackers malveillants s'int??ressent ?? #ChatGPT / via @zdnetfr #cybersecurite #infosec #cyberattaque #hackers #privacy https://t.co/OPaUwPjQdY https://t.co/b4skK541mf,179,1,9.79e+17,ovationamericas,1.63e+18,Mon Feb 13 12:56:57 +0000 2023,2023/2/13 12:56,0,1,0,https://twitter.com/ovationamericas/status/1625116818737168385,1,71734
72143,"CIOAMERICALAT: CIOs, CISOs y otros l?-deres de TI del Reino Unido creen que los estados extranjeros usan #ChatGPT maliciosamente. Sus sospechas son fundadas.?? https://t.co/Qmu0dRIEXp #email #hackers #iaconversacional #phishing",227,0,18133809.0,Amanaure,1.63e+18,Mon Feb 13 13:53:31 +0000 2023,2023/2/13 13:53,0,0,0,https://twitter.com/Amanaure/status/1625131054385319937,0,72144
78157,"Before ChatGPT
Bad Grammar = Maybe Phishing

After ChatGPT
Great Grammar = Maybe Phishing

#ChatGPT #chatbot #CybersecurityNews #phishing #CyberSecurityAwareness #Hacking #hackers #hackerone #Security #ai",210,0,1.07e+18,an0n4ce,1.63e+18,Wed Feb 15 12:28:05 +0000 2023,2023/2/15 12:28,6,3,0,https://twitter.com/an0n4ce/status/1625834328059166721,9,78158
78868,"The current version of OpenAI's #API is used by external applications and has very few if any anti-abuse measures in place. As a result, it allows #malware creation

#chatgpt #chatbot #artificialintelligence #ai #security #cybersecurity #hackers #hacking

https://t.co/nuSv5XYtG3",283,0,24777840.0,gtbarry,1.63e+18,Wed Feb 15 14:04:02 +0000 2023,2023/2/15 14:04,0,1,0,https://twitter.com/gtbarry/status/1625858478630912001,1,78869
80363,"CIOs, CISOs y otros l?-deres de TI del Reino Unido creen que los estados extranjeros usan #ChatGPT maliciosamente. Sus sospechas son fundadas.?? https://t.co/aGKCiSO7Vm #email #hackers #iaconversacional #phishing",212,0,69326345.0,CIOAMERICALAT,1.63e+18,Wed Feb 15 17:56:49 +0000 2023,2023/2/15 17:56,0,0,0,https://twitter.com/CIOAMERICALAT/status/1625917058406817794,0,80364
80661,"CIOAMERICALAT: CIOs, CISOs y otros l?-deres de TI del Reino Unido creen que los estados extranjeros usan #ChatGPT maliciosamente. Sus sospechas son fundadas.?? https://t.co/Qmu0dRIEXp #email #hackers #iaconversacional #phishing",227,0,18133809.0,Amanaure,1.63e+18,Wed Feb 15 18:53:46 +0000 2023,2023/2/15 18:53,0,0,0,https://twitter.com/Amanaure/status/1625931391526371341,0,80662
84081,"CIOs, CISOs y otros l?-deres de TI del Reino Unido creen que los estados extranjeros usan #ChatGPT maliciosamente. Sus sospechas son fundadas.?? https://t.co/aGKCiSO7Vm #email #hackers #iaconversacional #phishing",212,0,69326345.0,CIOAMERICALAT,1.63e+18,Tue Feb 21 21:56:50 +0000 2023,2023/2/21 21:56,0,0,0,https://twitter.com/CIOAMERICALAT/status/1628151786182701057,0,84082
84324,"CIOAMERICALAT: CIOs, CISOs y otros l?-deres de TI del Reino Unido creen que los estados extranjeros usan #ChatGPT maliciosamente. Sus sospechas son fundadas.?? https://t.co/Qmu0dRIEXp #email #hackers #iaconversacional #phishing",227,0,18133809.0,Amanaure,1.63e+18,Tue Feb 21 22:53:48 +0000 2023,2023/2/21 22:53,0,0,0,https://twitter.com/Amanaure/status/1628166123291115521,0,84325
86537,"e?    2/2
In December 2022, USDoD admitted that he had never created a script before, raising concerns that the #chatbot would allow people without technical skills to create malware and cause significant damage.

#hackers #malware #Aigenerated #ChatGPT https://t.co/t5m1LjRHS7",280,0,1.02e+18,floyxcom,1.63e+18,Thu Feb 23 10:00:00 +0000 2023,2023/2/23 10:00,21,10,3,https://twitter.com/floyxcom/status/1628696167549702144,34,86538
