,full_text,text_length,at_num,user_id_str,screen_name,id_str,created_at,publish_time,favorite_count,retweet_count,reply_count,tweet_url,total_heat,tt
15616,"Microsoft is widening access to hugely popular software from OpenAI, a startup it is backing whose futuristic ChatGPT chatbot has captivated Silicon Valley. 
 #Artificialintelligence #ChatGPT  #Viion #ViperTechnology #OpenAI #qatar2023 #NewYear2023    #viiontechnology #Microsoft https://t.co/ZvqQ2Xvqxb",304,0,1.16e+18,TechnologyViper,1.62e+18,Tue Jan 17 07:02:14 +0000 2023,2023/1/17 7:02,1,0,0,https://twitter.com/TechnologyViper/status/1615243080722182144,1,15617
21458,"Shocking Experiment Reveals ChatGPT Can Simulate a Linux Environment and Execute Commands! What Does This Mean for the Future? #Artificialintelligence #chatGPT #DeepMind #ethics #Experiment #IToperations #Linux #naturallanguageprocessing #NLP

https://t.co/Emdbycz7RG https://t.co/esHFhiscog",293,0,1.61e+18,AITechHub1,1.62e+18,Mon Jan 23 19:23:35 +0000 2023,2023/1/23 19:23,0,2,0,https://twitter.com/AITechHub1/status/1617603974529523712,2,21459
25604,"Score 1 for humans and 0 for AI. 

I wanted to compare AI prepared India budget with the actual one for 2023, but as it turns out we are still human mind dependable for complex matters.

#ChatGPT #AI #LAYOFF #Artificialintelligence #budget #india https://t.co/DwVASFsLKo",274,0,1.42e+18,PallaviGaharwar,1.62e+18,Fri Jan 27 04:39:27 +0000 2023,2023/1/27 4:39,1,1,1,https://twitter.com/PallaviGaharwar/status/1618831024447946752,3,25605
27725,"AI and the future of work: 5 experts on what ChatGPT, DALL-E and other AI tools mean for artists and knowledge workers
Learn more: https://t.co/zesFcWogc6 

#Artificialintelligence #AI #Work #Technology #Futureofwork #Deeplearning #Machinelearning #Expertpanel #GPT3 #ChatGPT https://t.co/46D470YsV5",302,0,1.41e+18,AkingateGroup,1.62e+18,Fri Jan 27 18:31:31 +0000 2023,2023/1/27 18:31,2,0,0,https://twitter.com/AkingateGroup/status/1619040421811986432,2,27726
28481,"MathGPT

Use GPT3 to solve math problems, and get the code behind each solution: https://t.co/HAob4kr43P

#Artificialintelligence #ChatGPT #DeepLearning https://t.co/ellhm7fcAe",180,0,919860212.0,Montreal_AI,1.62e+18,Sun Jan 29 01:39:56 +0000 2023,2023/1/29 1:39,34,8,3,https://twitter.com/Montreal_AI/status/1619510623137857543,45,28482
34827,"OpenAI cautioned that its tool can make mistakes, particularly with texts containing fewer than 1,000 characters

Want to read more? Click in the link below e???
https://t.co/xv5bLOjqc2

#ChatGPT #Artificialintelligence #Misinformation #Microsoft https://t.co/Ok6XSTZeFs",275,0,756796452.0,DhakaTribune,1.62e+18,Wed Feb 01 04:42:28 +0000 2023,2023/2/1 4:42,2,0,0,https://twitter.com/DhakaTribune/status/1620643724408815616,2,34828
38173,"MathGPT

Use GPT3 to solve math problems, and get the code behind each solution: https://t.co/HAob4kr43P

#Artificialintelligence #ChatGPT #GPT https://t.co/entJHhDoYy",171,0,919860212.0,Montreal_AI,1.62e+18,Wed Feb 01 15:34:05 +0000 2023,2023/2/1 15:34,4,0,0,https://twitter.com/Montreal_AI/status/1620807707795259393,4,38174
39065,"The End of Google's Monopoly? AI's Impact on the Future of Web Search #Artificialintelligence #chatGPT #Google #Google&amp;#039smonopoly #GPT3 #informationaccess #websearch

https://t.co/GpWGd6W58q",199,0,1.61e+18,neurohub_ai,1.62e+18,Wed Feb 01 17:50:53 +0000 2023,2023/2/1 17:50,0,2,0,https://twitter.com/neurohub_ai/status/1620842136017960968,2,39066
40270,"Mathematical Capabilities of ChatGPT

Frieder et al.: https://t.co/gxiEDeSwWC

#Artificialintelligence #ChatGPT #Deeplearning https://t.co/YD5HL6rD8L",153,0,919860212.0,Montreal_AI,1.62e+18,Wed Feb 01 21:07:41 +0000 2023,2023/2/1 21:07,6,1,0,https://twitter.com/Montreal_AI/status/1620891660183027712,7,40271
40320,"Mathematical Capabilities of ChatGPT

Frieder et al.: https://t.co/QsvgF3PieV

#Artificialintelligence #ChatGPT #Deeplearning https://t.co/XZ1tNJKJUc",153,0,176540776.0,ceobillionaire,1.62e+18,Wed Feb 01 21:15:03 +0000 2023,2023/2/1 21:15,4,0,0,https://twitter.com/ceobillionaire/status/1620893513859870721,4,40321
40322,"Mathematical Capabilities of ChatGPT

Frieder et al.: https://t.co/fgxsMupMGh

#Artificialintelligence #ChatGPT #Deeplearning https://t.co/EoqbuKCaqt",153,0,7.98e+17,chiefaiofficers,1.62e+18,Wed Feb 01 21:15:17 +0000 2023,2023/2/1 21:15,0,0,0,https://twitter.com/chiefaiofficers/status/1620893574832459778,0,40323
44525,"  ??  ?2  ? 戗??  ??  1?  ??  ?-  ? 戗??  1?  ??  ? 洙??  1?  ??  ??  ??  ??  ?    ??  ? 台 1? ChatGPT   ?a  ?    1?  ??  ?a  ? 悒??  ??  ?    ?-  ??  1?  ?    ?? AI
.
  ?-  1?  ?2  ??  ??  1?  ?-  1?  ??  1?  ??  ? 台 1? : https://t.co/zyoyzv0MUP
.
#  ??  ?2  ? 戗??  ??  1?  ??  ?-  ? 戗?? #ChatGPT #OpenAI #Artificialintelligence #happeningsbypca https://t.co/hv3vyQsuNA",369,0,1.19e+18,pc_a_consulting,1.62e+18,Fri Feb 03 13:26:00 +0000 2023,2023/2/3 13:26,1,0,0,https://twitter.com/pc_a_consulting/status/1621500252539977730,1,44526
45957,"#NewsKiPathshala:    琛?   ?    ?    悒? ?     a          ?    ?    ?    悒? ?    ?    ?    ?     ?    瑷? 悒? ?!     ?    ?   琛?   ?    ?, #ChatGPT     ?    ?    ?     瑷? 悒? 1     ?    ?     2    ?    ?    ?    ?     ?    ?     ?    悒? ?   琛?         ?    ?     ?          ?    ?    瑷? ?     1    ?     a    ?    悒? -    ?    台   ?      

@SushantBSinha     ?    ? '   琛?   ?   琛?   ?    ?    ?     ?    ?     a    ?    ?    ?    ?    2    ?'     ?    ?    ?     |    ?    ?    ?    ?, Chat GPT     ?    ?     ?    ?   琛?   ?    ?     ?    ?    ?    2     ?    ?     1    ?    ?     ?    ?    ?    ?   琛?

#Artificialintelligence #TechNews #AI https://t.co/skuSmOGik4",666,1,9.27e+17,TNNavbharat,1.62e+18,Fri Feb 03 16:37:09 +0000 2023,2023/2/3 16:37,5,4,0,https://twitter.com/TNNavbharat/status/1621548355267735552,9,45958
48912,"Google CEO issues rallying cry in internal memo: All hands on deck to test ChatGPT competitor Bard /sp/

https://t.co/uvbY3WKGDn

#AI  #Chatgpt #Artificialintelligence #Technology #Google #Bard #Hackathon",208,0,608656393.0,TechAndCoffee1,1.62e+18,Tue Feb 07 00:54:50 +0000 2023,2023/2/7 0:54,0,0,0,https://twitter.com/TechAndCoffee1/status/1622760766548897794,0,48913
51280,"In 2017, Facebook mistranslated a Palestinian mana??s post, which said a??good morninga?? in Arabic, as a??attack thema?? in Hebrew, leading to his arrest.
from an article in Technology Review.
#ChatGPT #Bard  #Artificialintelligence #LLM",240,0,3181979268.0,thiruvinod4u,1.62e+18,Tue Feb 07 07:12:49 +0000 2023,2023/2/7 7:12,4,1,0,https://twitter.com/thiruvinod4u/status/1622855885738627072,5,51281
54432,"Hot list stocks for today e??  
$AI 
$VERI 
$BBBY 

#stocks #stockmarket #stocks2023 #Stock #trading #daytrading #optionstrading #daytradingtips #technicalanalysis #AI #chatgpt #Artificialintelligence #Investing $PLTR $MSFT #tech #future",242,0,1.57e+18,TCG_Hotlist,1.62e+18,Tue Feb 07 12:39:31 +0000 2023,2023/2/7 12:39,4,0,0,https://twitter.com/TCG_Hotlist/status/1622938104280543233,4,54433
55786,The modern SEO strategy is not only about getting links and organizing a site. #chatgpt #SEO #Digitalmarketing #Dubai #Languagemodels #AI #Artificialintelligence #Bard,167,0,50067689.0,KureishiS,1.62e+18,Tue Feb 07 14:46:31 +0000 2023,2023/2/7 14:46,1,1,0,https://twitter.com/KureishiS/status/1622970065686786054,2,55787
57922,"AI a New Favorite Among Retail Investors

https://t.co/wqy7bjoRSa

$IWM $RUT #ChatGPT #AI #Artificialintelligence #Powell #AITechnology #technologystocks #Microcap #smallcapstocks #pennystocks #Fidelity #BigBear #DigitalID #Investing #stockmarket #investorrelations",269,0,1.03e+18,channelchek,1.62e+18,Tue Feb 07 18:32:44 +0000 2023,2023/2/7 18:32,0,0,0,https://twitter.com/channelchek/status/1623026995679436806,0,57923
58590,"The Surprising Link Between AI and Sustainable Energy #AI #Artificialintelligence #chatGPT #detectAIgeneratedcontent #Energy #Gen1 #gpt3 #OpenAI

https://t.co/IVWo0JGKee https://t.co/nyEotti1bc",195,0,1.61e+18,AITechHub1,1.62e+18,Tue Feb 07 19:36:35 +0000 2023,2023/2/7 19:36,1,3,0,https://twitter.com/AITechHub1/status/1623043062447411205,4,58591
59074,"Find Out What Makes Poe by Quora the Must-Have AI Chatbot for Tech Enthusiasts Today #AI #app #Artificialintelligence #chatbot #chatGPT #GPT3 #Poe #Quora #technology

https://t.co/YCgW6ffdTp https://t.co/OaPhyr3idv",216,0,1.61e+18,AITechHub1,1.62e+18,Tue Feb 07 20:31:05 +0000 2023,2023/2/7 20:31,2,2,0,https://twitter.com/AITechHub1/status/1623056779772047371,4,59075
59155,"Google'?  n ChatGPT'ye rakip olarak geli??tirdi??i Bard g??n say?  yor https://t.co/6wmjbQeJmR

#tech #AI #ChatGPT #GoogleBard #Bard #teknoloji #Artificialintelligence #DeepMind https://t.co/ciH9JJUj67",203,0,487811981.0,technologictr,1.62e+18,Tue Feb 07 20:39:19 +0000 2023,2023/2/7 20:39,1,0,0,https://twitter.com/technologictr/status/1623058848188604495,1,59156
59418,"Microsoft, ChatGPT destekli Bing Arama'y?   duyurdu https://t.co/fw5u9aefw3

#tech #AI #ChatGPT #Bing #OpenAI #Prometheus #Artificialintelligence #Microsoft #teknoloji https://t.co/PlQ7SbscPh",193,0,487811981.0,technologictr,1.62e+18,Tue Feb 07 21:11:18 +0000 2023,2023/2/7 21:11,2,0,0,https://twitter.com/technologictr/status/1623066898651914240,2,59419
61194,"Breaking the Gender Barrier in the Metaverse: The Urgency for Equality in Virtual Worlds. AR/VR. #AI #Artificialintelligence #chatGPT #Meta #metaverse #technology #VR

https://t.co/dS1zarrRse https://t.co/j7HOl8mOnN",217,0,1.61e+18,neurohub_ai,1.62e+18,Thu Feb 09 21:04:25 +0000 2023,2023/2/9 21:04,0,2,0,https://twitter.com/neurohub_ai/status/1623789944434040833,2,61195
61197,"Breaking the Gender Barrier in the Metaverse: The Urgency for Equality in Virtual Worlds. AR/VR. #AI #Artificialintelligence #chatGPT #Meta #metaverse #technology #VR

https://t.co/dS1zarrRse https://t.co/UkLfY8KL2r",217,0,1.61e+18,neurohub_ai,1.62e+18,Thu Feb 09 21:04:53 +0000 2023,2023/2/9 21:04,0,2,0,https://twitter.com/neurohub_ai/status/1623790061769703427,2,61198
64802,"Alibaba Tests Cutting-Edge AI Chatbot Technology
https://t.co/S55BJovuoX

#Alibaba #AItechnology #ChatGPT #OpenAI #Artificialintelligence #Innovations #Future #ecommerce",172,0,1.6e+18,stepspoint,1.62e+18,Sat Feb 11 11:39:13 +0000 2023,2023/2/11 11:39,0,0,0,https://twitter.com/stepspoint/status/1624372483020275713,0,64803
65249,"ChatGPT Passes United States Medical Licensing Exams: Study
#Artificialintelligence #ChatGPT #Inovation #Technology

https://t.co/XfKpR1JheG https://t.co/4cKWMrbekB",167,0,1.55e+18,ArticleNewsRws,1.62e+18,Sat Feb 11 13:05:19 +0000 2023,2023/2/11 13:05,0,0,0,https://twitter.com/ArticleNewsRws/status/1624394148659830788,0,65250
72521,"The Role of Artificial Intelligence in Enhancing Project Veritas's Fact-Finding Capabilities #AI #Artificialintelligence #chatGPT #machinelearning #technology #Veritas

https://t.co/bYKMEfiuob https://t.co/MOpxM1YyZg",218,0,1.61e+18,neurohub_ai,1.63e+18,Mon Feb 13 14:48:58 +0000 2023,2023/2/13 14:48,0,2,0,https://twitter.com/neurohub_ai/status/1625145007270203393,2,72522
72572,"Revolutionizing AI's Physical Reasoning Skills: Phy-Q Testbed by ANU Researchers #AI #ANU #Artificialintelligence #chatGPT #psychologicalcontrol

https://t.co/XcPfI3bsp7 https://t.co/KTUWYeRJlB",195,0,1.61e+18,neurohub_ai,1.63e+18,Mon Feb 13 14:57:18 +0000 2023,2023/2/13 14:57,0,2,0,https://twitter.com/neurohub_ai/status/1625147106733219841,2,72573
72778,"Real-World AI Automation: Success Stories from Top Companies #AI #Artificialintelligence #chatGPT #Hilton #Hotels #machinelearning #technology

https://t.co/Z1J6WaldIt https://t.co/l6AMV8s01o",193,0,1.61e+18,AITechHub1,1.63e+18,Mon Feb 13 15:23:42 +0000 2023,2023/2/13 15:23,1,2,0,https://twitter.com/AITechHub1/status/1625153748656873472,3,72779
74419,"Keeping up with technology can help your business thrive! 

Check out our latest blog to learn more about the benefits of implementing A.I. in your business plan! https://t.co/PUql5xHSmd

#Artificialintelligence #chatgpt #business #ai https://t.co/GRagvw9F9l",262,0,1.53e+18,Spinnr_app,1.63e+18,Mon Feb 13 20:05:06 +0000 2023,2023/2/13 20:05,3,0,4,https://twitter.com/Spinnr_app/status/1625224567881867283,7,74420
79323,"Fighter jet flown for a staggering 17 hours by AI.
#Ai #Artificialintelligence #ChatGPT 
https://t.co/8H151rGukH",114,0,1.62e+18,ai_insight1,1.63e+18,Wed Feb 15 15:05:53 +0000 2023,2023/2/15 15:05,2,1,0,https://twitter.com/ai_insight1/status/1625874042719698946,3,79324
80255,ChatGPT Favorite Song!e?  ?https://t.co/BBTKfQxakp #Chatgpt #AI #Artificialintelligence #distrokid,98,0,49579705.0,spiritualrapper,1.63e+18,Wed Feb 15 17:34:02 +0000 2023,2023/2/15 17:34,1,0,0,https://twitter.com/spiritualrapper/status/1625911326039060483,1,80256
85358,#AI will soon replace doctors for people that can't afford medical advice #artificialintelligence #doctor #OpenAI https://t.co/3XiPaJi6pt #Artificialintelligence #AI #OpenAI #ChatGPT,182,0,9.54e+17,jakconnorTT,1.63e+18,Thu Feb 23 06:07:33 +0000 2023,2023/2/23 6:07,2,0,0,https://twitter.com/jakconnorTT/status/1628637666848944128,2,85359
85359,#AI will soon replace doctors for people that can't afford medical advice #artificialintelligence #doctor #OpenAI https://t.co/buVjeUs1gD #Artificialintelligence #AI #OpenAI #ChatGPT,182,0,24820841.0,TweakTown,1.63e+18,Thu Feb 23 06:07:33 +0000 2023,2023/2/23 6:07,2,4,1,https://twitter.com/TweakTown/status/1628637666794438657,7,85360
87060,"Have you heard about #ChatGPT by #OpenAI ? Let us know more about ChatGPT by ChatGPT itself. 

#AI #Artificialintelligence #Artificial #Intelligence #technology #TechNews #techtwitter #TechTrends #latestupdate #TechnologyNews #techno #latest #UPDATE #development #innovation https://t.co/KTGaRbMYQ5",300,0,8.69e+17,Bayslopepatent,1.63e+18,Thu Feb 23 11:29:54 +0000 2023,2023/2/23 11:29,2,1,0,https://twitter.com/Bayslopepatent/status/1628718790258176001,3,87061
93246,"ChatGPT, the worlda??s most advanced AI-powered chatbot, recently became the fastest application in history to surpass 100 million users.
.
.
Visit: https://t.co/byEElTJbyq
.
.
#platinx #PTX #cryptoassets #crypto #Artificialintelligence #ChatGPT #cryptomarket #bullish  #dailynews https://t.co/GAkRdsvb4B",310,0,1.47e+18,PlatinXOfficial,1.63e+18,Mon Feb 27 09:25:03 +0000 2023,2023/2/27 9:25,4,3,1,https://twitter.com/PlatinXOfficial/status/1630136922910896129,8,93247
96962,"Open AI Job Posting.

#OpenAI #ChatGPT #ChatBot #AI #Artificialintelligence #Technology #Tech #Humor https://t.co/EckFuXMdYS",126,0,608656393.0,TechAndCoffee1,1.63e+18,Mon Feb 27 21:06:22 +0000 2023,2023/2/27 21:06,0,0,0,https://twitter.com/TechAndCoffee1/status/1630313416588943360,0,96963
97014,"RT @techandcoffee@techhub.social
Open AI Job Posting.

#OpenAI #ChatGPT #ChatBot #AI #Artificialintelligence #Technology #Tech #Humor
https://t.co/geRORy6wGg https://t.co/CBsO0pwJyO",185,2,19801497.0,geospart,1.63e+18,Mon Feb 27 21:21:48 +0000 2023,2023/2/27 21:21,0,0,0,https://twitter.com/geospart/status/1630317300430536706,0,97015
97505,"e??   https://t.co/oIwwW89Wxg is for sale ! e??  
$2,488.00 e??  

#domains #domainnames #domainsforsale #domainforsale #DomainNameForSale #AI #AGI #Artificialintelligence #Asia #ChatGPT #ChatGPT    |??   #BARD #GoogleAI #TikTok?????  ??? #TikTok #Meta #baidu #wechat #startup #startups  #business",300,0,1.56e+18,GalaxyCavalier,1.63e+18,Mon Feb 27 23:37:12 +0000 2023,2023/2/27 23:37,0,2,1,https://twitter.com/GalaxyCavalier/status/1630351373182042118,3,97506
