,full_text,text_length,at_num,user_id_str,screen_name,id_str,created_at,publish_time,favorite_count,retweet_count,reply_count,tweet_url,total_heat,tt
7284,"7 #investors discuss why #edtech #startups must go #backToBasics to survive

https://t.co/KCUIDLY2OK via @TechCrunch

#investing #investment #investments #CES #CES2023 #ces2023W3T #remoteSchool #remoteEducation #remoteLearning #ChatGPT #AI #edutech #LearningToRead #OpenAI #IoT",281,1,1.4e+18,TheRemoteSchool,1.61e+18,Mon Jan 09 19:26:56 +0000 2023,2023/1/9 19:26,8,4,0,https://twitter.com/TheRemoteSchool/status/1612531387021533186,12,7285
7879,"Microsofr gonna invest=buy ChatGPT taking a 49% of shares. Ah......hope they could make it good, at least this time.

#chatgpt #microsoft #ai #investment #absorption #windows #skype #development #it",200,0,1.31e+18,sumax96,1.61e+18,Wed Jan 11 02:20:57 +0000 2023,2023/1/11 2:20,0,0,0,https://twitter.com/sumax96/status/1612997962661257225,0,7880
7996,"Microsoft is reportedly planning to invest $10 billion in OpenAI
.
.
.
#collegewebbuilders #openai #Microsoft #ChatGPT #investment #ArtificialIntelligence  #investor https://t.co/nNw9UwWDnm",193,0,1.32e+18,collegebbuilder,1.61e+18,Wed Jan 11 03:56:00 +0000 2023,2023/1/11 3:56,13,2,0,https://twitter.com/collegebbuilder/status/1613021883380953088,15,7997
8099,"9 amazing apps using ChatGPT that make your life easier
https://t.co/xuz37WEORx 
#techbiz #technology #business #technologies #investment #news #technews #biznews #chatgpt #appsintegratedchatgpt #AI #innovation #innovative #techproject https://t.co/xhRD3cdEfH",261,0,1.57e+18,officialtechbiz,1.61e+18,Wed Jan 11 05:00:33 +0000 2023,2023/1/11 5:00,2,0,0,https://twitter.com/officialtechbiz/status/1613038131292299265,2,8100
9032,"Rumor: Microsoft may have invested an additional $10 billion into OpenAI to incorporate ChatGPT into its productivity applications

https://t.co/wPElEU2doR

#Microsoft #AI #OpenAI #investment #rumor #ChatGPT #productivity #developer #applications #Office",258,0,979931.0,PowerPage,1.61e+18,Wed Jan 11 12:39:17 +0000 2023,2023/1/11 12:39,0,0,0,https://twitter.com/PowerPage/status/1613153573990469633,0,9033
10136,"Microsoft wants to invest $10 billion in ChatGPT
#microsoft #invest #investment #chatgpt #nerdtalkspk https://t.co/EguIm2F0uA",126,0,1.6e+18,NerdTalkspk,1.61e+18,Wed Jan 11 19:21:35 +0000 2023,2023/1/11 19:21,0,0,0,https://twitter.com/NerdTalkspk/status/1613254817203511296,0,10137
11211,"Radical Ventures raising new $550 million USD fund as #AI sector ...

@LindaGrass0 @JolaBurnett @GlenGilmore @ronald_vanloon 

#ai #fund #radicals #partner #radical #chatgpt #companies #investment #betakit 

https://t.co/IuAzejtQiG",237,4,140618811.0,richardkimphd,1.61e+18,Fri Jan 13 07:47:44 +0000 2023,2023/1/13 7:47,1,0,0,https://twitter.com/richardkimphd/status/1613804980175241227,1,11212
11275,"e??? @OpenAI is on a mission to achieve artificial general intelligence and is currently raising money at a $29B evaluation.

#ai #investment #ChatGPT
https://t.co/E94piDexDw",177,1,143089412.0,how_to_web,1.61e+18,Fri Jan 13 08:20:43 +0000 2023,2023/1/13 8:20,0,0,0,https://twitter.com/how_to_web/status/1613813278685409280,0,11276
15383,"Indian Business Mind: Microsoft     ?          ?    悒? ?    ?    ? Open AI     ?    ?    ?    琛?   ?    台   ?    ? https://t.co/IuuYkYyCND 

#Microsoft #investment #openai #Initiative #chatGPT  #Google #SearchEngineOptimization #startup #CustomerService #programming #Statement  #information #business #businessnews #Launch #ARTIFICIAL https://t.co/rNJ8GeCMQR",361,0,1.37e+18,IndianBusines16,1.62e+18,Tue Jan 17 05:04:54 +0000 2023,2023/1/17 5:04,1,1,0,https://twitter.com/IndianBusines16/status/1615213552851390464,2,15384
15387,"Microsoft to expand ChatGPT access as OpenAI investment rumors swirl
https://t.co/lnLLaH0T6A

#ChatGPT #investment #Microsoft #OpenAI #Publicinterest #software #NewsOTG #newsotg",180,0,9.1e+17,news0tg,1.62e+18,Tue Jan 17 05:10:18 +0000 2023,2023/1/17 5:10,0,0,0,https://twitter.com/news0tg/status/1615214911797313536,0,15388
16373,"#ChatGPT #chatgpt3  #Google 
#Smart #AI #Web3 
 #bigdata #investment #Geek #tech
 #ar #vr #Metaverse #ai #web3 #xr #augmentedreality
 #CES2023 https://t.co/eDUmg3saR6",170,0,1.52e+18,FutbolFootball,1.62e+18,Tue Jan 17 12:10:31 +0000 2023,2023/1/17 12:10,1,1,0,https://twitter.com/FutbolFootball/status/1615320663157534723,2,16374
17787,"Davos 2023: CEOs buzz about #ChatGPT-style #AI at World Economic ...

@nigewillson @BetaMoroney @GlenGilmore @fogoros 

#davos #ai #reuters #tech #investment #technology #microsoft 

https://t.co/Q9GKqjvF6d",212,4,140618811.0,richardkimphd,1.62e+18,Tue Jan 17 22:08:45 +0000 2023,2023/1/17 22:08,1,1,0,https://twitter.com/richardkimphd/status/1615471210913239041,2,17788
19528,"Microsoft $MSFT Adding ChatGPT to Products: Is This The Next Over-Hyped Tech Advancement?

#Microsoft #ChatGPT #stockstowatch #investing #stockmarket #finance #investor #trading #investment #stockmarketinvesting #stocks #wallstreet #personalfinance #money

https://t.co/dgEL4D9OgK",284,0,627695874.0,IOInvestors,1.62e+18,Thu Jan 19 20:41:36 +0000 2023,2023/1/19 20:41,1,0,0,https://twitter.com/IOInvestors/status/1616174055555481607,1,19529
21484,"It is the decade's biggest tech news as #Microsoft monopolises on #AdvancedAI with parternship with #ChatGPT 

#investment #MicrosoftLayOff #ChatGPTstory #ArtificialIntelligence #Artificial_Intelligence",204,0,2445662203.0,itssheena07,1.62e+18,Mon Jan 23 19:31:26 +0000 2023,2023/1/23 19:31,4,0,0,https://twitter.com/itssheena07/status/1617605948843102209,4,21485
22669,"#MarketsWithMC  - ChatGPT     ?    ?     |    ?          ?    ?    ?     ?    ?    ?     ?   琛?   ?    ?    ?     a    ?    悒? ?    ?    ?    ?    2    ?   琛?   ?,     ?    ?   琛?   ?    ?     ?    ?    ?     ?    悒? ?    悒? ?     ?    ?    a    ?    ? 

@BSEIndia @NSEIndia 

#chatGPT #StockMarket #stocks #stockstowatch #investment #portfolio #market #moneycontrol
https://t.co/XagnNAjUSG",395,2,1.16e+18,MoneycontrolH,1.62e+18,Wed Jan 25 07:06:38 +0000 2023,2023/1/25 7:06,0,0,0,https://twitter.com/MoneycontrolH/status/1618143288984502274,0,22670
25234,Microsoft Invests Billions More in AI Developer OpenAI: How it will Impa... https://t.co/LF3NBmVYND via @YouTube  #Microsoft #OpenAI #AI #AIdevelopment #investment #ChatGPT #DALL-E #AzureOpenAI #futureofAI #Bing #Google,219,1,25542133.0,robertomas,1.62e+18,Fri Jan 27 00:43:33 +0000 2023,2023/1/27 0:43,2,0,0,https://twitter.com/robertomas/status/1618771660261457920,2,25235
29318,"It is True, what is your opinion? #investment #ChatGPT https://t.co/JWa7O3MI1L",78,0,1.37e+18,shareanalysist2,1.62e+18,Sun Jan 29 12:31:53 +0000 2023,2023/1/29 12:31,0,0,0,https://twitter.com/shareanalysist2/status/1619674693409333248,0,29319
29775,"#chatgpt  with his take on the future of investment decision making.

AMEN to that e??? 
@FinalleAI  #investment #future https://t.co/A9iP3WIjx4",147,1,463344928.0,shaharlotan,1.62e+18,Sun Jan 29 16:19:47 +0000 2023,2023/1/29 16:19,0,0,0,https://twitter.com/shaharlotan/status/1619732043868549122,0,29776
30372,"Attention all #photonic enthusiasts! I need a team and working on exciting projects in the field, but I need a #benefactor who shares my passion. Help me turn my vision into reality and make a difference in the world of photonics! #investment #startup 
asked #ChatGPT aid",272,0,1.12e+18,madamImAdam12,1.62e+18,Sun Jan 29 21:27:38 +0000 2023,2023/1/29 21:27,1,1,0,https://twitter.com/madamImAdam12/status/1619809520452268032,2,30373
31511,"e?  ? Could you really replace Jeremy Hunt with #ChatGPT? Well, the bigger question is what would make the UK truly pro-#innovation. A nice opinion piece by @DanielThomasLDN, @FT today. 
#startups #scaleups #investment #funding #tax #business #regulation
https://t.co/9dt3MGW0Gn",280,2,136206644.0,TatyanaMarsh,1.62e+18,Tue Jan 31 08:59:52 +0000 2023,2023/1/31 8:59,2,1,0,https://twitter.com/TatyanaMarsh/status/1620346113688768513,3,31512
40850,#investing #investment #stocks #stockmarket #ChatGPT #Wallstreet https://t.co/KU4JFrq4zp,88,0,9.83e+17,remuneratechanc,1.62e+18,Wed Feb 01 22:43:20 +0000 2023,2023/2/1 22:43,0,0,0,https://twitter.com/remuneratechanc/status/1620915733252251649,0,40851
44410,"Chris Natividad, chief investment officer of Equbot, said the ETF has grown in popularity with the rise of #ChatGPT.

@GlenGilmore @ronald_vanloon @SpirosMargaris @nigewillson @JolaBurnett 

#ai #etf #natividad #investment #data 

https://t.co/nyBtup5AWM",260,5,140618811.0,richardkimphd,1.62e+18,Fri Feb 03 13:09:06 +0000 2023,2023/2/3 13:09,0,0,0,https://twitter.com/richardkimphd/status/1621495997762506752,0,44411
45460,"10.  Personal finance: ChatGPT can assist with personal finance management, providing budgeting tips and investment advice.

#ChatGPT #finance #investment #AI #ArtificialIntelligence #tool #employee",200,0,1.48e+18,sahu_deep2,1.62e+18,Fri Feb 03 15:31:41 +0000 2023,2023/2/3 15:31,2,0,1,https://twitter.com/sahu_deep2/status/1621531879685124096,3,45461
47178,"Google invests $300 million in Anthropic as race to compete with ChatGPT heats up

https://t.co/ZfPlvN2hqB

#google #chatgpt #investment #technology #business #businessdor https://t.co/aVJ9LBdvhg",199,0,1.61e+18,BusinessdOr,1.62e+18,Fri Feb 03 20:12:59 +0000 2023,2023/2/3 20:12,2,2,0,https://twitter.com/BusinessdOr/status/1621602671705587713,4,47179
49177,How Crypto Whales Are Poised and Ready to Strike This Month https://t.co/EIFF6cOq7t #crypto #cryptocurrency #altcoin #singularitynet $AGIX #aptos $APT #fantom $FTM #investment #bitcoin $BTC #ethereum $ETH #market #asset #blockchain #AI #chatgpt #PoS #NFT #network #DeFi #exchange,279,0,1e+18,cryptonetmedia,1.62e+18,Tue Feb 07 01:52:06 +0000 2023,2023/2/7 1:52,3,0,1,https://twitter.com/cryptonetmedia/status/1622775176847929346,4,49178
49661,"Wait .. is it End of Google Era? 
e?  2 ?-?     ?  ??  ?     ??  ? 洙? ?   ?????   ????? ?a    ??  ???3 洙??  ??. 
#Forbes #ChatGPT #Microsoft #Google #investment #Apple #technology https://t.co/YuBtNCp7bO",205,0,1290547632.0,woosangd,1.62e+18,Tue Feb 07 03:22:54 +0000 2023,2023/2/7 3:22,2,0,0,https://twitter.com/woosangd/status/1622798028288704512,2,49662
50838,"Google to release ChatGPT rival named Bard
https://t.co/hpAdEy0uTM

#Bard #ChatGPT #Google #investment #Microsoft #OpenAI #Tech #NewsOTG #newsotg",148,0,9.1e+17,news0tg,1.62e+18,Tue Feb 07 06:24:30 +0000 2023,2023/2/7 6:24,0,0,0,https://twitter.com/news0tg/status/1622843730247004160,0,50839
58783,"Is the Generative AI Hype Just a Mirage? Experts Sound the Alarm #AI #bubble #chatGPT #GenerativeAI #hype #industry #investment #OpenAI #startups

https://t.co/RFIGpCzeOI https://t.co/n85AyqMw95",196,0,1.61e+18,AITechHub1,1.62e+18,Tue Feb 07 19:58:35 +0000 2023,2023/2/7 19:58,2,2,0,https://twitter.com/AITechHub1/status/1623048599696285696,4,58784
59198,Thats cool you code bro but nobody wants to buy the nerd shit you work on #tech #nerds #cto #hackers #marketing #techsales #cofounder #technical #nontechnical #venturecapital #artificialintelligence #ai #vc #chatgpt #web3 #investment #founding #founders #incubator #saas #sales,277,0,1.45e+18,DavidShamiCXO,1.62e+18,Tue Feb 07 20:44:35 +0000 2023,2023/2/7 20:44,1,0,0,https://twitter.com/DavidShamiCXO/status/1623060175287631873,1,59199
59266,Be empathetic to those angry about AI #chatgpt #openai #microsoft #anger #denial #artificialintelligence #microsoftedge #google #lamda #revolution #internet #tech #capital #vc #investment #new #industries #stablediffusion #machinelearning #deeplearning #msft,258,0,1.45e+18,DavidShamiCXO,1.62e+18,Tue Feb 07 20:52:47 +0000 2023,2023/2/7 20:52,6,1,0,https://twitter.com/DavidShamiCXO/status/1623062238725832705,7,59267
59443,"Three AI Companies That Aren't Microsoft or Google

$MSFT $GOOG $GOOGL $SOUN $BBAI $AI

#microsoft #google #AI #chatgpt #c3ai #bigbearai #SoundHound #stockstowatch #investing #stockmarket #finance #invest #investor #trading #investment #stocks #wallstreet

https://t.co/ONRPYI4a7V",286,0,627695874.0,IOInvestors,1.62e+18,Tue Feb 07 21:15:02 +0000 2023,2023/2/7 21:15,2,0,0,https://twitter.com/IOInvestors/status/1623067837248970752,2,59444
61566,"Are Smart Homes a growing phenomenon in the UAE? In our latest blog we try to understand the market trends e???, have a read here:
https://t.co/qBNICfUhun

#ChatGPT #GoogleBard #AI #investment #Crypto #Bitcoin #Dubai #UAE https://t.co/I8O5y4xWGp",248,0,1.62e+18,hala_property,1.62e+18,Thu Feb 09 22:23:50 +0000 2023,2023/2/9 22:23,1,1,0,https://twitter.com/hala_property/status/1623809928682000385,2,61567
63978,"Imagine if #AI can help you pick the right stock/crypto/investment pics in the futurea?| e?  ?e??  e???

Would their chances be higher than our chances after researching and analyzing? 

Of course theya??ll say a??sorry we cannot give financial advicea??

#crypto #investment #future #ChatGPT",298,0,1.46e+18,CuteCaliflower,1.62e+18,Sat Feb 11 08:36:33 +0000 2023,2023/2/11 8:36,4,0,1,https://twitter.com/CuteCaliflower/status/1624326512425209857,5,63979
64752,"how to invest in new gtld ???
pls find the answer by chatGPT

#chatGPT #ChatGPTPlus #GPT #GPT3 #Domains #domain #investment #investing #web3 #ETH https://t.co/VSOfxwy1tf",172,0,1.47e+18,5dotBest,1.62e+18,Sat Feb 11 11:28:19 +0000 2023,2023/2/11 11:28,12,2,10,https://twitter.com/5dotBest/status/1624369737286447107,24,64753
65282,"#ChatGPT #domain #AI #ArtificialIntelligence #MachineLearning #Crypto #nft #eth 

Now trend in Google 

https://t.co/WTZlkffmjy

#startups #business #TheLastOfUs 
#investment #usa #Ukraine??? 
#file #document #devloper #SoftwareDeveloper https://t.co/E1PdJur7ZT",269,0,7.88e+17,shakirway,1.62e+18,Sat Feb 11 13:11:53 +0000 2023,2023/2/11 13:11,5,1,3,https://twitter.com/shakirway/status/1624395803145170945,9,65283
70159,"Tiger Spotlight: What happened last week and what will happen this week? 
Read more at: https://t.co/Q7mMTAt673
This advertisement has not been reviewed by the Monetary Authority of Singapore.
#ChatGpt #techstocks #nasdaq #CPI #inflation #investment #Tigerspotlight https://t.co/OjTYjIX7iz",292,0,1.23e+18,TigerBrokersSG,1.63e+18,Mon Feb 13 08:42:55 +0000 2023,2023/2/13 8:42,0,0,0,https://twitter.com/TigerBrokersSG/status/1625052887868145665,0,70160
73012,"(4/6) Even relatively non-volatile large cap stocks can sometimes dip quickly or perform badly due to unfavorable market environments. Betting big on any company, no matter how reputed or stable, is a foolish choice. #Bard #Alphabet #ChatGPT #investment #stocks #diversification",278,0,1.58e+18,hedgefulapp,1.63e+18,Mon Feb 13 16:00:04 +0000 2023,2023/2/13 16:00,1,0,1,https://twitter.com/hedgefulapp/status/1625162903107129346,2,73013
73013,(3/6) So you don't need to start dumping your Alphabet shares yet. But there's a bigger takeaway from this event every retail investor should keep in mind. And that's the importance of diversification! #Bard #Alphabet #ChatGPT #investment #stocks #diversification #investmentapps,279,0,1.58e+18,hedgefulapp,1.63e+18,Mon Feb 13 16:00:04 +0000 2023,2023/2/13 16:00,0,0,1,https://twitter.com/hedgefulapp/status/1625162901911633920,1,73014
73015,"(6/6) Diversification makes your returns stable and keeps you insulated from market shocks like the one Google saw last week. As an investor, do you think you're well-diversified right now? #Bard #Alphabet #ChatGPT #investment #stocks #diversification",251,0,1.58e+18,hedgefulapp,1.63e+18,Mon Feb 13 16:00:05 +0000 2023,2023/2/13 16:00,1,0,0,https://twitter.com/hedgefulapp/status/1625162905699209217,1,73016
76856,"#ChatGPT: #Death knell for #investment #banks?
 https://t.co/zp2U6fsHJN",72,0,192107138.0,FuturewaveBIT,1.63e+18,Wed Feb 15 08:22:53 +0000 2023,2023/2/15 8:22,0,0,0,https://twitter.com/FuturewaveBIT/status/1625772624738394112,0,76857
78770,"Good morning! Lets have a good day!

Just for fun, Lets see what #ChatGPT says about $BLQC

Disclaimer: alway do your due diligence in any form of investing.

#investment #NASDAQ #OTCMarkets https://t.co/RRHhuVz296",220,0,1.25e+18,JohnSmi27871922,1.63e+18,Wed Feb 15 13:50:40 +0000 2023,2023/2/15 13:50,17,4,1,https://twitter.com/JohnSmi27871922/status/1625855111393325059,22,78771
78932,Where my #stock investors at? How legit is #chatgpt being? lol &gt;.&lt; #stocks #investment #market #economy #news https://t.co/vs7ReOJ2Ao,139,0,36116293.0,BrainGushersTV,1.63e+18,Wed Feb 15 14:10:22 +0000 2023,2023/2/15 14:10,0,0,0,https://twitter.com/BrainGushersTV/status/1625860070402584576,0,78933
78941,"ChatGPT mania sends these obscure artificial intelligence stocks soaring as hype extends beyond big caps

#chatgpt #aichat #artificialintellgience #investing #investment #money #invest #trading #business #investor #entrepreneur #stockmarket #finance #st...
https://t.co/2cLvkbSaDP",283,0,1.13e+18,LandonCapital,1.63e+18,Wed Feb 15 14:11:43 +0000 2023,2023/2/15 14:11,1,0,0,https://twitter.com/LandonCapital/status/1625860409033990145,1,78942
85067,"e??? Don't miss out on the opportunity to invest in the future of language AI. Buy ChatGPT coin now! #investment #ChatGPT #crypto 

 https://t.co/PBJiMBYNBD

 #airdrop #NFT  $imgnAI  $hook  $RNDR  $hook  $APT https://t.co/0EFIdCLBlt",236,0,2344244095.0,rlaalsry29,1.63e+18,Thu Feb 23 04:50:45 +0000 2023,2023/2/23 4:50,0,0,1,https://twitter.com/rlaalsry29/status/1628618339839881223,1,85068
87467,"e??? Don't miss out on the opportunity to invest in the future of language AI. Buy ChatGPT coin now! #investment #ChatGPT #crypto 

 https://t.co/sMbpI8rJVr

 #airdrop #NFT  $BCB  $RNDR  $BONE  $ADA  $FRONK https://t.co/q1O8UEYv3Y",234,0,2319304718.0,Ruben_Medina_44,1.63e+18,Thu Feb 23 12:34:56 +0000 2023,2023/2/23 12:34,1,0,2,https://twitter.com/Ruben_Medina_44/status/1628735157132836864,3,87468
87766,"@datametrex webinar and Demo for their #ChatGPT version #AnalyticsGPT which has been in use for several years now.
#F1Testing #TrumpIsALaughingStock #AI #Parayko #AI $MSFT $DM.V #investment #Bitcoin #NFTs #Closed #TDSB https://t.co/tLYWYjDOOQ",243,1,1.52e+18,BillSorcerer,1.63e+18,Thu Feb 23 13:21:35 +0000 2023,2023/2/23 13:21,1,0,0,https://twitter.com/BillSorcerer/status/1628746897140613120,1,87767
88950,"e??? Don't miss out on the opportunity to invest in the future of language AI. Buy ChatGPT coin now! #investment #ChatGPT #crypto 

 https://t.co/bNpM2fnlEo

 #airdrop #NFT  $MANA  $QUACK  $DOGE  $WOOF  $JOE https://t.co/86hr7TPSar",235,0,2344244095.0,rlaalsry29,1.63e+18,Thu Feb 23 16:16:20 +0000 2023,2023/2/23 16:16,0,0,1,https://twitter.com/rlaalsry29/status/1628790874309107714,1,88951
89382,"e??? Don't miss out on the opportunity to invest in the future of language AI. Buy ChatGPT coin now! #investment #ChatGPT #crypto 

 https://t.co/JFhUD1Zahf

 #airdrop #NFT  $fet  $hook  $APT  $JOE  $APT https://t.co/QpQxosgA2t",231,0,1797244280.0,sadimo25,1.63e+18,Thu Feb 23 17:30:36 +0000 2023,2023/2/23 17:30,2,0,0,https://twitter.com/sadimo25/status/1628809565939843072,2,89383
97323,"Artificial intelligence and robotics are revolutionizing the way we interact with technology and the world around us. Investing in these sectors can bring great rewards.
#artificialintelligence #robotics
#investment #investing #stock #AI #chatgpt #bot #bots #automation https://t.co/5xf73FMCSy",295,0,2834986125.0,tucoinvest,1.63e+18,Mon Feb 27 22:48:49 +0000 2023,2023/2/27 22:48,0,0,0,https://twitter.com/tucoinvest/status/1630339199114133505,0,97324
