,full_text,text_length,at_num,user_id_str,screen_name,id_str,created_at,publish_time,favorite_count,retweet_count,reply_count,tweet_url,total_heat,tt
75582,"Of 1,500 IT pros #BlackBerry surveyed, 74% are concerned about potential #ChatGPT security risks. 

BlackBerry CTO Shishir Singh: ""It will get more and more difficult to defend without using #AI to level the playing field."" via @helpnetsecurity

https://t.co/Trk5LW1Z4w",273,1,14580438.0,BlackBerry,1.63e+18,Wed Feb 15 03:00:02 +0000 2023,2023/2/15 3:00,20,5,1,https://twitter.com/BlackBerry/status/1625691377299324930,26,75583
75583,"Of 1,500 IT pros #BlackBerry surveyed, 74% are concerned about potential #ChatGPT security risks. 

BlackBerry CTO Shishir Singh: ""It will get more and more difficult to defend without using #AI to level the playing field."" via @helpnetsecurity

https://t.co/wwsqjXQffD",273,1,607192781.0,BlackBerrySpark,1.63e+18,Wed Feb 15 03:00:03 +0000 2023,2023/2/15 3:00,3,0,1,https://twitter.com/BlackBerrySpark/status/1625691378297577477,4,75584
76541,"Of 1,500 IT pros #BlackBerry surveyed, 74% are concerned about potential #ChatGPT security risks. 
BlackBerry CTO Shishir Singh: ""It will get more and more difficult to defend without using #AI to level the playing field."" via @helpnetsecurity https://t.co/WCxIULmMHl",268,1,2672694535.0,BilekSimon,1.63e+18,Wed Feb 15 07:18:41 +0000 2023,2023/2/15 7:18,0,0,0,https://twitter.com/BilekSimon/status/1625756466928820225,0,76542
81568,"Of 1,500 IT pros #BlackBerry surveyed, 74% are concerned about potential #ChatGPT security risks. 

BlackBerry CTO Shishir Singh: ""It will get more and more difficult to defend without using #AI to level the playing field."" via @helpnetsecurity

https://t.co/Trk5LW1Z4w",273,1,14580438.0,BlackBerry,1.63e+18,Wed Feb 15 22:00:11 +0000 2023,2023/2/15 22:00,12,4,1,https://twitter.com/BlackBerry/status/1625978304485359620,17,81569
95337,"Of 1,500 IT pros #BlackBerry surveyed, 74% are concerned about potential #ChatGPT security risks.  

BlackBerry CTO Shishir Singh: ""It will get more and more difficult to defend without using #AI to level the playing field."" via @helpnetsecurity https://t.co/12mfaap0Kx",271,1,29876622.0,sarahtingle,1.63e+18,Mon Feb 27 15:44:14 +0000 2023,2023/2/27 15:44,0,1,0,https://twitter.com/sarahtingle/status/1630232347864969218,1,95338
