,full_text,text_length,at_num,user_id_str,screen_name,id_str,created_at,publish_time,favorite_count,retweet_count,reply_count,tweet_url,total_heat,tt
6244,Tell me what is going to happen... #AI  #ChatGPT #DigitalTransformation #tech https://t.co/5jBvz7hSgO,101,0,898142425.0,soniaardila1,1.61e+18,Mon Jan 09 10:05:04 +0000 2023,2023/1/9 10:05,1,0,0,https://twitter.com/soniaardila1/status/1612389985780465665,1,6245
8817,"e?  ? ChatGPT, Artificial Intelligence, and the Future of Writing 
e???https://t.co/tNJtM3gGQx
@aivancityschool #ArtificialIntelligence #AI #TECH #DigitalTransformation #innovation #ChatGPT https://t.co/94fK8rKP9b",215,1,1175649522.0,tawhidChtioui,1.61e+18,Wed Jan 11 11:01:00 +0000 2023,2023/1/11 11:01,1,1,0,https://twitter.com/tawhidChtioui/status/1613128838753443842,2,8818
8825,"Fun facts by #ChatGPT for #MachineLearning professionalse?  ?e??  ???

#ML #AI #Python #CloudComputing #DevCommunity #DataScientist #Programming #DigitalTransformation #Data #100DaysofCode #ArtificialIntelligence #BigData #AINews #Analytics #DataScience #cloudcomputing https://t.co/nRzyetf8jo",295,0,1.36e+18,Jaspree65760170,1.61e+18,Wed Jan 11 11:04:30 +0000 2023,2023/1/11 11:04,2,1,0,https://twitter.com/Jaspree65760170/status/1613129719779663873,3,8826
13279,"#OpenAI, Creator Of #ChatGPT, Casts Spell On #Microsoft

https://t.co/SfWlST5lI9

#Innovation #BusinessTransformation #ITStrategy #EntArch #EntepriseArchitecture #DigitalTransformation #Digital #Technology #TOGAF #ArtificialIntelligence #MachineLearning

- https://t.co/uZWcumTLSG",286,0,1.55e+18,EntArchRadio,1.61e+18,Sun Jan 15 01:30:31 +0000 2023,2023/1/15 1:30,0,0,0,https://twitter.com/EntArchRadio/status/1614434825296814081,0,13280
16879,"Chatbots are important digital touchpoints &amp; essential to an organizationa??s digitalization journeye???

#ChatGPT #artificalintelligence #AI #Digital #DigitalTransformation #digitalization #technology #Trending #Topic #TrendingNow #technology #tech #techtwitter #chatbot #developers",289,0,8.7e+17,GeitplTech,1.62e+18,Tue Jan 17 15:20:57 +0000 2023,2023/1/17 15:20,4,1,1,https://twitter.com/GeitplTech/status/1615368584590684160,6,16880
16918,"How Will #ChatGPT Affect Your Job If You do #Marketing? https://t.co/SWoR3Eyvzt e???via Bernard Marr
#artificalintelligence #machinelearning #technology #DigitalTransformation #futureofwork @ArconSecurity @AocDigital @ChatGPTNFTClub @PVynckier @achyutaghosh @Social_Molly @guzmand https://t.co/Cz1m2iAKb3",305,7,93417622.0,MHcommunicate,1.62e+18,Tue Jan 17 15:33:23 +0000 2023,2023/1/17 15:33,10,4,2,https://twitter.com/MHcommunicate/status/1615371716028407808,16,16919
17875,"Some facts about #ChatGPT
Via @ingliguori
 #softwaredevelopment #FutureOfWork #Python #javascript #html5 #DataScience #AI #DeepLearning #MachineLearning #DEVCommunity #100DaysOfCode #flutterdev #NeuralNetworks #DigitalTransformation #DataScientists #artificalintelligence #chatbot https://t.co/HzGuslmO0U",306,1,1.08e+18,_qu4nt,1.62e+18,Tue Jan 17 23:00:30 +0000 2023,2023/1/17 23:00,14,2,0,https://twitter.com/_qu4nt/status/1615484235036368898,16,17876
21203,"Google presenta su propio #ChatGPT, una #IA que puede responder todas tus preguntas | @ElEspanolCom @ElAndroideLibre @Adrian_cal_Raya @AlvarezDelVayo  https://t.co/JCM2pM6lCH
#TransformacionDigital #DigitalTransformation #Sparrow #AI #InteligenciaArtificial",258,4,18197477.0,sbonet,1.62e+18,Mon Jan 23 17:50:46 +0000 2023,2023/1/23 17:50,2,0,0,https://twitter.com/sbonet/status/1617580614042910722,2,21204
22224,"How #ChatGPT Could Drive A Dramatic #AI #Crypto Token Narrative

https://t.co/NH62Z35FUJ

#Innovation #ITStrategy #EntArch #EntepriseArchitecture #DigitalTransformation #Technology #TOGAF #ArtificialIntelligence #MachineLearning #BlockChain

- https://t.co/uZWcumTLSG",273,0,1.55e+18,EntArchRadio,1.62e+18,Wed Jan 25 02:30:23 +0000 2023,2023/1/25 2:30,1,1,0,https://twitter.com/EntArchRadio/status/1618073769725009921,2,22225
23752,"Non perdete questa occasione di immergervi in un mondo fantastico creato dalla mente di un'IA! e?  ? 

https://t.co/aEp4bbHvmF

#ChatGPT #gpt3
#GPT #DigitalTransformation #digitalmarketer #ArtificialIntelligence #technology #tech #innovation #engineering #business #iphone #technews",287,0,1.51e+18,aledemagig,1.62e+18,Wed Jan 25 14:23:38 +0000 2023,2023/1/25 14:23,1,0,1,https://twitter.com/aledemagig/status/1618253263836696577,2,23753
31135,"It is important to note that while ChatGPT can assist with smoother digital transformation of customer experience processes, it is not a replacement for human oversight and decision-making.

#ChatGPT #AI #GenerativeAI #DigitalTransformation #Technology #OpenAI #ChatGPT3 https://t.co/cK71j4Sbpm",296,0,2918458315.0,Aarav_Solutions,1.62e+18,Tue Jan 31 06:16:06 +0000 2023,2023/1/31 6:16,4,0,0,https://twitter.com/Aarav_Solutions/status/1620304898125619200,4,31136
31529,"e?  ? Explicar la computaci?3n cu??ntica de forma sencilla, o realizar el gui?3n de una pel?-cula, ??#ChatGPT puede hacer lo que le pidas! e??? Conoce m??s sobre este chatbot impulsado por #IA que est?? impresionando a todos.

#DigitalTransformation #InteligenciaArtificial https://t.co/EEuGNOYKaX",299,0,9.79e+17,NovartisSpain,1.62e+18,Tue Jan 31 09:07:13 +0000 2023,2023/1/31 9:07,0,0,0,https://twitter.com/NovartisSpain/status/1620347964010172416,0,31530
32699,"An overview of relationship between #AI, #ML, #NeuralNetwork, and #DeepLearning!

Source: 
@BDAnalyticsnews 

#innovation #tech #CES2023 #ChatGPT #DigitalTransformation #chatgpt3 https://t.co/ZnoEy5TutA",207,1,1.36e+18,DrJStorm,1.62e+18,Tue Jan 31 16:02:57 +0000 2023,2023/1/31 16:02,3,0,0,https://twitter.com/DrJStorm/status/1620452583398850560,3,32700
33716,"Make money using #ChatGPT  e???e???

#DigitalTransformation #Tech #cybersecurity #IoT #5G #womeninscience #ai

https://t.co/ztTRoGxvX3",138,0,7.9e+17,AscozJose,1.62e+18,Tue Jan 31 22:27:48 +0000 2023,2023/1/31 22:27,1,0,0,https://twitter.com/AscozJose/status/1620549436698169344,1,33717
33830,"#ChatGPT: Massive Disruption

https://t.co/01gBbso5Nr

#Innovation #BusinessTransformation #ITStrategy #Strategy #Leadership #EntArch #EntepriseArchitecture #DigitalTransformation #Digital #Technology #TOGAF #ArtificialIntelligence #MachineLearning

- https://t.co/uZWcumTLSG",281,0,1.55e+18,EntArchRadio,1.62e+18,Tue Jan 31 23:30:27 +0000 2023,2023/1/31 23:30,2,4,0,https://twitter.com/EntArchRadio/status/1620565204227465216,6,33831
34250,ChatGPT: Just a waypoint on the AI automation continuum https://t.co/5RlZrIlUgU #DigitalTransformation #AI #Chatbot #ChatGPT #GPT3,130,0,2485038589.0,Intellyx,1.62e+18,Wed Feb 01 02:00:01 +0000 2023,2023/2/1 2:00,1,0,0,https://twitter.com/Intellyx/status/1620602843622244353,1,34251
34252,ChatGPT: Just a waypoint on the AI automation continuum https://t.co/UpUAyJJWiM #DigitalTransformation #AI #Chatbot #ChatGPT #GPT3,130,0,16290014.0,TheEbizWizard,1.62e+18,Wed Feb 01 02:00:21 +0000 2023,2023/2/1 2:00,1,2,0,https://twitter.com/TheEbizWizard/status/1620602926623334407,3,34253
40777,"Beware #ChatGPT Trying to Teach Your Kids Math a?| or Anything

https://t.co/sq5dooE4JB

#Innovation #BusinessTransformation #EntArch #EntepriseArchitecture #DigitalTransformation #Technology #TOGAF #ArtificialIntelligence #MachineLearning

- https://t.co/uZWcumTLSG",272,0,1.55e+18,EntArchRadio,1.62e+18,Wed Feb 01 22:30:34 +0000 2023,2023/2/1 22:30,0,0,0,https://twitter.com/EntArchRadio/status/1620912518267912198,0,40778
43415,#chatgpt #ai #AIEra #ArtificialIntelligence #AI #MachineLearning #DataScience #Tech #Innovation #FutureTech #DigitalTransformation #EthicsInAI #AIinBusiness #AIChallenges #AIImplications #WorkforceImpact #DisruptiveTechnology https://t.co/GVh5EODsGC,249,0,1.24e+18,pawanku84085724,1.62e+18,Fri Feb 03 10:37:16 +0000 2023,2023/2/3 10:37,0,0,0,https://twitter.com/pawanku84085724/status/1621457788810498051,0,43416
43752,"#ChatGPT-like #AI creates new bacteria-killing proteins

https://t.co/ZjxLzfWr1T

#Innovation #BusinessTransformation #EntArch #EntepriseArchitecture #DigitalTransformation #Technology #TOGAF #HealthTech #biotech #ArtificialIntelligence #MachineLearning

- https://t.co/uZWcumTLSG",286,0,1.55e+18,EntArchRadio,1.62e+18,Fri Feb 03 11:30:22 +0000 2023,2023/2/3 11:30,0,0,0,https://twitter.com/EntArchRadio/status/1621471149761728512,0,43753
46254,"#Google Testing Its Own #AI Chatbot Answer to #ChatGPT 

https://t.co/aO8Pp4KHpl

#Innovation #BusinessTransformation #ITStrategy #EntArch #EntepriseArchitecture #DigitalTransformation #Technology #TOGAF #ArtificialIntelligence #MachineLearning

- https://t.co/uZWcumTLSG",277,0,1.55e+18,EntArchRadio,1.62e+18,Fri Feb 03 17:30:20 +0000 2023,2023/2/3 17:30,1,1,0,https://twitter.com/EntArchRadio/status/1621561739580948493,2,46255
46817,"AI and the future of work: 5 experts on what ChatGPT, DALL-E and other AI tools mean for artists and knowledge workers https://t.co/fJMg6KfnRr via @akwyz on @Thinkers360 #AI #DigitalTransformation #FutureofWork #ChatGPT https://t.co/NfEIuEUnQ3",243,2,9.19e+17,thinkers360,1.62e+18,Fri Feb 03 19:02:01 +0000 2023,2023/2/3 19:02,3,4,0,https://twitter.com/thinkers360/status/1621584812954845184,7,46818
51088,"La??intelligenza artificiale generativa ?   multimediale e specializzata by @lucatremolada via @sole24ore @Nova24Tec 

#AI #DigitalTransformation #ChatGPT https://t.co/oQQ9Qt011Y",180,3,233546601.0,gdt62,1.62e+18,Tue Feb 07 06:51:55 +0000 2023,2023/2/7 6:51,9,7,0,https://twitter.com/gdt62/status/1622850627800911872,16,51089
57276,"https://t.co/FfvyBMJ35I -&gt; Here's a quick read on the benefits of #AI in #DevOps and how it is still dominating the market.

#IT #DigitalTransformation #developers #tech #softwaredeveloper #chatgpt @blendedp",212,1,15235550.0,contegix,1.62e+18,Tue Feb 07 17:19:59 +0000 2023,2023/2/7 17:19,0,0,0,https://twitter.com/contegix/status/1623008686561013762,0,57277
66744,"Some facts about #ChatGPT
Via @ingliguori 
#softwaredevelopment #FutureOfWork #Python #javascript #html5 #DataScience #AI #DeepLearning #MachineLearning #DEVCommunity #100DaysOfCode #flutterdev #NeuralNetworks #DigitalTransformation #DataScientists #artificalintelligence #chatbot https://t.co/xkZ73xT1yp",306,1,836510570.0,ingliguori,1.62e+18,Sat Feb 11 17:20:01 +0000 2023,2023/2/11 17:20,29,17,3,https://twitter.com/ingliguori/status/1624458247347347461,49,66745
68191,"Some facts about #ChatGPT
 
#softwaredevelopment #FutureOfWork #Python #javascript #html5 #DataScience #AI #DeepLearning #MachineLearning #DEVCommunity #100DaysOfCode #flutterdev #NeuralNetworks #DigitalTransformation #DataScientists #artificalintelligence #chatbot https://t.co/86ZCzrHiYK",291,0,2984376936.0,BeingOvee,1.62e+18,Sat Feb 11 23:16:42 +0000 2023,2023/2/11 23:16,5,3,0,https://twitter.com/BeingOvee/status/1624548009106178048,8,68192
68692,"The History of Innovation Cycles

#innovation #robot #dataviz #drone #infographic #tech #technology #ai #5G #iot #mi #6g #blockchain #vr #ar #Metaverse #ml #robotics #mr #Crypto #EmergingTech via @VisualCap #DigitalTransformation #mi #ChatGPT #ArtificialIntelligence #dev #cloud https://t.co/c6FpjJ06XA",304,1,46096376.0,steube,1.62e+18,Mon Feb 13 02:28:13 +0000 2023,2023/2/13 2:28,9,4,1,https://twitter.com/steube/status/1624958593438023681,14,68693
69466,"Some facts about #ChatGPT

@ingliguori
 
#softwaredevelopment #FutureOfWork #Python #javascript #html5 #DataScience #AI #DeepLearning #MachineLearning #DEVCommunity #100DaysOfCode #flutterdev #NeuralNetworks #DigitalTransformation #DataScientists #artificalintelligence #chatbot https://t.co/ldoS2IHS6p",306,1,1.55e+18,sourcebae_com,1.63e+18,Mon Feb 13 06:06:42 +0000 2023,2023/2/13 6:06,1,0,0,https://twitter.com/sourcebae_com/status/1625013576833581056,1,69467
69749,"e??? The Rise of Artificial Intelligence: ChatGPTa??s Stunning Results on the US Medical Licensing Exam
e??? https://t.co/7CAx6QwGxo
@aivancityschool #ArtificialIntelligence #AI #Tech #automation #DigitalTransformation #ChatGPT https://t.co/O8Pci4v1AU",253,1,1175649522.0,tawhidChtioui,1.63e+18,Mon Feb 13 07:19:28 +0000 2023,2023/2/13 7:19,0,1,0,https://twitter.com/tawhidChtioui/status/1625031887256268802,1,69750
70980,"e??? Artificial intelligence stocks soar on ChatGPT hype
Analysts warn of a??speculativea?? bubble as some shares more than double in value this year
e??? https://t.co/ZJfTVP1RkR
@aivancityschool #ArtificialIntelligence #AI #Tech #automation #DigitalTransformation #ChatGPT https://t.co/LvNuQVUU3J",300,1,1175649522.0,tawhidChtioui,1.63e+18,Mon Feb 13 10:55:00 +0000 2023,2023/2/13 10:55,1,0,0,https://twitter.com/tawhidChtioui/status/1625086128054304770,1,70981
72586,ChatGPT: our study shows AI can produce academic papers good enough for journals a?? just as some ban it https://t.co/WvuqdUl82Z via @akwyz on @Thinkers360 #DigitalTransformation #FutureofWork #ChatGPT https://t.co/ltGc6LFw9m,225,2,9.19e+17,thinkers360,1.63e+18,Mon Feb 13 14:58:46 +0000 2023,2023/2/13 14:58,2,3,0,https://twitter.com/thinkers360/status/1625147474619822081,5,72587
72957,"But I loved the entire JavaScript code #ChatGPT wrote for me, to take inputs from users through a browser &amp; store it in an Excel file.

Signs that #Web2 is fading. Signs for #FullStack going into #RPA. #Web3 #DigitalTransformation #ITInfluencer #ITIndustry",262,0,18214949.0,Connoisseur_RPA,1.63e+18,Mon Feb 13 15:52:10 +0000 2023,2023/2/13 15:52,4,2,0,https://twitter.com/Connoisseur_RPA/status/1625160913765670912,6,72958
74126,"2023 Gartner #EmergingTech &amp; Trends Impact Radar shows product leaders where to capitalize on market opportunitiesa?| via Gartner 

#DigitalTransformation #technologies #artificalintelligence #Web3 #innovation #tech #ChatGPT 

https://t.co/6h4uim6aaU
 https://t.co/5GVoP17m4o",284,0,1.36e+18,DrJStorm,1.63e+18,Mon Feb 13 19:08:04 +0000 2023,2023/2/13 19:08,0,0,0,https://twitter.com/DrJStorm/status/1625210212670967836,0,74127
74787,"Cambios brutales en las formas de abordar la creaci?3n de contenidos. e???e???

#GenerativeAI 101 by @McKinsey
#AI #chatgpt  #DigitalTransformation #entrepreneurs 
What is generative AI? https://t.co/oJAj1mM1Ea a trav??s de @McKinsey",237,2,7.9e+17,AscozJose,1.63e+18,Mon Feb 13 21:17:05 +0000 2023,2023/2/13 21:17,0,0,0,https://twitter.com/AscozJose/status/1625242683311550514,0,74788
76274,"e?  ? ChatGPT may reset the world of work as businesses rush to own artificial intelligence
e???https://t.co/jWXQrh5kL8
@aivancityschool #ArtificialIntelligence #AI #automation #DigitalTransformation #innovation #ChatGPT #businesses https://t.co/kVtb1bwdYQ",258,1,1175649522.0,tawhidChtioui,1.63e+18,Wed Feb 15 06:10:00 +0000 2023,2023/2/15 6:10,0,1,0,https://twitter.com/tawhidChtioui/status/1625739180985942016,1,76275
76898,"Infographic: The best AI tools. Love it! 
#openai #innovation #technology #ChatGPT #tech #web3 #metaverse #ML #MachineLearning #IoT #Analytics #DigitalTransformation #AI #IoT #programming #DataScientists #robots #Robotics #techtwitter https://t.co/vAlT09qiGM",259,0,68433676.0,CatherineAdenle,1.63e+18,Wed Feb 15 08:34:43 +0000 2023,2023/2/15 8:34,505,183,24,https://twitter.com/CatherineAdenle/status/1625775602681671680,712,76899
77089,"@BetaMoroney @MixsonElizabeth @PEXNetwork_Team @IanLJones98 @Shi4Tech @lyakovet @EvaSmartAI @enilev @FrRonconi @avrohomg @Khulood_Almani @sonu_monika @EstelaMandela @Nicochan33 @NevilleGaunt @baski_LA @JagersbergKnut @labordeolivier @Hana_ElSayyed @CurieuxExplorer @PawlowskiMario @asokan_telecom @tobiaskintzel @TheAdityaPatro @pierrecappelli Is #Kaizen the next big #DigitalTransformation #strategy? 
@MixsonElizabeth 
v/ @PEXNetwork_Team

ThAnk  U
Mr @BetaMoroney Sir

#bigdata
#Twitter #MWC2023 #TeCh #AI #ViVE2023 #MWC23 #5G #DiGiTALhealth #ioT #iioT #CHATgpt #google #Uk #Technology #HiMSS23  #DiGiTAL #SOciaLmediA 
e???",635,28,7.37e+17,chidambara09,1.63e+18,Wed Feb 15 09:15:15 +0000 2023,2023/2/15 9:15,3,0,1,https://twitter.com/chidambara09/status/1625785800247087104,4,77090
79903,"Difference between #DeepLearning and #NeuralNetwork!
v/ @ingliguori @_KamerAI 
HT @mvollmer1 e???
 
#ArtificialIntelligence #ML #DataScience #Robotics #BigData #AI #Python #DigitalTransformation #Technology #EmergingTech #ChatGPT #chatbot #chatgpt3 https://t.co/lOFNGyoiqu",276,3,12960572.0,Lago72,1.63e+18,Wed Feb 15 16:33:00 +0000 2023,2023/2/15 16:33,9,6,0,https://twitter.com/Lago72/status/1625895964434374657,15,79904
80386,"PWC highlights 11 #ChatGPT and #GenerativeAI security trends to watch in 2023 

#DigitalTransformation #AI #CyberSecurity 

https://t.co/nBcRaURki6 #mst",156,0,562967099.0,RAlexJimenez,1.63e+18,Wed Feb 15 18:00:16 +0000 2023,2023/2/15 18:00,1,0,0,https://twitter.com/RAlexJimenez/status/1625917926761955328,1,80387
81805,"PWC highlights 11 #ChatGPT and #GenerativeAI security trends to watch in 2023 

#DigitalTransformation #AI #CyberSecurity 

https://t.co/nBcRaURki6  @tim_keary",163,1,562967099.0,RAlexJimenez,1.63e+18,Wed Feb 15 23:00:39 +0000 2023,2023/2/15 23:00,0,0,0,https://twitter.com/RAlexJimenez/status/1625993519029448704,0,81806
84249,"Decoding Google's AI Ambitions (and Anxiety) 

https://t.co/aldjduP9IB

#chatgpt3 #innovation #tech #DigitalTransformation #ArtificialIntelligence #AI #ML #chatgpt #Robotics #robots #chatbot https://t.co/D6nrcnfwSA",218,0,1.36e+18,DrJStorm,1.63e+18,Tue Feb 21 22:35:58 +0000 2023,2023/2/21 22:35,0,0,0,https://twitter.com/DrJStorm/status/1628161635968770048,0,84250
84780,e??? Permite que tu ni?  @ sorprenda a sus amig@s y DESAF??A LO TRADICIONAL a?   #educacion #ia #DigitalTransformation #ChatGPT https://t.co/aRDr7jD3nJ,151,2,3196701746.0,DeKidsMx,1.63e+18,Thu Feb 23 03:25:40 +0000 2023,2023/2/23 3:25,1,0,0,https://twitter.com/DeKidsMx/status/1628596931105546240,1,84781
85541,"As we look back at 2022, it's clear that the field of #ArtificialIntelligence (AI) has made some very important strides.

AI Trends For 2023: Industry Experts (And #ChatGPT AI) Make Their Predictions.
https://t.co/AZ7IaYvCTQ

#ai #DigitalTransformation #technology #tech https://t.co/kUDcmQJhrK",299,0,116643005.0,IamMehulRajput,1.63e+18,Thu Feb 23 06:45:28 +0000 2023,2023/2/23 6:45,0,0,0,https://twitter.com/IamMehulRajput/status/1628647208848617473,0,85542
85619,"Some facts about #ChatGPT
Via @BeingOvee 
#softwaredevelopment #FutureOfWork #Python #javascript #html5 #DataScience #AI #DeepLearning #MachineLearning #DEVCommunity #100DaysOfCode #flutterdev #NeuralNetworks #DigitalTransformation #DataScientists #artificalintelligence #chatbot https://t.co/02skoAFIrr",305,1,2984376936.0,BeingOvee,1.63e+18,Thu Feb 23 07:00:14 +0000 2023,2023/2/23 7:00,2,0,0,https://twitter.com/BeingOvee/status/1628650925807087618,2,85620
85826,"#ChatGPT, #CaktusAI, and Bimal Pratap Shah (Human Author) published an article- ""The #Technological #Singularity is Near"".

#DigitalTransformation #Digitialization #technology #technologynews #TechNews #techtwitter #techno #TechTrends #Tech4All #innovation #development #Latest https://t.co/YgDIiG5n9c",303,0,8.69e+17,Bayslopepatent,1.63e+18,Thu Feb 23 07:46:51 +0000 2023,2023/2/23 7:46,4,2,0,https://twitter.com/Bayslopepatent/status/1628662660303822849,6,85827
88129,"Join us next week as we discuss #ChatGPT and how #AI systems will shape business, society and employment. 

Sign up here: https://t.co/ir8IMYh0k0

#DigitalTransformation #innovation #academicexcellence",205,0,113381235.0,INSEAD,1.63e+18,Thu Feb 23 14:12:58 +0000 2023,2023/2/23 14:12,5,1,0,https://twitter.com/INSEAD/status/1628759826208817155,6,88130
90171,"e??   Mark Cuban worried about @ChatGptApp 

#MarkCuban #CHATGPT #Streann #StreannNews #Streaming #Innovation #DigitalTransformation #Radio #Podcast #Media #Video #Broadcast #ContentCreators #MadeInMiami #Miami  

@Entrepreneur @TechHubFL @CNNent @MiamiHerald @SunSentinel @cnnbrk https://t.co/5fAFXHFuDr",308,7,81761876.0,StreannMedia,1.63e+18,Thu Feb 23 20:00:00 +0000 2023,2023/2/23 20:00,1,2,0,https://twitter.com/StreannMedia/status/1628847161319526401,3,90172
90909,"Difference between #DeepLearning and #NeuralNetwork!
v/ @ingliguori
 
#ArtificialIntelligence #ML #DataScience #Robotics #BigData #AI #Python #DigitalTransformation #Technology #EmergingTech #ChatGPT #chatbot #chatgpt3 https://t.co/RP4MXhBIN1",245,1,7.45e+17,pratititech,1.63e+18,Thu Feb 23 23:07:05 +0000 2023,2023/2/23 23:07,10,2,0,https://twitter.com/pratititech/status/1628894241458950147,12,90910
91361,"Artificial Intelligence won't replace humans. Humans who learn how to use new tech such as artificial intelligence will replace humans who don't.  

The power is in the partnership! #AIPlusHumans e?  ? e???a??e??   

Do you agree? 

#artificialintelligence #DigitalTransformation #ai #ChatGPT https://t.co/LQPBHiYvi3",322,0,21279340.0,PamMktgNut,1.63e+18,Sat Feb 25 23:14:49 +0000 2023,2023/2/25 23:14,5,0,4,https://twitter.com/PamMktgNut/status/1629620964047695872,9,91362
93655,#ChatGPT mania: la??intelligenza artificiale fa scattare un rally globale - Il Sole 24 ORE https://t.co/Qf9CrgM9B7 #AssetManagement #Industria40 #Tecnologia #DigitalTransformation #IT,183,0,3023319622.0,GMTConsultingMI,1.63e+18,Mon Feb 27 10:58:58 +0000 2023,2023/2/27 10:58,2,0,0,https://twitter.com/GMTConsultingMI/status/1630160555561435136,2,93656
96498,"#ChatGPT no surge de la nada: es el resultado de 30 a?  os de prueba y error | MIT @TechReview_es @TechReview @strwbilly
https://t.co/uI01QfjKu4
#TransformacionDigital #DigitalTransformation #IA #InteligenciaArtificial #AI #ArtificialIntelligence",248,3,18197477.0,sbonet,1.63e+18,Mon Feb 27 19:12:59 +0000 2023,2023/2/27 19:12,1,0,0,https://twitter.com/sbonet/status/1630284880859766784,1,96499
97026,"Infographic: The best AI tools. Love it! 
#openai #innovation #technology #ChatGPT #tech #web3 #metaverse #ML #MachineLearning #IoT #Analytics #DigitalTransformation #AI #IoT #programming #DataScientists #robots #Robotics #techtwitter https://t.co/nAVzp5A5Rb",259,0,2984376936.0,BeingOvee,1.63e+18,Mon Feb 27 21:27:27 +0000 2023,2023/2/27 21:27,12,9,1,https://twitter.com/BeingOvee/status/1630318720391233546,22,97027
97027,"What Python Can do 
#openai #innovation #technology #ChatGPT #tech #web3 #metaverse #ML #MachineLearning #IoT #Analytics #DigitalTransformation #AI #IoT #programming #DataScientists #robots #Robotics #techtwitter https://t.co/CC5KJKSh8I",237,0,2984376936.0,BeingOvee,1.63e+18,Mon Feb 27 21:27:55 +0000 2023,2023/2/27 21:27,6,3,0,https://twitter.com/BeingOvee/status/1630318840063180800,9,97028
