,full_text,text_length,at_num,user_id_str,screen_name,id_str,created_at,publish_time,favorite_count,retweet_count,reply_count,tweet_url,total_heat,tt
9838,"e??  Set a reminder for our Space!e??   https://t.co/65l5Qq8T7c

#SaitamaWolfPack Let's open the discussion about the technology that is shaping our future #ChatGPT #DeepMind #AI and how will this tech change #cryptoe???

Co-Hosts: @CryptoVaderr &amp; @Cryptic_Chelsea Mutasco e???",285,2,1.44e+18,mobcilk,1.61e+18,Wed Jan 11 17:22:46 +0000 2023,2023/1/11 17:22,7,4,2,https://twitter.com/mobcilk/status/1613224913891954709,13,9839
14582,"Google has 2 very powerful AI models to compete head-to-head with ChatGPT e?  ?

One is Google Brain's LaMDA and the other is DeepMind's Sparrow e?  ?e??  e? 琛?

#AI #Google #LaMDA #GoogleBrain #Sparrow #DeepMind #OpenAI #GPT3 #ChatGPT #Chatbot #LLM",252,0,531817272.0,FernandoHidalg0,1.61e+18,Sun Jan 15 18:39:28 +0000 2023,2023/1/15 18:39,3,1,0,https://twitter.com/FernandoHidalg0/status/1614693769001209856,4,14583
16037,DeepMind de Google annonce qua??il lancera bient?  t un rival plus adulte de ChatGPT https://t.co/OTNW2NVSTa via @BlogNT #DeepMind #Sparrow #ChatGPT https://t.co/sc61p165uf,172,1,103639401.0,BlogNT,1.62e+18,Tue Jan 17 09:48:59 +0000 2023,2023/1/17 9:48,0,1,0,https://twitter.com/BlogNT/status/1615285043605241856,1,16038
16207,"  ??  ?  ?? ?  ???  ?  ?   ? 歙??a?3  ?  ?  ? ? 歙?  ?  ?  ?  ??? 17-01-2023
??  ???  ? ?  ?a  ??1?   ?1  ?  ? ?  ?  ?  ?3?? ? 歙?  ?  ?? 歙??3   ??a? 洙?  ?   ?  ??  ?   ???1  ?  ?   ??a?    ?  ?   ?  ??a??  ??   ? 歙?? 戗???  ???   ??    ?   ?  ??? ?  ?3?a?  ?  ?a  ???  ??  ?a ? 歙??a?3  ?  ?  ?.

#? 歙??a?3  ?  ?  ? #? 歙??a?3  ?  ?  ?_? 歙??    ?  ?  ? #  ??  ?  ??_?  ???  ?  ?  _? 歙??a?3  ?  ?  ?_? 歙?  ?  ?  ?  ???
#Marketing #DigitalMarketing #SocialMediaMarketing #Google #ChatGPT #DeepMind #Sparrow #AI https://t.co/IuCzEeOqDd",531,0,3351627700.0,DrHanyAlbembawy,1.62e+18,Tue Jan 17 11:00:07 +0000 2023,2023/1/17 11:00,0,0,0,https://twitter.com/DrHanyAlbembawy/status/1615302945620504577,0,16208
21458,"Shocking Experiment Reveals ChatGPT Can Simulate a Linux Environment and Execute Commands! What Does This Mean for the Future? #Artificialintelligence #chatGPT #DeepMind #ethics #Experiment #IToperations #Linux #naturallanguageprocessing #NLP

https://t.co/Emdbycz7RG https://t.co/esHFhiscog",293,0,1.61e+18,AITechHub1,1.62e+18,Mon Jan 23 19:23:35 +0000 2023,2023/1/23 19:23,0,2,0,https://twitter.com/AITechHub1/status/1617603974529523712,2,21459
23431,"OpenAI has 375 employees. DeepMind has 1000+ employees.

But does this gap of 600+ employees truly affect the rapid pace of groundbreaking advancements these companies strive for?

Read the full story to know more. @Analyticsindiam  

#OpenAI #DeepMind #ChatGPT",267,1,1.6e+18,shritama__saha,1.62e+18,Wed Jan 25 12:29:05 +0000 2023,2023/1/25 12:29,0,0,1,https://twitter.com/shritama__saha/status/1618224438604107776,1,23432
39182,"Who will compete with ChatGPT? Meet the contenders | The AI Beat 
https://t.co/UuRD0LKwQn via @VentureBeat 

#ChatGPT #AI #ArtificialIntelligence #technology #DeepMind #applications #Apps #MachineLearning #Business",217,1,3018375669.0,QS2Point,1.62e+18,Wed Feb 01 18:09:30 +0000 2023,2023/2/1 18:09,1,0,0,https://twitter.com/QS2Point/status/1620846819491053576,1,39183
41246,"https://t.co/9X5DENvk0U
#ChatGPT and #DALL-E 2: one might be forgiven for thinking that OpenAI is the only organization in town working on AI. Certainly, there is no question how AI models have captured our collective imaginations of late.

#CDOTrends #DeepMind #AI #OpenAI #GPU https://t.co/N46gN3rnO7",305,0,9.72e+17,CDOTrends,1.62e+18,Fri Feb 03 02:48:05 +0000 2023,2023/2/3 2:48,0,0,0,https://twitter.com/CDOTrends/status/1621339714245595136,0,41247
53341,"Google Bard on ChatGPT: that's one helluva chatbot | The Gurkian

https://t.co/VeER3etdKc

#genAI #generative #conversational #AI #ChatGPT #chatbot #Google #Bard #tech #rivalry #competition #fight #DeepMind #OpenAI #Microsoft https://t.co/l7TL5WeHd9",253,0,4060071683.0,Kattenkopjes,1.62e+18,Tue Feb 07 10:48:16 +0000 2023,2023/2/7 10:48,1,1,0,https://twitter.com/Kattenkopjes/status/1622910106072489985,2,53342
