,full_text,text_length,at_num,user_id_str,screen_name,id_str,created_at,publish_time,favorite_count,retweet_count,reply_count,tweet_url,total_heat,tt
5705,"Chapter 2//The Great South American Novel about Santiago | Part I.  2/2
x #ChatGPT inspired x @neymrqz &amp; request x @hasdrubalwaffle #AI @openaicommunity #GPTChat https://t.co/6TKTrMIsCZ",190,3,96003416.0,a_ileigh,1.61e+18,Mon Jan 09 02:18:23 +0000 2023,2023/1/9 2:18,5,0,1,https://twitter.com/a_ileigh/status/1612272544752467970,6,5706
9520,"Story Development for Part II. | Chapter 2
The Great South American Novel about Santiago 
Option One// 2/3

x @a_ileigh &amp; #ChatGPT inspired x @neymrqz
/wolfkidult backstory x @hasdrubalwaffle 
#AI @openaicommunity #GPTChat https://t.co/B6RK6m1LhN",256,4,96003416.0,a_ileigh,1.61e+18,Wed Jan 11 15:45:00 +0000 2023,2023/1/11 15:45,5,1,2,https://twitter.com/a_ileigh/status/1613200309500710914,8,9521
9522,"Story Development for Part II. | Chapter 2
The Great South American Novel about Santiago 
Option One// 3/3

x @a_ileigh &amp; #ChatGPT inspired x @neymrqz
/wolfkidult backstory x @hasdrubalwaffle 
#AI @openaicommunity #GPTChat https://t.co/OjmVfxa7hf",256,4,96003416.0,a_ileigh,1.61e+18,Wed Jan 11 15:45:39 +0000 2023,2023/1/11 15:45,2,0,0,https://twitter.com/a_ileigh/status/1613200475649867776,2,9523
9544,"Story Development for Part II. | Chapter 2
The Great South American Novel about Santiago 
Option Two// 1/3

x @a_ileigh &amp; #ChatGPT inspired x @neymrqz
/wolfkidult backstory x @hasdrubalwaffle
#AI @openaicommunity #GPTChat https://t.co/949MotoYe4",255,4,96003416.0,a_ileigh,1.61e+18,Wed Jan 11 15:52:32 +0000 2023,2023/1/11 15:52,6,2,2,https://twitter.com/a_ileigh/status/1613202207939117056,10,9545
9545,"Story Development for Part II. | Chapter 2
The Great South American Novel about Santiago 
Option Two// 2/3

x @a_ileigh &amp; #ChatGPT inspired x @neymrqz
/wolfkidult backstory x @hasdrubalwaffle
#AI @openaicommunity #GPTChat https://t.co/PsCu4YOIuB",255,4,96003416.0,a_ileigh,1.61e+18,Wed Jan 11 15:53:14 +0000 2023,2023/1/11 15:53,2,1,1,https://twitter.com/a_ileigh/status/1613202383902842881,4,9546
9565,"Story Development for Part II. | Chapter 2
The Great South American Novel about Santiago 
Option Three// 2/2

x @a_ileigh &amp; #ChatGPT inspired x @neymrqz
/wolfkidult backstory x @hasdrubalwaffle
#AI @openaicommunity #GPTChat https://t.co/634rXcQER2",257,4,96003416.0,a_ileigh,1.61e+18,Wed Jan 11 15:58:39 +0000 2023,2023/1/11 15:58,2,1,0,https://twitter.com/a_ileigh/status/1613203745608982528,3,9566
