,full_text,text_length,at_num,user_id_str,screen_name,id_str,created_at,publish_time,favorite_count,retweet_count,reply_count,tweet_url,total_heat,tt
8554,"How to start a podcast in 2023:

1. Generate witty text with ChatGPT
2. Provide a 3 sec recording of your voice to VALL-E (needed only once)
3. VALL-E reads ChatGPT output
4. Publish
5. ???
6. Profit

#valle #chatgpt #deepfake
https://t.co/BsVvSgE8V8",260,0,921378528.0,joellatto,1.61e+18,Wed Jan 11 09:02:08 +0000 2023,2023/1/11 9:02,5,0,1,https://twitter.com/joellatto/status/1613098926952833025,6,8555
13558,"https://t.co/O9jR1SoxHb - it's like TikTok, but for AI Avatars.
#ai #ailust #aiartworks #chatgpt #gpt3 #stablediffusion #midjourney #dalle #valle #nftcommunity #nft #bitcoin #film #metaverse #web3 #agi #gpt4 #5g #6g #nocode #startup #nftdegen #aiart #aiartist #bitcoin #film #nfts https://t.co/cQN4OdgweJ",305,0,9.52e+17,BitcoinsEarth,1.61e+18,Sun Jan 15 06:45:50 +0000 2023,2023/1/15 6:45,7,0,0,https://twitter.com/BitcoinsEarth/status/1614514177523200001,7,13559
20707,"gm #nftfame??? Enjoy your morning with friends, a cup of Degen Brand Coffee and the beautiful beach. Namaste Crypto Peeps! #DegenCoffee #BeachVibes #ai #aiartworks #stablediffusion #midjourney #dalle #valle #craiyon #nftcommunity #nft #bitcoin #film #web3 #chatgpt #gpt3 #memes https://t.co/tewdfKTjyk",301,0,9.52e+17,BitcoinsEarth,1.62e+18,Sat Jan 21 18:48:59 +0000 2023,2023/1/21 18:48,6,1,0,https://twitter.com/BitcoinsEarth/status/1616870490827538432,7,20708
41941,"Is anyone bored with ai yet?
#ai #aiartcommunity #nftcommunity #nft #bitcoin #film #web3 #nocode #metaverse #chatgpt #stablediffusion #midjourney #dalle #valle #craiyon https://t.co/gPqizPMaKO",193,0,9.52e+17,BitcoinsEarth,1.62e+18,Fri Feb 03 05:54:40 +0000 2023,2023/2/3 5:54,8,0,1,https://twitter.com/BitcoinsEarth/status/1621386669084614657,9,41942
45477,"""SHOOT DOWN THE BALLOON"", ordered President Trump. #balloonwars #chineseballoon #balloonwars #ww3 #ai #apocolypse #nftcommunity #nft #bitcoin #film #movie #satire #metaverse #balloons #balloon e???#web3 #gpt3 #ChatGPT #stablediffusion #midjourney #dalle #valle #aiartworks #parody https://t.co/tgII4sijr7",304,0,9.52e+17,BitcoinsEarth,1.62e+18,Fri Feb 03 15:34:11 +0000 2023,2023/2/3 15:34,9,0,0,https://twitter.com/BitcoinsEarth/status/1621532508717305856,9,45478
46382,"gm #nftcommunity I grabbed some Coffee for you! a?????
#nft #nftfam #bitcoin #film #movie #ai #aiartworks #stablediffusion #midjourney #dalle #valle #chatgpt #gpt3 #web3 #nocode #metaverse #blockchain #nfts https://t.co/RcVQeRCo8T",231,0,9.52e+17,BitcoinsEarth,1.62e+18,Fri Feb 03 17:49:47 +0000 2023,2023/2/3 17:49,5,0,0,https://twitter.com/BitcoinsEarth/status/1621566635042635779,5,46383
55415,"gm #NFTfam a?????e???
#nft #nftcommunity #bitcoin #film #movie #coffee #gm #metaverse #blockchain #crypto #web3 #gpt3 #chatgpt #stablediffusion #midjourney #dalle #valle #5g #6g #gpt4 #aiart #aiartists #aiartworks #ai #nfts https://t.co/kxunIcJBHo",248,0,9.52e+17,BitcoinsEarth,1.62e+18,Tue Feb 07 14:14:09 +0000 2023,2023/2/7 14:14,6,0,1,https://twitter.com/BitcoinsEarth/status/1622961921845518338,7,55416
