,full_text,text_length,at_num,user_id_str,screen_name,id_str,created_at,publish_time,favorite_count,retweet_count,reply_count,tweet_url,total_heat,tt
43475,"My eighth on AI purpose and benefits
#OpenAI #ChatGPT #purpose #benefits #education #healthcare https://t.co/thdhaGfBVJ",120,0,267665122.0,Propylaeen,1.62e+18,Fri Feb 03 10:44:41 +0000 2023,2023/2/3 10:44,0,0,1,https://twitter.com/Propylaeen/status/1621459654239830017,1,43476
91451,"e??   #ViralRabbi #According #To #ChatGPT, #here #is #a #list #of #alleged #information #regarding #benefits #of #a #Tesla:

    1. Teslas are environmentally friendly electric vehicles that produce zero emissions while driving.
    2. Teslas have a low center of gravity, providinga?|",288,0,1.38e+18,BestRabbiEver,1.63e+18,Sat Feb 25 23:48:22 +0000 2023,2023/2/25 23:48,1,0,0,https://twitter.com/BestRabbiEver/status/1629629405877374976,1,91452
91701,"e??   #ViralRabbi #According #To #ChatGPT, #here #is #a #list #of #alleged #information #regarding #benefits #of #a #dog:
    1. Dogs are loyal companions who offer unconditional love and support.
    2. They can provide a sense of security and protection.
    3. Owning a dog cana?|",286,0,1.38e+18,BestRabbiEver,1.63e+18,Mon Feb 27 01:20:52 +0000 2023,2023/2/27 1:20,0,0,0,https://twitter.com/BestRabbiEver/status/1630015074671943680,0,91702
91873,"e??   #ViralRabbi #According #To #ChatGPT, #here #is #a #list #of #alleged #information #regarding #the #benefits #of #sleep #studies:
    1. Determine if you have sleep apnea
    2. Assess the severity of your sleep apnea
    3. Identify other sleep disorders such as insomnia,a?|",284,0,1.38e+18,BestRabbiEver,1.63e+18,Mon Feb 27 02:25:01 +0000 2023,2023/2/27 2:25,0,0,0,https://twitter.com/BestRabbiEver/status/1630031218740989952,0,91874
92641,"e??   #ViralRabbi #According #To #ChatGPT, #here #is #a #list #of #alleged #information #regarding #benefits #of #the #crisper #drawer:
    1. Increased access to healthy, fresh produce
    2. Reduced carbon footprint of food transportation
    3. Decreased use of harmful pesticidesa?|",289,0,1.38e+18,BestRabbiEver,1.63e+18,Mon Feb 27 06:57:36 +0000 2023,2023/2/27 6:57,0,0,0,https://twitter.com/BestRabbiEver/status/1630099817216245761,0,92642
92660,"e??   #ViralRabbi #According #To #ChatGPT, #here #is #a #list #of #alleged #information #regarding #benefits #of #the #crisper #drawer:
    1. It can be used to treat genetic disorders.
    2. It can improve crop yields and reduce food waste.
    3. It can help create more resilienta?|",289,0,1.38e+18,BestRabbiEver,1.63e+18,Mon Feb 27 07:00:53 +0000 2023,2023/2/27 7:00,0,0,0,https://twitter.com/BestRabbiEver/status/1630100643984842753,0,92661
92675,"e??   #ViralRabbi #According #To #ChatGPT, #here #is #a #list #of #alleged #information #regarding #benefits #of # NFT #investment:
    1. NFTs provide a unique way to invest in and own digital assets.
    2. NFTs can offer a new way for artists to monetize their work and earna?|",282,0,1.38e+18,BestRabbiEver,1.63e+18,Mon Feb 27 07:04:57 +0000 2023,2023/2/27 7:04,0,0,0,https://twitter.com/BestRabbiEver/status/1630101667126587392,0,92676
92807,"e??   #ViralRabbi #According #To #ChatGPT, #here #is #a #list #of #alleged #information #regarding #the #benefits #of #veganism:
    1. Reduces the risk of heart disease.
    2. Lowers blood pressure.
    3. Helps maintain a healthy weight.
    4. Reduces the risk of certaina?|",282,0,1.38e+18,BestRabbiEver,1.63e+18,Mon Feb 27 07:40:04 +0000 2023,2023/2/27 7:40,0,0,0,https://twitter.com/BestRabbiEver/status/1630110502557986816,0,92808
