,full_text,text_length,at_num,user_id_str,screen_name,id_str,created_at,publish_time,favorite_count,retweet_count,reply_count,tweet_url,total_heat,tt
5966,"Nouvelle vid??o pour bien comprendre ce qu'il est en train de se passer et comment en tirer profit !

e???https://t.co/sc6JjCwr0Xe???

#cryptomonnaie #chatbots #ChatGPT #openai #OpenAIChatGPT #Cryptos #investissement #Bitcoin #CryptoNews #btc #cryptonewstoday https://t.co/CxjnjQ8mtp",287,0,1.44e+18,Cryptos_FC,1.61e+18,Mon Jan 09 07:00:30 +0000 2023,2023/1/9 7:00,4,0,0,https://twitter.com/Cryptos_FC/status/1612343540650070017,4,5967
7695,What about #ChatGPT featuring @AttentionToken ??? #btc #openai #ai #brave,73,1,1.23e+18,madnessmakeMed,1.61e+18,Wed Jan 11 00:10:02 +0000 2023,2023/1/11 0:10,0,1,1,https://twitter.com/madnessmakeMed/status/1612965018319966208,2,7696
7767,This AI gets it! #youcom #ChatGPT  #btc #Crypto #blockchain @iLoveJaneAdams @LayahHeilpern @lopp @VitalikButerin @rustyrockets @YouSearchEngine @laurenoflight_ https://t.co/IFb16TvpUX,183,7,1.31e+18,MartSchmalzried,1.61e+18,Wed Jan 11 01:01:43 +0000 2023,2023/1/11 1:01,4,0,4,https://twitter.com/MartSchmalzried/status/1612978023908655105,8,7768
10110,"Please BE CAREFUL on #OpenAI #crypto project 
#OpenAIERC is not their OFFICIAL TOKEN! Please share and watche???

https://t.co/VSgAKTLcex

.
#cryptocurrency #defi #openai #ChatGPT #btc #bnb https://t.co/fxpUzFjcCq",219,0,2497035735.0,cryptowithlollo,1.61e+18,Wed Jan 11 19:10:10 +0000 2023,2023/1/11 19:10,2,0,0,https://twitter.com/cryptowithlollo/status/1613251940862795777,2,10111
10234,"#Binance CEO says the exchange aims to hire 1200-2400 employees in 2023

#crypto #chatgpt #btc #pump #nft #ai #openai",119,0,1.39e+18,blenwiq,1.61e+18,Wed Jan 11 20:09:00 +0000 2023,2023/1/11 20:09,0,0,0,https://twitter.com/blenwiq/status/1613266747150180359,0,10235
15121,"How Your Mood Affects the Way You Process Language
#AI #chatgpt #btc #bitcoin #crypto #doge #shiba #eth $MSFT  $AAPL $QQQ $TSLA $NVDA 
https://t.co/I1i8DRwE5e",160,0,1.58e+18,stockchilli,1.62e+18,Tue Jan 17 02:06:56 +0000 2023,2023/1/17 2:06,1,0,0,https://twitter.com/stockchilli/status/1615168764617564160,1,15122
15253,Buy bitcoin now? F-Yeah! ChatGPT3 &amp; ChatGPT trading bots made by totally inexperienced people are driving up the price. Sells &amp; scandals weren't that bad either; investors are jumping back in. #btc #chatGPT,214,0,1.52e+18,PeterAdiwal,1.62e+18,Tue Jan 17 03:41:30 +0000 2023,2023/1/17 3:41,0,0,0,https://twitter.com/PeterAdiwal/status/1615192561358102528,0,15254
15683,"La Agenda 2030 es esto:

-SIN carne ni l??cteos por Ley.

-2500 calor?-as por d?-a m??ximo

-3 prendas nuevas por a?  o

-CERO veh?-culos de propiedad privada. 
Est?? oficialmente en la web del WEF.
No se esconden.

https://t.co/paEkBS5rOY

#btc #ETH  #davos2023 #CryptoInvestor #ChatGPT",301,0,1.55e+18,MrBtc2030,1.62e+18,Tue Jan 17 07:23:40 +0000 2023,2023/1/17 7:23,0,1,3,https://twitter.com/MrBtc2030/status/1615248473170886657,4,15684
16222,"Abbiamo chiesto a ChatGPT quale sar?? il prezzo di Bitcoin nel 2030;??Ecco cosa ha detto!!

#chatGPT #cryptoita #btc #bitcoin #cryptoitalia https://t.co/0M2OSEltfn",165,0,1.48e+18,hamza_tradez,1.62e+18,Tue Jan 17 11:04:43 +0000 2023,2023/1/17 11:04,0,0,0,https://twitter.com/hamza_tradez/status/1615304101671174144,0,16223
21723,"Told youe???e???
#bnc #btc #binance #afk #cix100 #fkx #luna #cryptokoala #ChatGPT https://t.co/fBDmBCK47c",106,0,1.53e+18,unique_genos,1.62e+18,Mon Jan 23 21:15:06 +0000 2023,2023/1/23 21:15,0,0,0,https://twitter.com/unique_genos/status/1617632038080909312,0,21724
21770,"ATOM Daily

Sitting nicely on top of the golden pocket. If we hold this level then we can expect a push up to the 0.786.

#atom #cosmos #btc #crypto #ChatGPT https://t.co/7lp4oA09C9",185,0,1390357831.0,TTradingCapital,1.62e+18,Mon Jan 23 21:32:59 +0000 2023,2023/1/23 21:32,0,0,1,https://twitter.com/TTradingCapital/status/1617636536593551361,1,21771
26060,"#Bitcoin micro video https://t.co/3SCBqxgBE6

#trading #Bolsa #stock #acciones #emprendimiento #Bitcoin #btc #binance #forex #chatgpt #ingresosporcelular #ingresosdesdecasa",174,0,487906416.0,notasdebolsa,1.62e+18,Fri Jan 27 08:28:16 +0000 2023,2023/1/27 8:28,1,0,1,https://twitter.com/notasdebolsa/status/1618888608257294337,2,26061
26437,"Watch, like and subscribe ! 

---&gt;https://t.co/MqGXeiWZ22

#crypto #nfts #ChatGPT #openai #ETH #btc #youtube #Giveaway",125,0,1.46e+18,Twittaman95,1.62e+18,Fri Jan 27 11:06:27 +0000 2023,2023/1/27 11:06,2,0,1,https://twitter.com/Twittaman95/status/1618928415146676224,3,26438
29917,"ChatGPT believes Bitcoin will kill Central banking and Fiat Currency

https://t.co/ML2bl0CTke

#ChatGPT #chatgpt3 #ChatGPTGOD #bitcoin #btc #crypto #cryptocurrency #Banking #Fiat #fiatcurrency",196,0,43821805.0,soyjaviergil,1.62e+18,Sun Jan 29 17:34:26 +0000 2023,2023/1/29 17:34,1,0,0,https://twitter.com/soyjaviergil/status/1619750832232345601,1,29918
29985,"Gobble gobble, he knows. $tao #bittensor  #btc #ethereum #effereum #lambo #blockchain #ai #MachineLearning  #ChatGPT",116,0,1.35e+18,Zeb63195904,1.62e+18,Sun Jan 29 17:57:50 +0000 2023,2023/1/29 17:57,2,0,0,https://twitter.com/Zeb63195904/status/1619756722578657280,2,29986
32768,"Quand #ChatGPT propose une seule #alternative ?? la #monnaie #fiduciaire : #Bitcoin.
#cryptomonnaie #cryptocurrency #cryptotwitter #cryptomarket #CryptoNews #btc #Crypto #cryptocommunity #fiat #ia #ai 
https://t.co/BKaB6T1E9A",227,0,1.44e+18,Cryptonoobzzzz,1.62e+18,Tue Jan 31 16:26:16 +0000 2023,2023/1/31 16:26,1,1,2,https://twitter.com/Cryptonoobzzzz/status/1620458451322417152,4,32769
36469,"23 Most Powerful AI Marketing Tools You Need to Get Familiar With e???e???a?????

The Thread is for you e???e???

#ArtificialIntelligence #OpenAi #Bitcoin #Binance #btc #bnb #ChatGPT #technology https://t.co/RJtkX3B9ZB",222,0,1.43e+18,CallMeInvestor_,1.62e+18,Wed Feb 01 11:01:25 +0000 2023,2023/2/1 11:01,12,7,10,https://twitter.com/CallMeInvestor_/status/1620739091422904320,29,36470
39441,"Two days, two partnerships e?  ? comfy hold here

 $PIXIA trying to position themselves as a social media aggregator for AI content

Legitimately confident Ia??m sitting on a 100x here. Huge potential. Lots of big hitters in the tg channel

#imgnai #aicap #AI #eth #btc #ChatGPT",284,0,1.45e+18,JackieM75461385,1.62e+18,Wed Feb 01 18:48:51 +0000 2023,2023/2/1 18:48,2,1,1,https://twitter.com/JackieM75461385/status/1620856721412620289,4,39442
40832,"-efficient and secure.
Despite challenges and controversies, Ethereum remains a popular and influential player in the blockchain and cryptocurrency space, and continues to drive innovation and growth in the industry.
#ETH #Ethereum #btc #blockchain #chatgpt #openai",267,0,1.52e+18,PAsemiD,1.62e+18,Wed Feb 01 22:40:48 +0000 2023,2023/2/1 22:40,0,0,0,https://twitter.com/PAsemiD/status/1620915094757539840,0,40833
43419,"https://t.co/indFMxBOfK is forsale

#domainsforsale #domainnames #startup #startups  #defi #technology #cryptocurrency #DAO #blockchain #crypto #bitcoin #Web3
#ethereum  #btc #nostr #ChatGPT 
#cryptotrading #bigdata #ai #tech #business #nft #nfts #DAOs #sales #Metaverse https://t.co/5TlomoQMCO",298,0,1.47e+18,namecex,1.62e+18,Fri Feb 03 10:38:45 +0000 2023,2023/2/3 10:38,4,1,2,https://twitter.com/namecex/status/1621458159612350465,7,43420
52515,"Ray Dalio Says Bitcoin is Not The Solution? https://t.co/LRK8ZSZGiu 
#btc #eth #crypto #web3 #usdt #usd #XAUUSD #ChatGPT",121,0,1.45e+18,FastBull_,1.62e+18,Tue Feb 07 09:24:54 +0000 2023,2023/2/7 9:24,2,0,1,https://twitter.com/FastBull_/status/1622889128261197830,3,52516
53951,"Tips to detach your #Emotions from your portfolio

#maximustech #Crypto #bitcoin #cryptocurrency  #blockchain #ethereum #btc #trading #CryptoNews #cryptotrading #bitcoinmining #cryptocurrencies #investing #altcoins #bitcoinnews #crytpo #CoreDAO #ChatGPT #NFTGame #BenAffleck https://t.co/EBZBvWvXU0",300,0,1.45e+18,maximustechmxz,1.62e+18,Tue Feb 07 11:49:18 +0000 2023,2023/2/7 11:49,5,2,6,https://twitter.com/maximustechmxz/status/1622925466444365825,13,53952
54105,"Baidu to finish testing ChatGPT-style project a??Ernie Bota?? in March; stocks rally
https://t.co/K734X0TsKe
#traderchamp #crypto #forex #btc #gold #gbpusd #trading #nft #binance #coinbase #ftx #news #stocks #stockmarket #crudeoil #ChatGPT #Baidu #China",255,0,1.51e+18,traderchamp_,1.62e+18,Tue Feb 07 12:02:00 +0000 2023,2023/2/7 12:02,10,2,7,https://twitter.com/traderchamp_/status/1622928664215310337,19,54106
56885,"??  ?  ??1 ? 歙??  ?3?a??  ??  ?  ?  ?a   ?  ? ?  ? 台 ?  ?
  ?  ?  ?  ? !!e?  ?
  ?  ??3   ?  ? ?  ? 台 ?  ?   ??1?a?  ?   ?  ?3?a??  ??  ?  ?  ?a ""
#ChatGPT #btc #Bitcoin #cryptomarket",186,0,1.09e+18,Busaidi_Saeed,1.62e+18,Tue Feb 07 16:37:26 +0000 2023,2023/2/7 16:37,0,0,0,https://twitter.com/Busaidi_Saeed/status/1622997976846151680,0,56886
56989,e??   URGENTEe??   e??  LA GUERRA DE LA IA EST?? SERVIDA....POR ESTOe??   Enlace:  https://t.co/zw51xyRBa9  #NFT #nfts #XRP #Ethereum  #cardano #SHIB #fed  #solana  #Bitcoin #btc #usdt #cryptomercados #Powell #inflaci?3n #CPI #polygon #shiba #ia #ChatGPT #BardAI  #google #microsoft #bing https://t.co/3aVhUHuelw,312,0,1.43e+18,Crypto_Mercados,1.62e+18,Tue Feb 07 16:49:53 +0000 2023,2023/2/7 16:49,12,0,0,https://twitter.com/Crypto_Mercados/status/1623001111610241032,12,56990
58170,How do I become a millionaire$$ this year with crypto?  #btc #ChatGPT #trading,78,0,7.95e+17,izuchukwukings9,1.62e+18,Tue Feb 07 18:54:40 +0000 2023,2023/2/7 18:54,1,0,1,https://twitter.com/izuchukwukings9/status/1623032514905362432,2,58171
61379,"If Simpsons predicted, you cana??t discuss about it #Crypto #bitcoin #btc #criptomoedas #cripto #nft #metaverse #chatgpt #bard https://t.co/G79HDglKLK",150,0,1616525388.0,victorlacorte_,1.62e+18,Thu Feb 09 21:46:47 +0000 2023,2023/2/9 21:46,8,0,2,https://twitter.com/victorlacorte_/status/1623800603775320066,10,61380
61755,Massive short by our trader asian quant in @CapitalistTG discord join now!!! #loveisland  #ZelenskyWarCriminal  #HogwartLegacy  #INDvAUS  #thursdayvibes  #crash #ChatGPT #bitcoin #btc #? 歙?  ??  ?  _? 歙?  ??-?    ? #Nordstream https://t.co/09YRQw1Th7,250,1,1.6e+18,CapitalistTG,1.62e+18,Thu Feb 09 23:07:57 +0000 2023,2023/2/9 23:07,1,1,0,https://twitter.com/CapitalistTG/status/1623821032699092992,2,61756
65752,"Banco do Brasil libera pagamento de impostos com criptomoedas.
Os pagamentos ser?  o processados pela Bitfy, startup cripto que recebeu investimento do BB ano passado.
#crypto #bitcoin #btc #nft #chatgpt #criptomoedas #cripto",227,0,1616525388.0,victorlacorte_,1.62e+18,Sat Feb 11 14:22:45 +0000 2023,2023/2/11 14:22,7,0,2,https://twitter.com/victorlacorte_/status/1624413636960690182,9,65753
66445,"We asked ChatGPT some pointed questions about your favourite crypto coins. Check it out! 

#crypto #cryptocommunity #chatgpt #btc #openai https://t.co/D0DbI3HIOR",163,0,2253392420.0,Bitcasinoio,1.62e+18,Sat Feb 11 16:20:11 +0000 2023,2023/2/11 16:20,3,2,1,https://twitter.com/Bitcasinoio/status/1624443189481406467,6,66446
67994,"#crypto week, how you doing, guys? #btc #bitcoin #cryptoart #nft #chatgpt #Web3 #cryptocurrency #cryptolover https://t.co/xkhceQfsrE",132,0,1616525388.0,victorlacorte_,1.62e+18,Sat Feb 11 22:16:31 +0000 2023,2023/2/11 22:16,9,1,1,https://twitter.com/victorlacorte_/status/1624532863709335555,11,67995
69135,"NNext 100x gem???
congratulations to shila $shil,the daughter of $shib and $shina
@ShilaERC20

#shikokuinucoin
#ShinaToken
#Shibtoken
#BabyDogeCoin
#ai #chatgpt #btc #eth #APT 
#meme #doge #Shibarium  #babydoge #web3 #100xGems
#  ????? #?    ?    ??? #????????? #?????? #??o???  ??  #?  ???1??? #??  ?  a???",317,1,1.59e+18,xxxxk_dev,1.62e+18,Mon Feb 13 04:47:06 +0000 2023,2023/2/13 4:47,0,0,1,https://twitter.com/xxxxk_dev/status/1624993545722679296,1,69136
71036,"The Artificial Intelligence Company and Sub-chain partner of @Theta_Network announced their whitepaper!

@LavitaAI #Ai #theta $theta #crypto #ChatGPT #binace #CryptoNews #btc #bitcoin #eth #sol",195,2,78312299.0,Jimakos13,1.63e+18,Mon Feb 13 11:02:18 +0000 2023,2023/2/13 11:02,34,11,1,https://twitter.com/Jimakos13/status/1625087968259047424,46,71037
75415,Yuuup #JAILBROKEN #ChatGPT #bitcoin #btc #crypto #hacked #DAN https://t.co/TOomst1zAU,85,0,768769866.0,BrandonCarle,1.63e+18,Mon Feb 13 23:43:12 +0000 2023,2023/2/13 23:43,0,0,0,https://twitter.com/BrandonCarle/status/1625279454913200130,0,75416
78774,"Pami??tacie farmazon #ChatGPT kt?3ry m?3wi?? ??e krach na rynku odb??dzie si?? 15 lutego
Ludzie tak bardzo zaufali #AI ??e postawili #short
Widzicie jak rynek si?? zachowa??.
Dawcy kapita??u zawsze b??d?? dawcami kapita??u e?  ?
Serdecznie pozdrawiam a?????

#btc #eth #crypto https://t.co/0UUJz8TXC2",306,0,1.37e+18,DawidHodler,1.63e+18,Wed Feb 15 13:51:45 +0000 2023,2023/2/15 13:51,2,0,0,https://twitter.com/DawidHodler/status/1625855384211853313,2,78775
79102,"Sim Simi in 2011-2012 &gt; ChatGPT 
#ai #ChatGPT #CryptoInvestor #btc #web3",76,0,1.28e+18,InvestingAddict,1.63e+18,Wed Feb 15 14:36:10 +0000 2023,2023/2/15 14:36,0,0,0,https://twitter.com/InvestingAddict/status/1625866561423540225,0,79103
79717,????o???  ?1  ?  ????  ???-?  ?  ????????3??????  ?|??????????????o??????? 辍?   ???o???????????  ???  ???????o  ?|??  ???????????????????2??o??  ??  ??1????????o????????-?  ????3?  ??o?Web3????  ??????????  ?1?????????  ?1??????  ?1???  ?????  ?1?????  ??  ??a?  ??????a?  ???  ??  ?o???????  ?????    ???????e??? #eth #ChatGPT #btc #bulr #DYDX #Lens #op #Arbitrum #zkSync https://t.co/2G5Igaqfrr,396,0,1.45e+18,xiaoxiao0925,1.63e+18,Wed Feb 15 16:03:47 +0000 2023,2023/2/15 16:03,1,0,0,https://twitter.com/xiaoxiao0925/status/1625888613128110081,1,79718
80287,"e??? #ChatGPT is having some spinning about #crypto 

#btc #eth #Binance #PayPal #NFT https://t.co/1Y5yQfVNVG",111,0,12480922.0,orbitant,1.63e+18,Wed Feb 15 17:40:31 +0000 2023,2023/2/15 17:40,6,1,0,https://twitter.com/orbitant/status/1625912955601850369,7,80288
82429,"ShubhAarambh e???
.
.
.
.
#btc #Bitcoin #BUSD #USDT #pushpendra #PrithviShaw #PappuWillBePappu #truecomment #ChatGPT https://t.co/q50WJ5ccJ3",145,0,1.63e+18,clon_musk_,1.63e+18,Fri Feb 17 23:49:54 +0000 2023,2023/2/17 23:49,1,0,0,https://twitter.com/clon_musk_/status/1626730690384650241,1,82430
89876,"e???AFTER MADE VIDEO SUBMIT URL TO THIS FORM e???
https://t.co/lk3s4LSwGw

#Cryptocurency #BiT #Ai #ChatGPT #btc #bnb",120,0,1.53e+18,BiTAI_0fficial,1.63e+18,Thu Feb 23 18:55:05 +0000 2023,2023/2/23 18:55,47,34,1,https://twitter.com/BiTAI_0fficial/status/1628830825507614722,82,89877
