,full_text,text_length,at_num,user_id_str,screen_name,id_str,created_at,publish_time,favorite_count,retweet_count,reply_count,tweet_url,total_heat,tt
24226,"Would you rather wrestle an alligator while wearing a Father Christmas suit or milk a cow while wearing a beekeeper's hat
#WouldYouRather #openai #chatgpt #questions",166,0,1.62e+18,WYR_CZR,1.62e+18,Wed Jan 25 17:03:59 +0000 2023,2023/1/25 17:03,1,0,0,https://twitter.com/WYR_CZR/status/1618293615398162437,1,24227
24358,"Would you rather have to eat a huge pile of Brussels sprouts every day or never be able to order take-out again?
#WouldYouRather #openai #chatgpt #questions",157,0,1.62e+18,WYR_CZR,1.62e+18,Wed Jan 25 17:46:42 +0000 2023,2023/1/25 17:46,0,0,0,https://twitter.com/WYR_CZR/status/1618304366330404871,0,24359
27717,"#WouldYouRather #openai #chatgpt #questions""",44,0,1.62e+18,WYR_CZR,1.62e+18,Fri Jan 27 18:28:27 +0000 2023,2023/1/27 18:28,0,0,0,https://twitter.com/WYR_CZR/status/1619039648285704192,0,27718
32945,"Would you rather have an unstoppable uncontrollable desire to lick all spoons and forks clean at every meal or secretly gain three pounds a day but in the dark and people never know it?
#WouldYouRather #openai #chatgpt #questions",230,0,1.62e+18,WYR_CZR,1.62e+18,Tue Jan 31 17:22:48 +0000 2023,2023/1/31 17:22,1,0,1,https://twitter.com/WYR_CZR/status/1620472681890979850,2,32946
47066,"Would you rather have your boss constantly monitoring every aspect of your life or be forced to repeatedly listen to terrible elevator music for 8 hours a day?
#WouldYouRather #openai #chatgpt #questions",204,0,1.62e+18,WYR_CZR,1.62e+18,Fri Feb 03 19:51:40 +0000 2023,2023/2/3 19:51,0,0,0,https://twitter.com/WYR_CZR/status/1621597307635486723,0,47067
