,full_text,text_length,at_num,user_id_str,screen_name,id_str,created_at,publish_time,favorite_count,retweet_count,reply_count,tweet_url,total_heat,tt
20441,"RT @bobgourley: My hope is the piece at the link below will bring great value to anyone who reads it.  It is our third annual Almanac. 

https://t.co/w4tfezGdQb

#infosec #quantum #gpt #chatgpt #china #russia #ukraine #risk #cybersecurity #ooda",248,1,234435858.0,AlecSocial,1.62e+18,Sat Jan 21 16:10:39 +0000 2023,2023/1/21 16:10,1,1,0,https://twitter.com/AlecSocial/status/1616830643601547265,2,20442
21963,#quantum #sympy #numpy #scipy #chatgpt #chatbots #robots #robotics #verobotics infiniteinfinityinfinitelytopologicaltopologygaugeqftsupersymmetriessymmetricpcprocessorsprocessingcomputingcomputationscomputationalmicrocontrollerscpualgorithmsalgorithmicscomputersc++,265,0,1.45e+18,grokgemini1,1.62e+18,Mon Jan 23 23:21:49 +0000 2023,2023/1/23 23:21,0,0,0,https://twitter.com/grokgemini1/status/1617663926963171331,0,21964
25979,How will Quantum computing and AI alter crypto? #Crypto #quantum #AI #Bitcoin #eth #artificalintelligence #ChatGPT #Ethereum #news #book #cryptocurrency #cia #FBI #Amazon https://t.co/qTutJVpQOx,194,0,8.63e+17,jamesrobbauthor,1.62e+18,Fri Jan 27 07:57:20 +0000 2023,2023/1/27 7:57,3,0,0,https://twitter.com/jamesrobbauthor/status/1618880826158223364,3,25980
46116,"Beautiful. Have a great weekend all!

#quantum #chatGPT",57,0,250010858.0,anchored_in,1.62e+18,Fri Feb 03 17:09:25 +0000 2023,2023/2/3 17:09,2,1,1,https://twitter.com/anchored_in/status/1621556477537226752,4,46117
49829,#quantum #sympy #numpy #scipy #chatgpt #google  #robots #robotics #verobotics #codescoding infiniteinfinityinfinitelytopologicaltopologygaugeqftsupersymmetriessymmetricpcprocessorsprocessingcomputingcomputationscomputationalmicrocontrollerscpualgorithmsalgorithmicscomputersc++,277,0,1.56e+18,ctvottawa3,1.62e+18,Tue Feb 07 03:54:54 +0000 2023,2023/2/7 3:54,0,0,0,https://twitter.com/ctvottawa3/status/1622806080484159488,0,49830
62214,"Keep. It. Simple. Stupid?
#GoogleAI #AI #AIEthics #ChatGPT #MicrosoftTeams #openai #Tesla #humanity #quantum #quanumconjecture",127,0,51599865.0,joelryanpercy,1.62e+18,Sat Feb 11 01:03:55 +0000 2023,2023/2/11 1:03,1,0,0,https://twitter.com/joelryanpercy/status/1624212603588476930,1,62215
69805,"ChatGPT explain to me time and give some useful advice... thank you
#chatgpt #time #quantum #mechanics https://t.co/0t4pD0ZP4h",127,0,1.55e+18,nuux_tv,1.63e+18,Mon Feb 13 07:30:17 +0000 2023,2023/2/13 7:30,1,0,0,https://twitter.com/nuux_tv/status/1625034608629645312,1,69806
