,full_text,text_length,at_num,user_id_str,screen_name,id_str,created_at,publish_time,favorite_count,retweet_count,reply_count,tweet_url,total_heat,tt
45499,"Sopranos Season 4, Episode 3: Silvio and Dennis #Sopranos #ai #ChatGPT https://t.co/ABxj2uTJ64",94,0,1.62e+18,TheSopranosAi,1.62e+18,Fri Feb 03 15:37:07 +0000 2023,2023/2/3 15:37,1,0,0,https://twitter.com/TheSopranosAi/status/1621533248311672834,1,45500
45518,Sopranos Season 3 Episode 5: Paulie's Birthday #Sopranos #ai #ChatGPT https://t.co/gKRtIsxjgZ,93,0,1.62e+18,TheSopranosAi,1.62e+18,Fri Feb 03 15:39:40 +0000 2023,2023/2/3 15:39,1,0,0,https://twitter.com/TheSopranosAi/status/1621533887628455939,1,45519
45535,Sopranos Season 10 Episode 14: Rise of Skywalker #Sopranos #StarWars #RiseofSkywalker #ai #ChatGPT https://t.co/TPtKnQgctf,122,0,1.62e+18,TheSopranosAi,1.62e+18,Fri Feb 03 15:41:49 +0000 2023,2023/2/3 15:41,1,0,0,https://twitter.com/TheSopranosAi/status/1621534430732091393,1,45536
45567,Sopranos Season 4 Episode 3.5: Porkpie #Sopranos #ai #ChatGPT #porkpie https://t.co/XHWp80os2i,94,0,1.62e+18,TheSopranosAi,1.62e+18,Fri Feb 03 15:47:36 +0000 2023,2023/2/3 15:47,1,0,0,https://twitter.com/TheSopranosAi/status/1621535885836824576,1,45568
45611,Sopranos Season 5 Episode 9: Livia Lives #Sopranos #ai #ChatGPT #IWishTheLordWouldTakeMeNow https://t.co/NlYPlkIzMN,115,0,1.62e+18,TheSopranosAi,1.62e+18,Fri Feb 03 15:52:34 +0000 2023,2023/2/3 15:52,1,0,0,https://twitter.com/TheSopranosAi/status/1621537135286419457,1,45612
45631,Sopranos Season 5 Episode 12: El Dorado #Sopranos #ai #ChatGPT #PonceDeLeon https://t.co/qJd8YGjYji,99,0,1.62e+18,TheSopranosAi,1.62e+18,Fri Feb 03 15:54:55 +0000 2023,2023/2/3 15:54,1,0,0,https://twitter.com/TheSopranosAi/status/1621537726981095424,1,45632
45662,Sopranos Season 8 Episode 2: The Sopranos Meets The Wire #Sopranos #TheWire #Crossover #Omar #ai #ChatGPT #TheCheeseStandsAlone https://t.co/vzhwq92WGv,151,0,1.62e+18,TheSopranosAi,1.62e+18,Fri Feb 03 15:59:51 +0000 2023,2023/2/3 15:59,1,0,0,https://twitter.com/TheSopranosAi/status/1621538968700620800,1,45663
45738,Sopranos Season 12 Episode 43: Ralph's Favorite Movie #Sopranos #ai #CrocodileHunter #ChatGPT https://t.co/Rf4An6x5BD,117,0,1.62e+18,TheSopranosAi,1.62e+18,Fri Feb 03 16:08:33 +0000 2023,2023/2/3 16:08,1,0,0,https://twitter.com/TheSopranosAi/status/1621541156529250305,1,45739
45764,The Sopranos Season 4.5 Episode 6.6: The Sopranos Revolutions #Sopranos #TheMatrix #Ai #ChatGPT https://t.co/MgAjJCq9Er,119,0,1.62e+18,TheSopranosAi,1.62e+18,Fri Feb 03 16:12:04 +0000 2023,2023/2/3 16:12,3,0,0,https://twitter.com/TheSopranosAi/status/1621542044924784642,3,45765
45799,The Sopranos Season 4.5 Episode 6.8: The Sopranos Revolutions Pt. 2 #Sopranos #Ai #ChatGPT #Matrix https://t.co/bBuO8adKPN,122,0,1.62e+18,TheSopranosAi,1.62e+18,Fri Feb 03 16:15:40 +0000 2023,2023/2/3 16:15,1,0,0,https://twitter.com/TheSopranosAi/status/1621542947081834496,1,45800
45829,The Sopranos Season 9 Episode 7: Christopher's Theory #Sopranos #Inception #Ai #ChatGPT https://t.co/MDu19u3Z7i,111,0,1.62e+18,TheSopranosAi,1.62e+18,Fri Feb 03 16:18:19 +0000 2023,2023/2/3 16:18,1,0,0,https://twitter.com/TheSopranosAi/status/1621543614806626306,1,45830
45846,The Sopranos Season 4 Episode 20: Tony Runs Afoul of an Irishman #Sopranos #Ai #ChatGPT #Irish https://t.co/2L8qqz6K1b,118,0,1.62e+18,TheSopranosAi,1.62e+18,Fri Feb 03 16:21:03 +0000 2023,2023/2/3 16:21,1,0,0,https://twitter.com/TheSopranosAi/status/1621544302945144832,1,45847
45872,The Sopranos Season 6 Episode 22: Mary's Night In #Sopranos #Ai #ChatGPT #unfaithful https://t.co/4GMuE2w0v2,108,0,1.62e+18,TheSopranosAi,1.62e+18,Fri Feb 03 16:25:18 +0000 2023,2023/2/3 16:25,1,0,0,https://twitter.com/TheSopranosAi/status/1621545372698157056,1,45873
45943,The Sopranos Season 23 Episode 23: The Sopranos Resurrections Pt1 #Sopranos #Ai #ChatGPT #Matrix #Bear https://t.co/8kkkdfj4Rw,126,0,1.62e+18,TheSopranosAi,1.62e+18,Fri Feb 03 16:34:42 +0000 2023,2023/2/3 16:34,1,0,0,https://twitter.com/TheSopranosAi/status/1621547740047249409,1,45944
46107,The Sopranos Season 23 Episode 24: The Sopranos Resurrections Pt.2 #Sopranos #AI #ChatGPT #BearStories https://t.co/A7wSVIsinu,126,0,1.62e+18,TheSopranosAi,1.62e+18,Fri Feb 03 17:08:16 +0000 2023,2023/2/3 17:08,1,0,0,https://twitter.com/TheSopranosAi/status/1621556186796683264,1,46108
46130,The Sopranos Season 23 Episode 25: The Sopranos Resurrections Pt.3 #Sopranos #AI #ChatGPT #Undertaker https://t.co/q6pewxZmew,125,0,1.62e+18,TheSopranosAi,1.62e+18,Fri Feb 03 17:10:43 +0000 2023,2023/2/3 17:10,1,0,0,https://twitter.com/TheSopranosAi/status/1621556802801524737,1,46131
46158,The Sopranos Season 5 Episode 5: Feech's Story #Sopranos #AI #ChatGPT #FeechLaManna https://t.co/vBXOPV7QaU,107,0,1.62e+18,TheSopranosAi,1.62e+18,Fri Feb 03 17:15:29 +0000 2023,2023/2/3 17:15,1,0,0,https://twitter.com/TheSopranosAi/status/1621558002007552000,1,46159
46176,The Sopranos Season -24 Episode 13: A Tragic Coincidence #Sopranos #AI #ChatGPT #KittyGenovese https://t.co/VTt3QMtLYg,118,0,1.62e+18,TheSopranosAi,1.62e+18,Fri Feb 03 17:18:48 +0000 2023,2023/2/3 17:18,1,0,0,https://twitter.com/TheSopranosAi/status/1621558837080903685,1,46177
46187,The Sopranos Season IV Episode III: Paulie's Trip #Sopranos #AI #ChatGPT #Denmark #OpenFacedSandwich https://t.co/o95VXnkgLd,124,0,1.62e+18,TheSopranosAi,1.62e+18,Fri Feb 03 17:21:14 +0000 2023,2023/2/3 17:21,1,0,0,https://twitter.com/TheSopranosAi/status/1621559450699169793,1,46188
46264,"The Sopranos Season 12 Episode 2: Seductive, Alluring, Dangerous #Sopranos #AI #ChatGPT #SexyVampire https://t.co/UryAyzK808",124,0,1.62e+18,TheSopranosAi,1.62e+18,Fri Feb 03 17:33:03 +0000 2023,2023/2/3 17:33,1,0,0,https://twitter.com/TheSopranosAi/status/1621562423424729089,1,46265
46285,The Sopranos Season 54 Eopide 19: Freedom and Independence #Sopranos #AI #ChatGPT #Cowboy https://t.co/hbSwHpWt96,113,0,1.62e+18,TheSopranosAi,1.62e+18,Fri Feb 03 17:35:30 +0000 2023,2023/2/3 17:35,1,0,0,https://twitter.com/TheSopranosAi/status/1621563037818961922,1,46286
46311,The Sopranos Season 23 Episode 43: For New Jersey #Sopranos #NewJersey #JerseyPride #Curling #AI #ChatGPT https://t.co/XfGk2BbwUl,129,0,1.62e+18,TheSopranosAi,1.62e+18,Fri Feb 03 17:39:28 +0000 2023,2023/2/3 17:39,1,0,0,https://twitter.com/TheSopranosAi/status/1621564036931543041,1,46312
46336,"The Sopranos Season 13 Episode 666: Tony Doesn't Want To Be A Vampire Anymore He Wants To Be A Werewolf. But, Anyway #Sopranos #AI #ChatGPT #HerschelWalker #Vampire #WerewolfWednesday https://t.co/g52mLLB5o9",207,0,1.62e+18,TheSopranosAi,1.62e+18,Fri Feb 03 17:42:55 +0000 2023,2023/2/3 17:42,1,0,0,https://twitter.com/TheSopranosAi/status/1621564905232142336,1,46337
46416,The Sopranos Season 2 Episode 4: Tony's Scary Movie #Sopranos #AI #ChatGPT #ScaryMovie https://t.co/tfMBOxMEGv,110,0,1.62e+18,TheSopranosAi,1.62e+18,Fri Feb 03 17:55:49 +0000 2023,2023/2/3 17:55,1,0,1,https://twitter.com/TheSopranosAi/status/1621568152378437632,2,46417
47138,The Sopranos Season 3 Episode 4: Shrinking #Sopranos #AI #ChatGPT #Shrinking https://t.co/ovpeWjpqyq,100,0,1.62e+18,TheSopranosAi,1.62e+18,Fri Feb 03 20:05:03 +0000 2023,2023/2/3 20:05,0,0,0,https://twitter.com/TheSopranosAi/status/1621600676802592768,0,47139
47185,The Sopranos Season 345 Epirosode 3767: One Way To Get Rid Of Bad Cheese #Sopranos #AI #ChatGPT #WillemDafoe #StreetsofFire https://t.co/HWKRs3U56Y,147,0,1.62e+18,TheSopranosAi,1.62e+18,Fri Feb 03 20:14:03 +0000 2023,2023/2/3 20:14,0,0,0,https://twitter.com/TheSopranosAi/status/1621602939948392448,0,47186
47237,The Sopranos Season 1985 Episode 2: The One Where Paulie and Tony Can Talk Through The TV #Sopranos #AI #ChatGPT #StarSearch #ErikEstrada https://t.co/lst0f3XVRa,161,0,1.62e+18,TheSopranosAi,1.62e+18,Fri Feb 03 20:22:43 +0000 2023,2023/2/3 20:22,0,0,0,https://twitter.com/TheSopranosAi/status/1621605120457994242,0,47238
47317,"The Sopranos Season 32 Episdoe 4,444: Martin Luther #Sopranos #TheSopranos #AI #ChatGPT #CatholicTwitter #Catholic #Lutheran https://t.co/oUFRys2H7p",148,0,1.62e+18,TheSopranosAi,1.62e+18,Fri Feb 03 20:41:14 +0000 2023,2023/2/3 20:41,0,0,0,https://twitter.com/TheSopranosAi/status/1621609780342321152,0,47318
47448,The Sopranos Season 3 Episode 12: Uncle Horatio #TheSopranos #Sopranos #AI #ChatGPT #Pirates https://t.co/fW7mKl7BqB,116,0,1.62e+18,TheSopranosAi,1.62e+18,Fri Feb 03 21:08:55 +0000 2023,2023/2/3 21:08,1,0,0,https://twitter.com/TheSopranosAi/status/1621616749178421248,1,47449
47563,The Sopranos Season 2 Episode 232: Pippin #Sopranos #TheSopranos #AI #ChatGPT #Pippin https://t.co/BKp9X3NRRR,109,0,1.62e+18,TheSopranosAi,1.62e+18,Fri Feb 03 21:30:25 +0000 2023,2023/2/3 21:30,0,0,0,https://twitter.com/TheSopranosAi/status/1621622160338079744,0,47564
47928,The Sopranos Season 6.5 Episode 7 1/2: The Greatest Caveman Alive #Sopranos #Flintstones #AI #ChatGPT #YabbaDabbaDoo https://t.co/5HgaToR3wA,140,0,1.62e+18,TheSopranosAi,1.62e+18,Fri Feb 03 22:53:44 +0000 2023,2023/2/3 22:53,0,0,0,https://twitter.com/TheSopranosAi/status/1621643126564704262,0,47929
47933,The Sopranos Season 6.5 Episode 7/8: Sit Down #Sopranos #AI #ChatGPT #Flintsones https://t.co/NNES8CIuWG,104,0,1.62e+18,TheSopranosAi,1.62e+18,Fri Feb 03 22:54:55 +0000 2023,2023/2/3 22:54,0,0,0,https://twitter.com/TheSopranosAi/status/1621643424674811905,0,47934
