,full_text,text_length,at_num,user_id_str,screen_name,id_str,created_at,publish_time,favorite_count,retweet_count,reply_count,tweet_url,total_heat,tt
55959,"If You Need an Instant Vintage Apple collection, herea??s Where to get it
https://t.co/LX0zC2EHto

#Techbase #TechbaseNigeria #TechbaseNG #techfeedng #Apple #Applevintage #OnePlus11 #ChatGPT #TikTok https://t.co/rPxxmjliXP",225,0,1.53e+18,TechFeed10,1.62e+18,Tue Feb 07 15:01:45 +0000 2023,2023/2/7 15:01,0,0,0,https://twitter.com/TechFeed10/status/1622973896939929600,0,55960
56021,"Sonos Era 100 &amp; Era 300 Speakers Coming Soon
https://t.co/4YY83vQTLQ

#Techbase #TechbaseNigeria #TechbaseNG #techfeedng #Apple  #Sonos #Era #OnePlus11 #ChatGPT #TikTok https://t.co/pA44LJPWUO",199,0,1.53e+18,TechFeed10,1.62e+18,Tue Feb 07 15:08:05 +0000 2023,2023/2/7 15:08,0,0,0,https://twitter.com/TechFeed10/status/1622975494323949569,0,56022
56069,"Beats Fit Pro Getting Three New Colors Soon
https://t.co/Hl1NQ4slGs

#Techbase #TechbaseNigeria #TechbaseNG #techfeedng #Beat #Beatpro #OnePlus11 #ChatGPT #TikTok https://t.co/u4uLSuSj3c",189,0,1.53e+18,TechFeed10,1.62e+18,Tue Feb 07 15:12:49 +0000 2023,2023/2/7 15:12,0,0,1,https://twitter.com/TechFeed10/status/1622976683346210818,1,56070
56246,"Google &amp; Microsoft Gearing up for AI Chatbot Market Battle
https://t.co/UJCVhcduJ8

#Techbase #TechbaseNigeria #TechbaseNG #techfeedng #Google #Microsoft #chatbot #ChatGPT #OnePlus11 #TikTok https://t.co/Uflq8PxzJA",221,0,1.53e+18,TechFeed10,1.62e+18,Tue Feb 07 15:32:40 +0000 2023,2023/2/7 15:32,0,0,0,https://twitter.com/TechFeed10/status/1622981677550129152,0,56247
56434,"Audio-Technica ATR2100X-USB Review: First Class Economy Microphone
https://t.co/ygirea7lsu

#Techbase #TechbaseNigeria #TechbaseNG #techfeedng #Audio #Atr2100x #Usb #microphone #OnePlus11 #ChatGPT https://t.co/jLqr0mv9TW",223,0,1.53e+18,TechFeed10,1.62e+18,Tue Feb 07 15:51:51 +0000 2023,2023/2/7 15:51,0,0,0,https://twitter.com/TechFeed10/status/1622986504854204417,0,56435
56672,"Timothee Chalamet Feels like Overlooked Beauty in Latest Apple TV+ ad
https://t.co/sNFi5Z9FKY

#Techbase #TechbaseNigeria #TechbaseNG #techfeedng #TimotheeChalamet #Apple #OnePlus11 #ChatGPT #TikTok https://t.co/uOzwZHEZui",225,0,1.53e+18,TechFeed10,1.62e+18,Tue Feb 07 16:17:04 +0000 2023,2023/2/7 16:17,1,0,0,https://twitter.com/TechFeed10/status/1622992852660764672,1,56673
56816,"Apple Updates tvOS and HomePod Software to 16.3.1
https://t.co/pxXIZZNBGr

#Techbase #TechbaseNigeria #TechbaseNG #techfeedng #Apple #tvos #homepod #OnePlus11 #ChatGPT https://t.co/zJjtrg1dBB",194,0,1.53e+18,TechFeed10,1.62e+18,Tue Feb 07 16:31:28 +0000 2023,2023/2/7 16:31,0,0,0,https://twitter.com/TechFeed10/status/1622996475348234246,0,56817
56974,"OLED Allegedly Coming to iPad in 2024, MacBook Pro in 2026
https://t.co/7DM9bx6f6m

#Techbase #TechbaseNigeria #TechbaseNG #techfeedng #MacBookPro #Oled #ipadpro #OnePlus11 #ChatGPT #TikTok https://t.co/dYcn0a9tMY",216,0,1.53e+18,TechFeed10,1.62e+18,Tue Feb 07 16:47:22 +0000 2023,2023/2/7 16:47,0,0,0,https://twitter.com/TechFeed10/status/1623000479344078850,0,56975
57014,"Apple Reportedly Still Working on iPhone Reverse Charge Feature
https://t.co/JYMA7Jv5jh

#Techbase #TechbaseNigeria #TechbaseNG #techfeedng #Apple #iPhone #ChatGPT #OnePlus11 #TikTok https://t.co/sIgpTbaNAt",209,0,1.53e+18,TechFeed10,1.62e+18,Tue Feb 07 16:52:30 +0000 2023,2023/2/7 16:52,0,0,0,https://twitter.com/TechFeed10/status/1623001768769597441,0,57015
57069,"Travelers Use AirTag to Track Lost Luggage All the Way to The Donation Pile
https://t.co/GCGzFncWmU

#Techbase #TechbaseNigeria #TechbaseNG #techfeedng #travelers #Luggage #ChatGPT #OnePlus11 #TikTok https://t.co/hwQdhCOnMV",226,0,1.53e+18,TechFeed10,1.62e+18,Tue Feb 07 16:59:08 +0000 2023,2023/2/7 16:59,0,0,1,https://twitter.com/TechFeed10/status/1623003439457349639,1,57070
